datetime,open,high,low,close,volume,adj_close
2015-07-13 00:00:00+00:00,0.95,0.987,0.902,0.958,52934368,3.832
2015-07-14 00:00:00+00:00,0.97,0.975,0.953,0.967,28642346,3.868
2015-07-15 00:00:00+00:00,0.963,0.98,0.96,0.963,16483791,3.852
2015-07-16 00:00:00+00:00,0.963,0.97,0.961,0.966,10938713,3.864
2015-07-17 00:00:00+00:00,0.968,0.999,0.968,0.989,6495588,3.956
2015-07-20 00:00:00+00:00,0.988,0.997,0.981,0.99,5619749,3.96
2015-07-21 00:00:00+00:00,0.988,0.995,0.988,0.994,16217489,3.976
2015-07-22 00:00:00+00:00,0.99,1.002,0.99,1.002,15820528,4.008
2015-07-23 00:00:00+00:00,1.004,1.008,0.998,1.006,23314852,4.024
2015-07-24 00:00:00+00:00,1.001,1.011,1.001,1.007,8040016,4.028
2015-07-27 00:00:00+00:00,0.999,1.001,0.983,0.993,13662368,3.972
2015-07-28 00:00:00+00:00,0.992,0.992,0.95,0.978,1670835,3.912
2015-07-29 00:00:00+00:00,0.979,0.991,0.979,0.988,2921102,3.952
2015-07-30 00:00:00+00:00,0.993,0.993,0.986,0.988,574012,3.952
2015-07-31 00:00:00+00:00,0.988,1.0,0.985,0.985,1936861,3.94
2015-08-03 00:00:00+00:00,0.995,0.995,0.98,0.991,5462692,3.964
2015-08-04 00:00:00+00:00,0.987,0.993,0.987,0.988,480116,3.952
2015-08-05 00:00:00+00:00,0.986,0.993,0.985,0.986,1221429,3.944
2015-08-06 00:00:00+00:00,0.988,0.996,0.988,0.991,597830,3.964
2015-08-07 00:00:00+00:00,0.985,0.987,0.978,0.98,1156902,3.92
2015-08-10 00:00:00+00:00,0.979,0.979,0.972,0.975,1042535,3.9
2015-08-11 00:00:00+00:00,0.983,1.01,0.983,1.004,5932251,4.016
2015-08-12 00:00:00+00:00,0.997,1.01,0.989,0.992,4551026,3.968
2015-08-13 00:00:00+00:00,0.996,1.01,0.995,0.999,5084980,3.996
2015-08-14 00:00:00+00:00,0.991,1.01,0.991,1.0,3241720,4.0
2015-08-17 00:00:00+00:00,0.998,0.998,0.992,0.993,637505,3.972
2015-08-18 00:00:00+00:00,0.997,1.002,0.996,0.998,2236525,3.992
2015-08-19 00:00:00+00:00,0.997,0.997,0.989,0.995,605610,3.98
2015-08-20 00:00:00+00:00,0.989,0.989,0.979,0.989,1757013,3.956
2015-08-21 00:00:00+00:00,0.968,0.968,0.943,0.944,1735213,3.776
2015-08-24 00:00:00+00:00,0.9,0.912,0.856,0.862,2819975,3.448
2015-08-25 00:00:00+00:00,0.83,0.88,0.786,0.855,4623823,3.42
2015-08-26 00:00:00+00:00,0.855,0.878,0.845,0.86,2331668,3.44
2015-08-27 00:00:00+00:00,0.897,0.9,0.89,0.899,296304,3.596
2015-08-28 00:00:00+00:00,0.919,0.925,0.916,0.921,1340092,3.684
2015-08-31 00:00:00+00:00,0.921,0.937,0.92,0.929,1085163,3.716
2015-09-01 00:00:00+00:00,0.916,0.925,0.903,0.909,1492200,3.636
2015-09-02 00:00:00+00:00,0.88,0.9,0.88,0.898,328700,3.592
2015-09-07 00:00:00+00:00,0.896,0.912,0.896,0.91,406303,3.64
2015-09-08 00:00:00+00:00,0.917,0.917,0.905,0.915,197300,3.66
2015-09-09 00:00:00+00:00,0.939,0.939,0.918,0.92,560600,3.68
2015-09-10 00:00:00+00:00,0.914,0.918,0.914,0.914,373000,3.656
2015-09-11 00:00:00+00:00,0.919,0.93,0.919,0.92,3059384,3.68
2015-09-14 00:00:00+00:00,0.932,0.935,0.929,0.929,937380,3.716
2015-09-15 00:00:00+00:00,0.932,0.932,0.9,0.912,590400,3.648
2015-09-16 00:00:00+00:00,0.935,0.942,0.935,0.94,984438,3.76
2015-09-17 00:00:00+00:00,0.945,0.945,0.939,0.941,1679001,3.764
2015-09-18 00:00:00+00:00,0.945,0.951,0.945,0.948,921012,3.792
2015-09-21 00:00:00+00:00,0.927,0.933,0.927,0.933,166500,3.732
2015-09-22 00:00:00+00:00,0.937,0.941,0.931,0.935,1081708,3.74
2015-09-23 00:00:00+00:00,0.922,0.926,0.913,0.926,310400,3.704
2015-09-24 00:00:00+00:00,0.92,0.92,0.915,0.915,5011104,3.66
2015-09-25 00:00:00+00:00,0.891,0.916,0.891,0.915,309436,3.66
2015-09-28 00:00:00+00:00,0.908,0.908,0.902,0.906,352200,3.624
2015-09-29 00:00:00+00:00,0.868,0.877,0.868,0.871,1524912,3.484
2015-09-30 00:00:00+00:00,0.874,0.878,0.873,0.878,822654,3.512
2015-10-08 00:00:00+00:00,0.956,0.956,0.919,0.924,1122840,3.696
2015-10-09 00:00:00+00:00,0.928,0.93,0.923,0.927,832600,3.708
2015-10-12 00:00:00+00:00,0.928,0.931,0.924,0.929,661001,3.716
2015-10-13 00:00:00+00:00,0.927,0.933,0.927,0.93,418708,3.72
2015-10-14 00:00:00+00:00,0.93,0.93,0.927,0.929,288412,3.716
2015-10-15 00:00:00+00:00,0.927,0.931,0.925,0.926,614917,3.704
2015-10-16 00:00:00+00:00,0.934,0.942,0.934,0.941,690309,3.764
2015-10-19 00:00:00+00:00,0.939,0.944,0.939,0.942,662000,3.768
2015-10-20 00:00:00+00:00,0.945,0.953,0.944,0.949,1302424,3.796
2015-10-21 00:00:00+00:00,0.949,0.953,0.945,0.945,1277005,3.78
2015-10-22 00:00:00+00:00,0.94,0.944,0.938,0.94,209700,3.76
2015-10-23 00:00:00+00:00,0.95,0.978,0.95,0.97,3145818,3.88
2015-10-26 00:00:00+00:00,0.99,0.991,0.983,0.985,802101,3.94
2015-10-27 00:00:00+00:00,0.965,0.986,0.965,0.983,788005,3.932
2015-10-28 00:00:00+00:00,0.986,0.989,0.986,0.989,1487816,3.956
2015-10-29 00:00:00+00:00,0.995,1.0,0.993,0.997,947239,3.988
2015-10-30 00:00:00+00:00,0.995,0.998,0.994,0.996,623952,3.984
2015-11-02 00:00:00+00:00,0.989,0.989,0.986,0.986,305133,3.944
2015-11-03 00:00:00+00:00,1.0,1.002,0.999,0.999,844349,3.996
2015-11-04 00:00:00+00:00,0.989,1.001,0.989,1.0,1108600,4.0
2015-11-05 00:00:00+00:00,0.988,0.998,0.982,0.994,469500,3.976
2015-11-06 00:00:00+00:00,0.995,1.0,0.994,1.0,409611,4.0
2015-11-09 00:00:00+00:00,1.0,1.006,0.994,1.002,6001161,4.008
2015-11-10 00:00:00+00:00,0.994,0.995,0.992,0.992,299559,3.968
2015-11-11 00:00:00+00:00,0.992,0.992,0.987,0.99,140104,3.96
2015-11-12 00:00:00+00:00,0.985,0.995,0.984,0.989,216808,3.956
2015-11-13 00:00:00+00:00,0.988,0.988,0.973,0.986,439002,3.944
2015-11-16 00:00:00+00:00,0.958,0.969,0.958,0.969,24700,3.876
2015-11-17 00:00:00+00:00,0.979,0.985,0.975,0.977,267800,3.908
2015-11-18 00:00:00+00:00,0.976,0.978,0.97,0.978,71500,3.912
2015-11-19 00:00:00+00:00,0.988,1.0,0.988,1.0,453610,4.0
2015-11-20 00:00:00+00:00,0.999,0.999,0.989,0.998,125402,3.992
2015-11-23 00:00:00+00:00,0.998,1.002,0.983,1.0,826805,4.0
2015-11-24 00:00:00+00:00,0.997,1.006,0.997,1.005,2020802,4.02
2015-11-25 00:00:00+00:00,0.993,1.0,0.993,0.997,448008,3.988
2015-11-26 00:00:00+00:00,1.0,1.006,1.0,1.003,1108515,4.012
2015-11-27 00:00:00+00:00,1.003,1.009,1.002,1.002,1154344,4.008
2015-11-30 00:00:00+00:00,1.006,1.006,0.995,0.999,322609,3.996
2015-12-01 00:00:00+00:00,0.998,1.008,0.998,1.006,1725878,4.024
2015-12-02 00:00:00+00:00,1.008,1.018,1.008,1.017,1708281,4.068
2015-12-03 00:00:00+00:00,1.017,1.017,1.001,1.002,190400,4.008
2015-12-04 00:00:00+00:00,0.999,0.999,0.991,0.995,42501,3.98
2015-12-07 00:00:00+00:00,1.017,1.017,1.002,1.005,167312,4.02
2015-12-08 00:00:00+00:00,1.005,1.005,0.997,1.001,286652,4.004
2015-12-09 00:00:00+00:00,1.001,1.008,1.001,1.008,629494,4.032
2015-12-10 00:00:00+00:00,0.999,0.999,0.993,0.997,87404,3.988
2015-12-11 00:00:00+00:00,0.996,1.002,0.996,1.002,24700,4.008
2015-12-14 00:00:00+00:00,0.976,0.987,0.976,0.986,829646,3.944
2015-12-15 00:00:00+00:00,0.995,0.995,0.985,0.985,27900,3.94
2015-12-16 00:00:00+00:00,1.003,1.003,0.993,0.994,72995,3.976
2015-12-17 00:00:00+00:00,1.006,1.01,1.001,1.002,492760,4.008
2015-12-18 00:00:00+00:00,1.0,1.0,0.992,0.997,338716,3.988
2015-12-21 00:00:00+00:00,0.988,0.989,0.981,0.989,182817,3.956
2015-12-22 00:00:00+00:00,0.997,0.997,0.982,0.988,413800,3.952
2015-12-23 00:00:00+00:00,0.991,0.992,0.988,0.988,172100,3.952
2015-12-24 00:00:00+00:00,0.993,0.998,0.993,0.996,190104,3.984
2015-12-25 00:00:00+00:00,0.996,0.996,0.991,0.994,162040,3.976
2015-12-28 00:00:00+00:00,0.992,0.995,0.991,0.991,64800,3.964
2015-12-29 00:00:00+00:00,0.993,0.993,0.99,0.993,164500,3.972
2015-12-30 00:00:00+00:00,0.997,1.004,0.997,1.004,1561143,4.016
2015-12-31 00:00:00+00:00,1.003,1.006,0.99,1.006,2281495,4.024
2016-01-04 00:00:00+00:00,1.01,1.01,0.992,0.996,223297,3.984
2016-01-05 00:00:00+00:00,0.968,0.994,0.968,0.977,137497,3.908
2016-01-06 00:00:00+00:00,0.983,0.987,0.978,0.979,186800,3.916
2016-01-07 00:00:00+00:00,0.97,0.983,0.968,0.968,214600,3.872
2016-01-08 00:00:00+00:00,0.946,1.004,0.945,0.965,710300,3.86
2016-01-11 00:00:00+00:00,0.9,0.965,0.9,0.935,181001,3.74
2016-01-12 00:00:00+00:00,0.941,0.958,0.941,0.955,866091,3.82
2016-01-13 00:00:00+00:00,0.95,0.965,0.95,0.961,618200,3.844
2016-01-14 00:00:00+00:00,0.906,0.944,0.906,0.94,1242602,3.76
2016-01-15 00:00:00+00:00,0.932,0.956,0.928,0.941,1343401,3.764
2016-01-18 00:00:00+00:00,0.909,0.955,0.907,0.938,283802,3.752
2016-01-19 00:00:00+00:00,0.911,0.932,0.911,0.932,452560,3.728
2016-01-20 00:00:00+00:00,0.925,0.934,0.914,0.914,48100,3.656
2016-01-21 00:00:00+00:00,0.916,0.921,0.901,0.914,22700,3.656
2016-01-22 00:00:00+00:00,0.926,0.935,0.913,0.917,60100,3.668
2016-01-25 00:00:00+00:00,0.937,0.937,0.917,0.918,539030,3.672
2016-01-26 00:00:00+00:00,0.915,0.919,0.909,0.91,611200,3.64
2016-01-27 00:00:00+00:00,0.919,0.921,0.904,0.91,710800,3.64
2016-01-28 00:00:00+00:00,0.904,0.907,0.898,0.906,111501,3.624
2016-01-29 00:00:00+00:00,0.909,0.918,0.907,0.918,111116,3.672
2016-02-01 00:00:00+00:00,0.921,0.932,0.921,0.923,60600,3.692
2016-02-02 00:00:00+00:00,0.929,0.931,0.923,0.931,107100,3.724
2016-02-03 00:00:00+00:00,0.91,0.92,0.903,0.917,43300,3.668
2016-02-04 00:00:00+00:00,0.905,0.919,0.905,0.916,66301,3.664
2016-02-05 00:00:00+00:00,0.918,0.927,0.91,0.916,206766,3.664
2016-02-15 00:00:00+00:00,0.899,0.899,0.89,0.891,184400,3.564
2016-02-16 00:00:00+00:00,0.893,0.948,0.893,0.905,336211,3.62
2016-02-17 00:00:00+00:00,0.919,0.93,0.902,0.918,256300,3.672
2016-02-18 00:00:00+00:00,0.91,0.923,0.91,0.911,92000,3.644
2016-02-19 00:00:00+00:00,0.91,0.914,0.905,0.911,26800,3.644
2016-02-22 00:00:00+00:00,0.904,0.914,0.904,0.914,6310,3.656
2016-02-23 00:00:00+00:00,0.923,0.928,0.916,0.922,224200,3.688
2016-02-24 00:00:00+00:00,0.919,0.919,0.908,0.914,64500,3.656
2016-02-25 00:00:00+00:00,0.911,0.928,0.901,0.914,36600,3.656
2016-02-26 00:00:00+00:00,0.925,0.925,0.915,0.923,89800,3.692
2016-02-29 00:00:00+00:00,0.91,0.926,0.91,0.911,35501,3.644
2016-03-01 00:00:00+00:00,0.914,0.915,0.912,0.914,43900,3.656
2016-03-02 00:00:00+00:00,0.929,0.94,0.923,0.934,270824,3.736
2016-03-03 00:00:00+00:00,0.934,0.94,0.934,0.94,202700,3.76
2016-03-04 00:00:00+00:00,0.94,0.945,0.938,0.944,139000,3.776
2016-03-07 00:00:00+00:00,0.942,0.942,0.942,0.942,91600,3.768
2016-03-08 00:00:00+00:00,0.942,0.942,0.932,0.937,27700,3.748
2016-03-09 00:00:00+00:00,0.922,0.929,0.921,0.929,183400,3.716
2016-03-10 00:00:00+00:00,0.934,0.934,0.923,0.934,114804,3.736
2016-03-11 00:00:00+00:00,0.922,0.934,0.919,0.934,62600,3.736
2016-03-14 00:00:00+00:00,0.935,0.947,0.935,0.943,262211,3.772
2016-03-15 00:00:00+00:00,0.928,0.944,0.928,0.94,165800,3.76
2016-03-16 00:00:00+00:00,0.937,0.94,0.937,0.94,48900,3.76
2016-03-17 00:00:00+00:00,0.95,0.958,0.944,0.953,320700,3.812
2016-03-18 00:00:00+00:00,0.95,0.958,0.948,0.95,299701,3.8
2016-03-21 00:00:00+00:00,0.951,0.951,0.947,0.95,174844,3.8
2016-03-22 00:00:00+00:00,0.945,0.953,0.942,0.943,343907,3.772
2016-03-23 00:00:00+00:00,0.949,0.95,0.946,0.95,101804,3.8
2016-03-24 00:00:00+00:00,0.942,0.947,0.939,0.939,200700,3.756
2016-03-25 00:00:00+00:00,0.936,0.942,0.936,0.941,82168,3.764
2016-03-28 00:00:00+00:00,0.94,0.943,0.936,0.942,386906,3.768
2016-03-29 00:00:00+00:00,0.942,0.944,0.939,0.943,86800,3.772
2016-03-30 00:00:00+00:00,0.945,0.956,0.944,0.955,384700,3.82
2016-03-31 00:00:00+00:00,0.957,0.959,0.948,0.948,218502,3.792
2016-04-01 00:00:00+00:00,0.951,0.955,0.95,0.953,177300,3.812
2016-04-05 00:00:00+00:00,0.956,0.958,0.951,0.957,110101,3.828
2016-04-06 00:00:00+00:00,0.951,0.955,0.951,0.955,152101,3.82
2016-04-07 00:00:00+00:00,0.955,0.964,0.955,0.962,110300,3.848
2016-04-08 00:00:00+00:00,0.96,0.96,0.953,0.955,71900,3.82
2016-04-11 00:00:00+00:00,0.945,0.956,0.945,0.953,75102,3.812
2016-04-12 00:00:00+00:00,0.948,0.951,0.946,0.951,55700,3.804
2016-04-13 00:00:00+00:00,0.955,0.957,0.953,0.954,132200,3.816
2016-04-14 00:00:00+00:00,0.958,0.969,0.958,0.966,372654,3.864
2016-04-15 00:00:00+00:00,0.968,0.97,0.965,0.969,237476,3.876
2016-04-18 00:00:00+00:00,0.965,0.965,0.955,0.955,142802,3.82
2016-04-19 00:00:00+00:00,0.956,0.973,0.956,0.973,564802,3.892
2016-04-20 00:00:00+00:00,0.989,0.989,0.961,0.961,298600,3.844
2016-04-21 00:00:00+00:00,0.957,0.968,0.957,0.967,200036,3.868
2016-04-22 00:00:00+00:00,0.961,0.968,0.961,0.963,166515,3.852
2016-04-25 00:00:00+00:00,0.966,0.973,0.952,0.966,695184,3.864
2016-04-26 00:00:00+00:00,0.959,0.966,0.959,0.966,83068,3.864
2016-04-27 00:00:00+00:00,0.951,0.966,0.951,0.961,66900,3.844
2016-04-28 00:00:00+00:00,0.961,0.961,0.948,0.953,173768,3.812
2016-04-29 00:00:00+00:00,0.95,0.956,0.941,0.949,96005,3.796
2016-05-03 00:00:00+00:00,0.95,0.951,0.941,0.941,161808,3.764
2016-05-04 00:00:00+00:00,0.941,0.941,0.936,0.936,43700,3.744
2016-05-05 00:00:00+00:00,0.929,0.936,0.927,0.936,76803,3.744
2016-05-06 00:00:00+00:00,0.934,0.934,0.923,0.926,82300,3.704
2016-05-09 00:00:00+00:00,0.932,0.938,0.93,0.933,57200,3.732
2016-05-10 00:00:00+00:00,0.937,0.943,0.937,0.94,131000,3.76
2016-05-11 00:00:00+00:00,0.941,0.949,0.941,0.947,94004,3.788
2016-05-12 00:00:00+00:00,0.945,0.945,0.938,0.945,63003,3.78
2016-05-13 00:00:00+00:00,0.945,0.945,0.939,0.94,31200,3.76
2016-05-16 00:00:00+00:00,0.939,0.939,0.929,0.933,6001,3.732
2016-05-17 00:00:00+00:00,0.94,0.95,0.94,0.944,38903,3.776
2016-05-18 00:00:00+00:00,0.932,0.944,0.931,0.935,69804,3.74
2016-05-19 00:00:00+00:00,0.935,0.938,0.934,0.935,28000,3.74
2016-05-20 00:00:00+00:00,0.934,0.94,0.93,0.936,214300,3.744
2016-05-23 00:00:00+00:00,0.936,0.956,0.936,0.949,125204,3.796
2016-05-24 00:00:00+00:00,0.959,0.959,0.939,0.945,74801,3.78
2016-05-25 00:00:00+00:00,0.948,0.961,0.948,0.958,317005,3.832
2016-05-26 00:00:00+00:00,0.976,0.976,0.962,0.967,104100,3.868
2016-05-27 00:00:00+00:00,0.972,0.972,0.964,0.969,137800,3.876
2016-05-30 00:00:00+00:00,0.974,0.976,0.97,0.976,250199,3.904
2016-05-31 00:00:00+00:00,0.976,0.979,0.971,0.978,194100,3.912
2016-06-01 00:00:00+00:00,0.953,0.982,0.953,0.978,140200,3.912
2016-06-02 00:00:00+00:00,0.98,0.98,0.975,0.975,45900,3.9
2016-06-03 00:00:00+00:00,0.98,1.01,0.971,0.988,1291026,3.952
2016-06-06 00:00:00+00:00,0.958,0.979,0.958,0.976,76400,3.904
2016-06-07 00:00:00+00:00,0.978,0.984,0.978,0.979,41800,3.916
2016-06-08 00:00:00+00:00,0.979,0.984,0.97,0.978,208506,3.912
2016-06-13 00:00:00+00:00,0.978,0.978,0.961,0.97,168800,3.88
2016-06-14 00:00:00+00:00,0.962,0.964,0.961,0.961,62099,3.844
2016-06-15 00:00:00+00:00,0.962,0.967,0.962,0.962,56900,3.848
2016-06-16 00:00:00+00:00,0.963,0.965,0.955,0.957,151300,3.828
2016-06-17 00:00:00+00:00,0.965,0.965,0.96,0.961,7800,3.844
2016-06-20 00:00:00+00:00,0.965,0.969,0.965,0.969,69300,3.876
2016-06-21 00:00:00+00:00,0.976,0.976,0.957,0.966,13700,3.864
2016-06-22 00:00:00+00:00,0.967,0.968,0.955,0.961,52303,3.844
2016-06-23 00:00:00+00:00,0.956,0.975,0.956,0.965,700,3.86
2016-06-24 00:00:00+00:00,0.996,0.996,0.937,0.953,151500,3.812
2016-06-27 00:00:00+00:00,0.954,0.959,0.941,0.957,58071,3.828
2016-06-28 00:00:00+00:00,0.936,0.968,0.936,0.947,43400,3.788
2016-06-29 00:00:00+00:00,0.941,0.954,0.938,0.952,73800,3.808
2016-06-30 00:00:00+00:00,0.98,0.98,0.956,0.969,7500,3.876
2016-07-01 00:00:00+00:00,0.979,0.979,0.961,0.97,93440,3.88
2016-07-04 00:00:00+00:00,0.952,0.976,0.952,0.966,278927,3.864
2016-07-05 00:00:00+00:00,0.971,0.971,0.957,0.965,1161504,3.86
2016-07-06 00:00:00+00:00,0.953,0.971,0.953,0.968,1000,3.872
2016-07-07 00:00:00+00:00,0.978,0.978,0.962,0.968,38600,3.872
2016-07-08 00:00:00+00:00,0.979,0.979,0.965,0.974,75235,3.896
2016-07-11 00:00:00+00:00,0.974,0.99,0.972,0.988,519559,3.952
2016-07-12 00:00:00+00:00,1.0,1.0,0.988,0.993,326202,3.972
2016-07-13 00:00:00+00:00,1.0,1.006,0.993,1.006,852389,4.024
2016-07-14 00:00:00+00:00,0.997,1.013,0.997,1.013,880509,4.052
2016-07-15 00:00:00+00:00,1.013,1.025,1.009,1.02,550406,4.08
2016-07-18 00:00:00+00:00,1.02,1.02,1.001,1.019,23100,4.076
2016-07-19 00:00:00+00:00,1.018,1.019,1.013,1.014,77214,4.056
2016-07-20 00:00:00+00:00,1.014,1.018,1.005,1.018,113700,4.072
2016-07-21 00:00:00+00:00,1.018,1.031,1.018,1.03,4188581,4.12
2016-07-22 00:00:00+00:00,1.028,1.028,1.014,1.016,52100,4.064
2016-07-25 00:00:00+00:00,1.034,1.034,1.024,1.025,113600,4.1
2016-07-26 00:00:00+00:00,1.029,1.031,1.017,1.031,400316,4.124
2016-07-27 00:00:00+00:00,1.034,1.04,1.022,1.028,744090,4.112
2016-07-28 00:00:00+00:00,1.036,1.041,1.028,1.041,1167900,4.164
2016-07-29 00:00:00+00:00,1.038,1.04,1.03,1.036,694307,4.144
2016-08-01 00:00:00+00:00,1.036,1.042,1.036,1.041,295606,4.164
2016-08-02 00:00:00+00:00,1.082,1.082,1.031,1.05,524924,4.2
2016-08-03 00:00:00+00:00,1.048,1.048,1.029,1.033,262700,4.132
2016-08-04 00:00:00+00:00,1.04,1.044,1.027,1.038,288125,4.152
2016-08-05 00:00:00+00:00,1.033,1.038,1.033,1.035,125200,4.14
2016-08-08 00:00:00+00:00,1.05,1.05,1.04,1.049,129204,4.196
2016-08-09 00:00:00+00:00,1.041,1.053,1.041,1.053,278900,4.212
2016-08-10 00:00:00+00:00,1.048,1.055,0.98,1.048,1015800,4.192
2016-08-11 00:00:00+00:00,1.048,1.05,1.048,1.048,71700,4.192
2016-08-12 00:00:00+00:00,1.05,1.06,1.05,1.053,856648,4.212
2016-08-15 00:00:00+00:00,1.058,1.059,1.043,1.05,476888,4.2
2016-08-16 00:00:00+00:00,1.05,1.054,1.05,1.052,259253,4.208
2016-08-17 00:00:00+00:00,1.047,1.051,1.047,1.048,133600,4.192
2016-08-18 00:00:00+00:00,1.057,1.057,1.049,1.049,123401,4.196
2016-08-19 00:00:00+00:00,1.049,1.051,1.047,1.049,25600,4.196
2016-08-22 00:00:00+00:00,1.05,1.05,1.046,1.049,74306,4.196
2016-08-23 00:00:00+00:00,1.048,1.052,1.048,1.052,86002,4.208
2016-08-24 00:00:00+00:00,1.054,1.063,1.047,1.062,311310,4.248
2016-08-25 00:00:00+00:00,1.042,1.053,1.042,1.053,68900,4.212
2016-08-26 00:00:00+00:00,1.053,1.053,1.048,1.053,2185006,4.212
2016-08-29 00:00:00+00:00,1.046,1.053,1.046,1.052,62601,4.208
2016-08-30 00:00:00+00:00,1.051,1.056,1.051,1.056,213819,4.224
2016-08-31 00:00:00+00:00,1.054,1.058,1.049,1.056,1160006,4.224
2016-09-01 00:00:00+00:00,1.054,1.054,1.05,1.054,211101,4.216
2016-09-02 00:00:00+00:00,1.054,1.056,1.052,1.056,232200,4.224
2016-09-05 00:00:00+00:00,1.058,1.062,1.055,1.059,514333,4.236
2016-09-06 00:00:00+00:00,1.057,1.06,1.056,1.059,96800,4.236
2016-09-07 00:00:00+00:00,1.056,1.067,1.056,1.065,126100,4.26
2016-09-08 00:00:00+00:00,1.065,1.067,1.062,1.065,487640,4.26
2016-09-09 00:00:00+00:00,1.062,1.063,1.056,1.063,28000,4.252
2016-09-12 00:00:00+00:00,1.039,1.042,1.028,1.037,136900,4.148
2016-09-13 00:00:00+00:00,1.034,1.061,1.034,1.041,182500,4.164
2016-09-14 00:00:00+00:00,1.045,1.05,1.041,1.046,92300,4.184
2016-09-19 00:00:00+00:00,1.064,1.064,1.052,1.06,457711,4.24
2016-09-20 00:00:00+00:00,1.058,1.059,1.052,1.054,83011,4.216
2016-09-21 00:00:00+00:00,1.063,1.063,1.056,1.06,72207,4.24
2016-09-22 00:00:00+00:00,1.077,1.077,1.064,1.065,619472,4.26
2016-09-23 00:00:00+00:00,1.078,1.078,1.069,1.077,801228,4.308
2016-09-26 00:00:00+00:00,1.076,1.076,1.063,1.066,256200,4.264
2016-09-27 00:00:00+00:00,1.065,1.102,1.051,1.074,300604,4.296
2016-09-28 00:00:00+00:00,1.077,1.085,1.072,1.074,229798,4.296
2016-09-29 00:00:00+00:00,1.074,1.078,1.073,1.075,420200,4.3
2016-09-30 00:00:00+00:00,1.063,1.073,1.063,1.071,114400,4.284
2016-10-10 00:00:00+00:00,1.078,1.079,1.073,1.076,180100,4.304
2016-10-11 00:00:00+00:00,1.077,1.097,1.077,1.088,866430,4.352
2016-10-12 00:00:00+00:00,1.084,1.085,1.069,1.083,107499,4.332
2016-10-13 00:00:00+00:00,1.088,1.088,1.079,1.082,80000,4.328
2016-10-14 00:00:00+00:00,1.081,1.084,1.081,1.084,55000,4.336
2016-10-17 00:00:00+00:00,1.084,1.084,1.071,1.081,190900,4.324
2016-10-18 00:00:00+00:00,1.076,1.086,1.076,1.083,131900,4.332
2016-10-19 00:00:00+00:00,1.081,1.098,1.081,1.084,171805,4.336
2016-10-20 00:00:00+00:00,1.088,1.095,1.086,1.089,169300,4.356
2016-10-21 00:00:00+00:00,1.09,1.091,1.085,1.091,208305,4.364
2016-10-24 00:00:00+00:00,1.09,1.092,1.083,1.092,621600,4.368
2016-10-25 00:00:00+00:00,1.1,1.124,1.099,1.104,354913,4.416
2016-10-26 00:00:00+00:00,1.113,1.113,1.1,1.1,387499,4.4
2016-10-27 00:00:00+00:00,1.104,1.104,1.093,1.099,81100,4.396
2016-10-28 00:00:00+00:00,1.098,1.114,1.091,1.096,172195,4.384
2016-10-31 00:00:00+00:00,1.099,1.099,1.087,1.088,215000,4.352
2016-11-01 00:00:00+00:00,1.093,1.093,1.09,1.09,24200,4.36
2016-11-02 00:00:00+00:00,1.084,1.084,1.074,1.077,321800,4.308
2016-11-03 00:00:00+00:00,1.069,1.074,1.067,1.073,683011,4.292
2016-11-04 00:00:00+00:00,1.072,1.072,1.056,1.065,185200,4.26
2016-11-07 00:00:00+00:00,1.067,1.082,1.067,1.075,171500,4.3
2016-11-08 00:00:00+00:00,1.079,1.093,1.079,1.083,149412,4.332
2016-11-09 00:00:00+00:00,1.086,1.088,1.035,1.055,492226,4.22
2016-11-10 00:00:00+00:00,1.076,1.092,1.076,1.088,337100,4.352
2016-11-11 00:00:00+00:00,1.062,1.079,1.062,1.072,258087,4.288
2016-11-14 00:00:00+00:00,1.076,1.076,1.069,1.075,91905,4.3
2016-11-15 00:00:00+00:00,1.07,1.074,1.061,1.074,163900,4.296
2016-11-16 00:00:00+00:00,1.078,1.101,1.076,1.101,832513,4.404
2016-11-17 00:00:00+00:00,1.101,1.111,1.094,1.098,64600,4.392
2016-11-18 00:00:00+00:00,1.099,1.12,1.06,1.099,647210,4.396
2016-11-21 00:00:00+00:00,1.098,1.099,1.091,1.098,82403,4.392
2016-11-22 00:00:00+00:00,1.104,1.115,1.104,1.115,373488,4.46
2016-11-23 00:00:00+00:00,1.121,1.124,1.115,1.118,179019,4.472
2016-11-24 00:00:00+00:00,1.116,1.139,1.116,1.121,311421,4.484
2016-11-25 00:00:00+00:00,1.11,1.138,1.11,1.131,392900,4.524
2016-11-28 00:00:00+00:00,1.142,1.166,1.128,1.162,800532,4.648
2016-11-29 00:00:00+00:00,1.153,1.18,1.118,1.132,252100,4.528
2016-11-30 00:00:00+00:00,1.129,1.165,1.129,1.15,273100,4.6
2016-12-01 00:00:00+00:00,1.145,1.145,1.113,1.117,573200,4.468
2016-12-02 00:00:00+00:00,1.105,1.105,1.093,1.097,1688188,4.388
2016-12-05 00:00:00+00:00,1.094,1.11,1.094,1.096,263500,4.384
2016-12-06 00:00:00+00:00,1.1,1.115,1.1,1.108,426800,4.432
2016-12-07 00:00:00+00:00,1.115,1.125,1.106,1.112,1756300,4.448
2016-12-08 00:00:00+00:00,1.123,1.18,1.115,1.143,3505099,4.572
2016-12-09 00:00:00+00:00,1.143,1.145,1.123,1.124,1944300,4.496
2016-12-12 00:00:00+00:00,1.125,1.142,1.125,1.137,491362,4.548
2016-12-13 00:00:00+00:00,1.127,1.169,1.126,1.136,21306205,4.544
2016-12-14 00:00:00+00:00,1.137,1.18,1.137,1.163,1237430,4.652
2016-12-15 00:00:00+00:00,1.151,1.163,1.131,1.158,925616,4.632
2016-12-16 00:00:00+00:00,1.159,1.18,1.155,1.162,898106,4.648
2016-12-19 00:00:00+00:00,1.16,1.162,1.15,1.162,1013527,4.648
2016-12-20 00:00:00+00:00,1.161,1.17,1.161,1.17,323600,4.68
2016-12-21 00:00:00+00:00,1.17,1.223,1.17,1.214,1449694,4.856
2016-12-22 00:00:00+00:00,1.222,1.23,1.216,1.223,2115500,4.892
2016-12-23 00:00:00+00:00,1.201,1.225,1.184,1.221,775800,4.884
2016-12-26 00:00:00+00:00,1.221,1.32,1.221,1.291,2220530,5.164
2016-12-27 00:00:00+00:00,1.3,1.301,1.271,1.285,938500,5.14
2016-12-28 00:00:00+00:00,1.286,1.306,1.269,1.272,871600,5.088
2016-12-29 00:00:00+00:00,1.23,1.261,1.23,1.256,942685,5.024
2016-12-30 00:00:00+00:00,1.255,1.268,1.254,1.261,356100,5.044
2017-01-03 00:00:00+00:00,1.222,1.263,1.221,1.242,1789291,4.968
2017-01-04 00:00:00+00:00,1.257,1.257,1.208,1.22,425415,4.88
2017-01-05 00:00:00+00:00,1.221,1.227,1.202,1.203,779672,4.812
2017-01-06 00:00:00+00:00,1.203,1.21,1.18,1.18,974701,4.72
2017-01-09 00:00:00+00:00,1.198,1.2,1.176,1.185,266500,4.74
2017-01-10 00:00:00+00:00,1.187,1.197,1.184,1.197,296303,4.788
2017-01-11 00:00:00+00:00,1.213,1.235,1.206,1.229,349097,4.916
2017-01-12 00:00:00+00:00,1.242,1.29,1.183,1.259,1155101,5.036
2017-01-13 00:00:00+00:00,1.259,1.259,1.224,1.239,263300,4.956
2017-01-16 00:00:00+00:00,1.271,1.271,1.238,1.242,207800,4.968
2017-01-17 00:00:00+00:00,1.26,1.271,1.23,1.249,543900,4.996
2017-01-18 00:00:00+00:00,1.17,1.246,1.17,1.233,336800,4.932
2017-01-19 00:00:00+00:00,1.24,1.267,1.212,1.215,396600,4.86
2017-01-20 00:00:00+00:00,1.222,1.258,1.201,1.213,266804,4.852
2017-01-23 00:00:00+00:00,1.255,1.255,1.19,1.208,224200,4.832
2017-01-24 00:00:00+00:00,1.208,1.25,1.188,1.199,155800,4.796
2017-01-25 00:00:00+00:00,1.246,1.246,1.202,1.209,265600,4.836
2017-01-26 00:00:00+00:00,1.222,1.264,1.213,1.262,994100,5.048
2017-02-03 00:00:00+00:00,1.264,1.264,1.234,1.244,366500,4.976
2017-02-06 00:00:00+00:00,1.261,1.282,1.25,1.254,242900,5.016
2017-02-07 00:00:00+00:00,1.261,1.261,1.249,1.253,78200,5.012
2017-02-08 00:00:00+00:00,1.253,1.259,1.218,1.259,788000,5.036
2017-02-09 00:00:00+00:00,1.259,1.261,1.25,1.26,226500,5.04
2017-02-10 00:00:00+00:00,1.299,1.299,1.256,1.267,623600,5.068
2017-02-13 00:00:00+00:00,1.262,1.279,1.262,1.27,119900,5.08
2017-02-14 00:00:00+00:00,1.269,1.275,1.261,1.27,463600,5.08
2017-02-15 00:00:00+00:00,1.273,1.273,1.264,1.265,2583672,5.06
2017-02-16 00:00:00+00:00,1.295,1.295,1.265,1.268,1114400,5.072
2017-02-17 00:00:00+00:00,1.268,1.292,1.252,1.292,563400,5.168
2017-02-20 00:00:00+00:00,1.289,1.3,1.283,1.299,355401,5.196
2017-02-21 00:00:00+00:00,1.314,1.314,1.289,1.299,456600,5.196
2017-02-22 00:00:00+00:00,1.299,1.305,1.294,1.305,416100,5.22
2017-02-23 00:00:00+00:00,1.295,1.312,1.29,1.305,1140600,5.22
2017-02-24 00:00:00+00:00,1.299,1.313,1.291,1.294,1804700,5.176
2017-02-27 00:00:00+00:00,1.304,1.304,1.291,1.293,431705,5.172
2017-02-28 00:00:00+00:00,1.293,1.298,1.286,1.297,686506,5.188
2017-03-01 00:00:00+00:00,1.301,1.301,1.292,1.298,466700,5.192
2017-03-02 00:00:00+00:00,1.298,1.38,1.294,1.3,4166632,5.2
2017-03-03 00:00:00+00:00,1.291,1.306,1.29,1.296,1041800,5.184
2017-03-06 00:00:00+00:00,1.335,1.335,1.295,1.305,2241800,5.22
2017-03-07 00:00:00+00:00,1.305,1.305,1.287,1.301,2152700,5.204
2017-03-08 00:00:00+00:00,1.299,1.299,1.291,1.293,1227128,5.172
2017-03-09 00:00:00+00:00,1.299,1.299,1.291,1.293,302800,5.172
2017-03-10 00:00:00+00:00,1.29,1.302,1.29,1.294,500928,5.176
2017-03-13 00:00:00+00:00,1.303,1.365,1.29,1.295,1472900,5.18
2017-03-14 00:00:00+00:00,1.295,1.298,1.293,1.297,1243788,5.188
2017-03-15 00:00:00+00:00,1.294,1.298,1.294,1.297,133200,5.188
2017-03-16 00:00:00+00:00,1.309,1.31,1.297,1.301,510500,5.204
2017-03-17 00:00:00+00:00,1.301,1.301,1.297,1.298,343500,5.192
2017-03-20 00:00:00+00:00,1.298,1.3,1.294,1.298,94400,5.192
2017-03-21 00:00:00+00:00,1.298,1.302,1.293,1.301,285300,5.204
2017-03-22 00:00:00+00:00,1.296,1.296,1.271,1.285,262804,5.14
2017-03-23 00:00:00+00:00,1.286,1.3,1.28,1.286,151400,5.144
2017-03-24 00:00:00+00:00,1.272,1.29,1.272,1.278,305608,5.112
2017-03-27 00:00:00+00:00,1.272,1.28,1.267,1.267,343500,5.068
2017-03-28 00:00:00+00:00,1.29,1.296,1.265,1.274,179000,5.096
2017-03-29 00:00:00+00:00,1.283,1.295,1.283,1.294,170900,5.176
2017-03-30 00:00:00+00:00,1.31,1.31,1.268,1.278,184000,5.112
2017-03-31 00:00:00+00:00,1.291,1.301,1.283,1.289,290500,5.156
2017-04-05 00:00:00+00:00,1.29,1.297,1.278,1.285,329400,5.14
2017-04-06 00:00:00+00:00,1.294,1.294,1.277,1.281,147700,5.124
2017-04-07 00:00:00+00:00,1.304,1.304,1.281,1.282,69900,5.128
2017-04-10 00:00:00+00:00,1.298,1.298,1.276,1.284,64100,5.136
2017-04-11 00:00:00+00:00,1.284,1.286,1.282,1.285,28200,5.14
2017-04-12 00:00:00+00:00,1.28,1.288,1.274,1.283,156800,5.132
2017-04-13 00:00:00+00:00,1.28,1.28,1.268,1.275,94300,5.1
2017-04-14 00:00:00+00:00,1.273,1.275,1.269,1.27,161700,5.08
2017-04-17 00:00:00+00:00,1.268,1.268,1.217,1.245,122900,4.98
2017-04-18 00:00:00+00:00,1.25,1.259,1.25,1.255,131000,5.02
2017-04-19 00:00:00+00:00,1.258,1.258,1.23,1.231,345500,4.924
2017-04-20 00:00:00+00:00,1.231,1.254,1.231,1.235,159100,4.94
2017-04-21 00:00:00+00:00,1.241,1.296,1.236,1.236,470400,4.944
2017-04-24 00:00:00+00:00,1.236,1.29,1.236,1.285,1644614,5.14
2017-04-25 00:00:00+00:00,1.28,1.348,1.28,1.314,1167000,5.256
2017-04-26 00:00:00+00:00,1.349,1.349,1.311,1.32,748700,5.28
2017-04-27 00:00:00+00:00,1.275,1.318,1.275,1.301,177900,5.204
2017-04-28 00:00:00+00:00,1.329,1.329,1.288,1.311,168900,5.244
2017-05-02 00:00:00+00:00,1.366,1.43,1.297,1.315,239604,5.26
2017-05-03 00:00:00+00:00,1.335,1.335,1.3,1.311,176100,5.244
2017-05-04 00:00:00+00:00,1.31,1.31,1.291,1.31,336800,5.24
2017-05-05 00:00:00+00:00,1.312,1.314,1.297,1.308,449300,5.232
2017-05-08 00:00:00+00:00,1.29,1.35,1.29,1.319,689600,5.276
2017-05-09 00:00:00+00:00,1.319,1.329,1.308,1.317,296100,5.268
2017-05-10 00:00:00+00:00,1.327,1.327,1.315,1.32,223200,5.28
2017-05-11 00:00:00+00:00,1.324,1.324,1.316,1.32,364600,5.28
2017-05-12 00:00:00+00:00,1.319,1.319,1.303,1.315,104300,5.26
2017-05-15 00:00:00+00:00,1.322,1.322,1.309,1.312,130800,5.248
2017-05-16 00:00:00+00:00,1.311,1.319,1.311,1.316,465704,5.264
2017-05-17 00:00:00+00:00,1.323,1.323,1.293,1.295,2486100,5.18
2017-05-18 00:00:00+00:00,1.281,1.29,1.267,1.286,629900,5.144
2017-05-19 00:00:00+00:00,1.307,1.307,1.286,1.287,139200,5.148
2017-05-22 00:00:00+00:00,1.288,1.299,1.282,1.285,1361903,5.14
2017-05-23 00:00:00+00:00,1.287,1.301,1.28,1.292,2494530,5.168
2017-05-24 00:00:00+00:00,1.292,1.293,1.287,1.291,1175665,5.164
2017-05-25 00:00:00+00:00,1.299,1.303,1.295,1.3,1052700,5.2
2017-05-26 00:00:00+00:00,1.306,1.326,1.306,1.317,969400,5.268
2017-05-31 00:00:00+00:00,1.317,1.37,1.316,1.319,1058600,5.276
2017-06-01 00:00:00+00:00,1.317,1.317,1.31,1.314,875110,5.256
2017-06-02 00:00:00+00:00,1.318,1.33,1.318,1.328,645200,5.312
2017-06-05 00:00:00+00:00,1.332,1.345,1.329,1.337,585600,5.348
2017-06-06 00:00:00+00:00,1.33,1.341,1.324,1.33,81400,5.32
2017-06-07 00:00:00+00:00,1.322,1.323,1.31,1.317,503400,5.268
2017-06-08 00:00:00+00:00,1.318,1.321,1.318,1.32,301300,5.28
2017-06-09 00:00:00+00:00,1.322,1.333,1.322,1.323,645700,5.292
2017-06-12 00:00:00+00:00,1.308,1.308,1.298,1.302,398000,5.208
2017-06-13 00:00:00+00:00,1.288,1.299,1.282,1.29,319900,5.16
2017-06-14 00:00:00+00:00,1.295,1.3,1.288,1.295,727400,5.18
2017-06-15 00:00:00+00:00,1.287,1.3,1.278,1.278,326100,5.112
2017-06-16 00:00:00+00:00,1.28,1.28,1.273,1.28,383248,5.12
2017-06-19 00:00:00+00:00,1.275,1.28,1.275,1.279,89748,5.116
2017-06-20 00:00:00+00:00,1.29,1.332,1.29,1.301,239200,5.204
2017-06-21 00:00:00+00:00,1.281,1.291,1.281,1.285,89300,5.14
2017-06-22 00:00:00+00:00,1.295,1.3,1.295,1.3,309000,5.2
2017-06-23 00:00:00+00:00,1.297,1.3,1.295,1.299,217900,5.196
2017-06-26 00:00:00+00:00,1.309,1.309,1.301,1.302,252566,5.208
2017-06-27 00:00:00+00:00,1.302,1.302,1.296,1.299,247600,5.196
2017-06-28 00:00:00+00:00,1.279,1.279,1.272,1.272,719100,5.088
2017-06-29 00:00:00+00:00,1.293,1.293,1.28,1.282,339666,5.128
2017-06-30 00:00:00+00:00,1.268,1.268,1.261,1.263,219600,5.052
2017-07-03 00:00:00+00:00,1.261,1.263,1.26,1.263,92700,5.052
2017-07-04 00:00:00+00:00,1.259,1.259,1.248,1.248,251400,4.992
2017-07-05 00:00:00+00:00,1.243,1.254,1.243,1.254,151600,5.016
2017-07-06 00:00:00+00:00,1.255,1.26,1.255,1.259,45200,5.036
2017-07-07 00:00:00+00:00,1.252,1.256,1.25,1.252,64100,5.008
2017-07-10 00:00:00+00:00,1.262,1.267,1.253,1.259,2149304,5.036
2017-07-11 00:00:00+00:00,1.26,1.266,1.26,1.265,377003,5.06
2017-07-12 00:00:00+00:00,1.263,1.272,1.263,1.272,506600,5.088
2017-07-13 00:00:00+00:00,1.283,1.29,1.282,1.288,390400,5.152
2017-07-14 00:00:00+00:00,1.289,1.308,1.273,1.282,6682212,5.128
2017-07-17 00:00:00+00:00,1.294,1.294,1.284,1.287,338902,5.148
2017-07-18 00:00:00+00:00,1.302,1.302,1.274,1.285,1633038,5.14
2017-07-19 00:00:00+00:00,1.291,1.296,1.29,1.294,1419311,5.176
2017-07-20 00:00:00+00:00,1.307,1.316,1.304,1.31,616206,5.24
2017-07-21 00:00:00+00:00,1.31,1.31,1.3,1.306,294930,5.224
2017-07-24 00:00:00+00:00,1.306,1.306,1.293,1.302,49900,5.208
2017-07-25 00:00:00+00:00,1.308,1.31,1.305,1.309,467500,5.236
2017-07-26 00:00:00+00:00,1.303,1.307,1.303,1.305,33200,5.22
2017-07-27 00:00:00+00:00,1.314,1.317,1.31,1.313,309904,5.252
2017-07-28 00:00:00+00:00,1.307,1.307,1.298,1.3,145704,5.2
2017-07-31 00:00:00+00:00,1.3,1.302,1.297,1.302,1225803,5.208
2017-08-01 00:00:00+00:00,1.297,1.301,1.29,1.301,287704,5.204
2017-08-02 00:00:00+00:00,1.314,1.314,1.301,1.307,82100,5.228
2017-08-03 00:00:00+00:00,1.306,1.31,1.298,1.3,103700,5.2
2017-08-04 00:00:00+00:00,1.295,1.303,1.294,1.295,62201,5.18
2017-08-07 00:00:00+00:00,1.299,1.31,1.296,1.303,427120,5.212
2017-08-08 00:00:00+00:00,1.305,1.308,1.305,1.305,136513,5.22
2017-08-09 00:00:00+00:00,1.296,1.304,1.294,1.3,192100,5.2
2017-08-10 00:00:00+00:00,1.294,1.303,1.29,1.294,315200,5.176
2017-08-11 00:00:00+00:00,1.283,1.283,1.264,1.27,347201,5.08
2017-08-14 00:00:00+00:00,1.286,1.286,1.266,1.279,273502,5.116
2017-08-15 00:00:00+00:00,1.293,1.297,1.292,1.294,242100,5.176
2017-08-16 00:00:00+00:00,1.29,1.299,1.29,1.294,125900,5.176
2017-08-17 00:00:00+00:00,1.294,1.294,1.287,1.29,42800,5.16
2017-08-18 00:00:00+00:00,1.277,1.279,1.275,1.278,59700,5.112
2017-08-21 00:00:00+00:00,1.274,1.287,1.272,1.286,19600,5.144
2017-08-22 00:00:00+00:00,1.271,1.283,1.27,1.273,300700,5.092
2017-08-23 00:00:00+00:00,1.292,1.292,1.279,1.281,102108,5.124
2017-08-24 00:00:00+00:00,1.285,1.285,1.274,1.274,15708,5.096
2017-08-25 00:00:00+00:00,1.275,1.28,1.27,1.275,108700,5.1
2017-08-28 00:00:00+00:00,1.29,1.29,1.266,1.272,445828,5.088
2017-08-29 00:00:00+00:00,1.275,1.275,1.269,1.273,55000,5.092
2017-08-30 00:00:00+00:00,1.273,1.277,1.272,1.273,51200,5.092
2017-08-31 00:00:00+00:00,1.282,1.289,1.282,1.285,65800,5.14
2017-09-01 00:00:00+00:00,1.29,1.297,1.29,1.294,47300,5.176
2017-09-04 00:00:00+00:00,1.294,1.294,1.284,1.287,76600,5.148
2017-09-05 00:00:00+00:00,1.287,1.287,1.286,1.287,96000,5.148
2017-09-06 00:00:00+00:00,1.285,1.285,1.27,1.273,237500,5.092
2017-09-07 00:00:00+00:00,1.273,1.274,1.269,1.272,172800,5.088
2017-09-08 00:00:00+00:00,1.27,1.272,1.268,1.27,89010,5.08
2017-09-11 00:00:00+00:00,1.27,1.272,1.255,1.263,96113,5.052
2017-09-12 00:00:00+00:00,1.279,1.279,1.269,1.27,185400,5.08
2017-09-13 00:00:00+00:00,1.278,1.278,1.27,1.273,107300,5.092
2017-09-14 00:00:00+00:00,1.277,1.277,1.273,1.276,357900,5.104
2017-09-15 00:00:00+00:00,1.275,1.275,1.271,1.274,211700,5.096
2017-09-18 00:00:00+00:00,1.276,1.285,1.276,1.285,186900,5.14
2017-09-19 00:00:00+00:00,1.281,1.288,1.281,1.286,41700,5.144
2017-09-20 00:00:00+00:00,1.289,1.289,1.28,1.287,149908,5.148
2017-09-21 00:00:00+00:00,1.278,1.288,1.278,1.287,146608,5.148
2017-09-22 00:00:00+00:00,1.273,1.296,1.273,1.28,272708,5.12
2017-09-25 00:00:00+00:00,1.304,1.304,1.277,1.277,37200,5.108
2017-09-26 00:00:00+00:00,1.286,1.286,1.267,1.269,113599,5.076
2017-09-27 00:00:00+00:00,1.27,1.276,1.27,1.272,29100,5.088
2017-09-28 00:00:00+00:00,1.275,1.286,1.275,1.285,46600,5.14
2017-09-29 00:00:00+00:00,1.285,1.285,1.282,1.282,6000,5.128
2017-10-09 00:00:00+00:00,1.31,1.311,1.293,1.304,1081600,5.216
2017-10-10 00:00:00+00:00,1.311,1.311,1.3,1.302,304700,5.208
2017-10-11 00:00:00+00:00,1.303,1.332,1.3,1.302,383500,5.208
2017-10-12 00:00:00+00:00,1.306,1.306,1.303,1.304,110600,5.216
2017-10-13 00:00:00+00:00,1.304,1.304,1.297,1.301,244500,5.204
2017-10-16 00:00:00+00:00,1.309,1.309,1.3,1.304,95600,5.216
2017-10-17 00:00:00+00:00,1.31,1.326,1.305,1.322,814405,5.288
2017-10-18 00:00:00+00:00,1.322,1.329,1.322,1.323,1505500,5.292
2017-10-19 00:00:00+00:00,1.328,1.328,1.316,1.316,40900,5.264
2017-10-20 00:00:00+00:00,1.32,1.322,1.316,1.316,245300,5.264
2017-10-23 00:00:00+00:00,1.318,1.328,1.318,1.325,345315,5.3
2017-10-24 00:00:00+00:00,1.311,1.319,1.311,1.319,300300,5.276
2017-10-25 00:00:00+00:00,1.326,1.326,1.318,1.318,565800,5.272
2017-10-26 00:00:00+00:00,1.318,1.333,1.314,1.315,69300,5.26
2017-10-27 00:00:00+00:00,1.323,1.338,1.316,1.318,102601,5.272
2017-10-30 00:00:00+00:00,1.344,1.348,1.34,1.348,772852,5.392
2017-10-31 00:00:00+00:00,1.352,1.374,1.352,1.362,33900,5.448
2017-11-01 00:00:00+00:00,1.363,1.383,1.359,1.37,200400,5.48
2017-11-02 00:00:00+00:00,1.369,1.369,1.358,1.364,136200,5.456
2017-11-03 00:00:00+00:00,1.382,1.382,1.357,1.367,76700,5.468
2017-11-06 00:00:00+00:00,1.374,1.391,1.366,1.37,81600,5.48
2017-11-07 00:00:00+00:00,1.388,1.388,1.369,1.378,53701,5.512
2017-11-08 00:00:00+00:00,1.378,1.379,1.369,1.376,45401,5.504
2017-11-09 00:00:00+00:00,1.429,1.429,1.375,1.379,504745,5.516
2017-11-10 00:00:00+00:00,1.37,1.379,1.37,1.379,115901,5.516
2017-11-13 00:00:00+00:00,1.375,1.399,1.374,1.374,29100,5.496
2017-11-14 00:00:00+00:00,1.379,1.379,1.372,1.378,76500,5.512
2017-11-15 00:00:00+00:00,1.377,1.377,1.374,1.376,200100,5.504
2017-11-16 00:00:00+00:00,1.369,1.378,1.358,1.375,61300,5.5
2017-11-17 00:00:00+00:00,1.375,1.381,1.375,1.38,237348,5.52
2017-11-20 00:00:00+00:00,1.379,1.379,1.369,1.371,279300,5.484
2017-11-21 00:00:00+00:00,1.371,1.378,1.371,1.374,40300,5.496
2017-11-22 00:00:00+00:00,1.383,1.396,1.383,1.389,59945,5.556
2017-11-23 00:00:00+00:00,1.388,1.388,1.381,1.381,145707,5.524
2017-11-24 00:00:00+00:00,1.382,1.388,1.38,1.382,76850,5.528
2017-11-27 00:00:00+00:00,1.384,1.392,1.38,1.385,286600,5.54
2017-11-28 00:00:00+00:00,1.382,1.387,1.382,1.384,234500,5.536
2017-11-29 00:00:00+00:00,1.386,1.398,1.386,1.396,323346,5.584
2017-11-30 00:00:00+00:00,1.395,1.395,1.373,1.378,56245,5.512
2017-12-01 00:00:00+00:00,1.384,1.387,1.381,1.387,102100,5.548
2017-12-04 00:00:00+00:00,1.41,1.41,1.389,1.393,870800,5.572
2017-12-05 00:00:00+00:00,1.382,1.382,1.357,1.36,240350,5.44
2017-12-06 00:00:00+00:00,1.368,1.368,1.353,1.357,52700,5.428
2017-12-07 00:00:00+00:00,1.364,1.368,1.358,1.364,80500,5.456
2017-12-08 00:00:00+00:00,1.368,1.38,1.368,1.38,442350,5.52
2017-12-11 00:00:00+00:00,1.389,1.395,1.375,1.385,30800,5.54
2017-12-12 00:00:00+00:00,1.417,1.417,1.383,1.395,47400,5.58
2017-12-13 00:00:00+00:00,1.389,1.398,1.381,1.393,37800,5.572
2017-12-14 00:00:00+00:00,1.392,1.409,1.386,1.395,38400,5.58
2017-12-15 00:00:00+00:00,1.383,1.396,1.344,1.396,76300,5.584
2017-12-18 00:00:00+00:00,1.396,1.41,1.396,1.4,215800,5.6
2017-12-19 00:00:00+00:00,1.408,1.415,1.407,1.414,122800,5.656
2017-12-20 00:00:00+00:00,1.404,1.412,1.404,1.41,46605,5.64
2017-12-21 00:00:00+00:00,1.4,1.402,1.394,1.394,402800,5.576
2017-12-22 00:00:00+00:00,1.398,1.4,1.392,1.395,26700,5.58
2017-12-25 00:00:00+00:00,1.394,1.399,1.381,1.397,80300,5.588
2017-12-26 00:00:00+00:00,1.397,1.4,1.383,1.398,30800,5.592
2017-12-27 00:00:00+00:00,1.407,1.407,1.373,1.384,114900,5.536
2017-12-28 00:00:00+00:00,1.372,1.387,1.371,1.386,125300,5.544
2017-12-29 00:00:00+00:00,1.381,1.387,1.381,1.386,33703,5.544
2018-01-02 00:00:00+00:00,1.416,1.416,1.381,1.397,35205,5.588
2018-01-03 00:00:00+00:00,1.4,1.405,1.393,1.398,200500,5.592
2018-01-04 00:00:00+00:00,1.409,1.418,1.401,1.408,79200,5.632
2018-01-05 00:00:00+00:00,1.397,1.408,1.397,1.4,201970,5.6
2018-01-08 00:00:00+00:00,1.409,1.429,1.405,1.417,441513,5.668
2018-01-09 00:00:00+00:00,1.427,1.427,1.418,1.424,254106,5.696
2018-01-10 00:00:00+00:00,1.426,1.449,1.426,1.433,119200,5.732
2018-01-11 00:00:00+00:00,1.428,1.435,1.41,1.433,141300,5.732
2018-01-12 00:00:00+00:00,1.421,1.448,1.421,1.437,643013,5.748
2018-01-15 00:00:00+00:00,1.485,1.485,1.444,1.449,143900,5.796
2018-01-16 00:00:00+00:00,1.456,1.456,1.45,1.451,86500,5.804
2018-01-17 00:00:00+00:00,1.44,1.447,1.435,1.445,18700,5.78
2018-01-18 00:00:00+00:00,1.477,1.477,1.442,1.454,115900,5.816
2018-01-19 00:00:00+00:00,1.456,1.456,1.446,1.451,50000,5.804
2018-01-22 00:00:00+00:00,1.445,1.454,1.442,1.447,109600,5.788
2018-01-23 00:00:00+00:00,1.467,1.467,1.453,1.462,313900,5.848
2018-01-24 00:00:00+00:00,1.463,1.48,1.463,1.476,217527,5.904
2018-01-25 00:00:00+00:00,1.477,1.477,1.43,1.459,327200,5.836
2018-01-26 00:00:00+00:00,1.459,1.465,1.444,1.465,50600,5.86
2018-01-29 00:00:00+00:00,1.482,1.482,1.467,1.478,186886,5.912
2018-01-30 00:00:00+00:00,1.471,1.471,1.44,1.466,20900,5.864
2018-01-31 00:00:00+00:00,1.436,1.452,1.436,1.45,142606,5.8
2018-02-01 00:00:00+00:00,1.45,1.45,1.446,1.449,54900,5.796
2018-02-02 00:00:00+00:00,1.456,1.456,1.401,1.447,102600,5.788
2018-02-05 00:00:00+00:00,1.409,1.409,1.375,1.393,430018,5.572
2018-02-06 00:00:00+00:00,1.369,1.369,1.307,1.313,622719,5.252
2018-02-07 00:00:00+00:00,1.357,1.357,1.326,1.331,446201,5.324
2018-02-08 00:00:00+00:00,1.339,1.339,1.316,1.337,194400,5.348
2018-02-09 00:00:00+00:00,1.273,1.3,1.273,1.276,223100,5.104
2018-02-12 00:00:00+00:00,1.273,1.324,1.273,1.324,952648,5.296
2018-02-13 00:00:00+00:00,1.338,1.367,1.337,1.347,365685,5.388
2018-02-14 00:00:00+00:00,1.369,1.37,1.349,1.356,151600,5.424
2018-02-22 00:00:00+00:00,1.381,1.392,1.38,1.385,121800,5.54
2018-02-23 00:00:00+00:00,1.39,1.4,1.376,1.4,924003,5.6
2018-02-26 00:00:00+00:00,1.477,1.477,1.426,1.44,66600,5.76
2018-02-27 00:00:00+00:00,1.446,1.47,1.446,1.462,295600,5.848
2018-02-28 00:00:00+00:00,1.456,1.456,1.424,1.432,58800,5.728
2018-03-01 00:00:00+00:00,1.419,1.438,1.419,1.427,27000,5.708
2018-03-02 00:00:00+00:00,1.406,1.426,1.405,1.417,123997,5.668
2018-03-05 00:00:00+00:00,1.435,1.435,1.411,1.42,34500,5.68
2018-03-06 00:00:00+00:00,1.433,1.434,1.429,1.431,43400,5.724
2018-03-07 00:00:00+00:00,1.401,1.447,1.401,1.442,20900,5.768
2018-03-08 00:00:00+00:00,1.432,1.448,1.432,1.441,108306,5.764
2018-03-09 00:00:00+00:00,1.445,1.445,1.443,1.443,47900,5.772
2018-03-12 00:00:00+00:00,1.454,1.548,1.454,1.476,320700,5.904
2018-03-13 00:00:00+00:00,1.51,1.51,1.467,1.473,277900,5.892
2018-03-14 00:00:00+00:00,1.458,1.465,1.45,1.458,118800,5.832
2018-03-15 00:00:00+00:00,1.458,1.465,1.442,1.465,242270,5.86
2018-03-16 00:00:00+00:00,1.478,1.478,1.466,1.473,51566,5.892
2018-03-19 00:00:00+00:00,1.473,1.473,1.466,1.466,45400,5.864
2018-03-20 00:00:00+00:00,1.425,1.448,1.425,1.435,207200,5.74
2018-03-21 00:00:00+00:00,1.437,1.468,1.436,1.442,43500,5.768
2018-03-22 00:00:00+00:00,1.441,1.445,1.432,1.444,53900,5.776
2018-03-23 00:00:00+00:00,1.442,1.442,1.362,1.389,228200,5.556
2018-03-26 00:00:00+00:00,1.388,1.448,1.352,1.397,339200,5.588
2018-03-27 00:00:00+00:00,1.404,1.437,1.397,1.406,126000,5.624
2018-03-28 00:00:00+00:00,1.344,1.378,1.344,1.377,120666,5.508
2018-03-29 00:00:00+00:00,1.377,1.377,1.336,1.355,76206,5.42
2018-03-30 00:00:00+00:00,1.37,1.42,1.357,1.362,52809,5.448
2018-04-02 00:00:00+00:00,1.366,1.366,1.362,1.362,44800,5.448
2018-04-03 00:00:00+00:00,1.318,1.362,1.318,1.357,73408,5.428
2018-04-04 00:00:00+00:00,1.357,1.398,1.357,1.358,34700,5.432
2018-04-09 00:00:00+00:00,1.449,1.449,1.345,1.356,235900,5.424
2018-04-10 00:00:00+00:00,1.343,1.392,1.343,1.368,91700,5.472
2018-04-11 00:00:00+00:00,1.382,1.415,1.376,1.381,20300,5.524
2018-04-12 00:00:00+00:00,1.385,1.385,1.379,1.38,26700,5.52
2018-04-13 00:00:00+00:00,1.383,1.388,1.374,1.375,25300,5.5
2018-04-16 00:00:00+00:00,1.367,1.377,1.367,1.376,31200,5.504
2018-04-17 00:00:00+00:00,1.486,1.486,1.376,1.386,50000,5.544
2018-04-18 00:00:00+00:00,1.407,1.412,1.395,1.4,254500,5.6
2018-04-19 00:00:00+00:00,1.407,1.411,1.399,1.401,213600,5.604
2018-04-20 00:00:00+00:00,1.405,1.405,1.39,1.391,40100,5.564
2018-04-23 00:00:00+00:00,1.373,1.376,1.372,1.375,94001,5.5
2018-04-24 00:00:00+00:00,1.369,1.39,1.369,1.388,67600,5.552
2018-04-25 00:00:00+00:00,1.364,1.366,1.353,1.359,129076,5.436
2018-04-26 00:00:00+00:00,1.359,1.368,1.359,1.368,44400,5.472
2018-04-27 00:00:00+00:00,1.369,1.38,1.361,1.372,525800,5.488
2018-05-02 00:00:00+00:00,1.37,1.389,1.367,1.38,801021,5.52
2018-05-03 00:00:00+00:00,1.386,1.386,1.374,1.38,532000,5.52
2018-05-04 00:00:00+00:00,1.381,1.396,1.38,1.396,192300,5.584
2018-05-07 00:00:00+00:00,1.4,1.414,1.4,1.41,254106,5.64
2018-05-08 00:00:00+00:00,1.407,1.414,1.407,1.414,139300,5.656
2018-05-09 00:00:00+00:00,1.421,1.428,1.419,1.425,220602,5.7
2018-05-10 00:00:00+00:00,1.479,1.479,1.437,1.44,150600,5.76
2018-05-11 00:00:00+00:00,1.492,1.492,1.454,1.465,248700,5.86
2018-05-14 00:00:00+00:00,1.465,1.471,1.465,1.466,124600,5.864
2018-05-15 00:00:00+00:00,1.472,1.472,1.466,1.472,276400,5.888
2018-05-16 00:00:00+00:00,1.471,1.497,1.46,1.46,74099,5.84
2018-05-17 00:00:00+00:00,1.47,1.475,1.461,1.469,170800,5.876
2018-05-18 00:00:00+00:00,1.471,1.52,1.464,1.466,202900,5.864
2018-05-21 00:00:00+00:00,1.462,1.479,1.46,1.479,284013,5.916
2018-05-22 00:00:00+00:00,1.479,1.518,1.466,1.467,32300,5.868
2018-05-23 00:00:00+00:00,1.457,1.469,1.43,1.448,266300,5.792
2018-05-24 00:00:00+00:00,1.468,1.478,1.451,1.458,155201,5.832
2018-05-25 00:00:00+00:00,1.421,1.461,1.421,1.46,31100,5.84
2018-05-28 00:00:00+00:00,1.46,1.519,1.455,1.48,322100,5.92
2018-05-29 00:00:00+00:00,1.518,1.518,1.472,1.472,1900,5.888
2018-05-30 00:00:00+00:00,1.493,1.493,1.462,1.462,4400,5.848
2018-05-31 00:00:00+00:00,1.468,1.499,1.468,1.477,86638,5.908
2018-06-01 00:00:00+00:00,1.491,1.491,1.473,1.476,110500,5.904
2018-06-04 00:00:00+00:00,1.5,1.517,1.5,1.511,98600,6.044
2018-06-05 00:00:00+00:00,1.519,1.544,1.519,1.525,75081,6.1
2018-06-06 00:00:00+00:00,1.649,1.649,1.53,1.536,64381,6.144
2018-06-07 00:00:00+00:00,1.617,1.617,1.537,1.54,167166,6.16
2018-06-08 00:00:00+00:00,1.543,1.543,1.52,1.52,39900,6.08
2018-06-11 00:00:00+00:00,1.599,1.599,1.514,1.533,66000,6.132
2018-06-12 00:00:00+00:00,1.535,1.536,1.52,1.535,291500,6.14
2018-06-13 00:00:00+00:00,1.549,1.549,1.539,1.546,5000,6.184
2018-06-14 00:00:00+00:00,1.537,1.544,1.534,1.544,124400,6.176
2018-06-15 00:00:00+00:00,1.544,1.59,1.544,1.58,207703,6.32
2018-06-19 00:00:00+00:00,1.58,1.58,1.535,1.535,41000,6.14
2018-06-20 00:00:00+00:00,1.59,1.59,1.554,1.554,7900,6.216
2018-06-21 00:00:00+00:00,1.585,1.585,1.567,1.584,186038,6.336
2018-06-22 00:00:00+00:00,1.579,1.579,1.557,1.577,91800,6.308
2018-06-25 00:00:00+00:00,1.578,1.587,1.565,1.575,45800,6.3
2018-06-26 00:00:00+00:00,1.53,1.562,1.53,1.538,146213,6.152
2018-06-27 00:00:00+00:00,1.539,1.547,1.532,1.538,59400,6.152
2018-06-28 00:00:00+00:00,1.538,1.538,1.506,1.531,87700,6.124
2018-06-29 00:00:00+00:00,1.531,1.58,1.523,1.565,220053,6.26
2018-07-02 00:00:00+00:00,1.575,1.575,1.536,1.555,163200,6.22
2018-07-03 00:00:00+00:00,1.56,1.6,1.56,1.571,171210,6.284
2018-07-04 00:00:00+00:00,1.588,1.588,1.547,1.572,88800,6.288
2018-07-05 00:00:00+00:00,1.593,1.593,1.555,1.57,23200,6.28
2018-07-06 00:00:00+00:00,1.59,1.606,1.571,1.59,175800,6.36
2018-07-09 00:00:00+00:00,1.593,1.625,1.593,1.607,156900,6.428
2018-07-10 00:00:00+00:00,1.632,1.632,1.592,1.622,175466,6.488
2018-07-11 00:00:00+00:00,1.621,1.638,1.621,1.632,60766,6.528
2018-07-12 00:00:00+00:00,1.631,1.639,1.623,1.637,127600,6.548
2018-07-13 00:00:00+00:00,1.665,1.665,1.643,1.651,106400,6.604
2018-07-16 00:00:00+00:00,1.635,1.666,1.635,1.663,38000,6.652
2018-07-17 00:00:00+00:00,1.664,1.68,1.618,1.625,482700,6.5
2018-07-18 00:00:00+00:00,1.65,1.65,1.635,1.638,147900,6.552
2018-07-19 00:00:00+00:00,1.644,1.644,1.636,1.64,168200,6.56
2018-07-20 00:00:00+00:00,1.636,1.648,1.636,1.64,337300,6.56
2018-07-23 00:00:00+00:00,1.633,1.635,1.625,1.627,233000,6.508
2018-07-24 00:00:00+00:00,1.647,1.66,1.633,1.654,480004,6.616
2018-07-25 00:00:00+00:00,1.656,1.66,1.648,1.652,757600,6.608
2018-07-26 00:00:00+00:00,1.674,1.674,1.662,1.668,278200,6.672
2018-07-27 00:00:00+00:00,1.666,1.687,1.653,1.68,1147700,6.72
2018-07-30 00:00:00+00:00,1.678,1.678,1.646,1.649,906100,6.596
2018-07-31 00:00:00+00:00,1.64,1.64,1.611,1.619,626300,6.476
2018-08-01 00:00:00+00:00,1.62,1.637,1.62,1.633,727100,6.532
2018-08-02 00:00:00+00:00,1.638,1.639,1.63,1.636,752600,6.544
2018-08-03 00:00:00+00:00,1.66,1.68,1.657,1.68,577800,6.72
2018-08-06 00:00:00+00:00,1.687,1.698,1.67,1.692,1300100,6.768
2018-08-07 00:00:00+00:00,1.7,1.72,1.69,1.699,3843000,6.796
2018-08-08 00:00:00+00:00,1.699,1.717,1.682,1.686,1528100,6.744
2018-08-09 00:00:00+00:00,1.687,1.687,1.58,1.675,887400,6.7
2018-08-10 00:00:00+00:00,1.675,1.688,1.669,1.676,782700,6.704
2018-08-13 00:00:00+00:00,1.65,1.67,1.623,1.666,349200,6.664
2018-08-14 00:00:00+00:00,1.66,1.677,1.66,1.675,261700,6.7
2018-08-15 00:00:00+00:00,1.69,1.703,1.683,1.692,1126600,6.768
2018-08-16 00:00:00+00:00,1.668,1.689,1.666,1.678,552700,6.712
2018-08-17 00:00:00+00:00,1.688,1.695,1.68,1.695,450805,6.78
2018-08-20 00:00:00+00:00,1.696,1.697,1.68,1.687,761400,6.748
2018-08-21 00:00:00+00:00,1.683,1.686,1.671,1.675,778800,6.7
2018-08-22 00:00:00+00:00,1.67,1.675,1.666,1.67,431400,6.68
2018-08-23 00:00:00+00:00,1.674,1.682,1.674,1.676,386500,6.704
2018-08-24 00:00:00+00:00,1.676,1.678,1.671,1.677,172400,6.708
2018-08-27 00:00:00+00:00,1.681,1.684,1.675,1.681,758000,6.724
2018-08-28 00:00:00+00:00,1.69,1.706,1.69,1.703,982000,6.812
2018-08-29 00:00:00+00:00,1.7,1.712,1.7,1.709,281215,6.836
2018-08-30 00:00:00+00:00,1.716,1.798,1.716,1.733,540200,6.932
2018-08-31 00:00:00+00:00,1.732,1.732,1.708,1.73,536500,6.92
2018-09-03 00:00:00+00:00,1.73,1.74,1.73,1.736,600600,6.944
2018-09-04 00:00:00+00:00,1.737,1.744,1.733,1.743,548700,6.972
2018-09-05 00:00:00+00:00,1.744,1.744,1.736,1.738,424300,6.952
2018-09-06 00:00:00+00:00,1.721,1.733,1.698,1.698,1277200,6.792
2018-09-07 00:00:00+00:00,1.688,1.688,1.669,1.679,537400,6.716
2018-09-10 00:00:00+00:00,1.672,1.693,1.672,1.685,763500,6.74
2018-09-11 00:00:00+00:00,1.688,1.72,1.688,1.702,348500,6.808
2018-09-12 00:00:00+00:00,1.72,1.721,1.71,1.715,1047900,6.86
2018-09-13 00:00:00+00:00,1.704,1.71,1.696,1.697,474000,6.788
2018-09-14 00:00:00+00:00,1.709,1.711,1.705,1.71,314500,6.84
2018-09-17 00:00:00+00:00,1.705,1.71,1.699,1.709,192600,6.836
2018-09-18 00:00:00+00:00,1.691,1.691,1.672,1.689,484700,6.756
2018-09-19 00:00:00+00:00,1.709,1.709,1.693,1.695,606300,6.78
2018-09-20 00:00:00+00:00,1.686,1.695,1.686,1.693,312700,6.772
2018-09-21 00:00:00+00:00,1.707,1.707,1.703,1.704,361701,6.816
2018-09-25 00:00:00+00:00,1.703,1.703,1.695,1.701,433100,6.804
2018-09-26 00:00:00+00:00,1.701,1.707,1.701,1.706,383802,6.824
2018-09-27 00:00:00+00:00,1.706,1.706,1.698,1.704,298100,6.816
2018-09-28 00:00:00+00:00,1.716,1.729,1.715,1.727,715200,6.908
2018-10-08 00:00:00+00:00,1.69,1.69,1.676,1.677,631500,6.708
2018-10-09 00:00:00+00:00,1.667,1.699,1.667,1.681,452700,6.724
2018-10-10 00:00:00+00:00,1.685,1.696,1.677,1.682,1168600,6.728
2018-10-11 00:00:00+00:00,1.637,1.637,1.56,1.578,2125900,6.312
2018-10-12 00:00:00+00:00,1.578,1.611,1.561,1.609,813831,6.436
2018-10-15 00:00:00+00:00,1.622,1.639,1.603,1.605,463900,6.42
2018-10-16 00:00:00+00:00,1.606,1.611,1.601,1.606,85700,6.424
2018-10-17 00:00:00+00:00,1.648,1.666,1.646,1.666,455780,6.664
2018-10-18 00:00:00+00:00,1.648,1.651,1.643,1.646,273600,6.584
2018-10-19 00:00:00+00:00,1.617,1.629,1.617,1.629,840090,6.516
2018-10-22 00:00:00+00:00,1.627,1.627,1.61,1.618,928452,6.472
2018-10-23 00:00:00+00:00,1.614,1.618,1.597,1.601,991900,6.404
2018-10-24 00:00:00+00:00,1.604,1.611,1.6,1.608,182100,6.432
2018-10-25 00:00:00+00:00,1.541,1.555,1.535,1.554,894641,6.216
2018-10-26 00:00:00+00:00,1.585,1.586,1.548,1.556,748600,6.224
2018-10-29 00:00:00+00:00,1.556,1.566,1.547,1.556,344900,6.224
2018-10-30 00:00:00+00:00,1.546,1.546,1.527,1.537,999900,6.148
2018-10-31 00:00:00+00:00,1.552,1.553,1.547,1.551,447300,6.204
2018-11-01 00:00:00+00:00,1.571,1.582,1.569,1.574,1020701,6.296
2018-11-02 00:00:00+00:00,1.584,1.6,1.584,1.597,1002400,6.388
2018-11-05 00:00:00+00:00,1.591,1.591,1.568,1.573,585600,6.292
2018-11-06 00:00:00+00:00,1.568,1.573,1.567,1.57,319200,6.28
2018-11-07 00:00:00+00:00,1.575,1.587,1.575,1.58,604200,6.32
2018-11-08 00:00:00+00:00,1.612,1.623,1.612,1.615,603500,6.46
2018-11-09 00:00:00+00:00,1.608,1.614,1.608,1.613,160500,6.452
2018-11-12 00:00:00+00:00,1.602,1.607,1.586,1.605,190405,6.42
2018-11-13 00:00:00+00:00,1.571,1.574,1.548,1.558,502200,6.232
2018-11-14 00:00:00+00:00,1.554,1.556,1.552,1.555,125700,6.22
2018-11-15 00:00:00+00:00,1.548,1.548,1.536,1.542,1139800,6.168
2018-11-16 00:00:00+00:00,1.553,1.553,1.544,1.547,608700,6.188
2018-11-19 00:00:00+00:00,1.548,1.551,1.546,1.551,217200,6.204
2018-11-20 00:00:00+00:00,1.524,1.524,1.495,1.5,743205,6.0
2018-11-21 00:00:00+00:00,1.47,1.497,1.47,1.487,949548,5.948
2018-11-22 00:00:00+00:00,1.487,1.49,1.478,1.483,327400,5.932
2018-11-23 00:00:00+00:00,1.481,1.483,1.473,1.473,182200,5.892
2018-11-26 00:00:00+00:00,1.48,1.485,1.475,1.485,189400,5.94
2018-11-27 00:00:00+00:00,1.499,1.5,1.495,1.5,357300,6.0
2018-11-28 00:00:00+00:00,1.505,1.525,1.505,1.523,1804500,6.092
2018-11-29 00:00:00+00:00,1.548,1.557,1.548,1.549,460283,6.196
2018-11-30 00:00:00+00:00,1.555,1.555,1.551,1.555,310420,6.22
2018-12-03 00:00:00+00:00,1.58,1.603,1.58,1.6,831280,6.4
2018-12-04 00:00:00+00:00,1.596,1.596,1.565,1.565,671200,6.26
2018-12-05 00:00:00+00:00,1.528,1.53,1.52,1.53,1135900,6.12
2018-12-06 00:00:00+00:00,1.515,1.515,1.501,1.505,213000,6.02
2018-12-07 00:00:00+00:00,1.52,1.535,1.52,1.529,46800,6.116
2018-12-10 00:00:00+00:00,1.529,1.529,1.476,1.479,599900,5.916
2018-12-11 00:00:00+00:00,1.495,1.515,1.495,1.501,412400,6.004
2018-12-12 00:00:00+00:00,1.508,1.519,1.506,1.518,786500,6.072
2018-12-13 00:00:00+00:00,1.533,1.533,1.523,1.528,283800,6.112
2018-12-14 00:00:00+00:00,1.525,1.525,1.507,1.513,162300,6.052
2018-12-17 00:00:00+00:00,1.492,1.493,1.487,1.492,392300,5.968
2018-12-18 00:00:00+00:00,1.475,1.479,1.455,1.463,268800,5.852
2018-12-19 00:00:00+00:00,1.46,1.464,1.46,1.464,78700,5.856
2018-12-20 00:00:00+00:00,1.444,1.444,1.418,1.418,874300,5.672
2018-12-21 00:00:00+00:00,1.408,1.414,1.405,1.414,541900,5.656
2018-12-24 00:00:00+00:00,1.38,1.38,1.356,1.372,631200,5.488
2018-12-25 00:00:00+00:00,1.34,1.34,1.316,1.326,631952,5.304
2018-12-26 00:00:00+00:00,1.327,1.332,1.32,1.324,1111600,5.296
2018-12-27 00:00:00+00:00,1.399,1.41,1.388,1.394,1378800,5.576
2018-12-28 00:00:00+00:00,1.401,1.41,1.401,1.407,414600,5.628
2019-01-02 00:00:00+00:00,1.418,1.423,1.394,1.397,482100,5.588
2019-01-03 00:00:00+00:00,1.398,1.398,1.387,1.387,283200,5.548
2019-01-04 00:00:00+00:00,1.351,1.388,1.351,1.388,435900,5.552
2019-01-07 00:00:00+00:00,1.419,1.443,1.419,1.43,153700,5.72
2019-01-08 00:00:00+00:00,1.442,1.455,1.442,1.451,1068200,5.804
2019-01-09 00:00:00+00:00,1.46,1.47,1.46,1.464,184500,5.856
2019-01-10 00:00:00+00:00,1.464,1.464,1.45,1.45,182500,5.8
2019-01-11 00:00:00+00:00,1.465,1.466,1.459,1.459,49900,5.836
2019-01-14 00:00:00+00:00,1.451,1.454,1.445,1.446,51100,5.784
2019-01-15 00:00:00+00:00,1.446,1.455,1.446,1.455,90300,5.82
2019-01-16 00:00:00+00:00,1.464,1.473,1.464,1.473,200000,5.892
2019-01-17 00:00:00+00:00,1.465,1.466,1.461,1.463,180400,5.852
2019-01-18 00:00:00+00:00,1.481,1.489,1.481,1.486,430500,5.944
2019-01-21 00:00:00+00:00,1.495,1.498,1.494,1.494,33105,5.976
2019-01-22 00:00:00+00:00,1.497,1.498,1.484,1.485,125600,5.94
2019-01-23 00:00:00+00:00,1.452,1.477,1.452,1.472,131100,5.888
2019-01-24 00:00:00+00:00,1.47,1.473,1.47,1.472,17500,5.888
2019-01-25 00:00:00+00:00,1.474,1.482,1.474,1.48,437600,5.92
2019-01-28 00:00:00+00:00,1.49,1.49,1.478,1.479,559800,5.916
2019-01-29 00:00:00+00:00,1.462,1.469,1.462,1.465,76500,5.86
2019-01-30 00:00:00+00:00,1.46,1.464,1.46,1.463,60800,5.852
2019-01-31 00:00:00+00:00,1.55,1.55,1.477,1.496,95100,5.984
2019-02-01 00:00:00+00:00,1.508,1.519,1.504,1.519,748200,6.076
2019-02-11 00:00:00+00:00,1.519,1.525,1.517,1.52,668200,6.08
2019-02-12 00:00:00+00:00,1.525,1.528,1.522,1.524,650300,6.096
2019-02-13 00:00:00+00:00,1.541,1.545,1.541,1.544,148100,6.176
2019-02-14 00:00:00+00:00,1.54,1.54,1.535,1.54,336100,6.16
2019-02-15 00:00:00+00:00,1.534,1.538,1.527,1.527,166800,6.108
2019-02-18 00:00:00+00:00,1.534,1.549,1.534,1.549,190200,6.196
2019-02-19 00:00:00+00:00,1.547,1.549,1.54,1.549,115500,6.196
2019-02-20 00:00:00+00:00,1.55,1.55,1.543,1.544,124700,6.176
2019-02-21 00:00:00+00:00,1.544,1.544,1.539,1.542,145400,6.168
2019-02-22 00:00:00+00:00,1.537,1.537,1.533,1.536,129300,6.144
2019-02-25 00:00:00+00:00,1.549,1.553,1.535,1.553,528200,6.212
2019-02-26 00:00:00+00:00,1.553,1.553,1.535,1.541,604200,6.164
2019-02-27 00:00:00+00:00,1.532,1.548,1.532,1.541,628900,6.164
2019-02-28 00:00:00+00:00,1.54,1.541,1.536,1.536,261300,6.144
2019-03-01 00:00:00+00:00,1.538,1.558,1.538,1.551,940200,6.204
2019-03-04 00:00:00+00:00,1.557,1.561,1.553,1.557,346900,6.228
2019-03-05 00:00:00+00:00,1.551,1.551,1.542,1.544,564700,6.176
2019-03-06 00:00:00+00:00,1.544,1.545,1.541,1.545,572801,6.18
2019-03-07 00:00:00+00:00,1.541,1.541,1.529,1.533,905000,6.132
2019-03-08 00:00:00+00:00,1.523,1.523,1.503,1.504,276700,6.016
2019-03-11 00:00:00+00:00,1.512,1.538,1.512,1.521,3981505,6.084
2019-03-12 00:00:00+00:00,1.54,1.561,1.54,1.554,2318800,6.216
2019-03-13 00:00:00+00:00,1.58,1.58,1.557,1.56,755700,6.24
2019-03-14 00:00:00+00:00,1.568,1.581,1.567,1.578,542015,6.312
2019-03-15 00:00:00+00:00,1.568,1.585,1.568,1.581,3451308,6.324
2019-03-18 00:00:00+00:00,1.581,1.592,1.581,1.592,390800,6.368
2019-03-19 00:00:00+00:00,1.595,1.597,1.592,1.596,365733,6.384
2019-03-20 00:00:00+00:00,1.597,1.6,1.592,1.596,510000,6.384
2019-03-21 00:00:00+00:00,1.596,1.614,1.59,1.603,199600,6.412
2019-03-22 00:00:00+00:00,1.62,1.632,1.62,1.63,116900,6.52
2019-03-25 00:00:00+00:00,1.6,1.6,1.578,1.578,503900,6.312
2019-03-26 00:00:00+00:00,1.59,1.59,1.583,1.587,239100,6.348
2019-03-27 00:00:00+00:00,1.598,1.604,1.59,1.602,1058500,6.408
2019-03-28 00:00:00+00:00,1.592,1.592,1.588,1.59,154300,6.36
2019-03-29 00:00:00+00:00,1.61,1.61,1.594,1.601,65300,6.404
2019-04-01 00:00:00+00:00,1.605,1.625,1.605,1.624,252780,6.496
2019-04-02 00:00:00+00:00,1.635,1.635,1.624,1.633,168600,6.532
2019-04-03 00:00:00+00:00,1.642,1.642,1.628,1.635,188500,6.54
2019-04-04 00:00:00+00:00,1.637,1.646,1.635,1.643,185324,6.572
2019-04-08 00:00:00+00:00,1.643,1.654,1.632,1.642,297400,6.568
2019-04-09 00:00:00+00:00,1.647,1.647,1.64,1.644,214135,6.576
2019-04-10 00:00:00+00:00,1.638,1.638,1.63,1.637,105200,6.548
2019-04-11 00:00:00+00:00,1.645,1.657,1.641,1.656,1095400,6.624
2019-04-12 00:00:00+00:00,1.653,1.653,1.647,1.652,19700,6.608
2019-04-15 00:00:00+00:00,1.653,1.656,1.65,1.651,41900,6.604
2019-04-16 00:00:00+00:00,1.66,1.749,1.645,1.655,137950,6.62
2019-04-17 00:00:00+00:00,1.656,1.659,1.655,1.656,91300,6.624
2019-04-18 00:00:00+00:00,1.649,1.656,1.649,1.655,55200,6.62
2019-04-19 00:00:00+00:00,1.657,1.67,1.647,1.661,305503,6.644
2019-04-22 00:00:00+00:00,1.664,1.664,1.655,1.661,130403,6.644
2019-04-23 00:00:00+00:00,1.664,1.669,1.661,1.668,62400,6.672
2019-04-24 00:00:00+00:00,1.685,1.696,1.684,1.696,415900,6.784
2019-04-25 00:00:00+00:00,1.696,1.705,1.69,1.705,289224,6.82
2019-04-26 00:00:00+00:00,1.698,1.734,1.698,1.723,535405,6.892
2019-04-29 00:00:00+00:00,1.726,1.8,1.726,1.74,881500,6.96
2019-04-30 00:00:00+00:00,1.74,1.753,1.729,1.732,2387400,6.928
2019-05-06 00:00:00+00:00,1.729,1.729,1.676,1.682,1086200,6.728
2019-05-07 00:00:00+00:00,1.69,1.707,1.69,1.703,268400,6.812
2019-05-08 00:00:00+00:00,1.677,1.679,1.655,1.672,549700,6.688
2019-05-09 00:00:00+00:00,1.672,1.672,1.661,1.666,428300,6.664
2019-05-10 00:00:00+00:00,1.668,1.678,1.645,1.672,369700,6.688
2019-05-13 00:00:00+00:00,1.67,1.67,1.65,1.658,239300,6.632
2019-05-14 00:00:00+00:00,1.632,1.632,1.553,1.616,571601,6.464
2019-05-15 00:00:00+00:00,1.632,1.653,1.626,1.638,475502,6.552
2019-05-16 00:00:00+00:00,1.655,1.66,1.647,1.649,185300,6.596
2019-05-17 00:00:00+00:00,1.673,1.68,1.666,1.669,703700,6.676
2019-05-20 00:00:00+00:00,1.668,1.668,1.653,1.659,175600,6.636
2019-05-21 00:00:00+00:00,1.644,1.645,1.637,1.645,484500,6.58
2019-05-22 00:00:00+00:00,1.647,1.658,1.647,1.651,158200,6.604
2019-05-23 00:00:00+00:00,1.651,1.651,1.625,1.626,414705,6.504
2019-05-24 00:00:00+00:00,1.621,1.623,1.614,1.621,153900,6.484
2019-05-27 00:00:00+00:00,1.613,1.621,1.613,1.62,195200,6.48
2019-05-28 00:00:00+00:00,1.62,1.624,1.616,1.617,245200,6.468
2019-05-29 00:00:00+00:00,1.601,1.606,1.6,1.602,131000,6.408
2019-05-30 00:00:00+00:00,1.593,1.594,1.585,1.592,226548,6.368
2019-05-31 00:00:00+00:00,1.593,1.596,1.579,1.579,189700,6.316
2019-06-03 00:00:00+00:00,1.579,1.579,1.544,1.552,299000,6.208
2019-06-04 00:00:00+00:00,1.55,1.55,1.533,1.538,141200,6.152
2019-06-05 00:00:00+00:00,1.57,1.579,1.569,1.576,232200,6.304
2019-06-06 00:00:00+00:00,1.584,1.586,1.577,1.582,133400,6.328
2019-06-10 00:00:00+00:00,1.616,1.656,1.616,1.636,394500,6.544
2019-06-11 00:00:00+00:00,1.644,1.674,1.644,1.644,752700,6.576
2019-06-12 00:00:00+00:00,1.651,1.651,1.638,1.641,388926,6.564
2019-06-13 00:00:00+00:00,1.636,1.644,1.636,1.644,144100,6.576
2019-06-14 00:00:00+00:00,1.65,1.66,1.648,1.653,312900,6.612
2019-06-17 00:00:00+00:00,1.652,1.659,1.651,1.654,501200,6.616
2019-06-18 00:00:00+00:00,1.665,1.678,1.656,1.665,430200,6.66
2019-06-19 00:00:00+00:00,1.706,1.706,1.675,1.687,276900,6.748
2019-06-20 00:00:00+00:00,1.693,1.706,1.687,1.704,571102,6.816
2019-06-21 00:00:00+00:00,1.702,1.711,1.695,1.7,284704,6.8
2019-06-24 00:00:00+00:00,1.7,1.71,1.699,1.708,212500,6.832
2019-06-25 00:00:00+00:00,1.695,1.7,1.685,1.688,185200,6.752
2019-06-26 00:00:00+00:00,1.662,1.668,1.66,1.668,378000,6.672
2019-06-27 00:00:00+00:00,1.678,1.688,1.67,1.683,80100,6.732
2019-06-28 00:00:00+00:00,1.682,1.682,1.665,1.672,133400,6.688
2019-07-01 00:00:00+00:00,1.697,1.74,1.691,1.729,503701,6.916
2019-07-02 00:00:00+00:00,1.729,1.729,1.707,1.712,577800,6.848
2019-07-03 00:00:00+00:00,1.713,1.726,1.709,1.71,219401,6.84
2019-07-04 00:00:00+00:00,1.722,1.723,1.717,1.719,202600,6.876
2019-07-05 00:00:00+00:00,1.723,1.732,1.719,1.726,472400,6.904
2019-07-08 00:00:00+00:00,1.729,1.729,1.708,1.714,143500,6.856
2019-07-09 00:00:00+00:00,1.713,1.713,1.695,1.696,113703,6.784
2019-07-10 00:00:00+00:00,1.71,1.72,1.704,1.716,267100,6.864
2019-07-11 00:00:00+00:00,1.725,1.738,1.722,1.734,277500,6.936
2019-07-12 00:00:00+00:00,1.735,1.736,1.729,1.73,176000,6.92
2019-07-15 00:00:00+00:00,1.731,1.746,1.731,1.745,238612,6.98
2019-07-16 00:00:00+00:00,1.755,1.755,1.748,1.755,166800,7.02
2019-07-17 00:00:00+00:00,1.744,1.753,1.734,1.746,373100,6.984
2019-07-18 00:00:00+00:00,1.731,1.737,1.729,1.73,225999,6.92
2019-07-19 00:00:00+00:00,1.746,1.746,1.737,1.744,290400,6.976
2019-07-22 00:00:00+00:00,1.734,1.734,1.719,1.734,181300,6.936
2019-07-23 00:00:00+00:00,1.737,1.747,1.737,1.743,405500,6.972
2019-07-24 00:00:00+00:00,1.753,1.754,1.747,1.749,689900,6.996
2019-07-25 00:00:00+00:00,1.782,1.782,1.76,1.765,172199,7.06
2019-07-26 00:00:00+00:00,1.752,1.761,1.752,1.761,209812,7.044
2019-07-29 00:00:00+00:00,1.782,1.782,1.766,1.77,98299,7.08
2019-07-30 00:00:00+00:00,1.759,1.774,1.759,1.769,349400,7.076
2019-07-31 00:00:00+00:00,1.754,1.768,1.754,1.756,56801,7.024
2019-08-01 00:00:00+00:00,1.74,1.743,1.733,1.738,199102,6.952
2019-08-02 00:00:00+00:00,1.737,1.738,1.702,1.738,191599,6.952
2019-08-05 00:00:00+00:00,1.714,1.742,1.714,1.723,255001,6.892
2019-08-06 00:00:00+00:00,1.671,1.692,1.653,1.675,730403,6.7
2019-08-07 00:00:00+00:00,1.695,1.7,1.652,1.694,627600,6.776
2019-08-08 00:00:00+00:00,1.698,1.715,1.698,1.708,318300,6.832
2019-08-09 00:00:00+00:00,1.745,1.766,1.731,1.74,671706,6.96
2019-08-12 00:00:00+00:00,1.738,1.764,1.725,1.764,200603,7.056
2019-08-13 00:00:00+00:00,1.752,1.752,1.705,1.705,553000,6.82
2019-08-14 00:00:00+00:00,1.731,1.745,1.731,1.745,384994,6.98
2019-08-15 00:00:00+00:00,1.718,1.718,1.691,1.715,474202,6.86
2019-08-16 00:00:00+00:00,1.725,1.725,1.707,1.717,355800,6.868
2019-08-19 00:00:00+00:00,1.731,1.744,1.721,1.74,1417300,6.96
2019-08-20 00:00:00+00:00,1.744,1.753,1.734,1.75,880626,7.0
2019-08-21 00:00:00+00:00,1.741,1.745,1.741,1.744,75800,6.976
2019-08-22 00:00:00+00:00,1.755,1.769,1.753,1.758,193097,7.032
2019-08-23 00:00:00+00:00,1.756,1.803,1.752,1.757,1009800,7.028
2019-08-26 00:00:00+00:00,1.7,1.719,1.691,1.716,759600,6.864
2019-08-27 00:00:00+00:00,1.725,1.769,1.725,1.731,575400,6.924
2019-08-28 00:00:00+00:00,1.723,1.731,1.723,1.726,352700,6.904
2019-08-29 00:00:00+00:00,1.747,1.747,1.719,1.721,319500,6.884
2019-08-30 00:00:00+00:00,1.747,1.76,1.732,1.756,712901,7.024
2019-09-02 00:00:00+00:00,1.759,1.759,1.746,1.751,308097,7.004
2019-09-03 00:00:00+00:00,1.743,1.75,1.743,1.748,273000,6.992
2019-09-04 00:00:00+00:00,1.732,1.778,1.732,1.767,985100,7.068
2019-09-05 00:00:00+00:00,1.778,1.78,1.765,1.771,418410,7.084
2019-09-06 00:00:00+00:00,1.8,1.8,1.778,1.789,524190,7.156
2019-09-09 00:00:00+00:00,1.817,1.817,1.785,1.798,366900,7.192
2019-09-10 00:00:00+00:00,1.788,1.789,1.765,1.778,1521200,7.112
2019-09-11 00:00:00+00:00,1.774,1.775,1.769,1.775,469900,7.1
2019-09-12 00:00:00+00:00,1.798,1.798,1.79,1.792,240700,7.168
2019-09-16 00:00:00+00:00,1.778,1.782,1.768,1.774,461012,7.096
2019-09-17 00:00:00+00:00,1.773,1.777,1.77,1.77,152300,7.08
2019-09-18 00:00:00+00:00,1.772,1.784,1.772,1.78,170400,7.12
2019-09-19 00:00:00+00:00,1.782,1.782,1.762,1.778,142400,7.112
2019-09-20 00:00:00+00:00,1.78,1.787,1.779,1.782,179600,7.128
2019-09-23 00:00:00+00:00,1.779,1.779,1.768,1.772,184905,7.088
2019-09-24 00:00:00+00:00,1.774,1.774,1.77,1.773,34000,7.092
2019-09-25 00:00:00+00:00,1.754,1.772,1.742,1.752,174500,7.008
2019-09-26 00:00:00+00:00,1.761,1.769,1.758,1.759,198500,7.036
2019-09-27 00:00:00+00:00,1.756,1.762,1.75,1.758,99800,7.032
2019-09-30 00:00:00+00:00,1.754,1.754,1.738,1.744,535900,6.976
2019-10-08 00:00:00+00:00,1.744,1.772,1.715,1.746,99500,6.984
2019-10-09 00:00:00+00:00,1.725,1.732,1.724,1.729,79400,6.916
2019-10-10 00:00:00+00:00,1.731,1.741,1.726,1.733,403100,6.932
2019-10-11 00:00:00+00:00,1.741,1.748,1.737,1.746,564320,6.984
2019-10-14 00:00:00+00:00,1.765,1.77,1.76,1.766,1113141,7.064
2019-10-15 00:00:00+00:00,1.767,1.776,1.767,1.776,203041,7.104
2019-10-16 00:00:00+00:00,1.793,1.793,1.782,1.784,230700,7.136
2019-10-17 00:00:00+00:00,1.784,1.787,1.781,1.781,30300,7.124
2019-10-18 00:00:00+00:00,1.786,1.786,1.777,1.777,111000,7.108
2019-10-21 00:00:00+00:00,1.782,1.782,1.768,1.772,107900,7.088
2019-10-22 00:00:00+00:00,1.782,1.785,1.781,1.784,110300,7.136
2019-10-23 00:00:00+00:00,1.77,1.774,1.768,1.77,106900,7.08
2019-10-24 00:00:00+00:00,1.777,1.777,1.773,1.776,51400,7.104
2019-10-25 00:00:00+00:00,1.778,1.786,1.778,1.783,183100,7.132
2019-10-28 00:00:00+00:00,1.791,1.8,1.791,1.794,217300,7.176
2019-10-29 00:00:00+00:00,1.81,1.816,1.808,1.811,370212,7.244
2019-10-30 00:00:00+00:00,1.812,1.812,1.801,1.806,46300,7.224
2019-10-31 00:00:00+00:00,1.814,1.82,1.81,1.815,125200,7.26
2019-11-01 00:00:00+00:00,1.81,1.82,1.81,1.817,188208,7.268
2019-11-04 00:00:00+00:00,1.888,1.888,1.825,1.832,105312,7.328
2019-11-05 00:00:00+00:00,1.838,1.844,1.833,1.838,170600,7.352
2019-11-06 00:00:00+00:00,1.833,1.839,1.816,1.826,172900,7.304
2019-11-07 00:00:00+00:00,1.827,1.834,1.818,1.824,58900,7.296
2019-11-08 00:00:00+00:00,1.824,1.824,1.822,1.823,104500,7.292
2019-11-11 00:00:00+00:00,1.833,1.842,1.813,1.825,261400,7.3
2019-11-12 00:00:00+00:00,1.822,1.833,1.822,1.83,73900,7.32
2019-11-13 00:00:00+00:00,1.832,1.844,1.825,1.837,147100,7.348
2019-11-14 00:00:00+00:00,1.846,1.847,1.828,1.846,228512,7.384
2019-11-15 00:00:00+00:00,1.846,1.853,1.846,1.851,278720,7.404
2019-11-18 00:00:00+00:00,1.853,1.88,1.851,1.86,390100,7.44
2019-11-19 00:00:00+00:00,1.869,1.875,1.867,1.871,274500,7.484
2019-11-20 00:00:00+00:00,1.872,1.872,1.862,1.866,157900,7.464
2019-11-21 00:00:00+00:00,1.866,1.872,1.845,1.856,98900,7.424
2019-11-22 00:00:00+00:00,1.853,1.866,1.853,1.863,29100,7.452
2019-11-25 00:00:00+00:00,1.864,1.872,1.863,1.872,91700,7.488
2019-11-26 00:00:00+00:00,1.885,1.889,1.879,1.889,177200,7.556
2019-11-27 00:00:00+00:00,1.889,1.902,1.887,1.9,627300,7.6
2019-11-28 00:00:00+00:00,1.91,2.09,1.886,1.951,595400,7.804
2019-11-29 00:00:00+00:00,1.945,2.09,1.903,1.954,1576301,7.816
2019-12-02 00:00:00+00:00,1.954,2.0,1.907,1.999,795500,7.996
2019-12-03 00:00:00+00:00,1.976,1.978,1.89,1.896,3437700,7.584
2019-12-04 00:00:00+00:00,1.868,1.878,1.861,1.873,735600,7.492
2019-12-05 00:00:00+00:00,1.878,1.9,1.861,1.875,2226400,7.5
2019-12-06 00:00:00+00:00,1.876,1.876,1.865,1.871,789900,7.484
2019-12-09 00:00:00+00:00,1.886,1.894,1.88,1.885,1565200,7.54
2019-12-10 00:00:00+00:00,1.878,1.882,1.87,1.876,561801,7.504
2019-12-11 00:00:00+00:00,1.877,1.877,1.863,1.874,246800,7.496
2019-12-12 00:00:00+00:00,1.88,1.887,1.876,1.886,830801,7.544
2019-12-13 00:00:00+00:00,1.895,1.907,1.895,1.902,1558800,7.608
2019-12-16 00:00:00+00:00,1.9,1.917,1.897,1.91,794500,7.64
2019-12-17 00:00:00+00:00,1.92,1.939,1.917,1.928,627400,7.712
2019-12-18 00:00:00+00:00,1.928,1.932,1.912,1.915,1038000,7.66
2019-12-19 00:00:00+00:00,1.913,1.922,1.908,1.91,374800,7.64
2019-12-20 00:00:00+00:00,1.921,1.928,1.92,1.926,931600,7.704
2019-12-23 00:00:00+00:00,1.932,1.937,1.928,1.936,1745008,7.744
2019-12-24 00:00:00+00:00,1.944,1.95,1.937,1.949,791703,7.796
2019-12-25 00:00:00+00:00,1.949,1.95,1.94,1.943,562900,7.772
2019-12-26 00:00:00+00:00,1.937,1.951,1.937,1.948,1111803,7.792
2019-12-27 00:00:00+00:00,1.958,1.972,1.955,1.966,990805,7.864
2019-12-30 00:00:00+00:00,1.965,1.969,1.955,1.966,1167515,7.864
2019-12-31 00:00:00+00:00,1.954,1.959,1.948,1.956,632500,7.824
2020-01-02 00:00:00+00:00,1.979,1.979,1.957,1.975,1916321,7.9
2020-01-03 00:00:00+00:00,1.985,1.997,1.971,1.984,1669113,7.936
2020-01-06 00:00:00+00:00,1.971,1.971,1.953,1.96,1280200,7.84
2020-01-07 00:00:00+00:00,1.976,1.982,1.97,1.98,946600,7.92
2020-01-08 00:00:00+00:00,1.96,1.967,1.952,1.956,698500,7.824
2020-01-09 00:00:00+00:00,1.98,1.994,1.975,1.991,1234600,7.964
2020-01-10 00:00:00+00:00,1.995,2.029,1.995,2.02,3032000,8.08
2020-01-13 00:00:00+00:00,2.011,2.015,2.0,2.009,2552201,8.036
2020-01-14 00:00:00+00:00,2.022,2.032,2.006,2.017,6478000,8.068
2020-01-15 00:00:00+00:00,2.011,2.011,1.997,2.004,3055002,8.016
2020-01-16 00:00:00+00:00,2.008,2.008,2.0,2.0,2875500,8.0
2020-01-17 00:00:00+00:00,2.021,2.041,2.012,2.037,6426201,8.148
2020-01-20 00:00:00+00:00,2.048,2.069,2.037,2.042,6825700,8.168
2020-01-21 00:00:00+00:00,2.043,2.045,2.013,2.014,5648300,8.056
2020-01-22 00:00:00+00:00,2.015,2.03,2.011,2.027,6230700,8.108
2020-01-23 00:00:00+00:00,2.02,2.026,2.01,2.021,6885000,8.084
2020-02-03 00:00:00+00:00,1.93,2.013,1.93,1.976,3967800,7.904
2020-02-04 00:00:00+00:00,1.996,2.046,1.996,2.046,8064715,8.184
2020-02-05 00:00:00+00:00,2.074,2.086,2.067,2.08,11380815,8.32
2020-02-06 00:00:00+00:00,2.092,2.121,2.084,2.119,6668741,8.476
2020-02-07 00:00:00+00:00,2.121,2.196,2.12,2.168,13645441,8.672
2020-02-10 00:00:00+00:00,2.16,2.22,2.15,2.202,9812603,8.808
2020-02-11 00:00:00+00:00,2.238,2.256,2.226,2.256,9492700,9.024
2020-02-12 00:00:00+00:00,2.274,2.314,2.258,2.302,13128000,9.208
2020-02-13 00:00:00+00:00,2.35,2.417,2.33,2.415,18769285,9.66
2020-02-14 00:00:00+00:00,2.392,2.413,2.26,2.269,22261215,9.076
2020-02-17 00:00:00+00:00,2.269,2.299,2.133,2.285,18618815,9.14
2020-02-18 00:00:00+00:00,2.27,2.282,2.211,2.233,11968339,8.932
2020-02-19 00:00:00+00:00,2.219,2.265,2.197,2.207,13703100,8.828
2020-02-20 00:00:00+00:00,2.232,2.244,2.215,2.236,11333985,8.944
2020-02-21 00:00:00+00:00,2.23,2.23,2.18,2.186,10112210,8.744
2020-02-24 00:00:00+00:00,2.125,2.128,2.097,2.1,14340467,8.4
2020-02-25 00:00:00+00:00,2.047,2.149,2.045,2.137,22678335,8.548
2020-02-26 00:00:00+00:00,2.052,2.094,2.05,2.075,16700324,8.3
2020-02-27 00:00:00+00:00,2.085,2.098,2.071,2.074,12140447,8.296
2020-02-28 00:00:00+00:00,1.999,2.018,1.979,1.984,13714104,7.936
2020-03-02 00:00:00+00:00,1.999,2.059,1.99,2.052,22914297,8.208
2020-03-03 00:00:00+00:00,2.144,2.144,2.021,2.029,30732006,8.116
2020-03-04 00:00:00+00:00,1.996,2.02,1.976,2.007,18579300,8.028
2020-03-05 00:00:00+00:00,2.04,2.051,1.993,2.0,24245578,8.0
2020-03-06 00:00:00+00:00,1.969,1.969,1.942,1.949,14924290,7.796
2020-03-09 00:00:00+00:00,1.889,1.889,1.826,1.829,23902850,7.316
2020-03-10 00:00:00+00:00,1.799,1.903,1.799,1.894,35521511,7.576
2020-03-11 00:00:00+00:00,1.885,1.885,1.84,1.841,30159720,7.364
2020-03-12 00:00:00+00:00,1.799,1.799,1.772,1.791,17374580,7.164
2020-03-13 00:00:00+00:00,1.67,1.828,1.67,1.765,39968291,7.06
2020-03-16 00:00:00+00:00,1.755,1.764,1.694,1.699,22779948,6.796
2020-03-17 00:00:00+00:00,1.71,1.742,1.666,1.711,21112700,6.844
2020-03-18 00:00:00+00:00,1.713,1.728,1.66,1.664,21799300,6.656
2020-03-19 00:00:00+00:00,1.678,1.692,1.638,1.673,17528500,6.692
2020-03-20 00:00:00+00:00,1.698,1.777,1.69,1.774,25593420,7.096
2020-03-23 00:00:00+00:00,1.67,1.755,1.66,1.695,25637253,6.78
2020-03-24 00:00:00+00:00,1.754,1.796,1.725,1.796,26764325,7.184
2020-03-25 00:00:00+00:00,1.852,1.91,1.831,1.88,39343301,7.52
2020-03-26 00:00:00+00:00,1.861,1.862,1.816,1.816,23190940,7.264
2020-03-27 00:00:00+00:00,1.878,1.878,1.791,1.802,26755020,7.208
2020-03-30 00:00:00+00:00,1.767,1.782,1.73,1.764,34328677,7.056
2020-03-31 00:00:00+00:00,1.81,1.817,1.776,1.79,17832700,7.16
2020-04-01 00:00:00+00:00,1.763,1.79,1.751,1.761,14166540,7.044
2020-04-02 00:00:00+00:00,1.741,1.796,1.741,1.792,15861280,7.168
2020-04-03 00:00:00+00:00,1.783,1.783,1.755,1.765,8894620,7.06
2020-04-07 00:00:00+00:00,1.85,1.855,1.821,1.848,25838800,7.392
2020-04-08 00:00:00+00:00,1.83,1.844,1.821,1.834,13678900,7.336
2020-04-09 00:00:00+00:00,1.86,1.861,1.85,1.859,15694700,7.436
2020-04-10 00:00:00+00:00,1.862,1.864,1.831,1.832,14307292,7.328
2020-04-13 00:00:00+00:00,1.822,1.827,1.813,1.814,8349018,7.256
2020-04-14 00:00:00+00:00,1.84,1.876,1.835,1.872,21224950,7.488
2020-04-15 00:00:00+00:00,1.876,1.926,1.876,1.926,19141900,7.704
2020-04-16 00:00:00+00:00,1.904,1.946,1.9,1.935,16790100,7.74
2020-04-17 00:00:00+00:00,1.98,2.005,1.979,1.997,22241990,7.988
2020-04-20 00:00:00+00:00,1.797,1.996,1.797,1.971,19073400,7.884
2020-04-21 00:00:00+00:00,1.967,1.968,1.927,1.951,23347898,7.804
2020-04-22 00:00:00+00:00,1.888,1.966,1.871,1.942,31582700,7.768
2020-04-23 00:00:00+00:00,1.957,1.967,1.94,1.962,19452500,7.848
2020-04-24 00:00:00+00:00,1.949,1.96,1.939,1.951,11042600,7.804
2020-04-27 00:00:00+00:00,1.971,2.033,1.971,2.017,18977822,8.068
2020-04-28 00:00:00+00:00,2.018,2.058,1.993,2.038,27490401,8.152
2020-04-29 00:00:00+00:00,2.032,2.119,2.032,2.097,41555290,8.388
2020-04-30 00:00:00+00:00,2.156,2.205,2.09,2.166,50229500,8.664
2020-05-06 00:00:00+00:00,2.142,2.188,2.121,2.156,32500516,8.624
2020-05-07 00:00:00+00:00,2.158,2.161,2.106,2.133,28450208,8.532
2020-05-08 00:00:00+00:00,2.16,2.166,2.128,2.135,29070715,8.54
2020-05-11 00:00:00+00:00,2.158,2.158,2.11,2.12,14906813,8.48
2020-05-12 00:00:00+00:00,2.111,2.122,2.076,2.09,21583400,8.36
2020-05-13 00:00:00+00:00,2.069,2.069,2.046,2.06,24785514,8.24
2020-05-14 00:00:00+00:00,2.029,2.037,2.019,2.021,18254624,8.084
2020-05-15 00:00:00+00:00,2.038,2.044,2.03,2.041,13829819,8.164
2020-05-18 00:00:00+00:00,2.056,2.061,2.048,2.056,16023618,8.224
2020-05-19 00:00:00+00:00,2.087,2.095,2.076,2.094,18798338,8.376
2020-05-20 00:00:00+00:00,2.083,2.088,2.072,2.076,10563400,8.304
2020-05-21 00:00:00+00:00,2.101,2.107,2.09,2.095,15591842,8.38
2020-05-22 00:00:00+00:00,2.09,2.09,2.053,2.054,14809760,8.216
2020-05-25 00:00:00+00:00,2.085,2.114,2.056,2.109,17590944,8.436
2020-05-26 00:00:00+00:00,2.137,2.154,2.123,2.149,20941233,8.596
2020-05-27 00:00:00+00:00,2.125,2.138,2.11,2.119,18759000,8.476
2020-05-28 00:00:00+00:00,2.12,2.134,2.099,2.102,16841702,8.408
2020-05-29 00:00:00+00:00,2.103,2.104,2.083,2.092,13329351,8.368
2020-06-01 00:00:00+00:00,2.117,2.124,2.114,2.121,16321850,8.484
2020-06-02 00:00:00+00:00,2.127,2.13,2.118,2.127,12095622,8.508
2020-06-03 00:00:00+00:00,2.139,2.147,2.134,2.141,13902400,8.564
2020-06-04 00:00:00+00:00,2.149,2.149,2.136,2.138,9910900,8.552
2020-06-05 00:00:00+00:00,2.124,2.141,2.124,2.138,10345573,8.552
2020-06-08 00:00:00+00:00,2.17,2.174,2.161,2.167,10606308,8.668
2020-06-09 00:00:00+00:00,2.178,2.191,2.177,2.183,12686530,8.732
2020-06-10 00:00:00+00:00,2.193,2.212,2.193,2.212,8862300,8.848
2020-06-11 00:00:00+00:00,2.227,2.234,2.188,2.191,18782650,8.764
2020-06-12 00:00:00+00:00,2.103,2.143,2.103,2.131,28440751,8.524
2020-06-15 00:00:00+00:00,2.112,2.129,2.066,2.078,24200900,8.312
2020-06-16 00:00:00+00:00,2.156,2.191,2.151,2.173,22085900,8.692
2020-06-17 00:00:00+00:00,2.189,2.205,2.182,2.204,14908583,8.816
2020-06-18 00:00:00+00:00,2.195,2.208,2.181,2.2,13496249,8.8
2020-06-19 00:00:00+00:00,2.206,2.216,2.2,2.214,14448000,8.856
2020-06-22 00:00:00+00:00,2.202,2.21,2.196,2.203,15645900,8.812
2020-06-23 00:00:00+00:00,2.209,2.226,2.196,2.225,16844450,8.9
2020-06-24 00:00:00+00:00,2.239,2.246,2.231,2.241,13663600,8.964
2020-06-29 00:00:00+00:00,2.18,2.185,2.166,2.169,23072743,8.676
2020-06-30 00:00:00+00:00,2.19,2.199,2.18,2.188,14803400,8.752
2020-07-01 00:00:00+00:00,2.219,2.221,2.21,2.217,13281602,8.868
2020-07-02 00:00:00+00:00,2.24,2.259,2.238,2.255,15764500,9.02
2020-07-03 00:00:00+00:00,2.266,2.27,2.253,2.267,13961101,9.068
2020-07-06 00:00:00+00:00,2.272,2.281,2.269,2.279,27466806,9.116
2020-07-07 00:00:00+00:00,2.299,2.299,2.28,2.29,23784106,9.16
2020-07-08 00:00:00+00:00,2.284,2.293,2.283,2.289,20950902,9.156
2020-07-09 00:00:00+00:00,2.31,2.312,2.302,2.311,13134601,9.244
2020-07-10 00:00:00+00:00,2.304,2.317,2.303,2.309,10949051,9.236
2020-07-13 00:00:00+00:00,2.345,2.36,2.334,2.353,14140826,9.412
2020-07-14 00:00:00+00:00,2.309,2.324,2.296,2.319,16338300,9.276
2020-07-15 00:00:00+00:00,2.331,2.334,2.319,2.325,9660574,9.3
2020-07-16 00:00:00+00:00,2.32,2.32,2.12,2.12,11086870,8.48
2020-07-17 00:00:00+00:00,2.295,2.311,2.284,2.308,9545274,9.232
2020-07-20 00:00:00+00:00,2.307,2.308,2.292,2.296,6785700,9.184
2020-07-21 00:00:00+00:00,2.36,2.406,2.359,2.397,22336332,9.588
2020-07-22 00:00:00+00:00,2.369,2.371,2.35,2.363,17363788,9.452
2020-07-23 00:00:00+00:00,2.364,2.37,2.359,2.37,7996590,9.48
2020-07-24 00:00:00+00:00,2.312,2.326,2.27,2.29,16267344,9.16
2020-07-27 00:00:00+00:00,2.282,2.303,2.282,2.3,8044283,9.2
2020-07-28 00:00:00+00:00,2.332,2.334,2.323,2.33,9297803,9.32
2020-07-29 00:00:00+00:00,2.297,2.322,2.293,2.32,9659190,9.28
2020-07-30 00:00:00+00:00,2.329,2.331,2.311,2.311,9579855,9.244
2020-07-31 00:00:00+00:00,2.35,2.367,2.35,2.359,18134808,9.436
2020-08-03 00:00:00+00:00,2.369,2.373,2.362,2.37,10129904,9.48
2020-08-04 00:00:00+00:00,2.388,2.399,2.388,2.396,11171234,9.584
2020-08-05 00:00:00+00:00,2.398,2.399,2.386,2.399,21166451,9.596
2020-08-06 00:00:00+00:00,2.399,2.4,2.385,2.386,6908051,9.544
2020-08-07 00:00:00+00:00,2.409,2.43,2.408,2.413,13684633,9.652
2020-08-10 00:00:00+00:00,2.395,2.408,2.392,2.403,4971650,9.612
2020-08-11 00:00:00+00:00,2.402,2.404,2.397,2.399,6020300,9.596
2020-08-12 00:00:00+00:00,2.365,2.372,2.353,2.37,12701450,9.48
2020-08-13 00:00:00+00:00,2.402,2.416,2.402,2.412,11885500,9.648
2020-08-14 00:00:00+00:00,2.42,2.428,2.416,2.428,8857240,9.712
2020-08-17 00:00:00+00:00,2.421,2.425,2.416,2.424,9636442,9.696
2020-08-18 00:00:00+00:00,2.437,2.438,2.43,2.43,8465560,9.72
2020-08-19 00:00:00+00:00,2.447,2.452,2.444,2.452,10455100,9.808
2020-08-20 00:00:00+00:00,2.443,2.449,2.426,2.443,18544429,9.772
2020-08-21 00:00:00+00:00,2.466,2.5,2.466,2.493,21979183,9.972
2020-08-24 00:00:00+00:00,2.508,2.586,2.508,2.56,27693021,10.24
2020-08-25 00:00:00+00:00,2.58,2.644,2.562,2.637,33344498,10.548
2020-08-26 00:00:00+00:00,2.654,2.686,2.549,2.59,61356552,10.36
2020-08-27 00:00:00+00:00,2.639,2.691,2.621,2.685,32739180,10.74
2020-08-28 00:00:00+00:00,2.67,2.758,2.585,2.712,47090474,10.848
2020-08-31 00:00:00+00:00,2.723,2.769,2.723,2.765,38315396,11.06
2020-09-01 00:00:00+00:00,2.782,2.869,2.75,2.822,43084599,11.288
2020-09-02 00:00:00+00:00,2.878,2.976,2.87,2.976,43744643,11.904
2020-09-03 00:00:00+00:00,3.061,3.199,3.011,3.138,72216900,12.552
2020-09-04 00:00:00+00:00,2.89,2.951,2.824,2.824,100419934,11.296
2020-09-07 00:00:00+00:00,2.771,2.779,2.586,2.629,64794459,10.516
2020-09-08 00:00:00+00:00,2.64,2.785,2.64,2.781,74418878,11.124
2020-09-09 00:00:00+00:00,2.605,2.718,2.535,2.649,86615401,10.596
2020-09-10 00:00:00+00:00,2.778,2.778,2.68,2.706,72376745,10.824
2020-09-11 00:00:00+00:00,2.637,2.66,2.586,2.643,89535071,10.572
2020-09-14 00:00:00+00:00,2.63,2.709,2.617,2.7,82538045,10.8
2020-09-15 00:00:00+00:00,2.7,2.778,2.69,2.729,110323683,10.916
2020-09-16 00:00:00+00:00,2.76,2.778,2.7,2.717,75362924,10.868
2020-09-17 00:00:00+00:00,2.661,2.677,2.609,2.611,63962740,10.444
2020-09-18 00:00:00+00:00,2.579,2.65,2.567,2.634,73357709,10.536
2020-09-21 00:00:00+00:00,2.617,2.627,2.581,2.585,39620200,10.34
2020-09-22 00:00:00+00:00,2.57,2.594,2.52,2.528,29227804,10.112
2020-09-23 00:00:00+00:00,2.57,2.573,2.531,2.538,37960103,10.152
2020-09-24 00:00:00+00:00,2.448,2.47,2.434,2.444,43954580,9.776
2020-09-25 00:00:00+00:00,2.461,2.467,2.414,2.415,27948654,9.66
2020-09-28 00:00:00+00:00,2.445,2.519,2.44,2.512,47506204,10.048
2020-09-29 00:00:00+00:00,2.565,2.618,2.553,2.571,61164689,10.284
2020-09-30 00:00:00+00:00,2.59,2.619,2.545,2.604,47155900,10.416
2020-10-09 00:00:00+00:00,2.668,2.706,2.66,2.684,53216700,10.736
2020-10-12 00:00:00+00:00,2.726,2.726,2.695,2.719,50288760,10.876
2020-10-13 00:00:00+00:00,2.75,2.775,2.728,2.728,47102040,10.912
2020-10-14 00:00:00+00:00,2.728,2.73,2.68,2.71,39704500,10.84
2020-10-15 00:00:00+00:00,2.671,2.675,2.613,2.62,38467768,10.48
2020-10-16 00:00:00+00:00,2.632,2.654,2.616,2.629,32731676,10.516
2020-10-19 00:00:00+00:00,2.647,2.669,2.631,2.667,27372169,10.668
2020-10-20 00:00:00+00:00,2.615,2.63,2.6,2.622,42376564,10.488
2020-10-21 00:00:00+00:00,2.629,2.629,2.603,2.607,28233978,10.428
2020-10-22 00:00:00+00:00,2.578,2.578,2.527,2.53,37316368,10.12
2020-10-23 00:00:00+00:00,2.532,2.534,2.486,2.515,29849220,10.06
2020-10-26 00:00:00+00:00,2.5,2.51,2.471,2.488,27331746,9.952
2020-10-27 00:00:00+00:00,2.442,2.52,2.438,2.512,40327648,10.048
2020-10-28 00:00:00+00:00,2.5,2.5,2.473,2.484,26385300,9.936
2020-10-29 00:00:00+00:00,2.416,2.462,2.402,2.457,42264368,9.828
2020-10-30 00:00:00+00:00,2.45,2.45,2.385,2.397,39970262,9.588
2020-11-02 00:00:00+00:00,2.397,2.42,2.394,2.405,35806161,9.62
2020-11-03 00:00:00+00:00,2.417,2.457,2.414,2.457,56599550,9.828
2020-11-04 00:00:00+00:00,2.476,2.671,2.474,2.566,143944362,10.264
2020-11-05 00:00:00+00:00,2.64,2.67,2.544,2.558,98839361,10.232
2020-11-06 00:00:00+00:00,2.565,2.587,2.521,2.547,92059964,10.188
2020-11-09 00:00:00+00:00,2.591,2.613,2.564,2.603,68668760,10.412
2020-11-10 00:00:00+00:00,2.538,2.538,2.483,2.489,70090671,9.956
2020-11-11 00:00:00+00:00,2.462,2.462,2.434,2.449,41023720,9.796
2020-11-12 00:00:00+00:00,2.478,2.485,2.451,2.453,33855259,9.812
2020-11-13 00:00:00+00:00,2.439,2.465,2.432,2.462,28204400,9.848
2020-11-16 00:00:00+00:00,2.478,2.481,2.471,2.479,27937500,9.916
2020-11-17 00:00:00+00:00,2.485,2.485,2.46,2.464,33213500,9.856
2020-11-18 00:00:00+00:00,2.456,2.456,2.439,2.439,25615862,9.756
2020-11-19 00:00:00+00:00,2.429,2.448,2.424,2.44,30108600,9.76
2020-11-20 00:00:00+00:00,2.445,2.469,2.445,2.464,54481414,9.856
2020-11-23 00:00:00+00:00,2.455,2.457,2.439,2.446,26431737,9.784
2020-11-24 00:00:00+00:00,2.448,2.454,2.443,2.453,26811155,9.812
2020-11-25 00:00:00+00:00,2.479,2.491,2.477,2.482,39334502,9.928
2020-11-26 00:00:00+00:00,2.491,2.492,2.486,2.491,28780522,9.964
2020-11-27 00:00:00+00:00,2.484,2.491,2.48,2.489,21686700,9.956
2020-11-30 00:00:00+00:00,2.505,2.507,2.487,2.489,32717200,9.956
2020-12-01 00:00:00+00:00,2.514,2.525,2.511,2.521,35593300,10.084
2020-12-02 00:00:00+00:00,2.529,2.531,2.523,2.529,26256600,10.116
2020-12-03 00:00:00+00:00,2.53,2.541,2.528,2.54,26211692,10.16
2020-12-04 00:00:00+00:00,2.541,2.541,2.531,2.534,22707300,10.136
2020-12-07 00:00:00+00:00,2.536,2.543,2.53,2.532,18606700,10.128
2020-12-08 00:00:00+00:00,2.537,2.545,2.537,2.543,17615903,10.172
2020-12-09 00:00:00+00:00,2.555,2.565,2.55,2.563,27867100,10.252
2020-12-10 00:00:00+00:00,2.507,2.52,2.494,2.498,31655866,9.992
2020-12-11 00:00:00+00:00,2.509,2.51,2.5,2.503,26545049,10.012
2020-12-14 00:00:00+00:00,2.511,2.514,2.505,2.509,11998275,10.036
2020-12-15 00:00:00+00:00,2.52,2.53,2.516,2.525,25362550,10.1
2020-12-16 00:00:00+00:00,2.547,2.558,2.541,2.558,19663150,10.232
2020-12-17 00:00:00+00:00,2.567,2.567,2.561,2.565,18532951,10.26
2020-12-18 00:00:00+00:00,2.569,2.574,2.567,2.573,18202601,10.292
2020-12-21 00:00:00+00:00,2.573,2.58,2.571,2.576,29154800,10.304
2020-12-22 00:00:00+00:00,2.57,2.57,2.545,2.552,37561200,10.208
2020-12-23 00:00:00+00:00,2.56,2.564,2.555,2.559,18869900,10.236
2020-12-24 00:00:00+00:00,2.549,2.557,2.546,2.55,23381696,10.2
2020-12-25 00:00:00+00:00,2.559,2.559,2.553,2.555,23233380,10.22
2020-12-28 00:00:00+00:00,2.561,2.575,2.558,2.574,45958400,10.296
2020-12-29 00:00:00+00:00,2.583,2.599,2.583,2.599,18233800,10.396
2020-12-30 00:00:00+00:00,2.586,2.6,2.584,2.599,21457280,10.396
2020-12-31 00:00:00+00:00,2.599,2.599,2.587,2.599,21114001,10.396
2021-01-04 00:00:00+00:00,2.594,2.594,2.57,2.579,45543200,10.316
2021-01-05 00:00:00+00:00,2.547,2.553,2.532,2.541,28077885,10.164
2021-01-06 00:00:00+00:00,2.548,2.548,2.523,2.529,30072389,10.116
2021-01-07 00:00:00+00:00,2.529,2.539,2.527,2.534,30303300,10.136
2021-01-08 00:00:00+00:00,2.58,2.589,2.572,2.589,38892791,10.356
2021-01-11 00:00:00+00:00,2.604,2.609,2.596,2.598,25350665,10.392
2021-01-12 00:00:00+00:00,2.584,2.59,2.58,2.584,39572100,10.336
2021-01-13 00:00:00+00:00,2.572,2.576,2.57,2.573,11092800,10.292
2021-01-14 00:00:00+00:00,2.581,2.593,2.581,2.587,23218700,10.348
2021-01-15 00:00:00+00:00,2.57,2.576,2.562,2.566,13353457,10.264
2021-01-18 00:00:00+00:00,2.55,2.558,2.545,2.557,32988900,10.228
2021-01-19 00:00:00+00:00,2.57,2.595,2.568,2.584,24989357,10.336
2021-01-20 00:00:00+00:00,2.599,2.606,2.595,2.605,18858757,10.42
2021-01-21 00:00:00+00:00,2.656,2.671,2.652,2.671,22480518,10.684
2021-01-22 00:00:00+00:00,2.67,2.675,2.665,2.673,32412889,10.692
2021-01-25 00:00:00+00:00,2.686,2.703,2.686,2.7,9632411,10.8
2021-01-26 00:00:00+00:00,2.67,2.694,2.67,2.683,13192700,10.732
2021-01-27 00:00:00+00:00,2.705,2.723,2.705,2.72,22072300,10.88
2021-01-28 00:00:00+00:00,2.641,2.652,2.616,2.618,23760101,10.472
2021-01-29 00:00:00+00:00,2.632,2.639,2.605,2.617,27545760,10.468
2021-02-01 00:00:00+00:00,2.58,2.607,2.567,2.607,19869000,10.428
2021-02-02 00:00:00+00:00,2.65,2.675,2.65,2.674,18866796,10.696
2021-02-03 00:00:00+00:00,2.702,2.712,2.695,2.71,13023800,10.84
2021-02-04 00:00:00+00:00,2.694,2.702,2.671,2.686,11397564,10.744
2021-02-05 00:00:00+00:00,2.716,2.726,2.704,2.725,16330589,10.9
2021-02-08 00:00:00+00:00,2.737,2.747,2.734,2.738,9441100,10.952
2021-02-09 00:00:00+00:00,2.74,2.75,2.735,2.737,12101389,10.948
2021-02-10 00:00:00+00:00,2.741,2.75,2.73,2.749,19375412,10.996
2021-02-18 00:00:00+00:00,2.74,2.746,2.616,2.731,14914386,10.924
2021-02-19 00:00:00+00:00,2.71,2.728,2.708,2.728,8965300,10.912
2021-02-22 00:00:00+00:00,2.728,2.728,2.692,2.7,9275893,10.8
2021-02-23 00:00:00+00:00,2.649,2.674,2.636,2.664,9903172,10.656
2021-02-24 00:00:00+00:00,2.65,2.65,2.6,2.612,17467200,10.448
2021-02-25 00:00:00+00:00,2.64,2.665,2.64,2.665,11239214,10.66
2021-02-26 00:00:00+00:00,2.551,2.585,2.539,2.549,27663308,10.196
2021-03-01 00:00:00+00:00,2.584,2.605,2.583,2.602,12226712,10.408
2021-03-02 00:00:00+00:00,2.654,2.658,2.633,2.638,15862300,10.552
2021-03-03 00:00:00+00:00,2.613,2.633,2.603,2.63,9703009,10.52
2021-03-04 00:00:00+00:00,2.54,2.55,2.526,2.535,18169212,10.14
2021-03-05 00:00:00+00:00,2.473,2.505,2.464,2.505,15173511,10.02
2021-03-08 00:00:00+00:00,2.531,2.538,2.502,2.508,25082409,10.032
2021-03-09 00:00:00+00:00,2.483,2.51,2.472,2.497,33843217,9.988
2021-03-10 00:00:00+00:00,2.562,2.566,2.552,2.555,12176601,10.22
2021-03-11 00:00:00+00:00,2.563,2.584,2.54,2.584,41043422,10.336
2021-03-12 00:00:00+00:00,2.628,2.628,2.598,2.602,17483600,10.408
2021-03-15 00:00:00+00:00,2.612,2.614,2.582,2.589,14652309,10.356
2021-03-16 00:00:00+00:00,2.618,2.644,2.608,2.643,13495190,10.572
2021-03-17 00:00:00+00:00,2.631,2.642,2.627,2.64,12113000,10.56
2021-03-18 00:00:00+00:00,2.66,2.665,2.645,2.657,11105822,10.628
2021-03-19 00:00:00+00:00,2.575,2.585,2.565,2.575,11453000,10.3
2021-03-22 00:00:00+00:00,2.58,2.597,2.572,2.596,9515600,10.384
2021-03-23 00:00:00+00:00,2.617,2.621,2.607,2.614,8633300,10.456
2021-03-24 00:00:00+00:00,2.62,2.628,2.619,2.626,8811500,10.504
2021-03-25 00:00:00+00:00,2.581,2.591,2.575,2.591,5960300,10.364
2021-03-26 00:00:00+00:00,2.586,2.608,2.586,2.607,7053870,10.428
2021-03-29 00:00:00+00:00,2.6,2.609,2.595,2.606,6516100,10.424
2021-03-30 00:00:00+00:00,2.609,2.623,2.609,2.612,5223400,10.448
2021-03-31 00:00:00+00:00,2.612,2.619,2.604,2.604,3906900,10.416
2021-04-01 00:00:00+00:00,2.648,2.669,2.615,2.666,10049100,10.664
2021-04-02 00:00:00+00:00,2.7,2.706,2.697,2.697,7079300,10.788
2021-04-06 00:00:00+00:00,2.732,2.745,2.732,2.739,11120200,10.956
2021-04-07 00:00:00+00:00,2.739,2.742,2.73,2.74,6729200,10.96
2021-04-08 00:00:00+00:00,2.756,2.777,2.745,2.774,8390100,11.096
2021-04-09 00:00:00+00:00,2.795,2.806,2.773,2.777,11052800,11.108
2021-04-12 00:00:00+00:00,2.806,2.806,2.79,2.804,9722700,11.216
2021-04-13 00:00:00+00:00,2.801,2.807,2.795,2.795,6233400,11.18
2021-04-14 00:00:00+00:00,2.826,2.842,2.826,2.838,6872848,11.352
2021-04-15 00:00:00+00:00,2.805,2.81,2.794,2.809,9071762,11.236
2021-04-16 00:00:00+00:00,2.826,2.835,2.826,2.828,10868900,11.312
2021-04-19 00:00:00+00:00,2.83,2.844,2.829,2.838,9372300,11.352
2021-04-20 00:00:00+00:00,2.81,2.817,2.793,2.799,11535686,11.196
2021-04-21 00:00:00+00:00,2.768,2.781,2.759,2.78,10439686,11.12
2021-04-22 00:00:00+00:00,2.801,2.808,2.797,2.804,7216300,11.216
2021-04-23 00:00:00+00:00,2.78,2.78,2.767,2.772,6406400,11.088
2021-04-26 00:00:00+00:00,2.803,2.803,2.791,2.795,4825458,11.18
2021-04-27 00:00:00+00:00,2.813,2.823,2.81,2.821,8721630,11.284
2021-04-28 00:00:00+00:00,2.803,2.815,2.803,2.81,6094500,11.24
2021-04-29 00:00:00+00:00,2.819,2.828,2.812,2.828,7996958,11.312
2021-04-30 00:00:00+00:00,2.8,2.803,2.789,2.802,8209000,11.208
2021-05-06 00:00:00+00:00,2.738,2.738,2.718,2.731,15616300,10.924
2021-05-07 00:00:00+00:00,2.736,2.743,2.718,2.726,11201526,10.904
2021-05-10 00:00:00+00:00,2.743,2.749,2.726,2.745,11410050,10.98
2021-05-11 00:00:00+00:00,2.666,2.667,2.647,2.666,19973800,10.664
2021-05-12 00:00:00+00:00,2.655,2.668,2.653,2.665,8574600,10.66
2021-05-13 00:00:00+00:00,2.611,2.629,2.603,2.623,13477824,10.492
2021-05-14 00:00:00+00:00,2.637,2.655,2.63,2.654,9377300,10.616
2021-05-17 00:00:00+00:00,2.677,2.683,2.67,2.678,9910636,10.712
2021-05-18 00:00:00+00:00,2.678,2.698,2.671,2.689,12172400,10.756
2021-05-19 00:00:00+00:00,2.646,2.648,2.632,2.637,16635519,10.548
2021-05-20 00:00:00+00:00,2.64,2.649,2.639,2.644,7636243,10.576
2021-05-21 00:00:00+00:00,2.69,2.694,2.683,2.692,11853100,10.768
2021-05-24 00:00:00+00:00,2.68,2.687,2.675,2.686,7394062,10.744
2021-05-25 00:00:00+00:00,2.708,2.724,2.707,2.721,9232300,10.884
2021-05-26 00:00:00+00:00,2.721,2.722,2.716,2.721,10638000,10.884
2021-05-27 00:00:00+00:00,2.718,2.718,2.701,2.706,8102900,10.824
2021-05-28 00:00:00+00:00,2.708,2.711,2.698,2.701,8212262,10.804
2021-05-31 00:00:00+00:00,2.702,2.702,2.693,2.695,7648804,10.78
2021-06-01 00:00:00+00:00,2.695,2.699,2.684,2.699,9279508,10.796
2021-06-02 00:00:00+00:00,2.688,2.691,2.685,2.687,4334500,10.748
2021-06-03 00:00:00+00:00,2.694,2.697,2.691,2.695,7655800,10.78
2021-06-04 00:00:00+00:00,2.669,2.675,2.663,2.675,4238300,10.7
2021-06-07 00:00:00+00:00,2.705,2.71,2.703,2.709,7933500,10.836
2021-06-08 00:00:00+00:00,2.729,2.729,2.717,2.724,8295900,10.896
2021-06-09 00:00:00+00:00,2.724,2.727,2.722,2.725,3301800,10.9
2021-06-10 00:00:00+00:00,2.725,2.725,2.711,2.714,4489900,10.856
2021-06-11 00:00:00+00:00,2.744,2.753,2.742,2.747,9116000,10.988
2021-06-15 00:00:00+00:00,2.781,2.794,2.78,2.794,8525446,11.176
2021-06-16 00:00:00+00:00,2.767,2.779,2.767,2.769,3101300,11.076
2021-06-17 00:00:00+00:00,2.757,2.761,2.745,2.759,4369024,11.036
2021-06-18 00:00:00+00:00,2.802,2.829,2.802,2.821,14069170,11.284
2021-06-21 00:00:00+00:00,2.806,2.808,2.79,2.801,17215974,11.204
2021-06-22 00:00:00+00:00,2.813,2.825,2.812,2.819,11768100,11.276
2021-06-23 00:00:00+00:00,2.855,2.868,2.848,2.864,5511100,11.456
2021-06-24 00:00:00+00:00,2.86,2.866,2.858,2.859,5660547,11.436
2021-06-25 00:00:00+00:00,2.874,2.875,2.861,2.866,8873300,11.464
2021-06-28 00:00:00+00:00,2.861,2.88,2.86,2.876,7223300,11.504
2021-06-29 00:00:00+00:00,2.911,2.911,2.896,2.899,7022104,11.596
2021-06-30 00:00:00+00:00,2.91,2.922,2.91,2.92,4640800,11.68
2021-07-01 00:00:00+00:00,2.917,2.917,2.91,2.91,1656900,11.64
2021-07-02 00:00:00+00:00,2.912,2.912,2.905,2.911,5248575,11.644
2021-07-05 00:00:00+00:00,2.953,2.953,2.936,2.942,4909356,11.768
2021-07-06 00:00:00+00:00,2.947,2.947,2.939,2.945,4320832,11.78
2021-07-07 00:00:00+00:00,2.95,2.972,2.95,2.97,6126200,11.88
2021-07-08 00:00:00+00:00,2.97,2.973,2.966,2.968,5113132,11.872
2021-07-09 00:00:00+00:00,2.941,2.965,2.941,2.965,9534204,11.86
2021-07-12 00:00:00+00:00,3.05,3.05,2.965,2.995,7799900,11.98
2021-07-13 00:00:00+00:00,2.995,3.008,2.993,2.996,3757800,11.984
2021-07-14 00:00:00+00:00,2.995,2.995,2.984,2.988,3328600,11.952
2021-07-15 00:00:00+00:00,2.988,2.995,2.984,2.995,5686300,11.98
2021-07-16 00:00:00+00:00,2.965,2.98,2.959,2.965,6013932,11.86
2021-07-19 00:00:00+00:00,2.936,2.948,2.934,2.945,6891400,11.78
2021-07-20 00:00:00+00:00,2.931,2.945,2.93,2.943,6259300,11.772
2021-07-21 00:00:00+00:00,2.958,2.963,2.95,2.958,6159200,11.832
2021-07-22 00:00:00+00:00,2.981,2.989,2.974,2.988,3364923,11.952
2021-07-23 00:00:00+00:00,3.002,3.013,3.002,3.012,3642700,12.048
2021-07-26 00:00:00+00:00,3.038,3.051,3.033,3.05,8251200,12.2
2021-07-27 00:00:00+00:00,3.035,3.048,3.034,3.042,5612091,12.168
2021-07-28 00:00:00+00:00,3.003,3.02,3.001,3.013,9236400,12.052
2021-07-29 00:00:00+00:00,3.019,3.028,3.013,3.019,6393000,12.076
2021-07-30 00:00:00+00:00,2.995,2.995,2.969,2.969,10269591,11.876
2021-08-02 00:00:00+00:00,3.0,3.02,3.0,3.019,9360000,12.076
2021-08-03 00:00:00+00:00,2.997,3.01,2.996,3.006,5371400,12.024
2021-08-04 00:00:00+00:00,3.02,3.028,3.018,3.027,6964800,12.108
2021-08-05 00:00:00+00:00,3.027,3.027,3.019,3.02,2945400,12.08
2021-08-06 00:00:00+00:00,3.05,3.05,3.04,3.043,5380200,12.172
2021-08-09 00:00:00+00:00,3.02,3.035,3.019,3.028,4349100,12.112
2021-08-10 00:00:00+00:00,3.036,3.04,3.032,3.038,4374832,12.152
2021-08-11 00:00:00+00:00,3.024,3.029,3.023,3.027,3100196,12.108
2021-08-12 00:00:00+00:00,3.023,3.025,3.019,3.023,3582337,12.092
2021-08-13 00:00:00+00:00,3.033,3.033,3.028,3.031,3078800,12.124
2021-08-16 00:00:00+00:00,3.033,3.039,3.032,3.036,3783805,12.144
2021-08-17 00:00:00+00:00,3.034,3.052,3.033,3.049,5843300,12.196
2021-08-18 00:00:00+00:00,3.033,3.041,3.017,3.039,4170800,12.156
2021-08-19 00:00:00+00:00,2.996,3.012,2.98,2.982,7757100,11.928
2021-08-20 00:00:00+00:00,3.002,3.011,3.001,3.005,9170800,12.02
2021-08-23 00:00:00+00:00,3.038,3.05,3.038,3.048,6626000,12.192
2021-08-24 00:00:00+00:00,3.083,3.108,3.083,3.102,11171900,12.408
2021-08-25 00:00:00+00:00,3.108,3.108,3.095,3.102,5006880,12.408
2021-08-26 00:00:00+00:00,3.099,3.099,3.089,3.094,4332508,12.376
2021-08-27 00:00:00+00:00,3.081,3.106,3.08,3.103,6854404,12.412
2021-08-30 00:00:00+00:00,3.115,3.125,3.111,3.114,11558300,12.456
2021-08-31 00:00:00+00:00,3.138,3.166,3.135,3.161,9985700,12.644
2021-09-01 00:00:00+00:00,3.145,3.157,3.132,3.144,9104000,12.576
2021-09-02 00:00:00+00:00,3.146,3.148,3.138,3.141,4545100,12.564
2021-09-03 00:00:00+00:00,3.144,3.146,3.134,3.146,3477200,12.584
2021-09-06 00:00:00+00:00,3.147,3.156,3.141,3.15,6927300,12.6
2021-09-07 00:00:00+00:00,3.151,3.152,3.143,3.151,3643100,12.604
2021-09-08 00:00:00+00:00,3.149,3.149,3.142,3.143,4266700,12.572
2021-09-09 00:00:00+00:00,3.134,3.134,3.119,3.123,5825000,12.492
2021-09-10 00:00:00+00:00,3.122,3.125,3.115,3.125,4185100,12.5
2021-09-13 00:00:00+00:00,3.106,3.117,3.089,3.116,5543200,12.464
2021-09-14 00:00:00+00:00,3.111,3.111,3.093,3.097,3375400,12.388
2021-09-15 00:00:00+00:00,3.087,3.089,3.078,3.084,2604800,12.336
2021-09-16 00:00:00+00:00,3.105,3.113,3.088,3.088,6188600,12.352
2021-09-17 00:00:00+00:00,3.102,3.119,3.097,3.118,5236500,12.472
2021-09-22 00:00:00+00:00,3.023,3.055,3.021,3.033,11546000,12.132
2021-09-23 00:00:00+00:00,3.065,3.066,3.057,3.063,5080000,12.252
2021-09-24 00:00:00+00:00,3.085,3.085,3.07,3.073,4026400,12.292
2021-09-27 00:00:00+00:00,3.083,3.093,3.081,3.09,4291100,12.36
2021-09-28 00:00:00+00:00,3.054,3.055,3.037,3.039,4299825,12.156
2021-09-29 00:00:00+00:00,2.971,2.996,2.969,2.988,10263150,11.952
2021-09-30 00:00:00+00:00,2.988,3.001,2.975,3.0,6976100,12.0
2021-10-08 00:00:00+00:00,3.004,3.008,2.988,2.991,4919300,11.964
2021-10-11 00:00:00+00:00,2.974,2.974,2.949,2.957,7785100,11.828
2021-10-12 00:00:00+00:00,2.938,2.939,2.93,2.933,6604475,11.732
2021-10-13 00:00:00+00:00,2.927,2.944,2.926,2.944,4966400,11.776
2021-10-14 00:00:00+00:00,2.958,2.982,2.956,2.98,5397400,11.92
2021-10-15 00:00:00+00:00,3.017,3.033,3.011,3.029,14163100,12.116
2021-10-18 00:00:00+00:00,3.029,3.034,3.016,3.017,11925100,12.068
2021-10-19 00:00:00+00:00,3.048,3.058,3.047,3.055,7351500,12.22
2021-10-20 00:00:00+00:00,3.062,3.065,3.057,3.06,7785300,12.24
2021-10-21 00:00:00+00:00,3.05,3.06,3.043,3.054,10469600,12.216
2021-10-22 00:00:00+00:00,3.065,3.071,3.059,3.07,10656700,12.28
2021-10-25 00:00:00+00:00,3.048,3.058,3.042,3.054,6932300,12.216
2021-10-26 00:00:00+00:00,3.085,3.094,3.084,3.093,4215600,12.372
2021-10-27 00:00:00+00:00,3.087,3.089,3.079,3.087,4390700,12.348
2021-10-28 00:00:00+00:00,3.098,3.102,3.096,3.096,6281662,12.384
2021-10-29 00:00:00+00:00,3.109,3.114,3.098,3.1,7913403,12.4
2021-11-01 00:00:00+00:00,3.143,3.154,3.143,3.153,6140200,12.612
2021-11-02 00:00:00+00:00,3.156,3.158,3.147,3.156,5668900,12.624
2021-11-03 00:00:00+00:00,3.171,3.18,3.17,3.174,5691000,12.696
2021-11-04 00:00:00+00:00,3.205,3.222,3.205,3.22,9692311,12.88
2021-11-05 00:00:00+00:00,3.247,3.257,3.247,3.255,7965400,13.02
2021-11-08 00:00:00+00:00,3.251,3.261,3.238,3.244,12609571,12.976
2021-11-09 00:00:00+00:00,3.236,3.257,3.231,3.255,14363200,13.02
2021-11-10 00:00:00+00:00,3.222,3.223,3.201,3.222,9811922,12.888
2021-11-11 00:00:00+00:00,3.179,3.198,3.179,3.195,8585427,12.78
2021-11-12 00:00:00+00:00,3.2,3.204,3.192,3.194,3876900,12.776
2021-11-15 00:00:00+00:00,3.222,3.227,3.22,3.224,14283900,12.896
2021-11-16 00:00:00+00:00,3.223,3.223,3.205,3.209,17782600,12.836
2021-11-17 00:00:00+00:00,3.234,3.239,3.233,3.235,7774062,12.94
2021-11-18 00:00:00+00:00,3.233,3.243,3.233,3.242,9665162,12.968
2021-11-19 00:00:00+00:00,3.268,3.294,3.268,3.292,10079332,13.168
2021-11-22 00:00:00+00:00,3.309,3.309,3.296,3.296,9037300,13.184
2021-11-23 00:00:00+00:00,3.251,3.26,3.239,3.244,16225662,12.976
2021-11-24 00:00:00+00:00,3.238,3.253,3.236,3.25,8434662,13.0
2021-11-25 00:00:00+00:00,3.26,3.268,3.253,3.268,4856100,13.072
2021-11-26 00:00:00+00:00,3.252,3.252,3.232,3.233,7704400,12.932
2021-11-29 00:00:00+00:00,3.208,3.229,3.206,3.222,9928300,12.888
2021-11-30 00:00:00+00:00,3.257,3.264,3.221,3.24,15046064,12.96
2021-12-01 00:00:00+00:00,3.219,3.243,3.215,3.237,16989800,12.948
2021-12-02 00:00:00+00:00,3.168,3.168,3.156,3.164,20302162,12.656
2021-12-03 00:00:00+00:00,3.165,3.167,3.148,3.157,10937200,12.628
2021-12-06 00:00:00+00:00,3.115,3.121,3.11,3.12,8978100,12.48
2021-12-07 00:00:00+00:00,3.145,3.163,3.14,3.163,12075038,12.652
2021-12-08 00:00:00+00:00,3.238,3.243,3.235,3.239,11817501,12.956
2021-12-09 00:00:00+00:00,3.239,3.239,3.224,3.227,10142401,12.908
2021-12-10 00:00:00+00:00,3.193,3.208,3.193,3.201,9375000,12.804
2021-12-13 00:00:00+00:00,3.239,3.245,3.228,3.234,16921000,12.936
2021-12-14 00:00:00+00:00,3.186,3.192,3.183,3.184,8761500,12.736
2021-12-15 00:00:00+00:00,3.154,3.161,3.15,3.157,10812500,12.628
2021-12-16 00:00:00+00:00,3.215,3.231,3.212,3.229,14709600,12.916
2021-12-17 00:00:00+00:00,3.144,3.153,3.137,3.142,15457300,12.568
2021-12-20 00:00:00+00:00,3.124,3.124,3.09,3.099,11529500,12.396
2021-12-21 00:00:00+00:00,3.099,3.134,3.099,3.134,9569300,12.536
2021-12-22 00:00:00+00:00,3.162,3.164,3.146,3.154,9765200,12.616
2021-12-23 00:00:00+00:00,3.19,3.197,3.187,3.193,9242900,12.772
2021-12-24 00:00:00+00:00,3.217,3.219,3.208,3.209,8460200,12.836
2021-12-27 00:00:00+00:00,3.222,3.231,3.221,3.225,13130100,12.9
2021-12-28 00:00:00+00:00,3.263,3.278,3.262,3.271,15303400,13.084
2021-12-29 00:00:00+00:00,3.266,3.272,3.258,3.271,11341500,13.084
2021-12-30 00:00:00+00:00,3.26,3.265,3.254,3.257,6694000,13.028
2021-12-31 00:00:00+00:00,3.245,3.256,3.231,3.255,15384400,13.02
2022-01-04 00:00:00+00:00,3.273,3.274,3.264,3.273,9050300,13.092
2022-01-05 00:00:00+00:00,3.218,3.22,3.206,3.21,7354600,12.84
2022-01-06 00:00:00+00:00,3.125,3.149,3.111,3.117,28955100,12.468
2022-01-07 00:00:00+00:00,3.138,3.154,3.129,3.136,15078500,12.544
2022-01-10 00:00:00+00:00,3.09,3.107,3.079,3.106,17088500,12.424
2022-01-11 00:00:00+00:00,3.102,3.104,3.083,3.088,13376200,12.352
2022-01-12 00:00:00+00:00,3.123,3.15,3.123,3.149,15455900,12.596
2022-01-13 00:00:00+00:00,3.141,3.142,3.128,3.135,18058200,12.54
2022-01-14 00:00:00+00:00,3.07,3.071,3.053,3.071,18829200,12.284
2022-01-17 00:00:00+00:00,3.072,3.078,3.066,3.074,14139600,12.296
2022-01-18 00:00:00+00:00,3.077,3.079,2.811,3.05,23736701,12.2
2022-01-19 00:00:00+00:00,2.999,3.006,2.974,2.986,25179822,11.944
2022-01-20 00:00:00+00:00,2.969,2.996,2.96,2.996,25667372,11.984
2022-01-21 00:00:00+00:00,2.901,2.918,2.887,2.899,39607585,11.596
2022-01-24 00:00:00+00:00,2.865,2.87,2.853,2.862,20645065,11.448
2022-01-25 00:00:00+00:00,2.827,2.828,2.796,2.808,24820481,11.232
2022-01-26 00:00:00+00:00,2.778,2.798,2.775,2.797,15873401,11.188
2022-01-27 00:00:00+00:00,2.763,2.769,2.733,2.737,24064500,10.948
2022-01-28 00:00:00+00:00,2.778,2.786,2.767,2.786,17212900,11.144
2022-02-07 00:00:00+00:00,2.87,2.886,2.853,2.886,22751768,11.544
2022-02-08 00:00:00+00:00,2.87,2.871,2.859,2.869,7290540,11.476
2022-02-09 00:00:00+00:00,2.9,2.914,2.9,2.913,13497956,11.652
2022-02-10 00:00:00+00:00,2.952,2.957,2.945,2.954,15016279,11.816
2022-02-11 00:00:00+00:00,2.886,2.892,2.866,2.874,18914204,11.496
2022-02-14 00:00:00+00:00,2.809,2.826,2.806,2.817,16170400,11.268
2022-02-15 00:00:00+00:00,2.816,2.83,2.807,2.819,19731647,11.276
2022-02-16 00:00:00+00:00,2.868,2.871,2.86,2.868,12494170,11.472
2022-02-17 00:00:00+00:00,2.861,2.867,2.841,2.848,12955700,11.392
2022-02-18 00:00:00+00:00,2.783,2.816,2.779,2.811,18424200,11.244
2022-02-21 00:00:00+00:00,2.778,2.8,2.767,2.799,14183523,11.196
2022-02-22 00:00:00+00:00,2.73,2.736,2.693,2.698,28009468,10.792
2022-02-23 00:00:00+00:00,2.732,2.746,2.723,2.746,20417700,10.984
2022-02-24 00:00:00+00:00,2.656,2.657,2.591,2.599,42918500,10.396
2022-02-25 00:00:00+00:00,2.698,2.704,2.692,2.698,41928000,10.792
2022-02-28 00:00:00+00:00,2.723,2.723,2.688,2.704,24434300,10.816
2022-03-01 00:00:00+00:00,2.759,2.78,2.759,2.773,19210000,11.092
2022-03-02 00:00:00+00:00,2.741,2.748,2.726,2.739,21712000,10.956
2022-03-03 00:00:00+00:00,2.774,2.776,2.767,2.776,22288400,11.104
2022-03-04 00:00:00+00:00,2.711,2.729,2.707,2.725,39557972,10.9
2022-03-07 00:00:00+00:00,2.655,2.669,2.645,2.659,29743800,10.636
2022-03-08 00:00:00+00:00,2.621,2.645,2.506,2.579,43599400,10.316
2022-03-09 00:00:00+00:00,2.598,2.609,2.583,2.607,23608400,10.428
2022-03-10 00:00:00+00:00,2.681,2.684,2.668,2.676,26246754,10.704
2022-03-11 00:00:00+00:00,2.639,2.66,2.633,2.659,19792300,10.636
2022-03-14 00:00:00+00:00,2.62,2.633,2.611,2.623,18050500,10.492
2022-03-15 00:00:00+00:00,2.572,2.593,2.572,2.574,12908700,10.296
2022-03-16 00:00:00+00:00,2.636,2.667,2.631,2.665,32360078,10.66
2022-03-17 00:00:00+00:00,2.733,2.744,2.726,2.744,31936112,10.976
2022-03-18 00:00:00+00:00,2.749,2.757,2.737,2.754,20250193,11.016
2022-03-21 00:00:00+00:00,2.815,2.82,2.806,2.815,30094600,11.26
2022-03-22 00:00:00+00:00,2.806,2.82,2.804,2.82,19436800,11.28
2022-03-23 00:00:00+00:00,2.878,2.89,2.877,2.889,23516561,11.556
2022-03-24 00:00:00+00:00,2.85,2.871,2.847,2.865,16985500,11.46
2022-03-25 00:00:00+00:00,2.908,2.921,2.901,2.917,52668600,11.668
2022-03-28 00:00:00+00:00,2.902,2.91,2.901,2.902,20045700,11.608
2022-03-29 00:00:00+00:00,2.956,2.97,2.951,2.969,23997500,11.876
2022-03-30 00:00:00+00:00,3.011,3.025,3.011,3.013,23823900,12.052
2022-03-31 00:00:00+00:00,2.991,3.0,2.986,2.993,17386700,11.972
2022-04-01 00:00:00+00:00,2.945,2.956,2.935,2.955,26979759,11.82
2022-04-06 00:00:00+00:00,2.925,2.937,2.925,2.933,21121259,11.732
2022-04-07 00:00:00+00:00,2.866,2.879,2.856,2.872,28624300,11.488
2022-04-08 00:00:00+00:00,2.87,2.892,2.869,2.892,21265383,11.568
2022-04-11 00:00:00+00:00,2.834,2.834,2.812,2.826,29304183,11.304
2022-04-12 00:00:00+00:00,2.764,2.774,2.758,2.769,36853640,11.076
2022-04-13 00:00:00+00:00,2.767,2.792,2.766,2.782,41504600,11.128
2022-04-14 00:00:00+00:00,2.814,2.833,2.813,2.825,39844100,11.3
2022-04-15 00:00:00+00:00,2.76,2.76,2.75,2.752,11789700,11.008
2022-04-18 00:00:00+00:00,2.726,2.74,2.724,2.735,41093000,10.94
2022-04-19 00:00:00+00:00,2.76,2.778,2.76,2.775,59383800,11.1
2022-04-20 00:00:00+00:00,2.811,2.813,2.802,2.811,68227700,11.244
2022-04-21 00:00:00+00:00,2.804,2.835,2.801,2.832,78708941,11.328
2022-04-22 00:00:00+00:00,2.745,2.771,2.738,2.769,77842100,11.076
2022-04-25 00:00:00+00:00,2.692,2.73,2.682,2.706,59539600,10.824
2022-04-26 00:00:00+00:00,2.76,2.773,2.745,2.751,92394484,11.004
2022-04-27 00:00:00+00:00,2.66,2.68,2.653,2.68,97405025,10.72
2022-04-28 00:00:00+00:00,2.685,2.718,2.678,2.717,62271200,10.868
2022-04-29 00:00:00+00:00,2.75,2.759,2.734,2.739,80879716,10.956
2022-05-05 00:00:00+00:00,2.772,2.786,2.772,2.773,101408000,11.092
2022-05-06 00:00:00+00:00,2.643,2.675,2.643,2.668,65260000,10.672
2022-05-09 00:00:00+00:00,2.634,2.639,2.618,2.627,65975400,10.508
2022-05-10 00:00:00+00:00,2.55,2.597,2.541,2.597,75203224,10.388
2022-05-11 00:00:00+00:00,2.596,2.614,2.591,2.603,95662300,10.412
2022-05-12 00:00:00+00:00,2.524,2.538,2.505,2.509,123008000,10.036
2022-05-13 00:00:00+00:00,2.54,2.561,2.538,2.557,96404000,10.228
2022-05-16 00:00:00+00:00,2.617,2.617,2.58,2.587,128538300,10.348
2022-05-17 00:00:00+00:00,2.587,2.593,2.58,2.589,104742300,10.356
2022-05-18 00:00:00+00:00,2.615,2.622,2.613,2.618,85642300,10.472
2022-05-19 00:00:00+00:00,2.5,2.513,2.491,2.506,186081634,10.024
2022-05-20 00:00:00+00:00,2.516,2.517,2.503,2.509,175111700,10.036
2022-05-23 00:00:00+00:00,2.505,2.507,2.483,2.497,167246300,9.988
2022-05-24 00:00:00+00:00,2.462,2.464,2.434,2.436,151131316,9.744
2022-05-25 00:00:00+00:00,2.435,2.452,2.432,2.45,115283300,9.8
2022-05-26 00:00:00+00:00,2.471,2.475,2.466,2.473,105580301,9.892
2022-05-27 00:00:00+00:00,2.539,2.556,2.534,2.556,119198074,10.224
2022-05-30 00:00:00+00:00,2.64,2.645,2.624,2.63,108770354,10.52
2022-05-31 00:00:00+00:00,2.623,2.623,2.601,2.605,92980826,10.42
2022-06-01 00:00:00+00:00,2.611,2.615,2.605,2.612,79951100,10.448
2022-06-02 00:00:00+00:00,2.603,2.603,2.591,2.597,64049500,10.388
2022-06-06 00:00:00+00:00,2.591,2.602,2.582,2.598,102743000,10.392
2022-06-07 00:00:00+00:00,2.582,2.583,2.571,2.574,111568100,10.296
2022-06-08 00:00:00+00:00,2.605,2.614,2.6,2.613,59919800,10.452
2022-06-09 00:00:00+00:00,2.599,2.61,2.595,2.603,59696100,10.412
2022-06-10 00:00:00+00:00,2.541,2.556,2.539,2.551,146959608,10.204
2022-06-13 00:00:00+00:00,2.426,2.45,2.415,2.418,270213500,9.672
2022-06-14 00:00:00+00:00,2.377,2.394,2.372,2.393,197723800,9.572
2022-06-15 00:00:00+00:00,2.385,2.387,2.365,2.376,393643700,9.504
2022-06-16 00:00:00+00:00,2.424,2.426,2.373,2.376,295683500,9.504
2022-06-17 00:00:00+00:00,2.316,2.336,2.315,2.327,335201700,9.308
2022-06-20 00:00:00+00:00,2.336,2.35,2.328,2.348,222189600,9.392
2022-06-21 00:00:00+00:00,2.354,2.374,2.353,2.366,181918234,9.464
2022-06-22 00:00:00+00:00,2.379,2.383,2.366,2.369,212482003,9.476
2022-06-23 00:00:00+00:00,2.388,2.396,2.378,2.39,185034900,9.56
2022-06-24 00:00:00+00:00,2.416,2.448,2.416,2.444,162152000,9.776
2022-06-27 00:00:00+00:00,2.493,2.515,2.493,2.501,138111900,10.004
2022-06-28 00:00:00+00:00,2.488,2.497,2.472,2.488,145445800,9.952
2022-06-29 00:00:00+00:00,2.411,2.422,2.405,2.406,210933100,9.624
2022-06-30 00:00:00+00:00,2.406,2.411,2.38,2.384,266129284,9.536
2022-07-01 00:00:00+00:00,2.38,2.385,2.361,2.37,253979400,9.48
2022-07-04 00:00:00+00:00,2.375,2.387,2.374,2.384,160480200,9.536
2022-07-05 00:00:00+00:00,0.601,0.605,0.601,0.604,539368200,2.416
2022-07-06 00:00:00+00:00,0.612,0.613,0.607,0.611,859331500,2.444
2022-07-07 00:00:00+00:00,0.613,0.617,0.612,0.616,603153700,2.464
2022-07-08 00:00:00+00:00,0.626,0.627,0.623,0.623,490970943,2.492
2022-07-11 00:00:00+00:00,0.622,0.623,0.62,0.621,509699900,2.484
2022-07-12 00:00:00+00:00,0.612,0.614,0.609,0.611,566431591,2.444
2022-07-13 00:00:00+00:00,0.611,0.613,0.61,0.612,504465300,2.448
2022-07-14 00:00:00+00:00,0.609,0.61,0.606,0.607,675064500,2.428
2022-07-15 00:00:00+00:00,0.613,0.617,0.612,0.615,580187000,2.46
2022-07-18 00:00:00+00:00,0.625,0.631,0.625,0.63,739678200,2.52
2022-07-19 00:00:00+00:00,0.621,0.622,0.619,0.62,546273800,2.48
2022-07-20 00:00:00+00:00,0.639,0.642,0.638,0.64,679372000,2.56
2022-07-21 00:00:00+00:00,0.647,0.649,0.644,0.646,665851160,2.584
2022-07-22 00:00:00+00:00,0.652,0.654,0.652,0.653,452940400,2.612
2022-07-25 00:00:00+00:00,0.645,0.645,0.643,0.644,596420900,2.576
2022-07-26 00:00:00+00:00,0.638,0.642,0.637,0.64,814348940,2.56
2022-07-27 00:00:00+00:00,0.638,0.64,0.638,0.639,574064500,2.556
2022-07-28 00:00:00+00:00,0.652,0.655,0.65,0.654,1028636500,2.616
2022-07-29 00:00:00+00:00,0.669,0.674,0.668,0.671,1352757462,2.684
2022-08-01 00:00:00+00:00,0.671,0.673,0.669,0.672,659196417,2.688
2022-08-02 00:00:00+00:00,0.672,0.673,0.668,0.669,1276034217,2.676
2022-08-03 00:00:00+00:00,0.67,0.671,0.668,0.671,547690900,2.684
2022-08-04 00:00:00+00:00,0.688,0.69,0.687,0.688,1117575700,2.752
2022-08-05 00:00:00+00:00,0.693,0.696,0.692,0.692,674654648,2.768
2022-08-08 00:00:00+00:00,0.686,0.69,0.685,0.69,589597800,2.76
2022-08-09 00:00:00+00:00,0.686,0.688,0.685,0.685,651992100,2.74
2022-08-10 00:00:00+00:00,0.678,0.678,0.675,0.675,558284300,2.7
2022-08-11 00:00:00+00:00,0.697,0.701,0.696,0.7,937670600,2.8
2022-08-12 00:00:00+00:00,0.693,0.693,0.69,0.692,454832700,2.768
2022-08-15 00:00:00+00:00,0.703,0.706,0.702,0.705,512684100,2.82
2022-08-16 00:00:00+00:00,0.713,0.715,0.712,0.714,364611100,2.856
2022-08-17 00:00:00+00:00,0.713,0.713,0.71,0.71,481319000,2.84
2022-08-18 00:00:00+00:00,0.702,0.705,0.7,0.702,680597616,2.808
2022-08-19 00:00:00+00:00,0.706,0.708,0.701,0.701,644186831,2.804
2022-08-22 00:00:00+00:00,0.691,0.694,0.69,0.691,669454246,2.764
2022-08-23 00:00:00+00:00,0.682,0.682,0.675,0.677,666519800,2.708
2022-08-24 00:00:00+00:00,0.678,0.682,0.676,0.681,562327771,2.724
2022-08-25 00:00:00+00:00,0.683,0.689,0.682,0.688,584629500,2.752
2022-08-26 00:00:00+00:00,0.693,0.694,0.69,0.693,526995300,2.772
2022-08-29 00:00:00+00:00,0.659,0.663,0.658,0.663,1021545763,2.652
2022-08-30 00:00:00+00:00,0.663,0.667,0.662,0.667,995970737,2.668
2022-08-31 00:00:00+00:00,0.659,0.661,0.658,0.658,870220405,2.632
2022-09-01 00:00:00+00:00,0.646,0.648,0.643,0.644,937424640,2.576
2022-09-02 00:00:00+00:00,0.651,0.653,0.648,0.652,1094882183,2.608
2022-09-05 00:00:00+00:00,0.644,0.646,0.643,0.645,1052783300,2.58
2022-09-06 00:00:00+00:00,0.65,0.65,0.647,0.649,1005945551,2.596
2022-09-07 00:00:00+00:00,0.639,0.645,0.638,0.643,825831598,2.572
2022-09-08 00:00:00+00:00,0.655,0.659,0.655,0.657,693253300,2.628
2022-09-09 00:00:00+00:00,0.661,0.662,0.659,0.659,624336097,2.636
2022-09-13 00:00:00+00:00,0.678,0.682,0.677,0.68,696358342,2.72
2022-09-14 00:00:00+00:00,0.646,0.648,0.643,0.645,815220153,2.58
2022-09-15 00:00:00+00:00,0.65,0.652,0.649,0.65,667980153,2.6
2022-09-16 00:00:00+00:00,0.638,0.639,0.634,0.635,590530700,2.54
2022-09-19 00:00:00+00:00,0.637,0.639,0.634,0.634,906450490,2.536
2022-09-20 00:00:00+00:00,0.644,0.646,0.643,0.646,509546700,2.584
2022-09-21 00:00:00+00:00,0.642,0.643,0.64,0.642,954698800,2.568
2022-09-22 00:00:00+00:00,0.627,0.631,0.626,0.629,973287435,2.516
2022-09-23 00:00:00+00:00,0.626,0.627,0.625,0.626,558088143,2.504
2022-09-26 00:00:00+00:00,0.618,0.622,0.616,0.616,822918481,2.464
2022-09-27 00:00:00+00:00,0.621,0.628,0.621,0.628,678562600,2.512
2022-09-28 00:00:00+00:00,0.625,0.626,0.619,0.621,828726300,2.484
2022-09-29 00:00:00+00:00,0.632,0.635,0.629,0.63,869721430,2.52
2022-09-30 00:00:00+00:00,0.613,0.615,0.61,0.615,1042519540,2.46
2022-10-10 00:00:00+00:00,0.605,0.606,0.598,0.598,915581100,2.392
2022-10-11 00:00:00+00:00,0.601,0.602,0.599,0.6,655482700,2.4
2022-10-12 00:00:00+00:00,0.598,0.602,0.595,0.601,1113623000,2.404
2022-10-13 00:00:00+00:00,0.596,0.598,0.594,0.595,564223574,2.38
2022-10-14 00:00:00+00:00,0.607,0.613,0.606,0.612,992790300,2.448
2022-10-17 00:00:00+00:00,0.596,0.599,0.593,0.598,1041953300,2.392
2022-10-18 00:00:00+00:00,0.616,0.627,0.615,0.624,915158300,2.496
2022-10-19 00:00:00+00:00,0.628,0.628,0.622,0.622,526527100,2.488
2022-10-20 00:00:00+00:00,0.613,0.615,0.61,0.614,823503600,2.456
2022-10-21 00:00:00+00:00,0.612,0.614,0.61,0.613,631942800,2.452
2022-10-24 00:00:00+00:00,0.632,0.634,0.629,0.631,893591181,2.524
2022-10-25 00:00:00+00:00,0.641,0.644,0.638,0.643,852982700,2.572
2022-10-26 00:00:00+00:00,0.641,0.642,0.637,0.638,554308200,2.552
2022-10-27 00:00:00+00:00,0.633,0.634,0.631,0.632,525984100,2.528
2022-10-28 00:00:00+00:00,0.622,0.622,0.613,0.614,777359300,2.456
2022-10-31 00:00:00+00:00,0.64,0.644,0.638,0.644,734485058,2.576
2022-11-01 00:00:00+00:00,0.642,0.644,0.64,0.643,649340757,2.572
2022-11-02 00:00:00+00:00,0.635,0.635,0.632,0.634,838488100,2.536
2022-11-03 00:00:00+00:00,0.613,0.615,0.612,0.614,1152677654,2.456
2022-11-04 00:00:00+00:00,0.603,0.612,0.6,0.61,2365087184,2.44
2022-11-07 00:00:00+00:00,0.604,0.612,0.603,0.612,913436916,2.448
2022-11-08 00:00:00+00:00,0.615,0.616,0.611,0.613,1031935168,2.452
2022-11-09 00:00:00+00:00,0.615,0.62,0.614,0.617,1078198706,2.468
2022-11-10 00:00:00+00:00,0.607,0.608,0.605,0.606,710385200,2.424
2022-11-11 00:00:00+00:00,0.644,0.646,0.641,0.645,1206858865,2.58
2022-11-14 00:00:00+00:00,0.647,0.647,0.64,0.641,495044943,2.564
2022-11-15 00:00:00+00:00,0.638,0.646,0.638,0.644,794133439,2.576
2022-11-16 00:00:00+00:00,0.643,0.653,0.643,0.651,1214855800,2.604
2022-11-17 00:00:00+00:00,0.643,0.647,0.643,0.646,495630100,2.584
2022-11-18 00:00:00+00:00,0.645,0.647,0.642,0.642,602288100,2.568
2022-11-21 00:00:00+00:00,0.642,0.643,0.64,0.64,696493168,2.56
2022-11-22 00:00:00+00:00,0.637,0.638,0.634,0.635,596047400,2.54
2022-11-23 00:00:00+00:00,0.642,0.644,0.641,0.644,527437954,2.576
2022-11-24 00:00:00+00:00,0.652,0.653,0.651,0.651,513129781,2.604
2022-11-25 00:00:00+00:00,0.655,0.656,0.653,0.654,311598000,2.616
2022-11-28 00:00:00+00:00,0.648,0.649,0.644,0.646,624812208,2.584
2022-11-29 00:00:00+00:00,0.643,0.645,0.641,0.645,1004519102,2.58
2022-11-30 00:00:00+00:00,0.639,0.639,0.635,0.636,629666600,2.544
2022-12-01 00:00:00+00:00,0.655,0.656,0.652,0.656,1050018594,2.624
2022-12-02 00:00:00+00:00,0.651,0.654,0.651,0.651,449228963,2.604
2022-12-05 00:00:00+00:00,0.645,0.646,0.643,0.644,656292600,2.576
2022-12-06 00:00:00+00:00,0.635,0.636,0.634,0.635,651151651,2.54
2022-12-07 00:00:00+00:00,0.625,0.628,0.623,0.628,762727982,2.512
2022-12-08 00:00:00+00:00,0.625,0.627,0.624,0.626,615540181,2.504
2022-12-09 00:00:00+00:00,0.63,0.631,0.627,0.629,562027437,2.516
2022-12-12 00:00:00+00:00,0.623,0.624,0.622,0.624,487509665,2.496
2022-12-13 00:00:00+00:00,0.631,0.634,0.629,0.634,591171442,2.536
2022-12-14 00:00:00+00:00,0.638,0.641,0.638,0.64,528547772,2.56
2022-12-15 00:00:00+00:00,0.635,0.636,0.629,0.629,587952856,2.516
2022-12-16 00:00:00+00:00,0.612,0.616,0.611,0.615,1012071383,2.46
2022-12-19 00:00:00+00:00,0.611,0.614,0.61,0.613,603906610,2.452
2022-12-20 00:00:00+00:00,0.608,0.609,0.603,0.605,709409600,2.42
2022-12-21 00:00:00+00:00,0.607,0.613,0.607,0.612,691401500,2.448
2022-12-22 00:00:00+00:00,0.617,0.618,0.612,0.612,530309500,2.448
2022-12-23 00:00:00+00:00,0.602,0.607,0.6,0.607,621312600,2.428
2022-12-26 00:00:00+00:00,0.608,0.609,0.602,0.604,311578300,2.416
2022-12-27 00:00:00+00:00,0.606,0.612,0.606,0.611,412927085,2.444
2022-12-28 00:00:00+00:00,0.602,0.605,0.6,0.6,557025583,2.4
2022-12-29 00:00:00+00:00,0.595,0.6,0.594,0.599,509002865,2.396
2022-12-30 00:00:00+00:00,0.604,0.606,0.599,0.6,1001278400,2.4
2023-01-03 00:00:00+00:00,0.599,0.602,0.596,0.6,966495730,2.4
2023-01-04 00:00:00+00:00,0.597,0.6,0.595,0.597,941031500,2.388
2023-01-05 00:00:00+00:00,0.598,0.6,0.596,0.599,894666236,2.396
2023-01-06 00:00:00+00:00,0.594,0.598,0.594,0.595,799469046,2.38
2023-01-09 00:00:00+00:00,0.601,0.605,0.599,0.604,740728527,2.416
2023-01-10 00:00:00+00:00,0.603,0.604,0.601,0.602,458889100,2.408
2023-01-11 00:00:00+00:00,0.606,0.609,0.604,0.607,611012962,2.428
2023-01-12 00:00:00+00:00,0.615,0.618,0.614,0.618,700336006,2.472
2023-01-13 00:00:00+00:00,0.618,0.618,0.612,0.613,651829800,2.452
2023-01-16 00:00:00+00:00,0.615,0.616,0.612,0.614,766154116,2.456
2023-01-17 00:00:00+00:00,0.614,0.617,0.613,0.616,485441117,2.464
2023-01-18 00:00:00+00:00,0.616,0.622,0.614,0.619,730652600,2.476
2023-01-19 00:00:00+00:00,0.612,0.613,0.61,0.61,531769400,2.44
2023-01-20 00:00:00+00:00,0.608,0.615,0.606,0.615,606138100,2.46
2023-01-30 00:00:00+00:00,0.635,0.639,0.634,0.635,1121321806,2.54
2023-01-31 00:00:00+00:00,0.627,0.63,0.624,0.624,494215438,2.496
2023-02-01 00:00:00+00:00,0.632,0.636,0.631,0.634,620613708,2.536
2023-02-02 00:00:00+00:00,0.647,0.651,0.646,0.649,974060183,2.596
2023-02-03 00:00:00+00:00,0.658,0.659,0.655,0.656,945120384,2.624
2023-02-06 00:00:00+00:00,0.657,0.658,0.652,0.654,842624420,2.616
2023-02-07 00:00:00+00:00,0.655,0.656,0.654,0.655,538248182,2.62
2023-02-08 00:00:00+00:00,0.665,0.666,0.664,0.666,653854878,2.664
2023-02-09 00:00:00+00:00,0.656,0.659,0.656,0.658,853204300,2.632
2023-02-10 00:00:00+00:00,0.651,0.651,0.647,0.648,595144230,2.592
2023-02-13 00:00:00+00:00,0.645,0.646,0.643,0.646,503137860,2.584
2023-02-14 00:00:00+00:00,0.655,0.656,0.653,0.655,860230156,2.62
2023-02-15 00:00:00+00:00,0.659,0.659,0.657,0.657,564784760,2.628
2023-02-16 00:00:00+00:00,0.669,0.672,0.668,0.671,638294686,2.684
2023-02-17 00:00:00+00:00,0.657,0.657,0.653,0.654,579306833,2.616
2023-02-20 00:00:00+00:00,0.652,0.654,0.651,0.654,729057000,2.616
2023-02-21 00:00:00+00:00,0.651,0.652,0.65,0.652,655909300,2.608
2023-02-22 00:00:00+00:00,0.641,0.643,0.64,0.641,671461400,2.564
2023-02-23 00:00:00+00:00,0.644,0.646,0.644,0.645,604347535,2.58
2023-02-24 00:00:00+00:00,0.647,0.648,0.646,0.647,441183940,2.588
2023-02-27 00:00:00+00:00,0.642,0.644,0.641,0.642,361477300,2.568
2023-02-28 00:00:00+00:00,0.646,0.647,0.644,0.644,380251100,2.576
2023-03-01 00:00:00+00:00,0.64,0.643,0.639,0.642,862464788,2.568
2023-03-02 00:00:00+00:00,0.636,0.637,0.63,0.631,874122766,2.524
2023-03-03 00:00:00+00:00,0.638,0.639,0.636,0.639,729594488,2.556
2023-03-06 00:00:00+00:00,0.651,0.656,0.65,0.655,1211233598,2.62
2023-03-07 00:00:00+00:00,0.657,0.658,0.656,0.656,516424600,2.624
2023-03-08 00:00:00+00:00,0.651,0.652,0.649,0.65,565214700,2.6
2023-03-09 00:00:00+00:00,0.652,0.654,0.651,0.653,299971800,2.612
2023-03-10 00:00:00+00:00,0.639,0.641,0.637,0.638,668751300,2.552
2023-03-13 00:00:00+00:00,0.634,0.641,0.634,0.64,1348387500,2.56
2023-03-14 00:00:00+00:00,0.635,0.636,0.629,0.631,1009179300,2.524
2023-03-15 00:00:00+00:00,0.645,0.647,0.644,0.646,784005578,2.584
2023-03-16 00:00:00+00:00,0.65,0.652,0.648,0.649,514414900,2.596
2023-03-17 00:00:00+00:00,0.665,0.666,0.663,0.666,570373733,2.664
2023-03-20 00:00:00+00:00,0.664,0.665,0.656,0.657,929493200,2.628
2023-03-21 00:00:00+00:00,0.663,0.664,0.662,0.663,358220364,2.652
2023-03-22 00:00:00+00:00,0.672,0.676,0.672,0.675,721584367,2.7
2023-03-23 00:00:00+00:00,0.664,0.667,0.664,0.667,1022467699,2.668
2023-03-24 00:00:00+00:00,0.67,0.674,0.667,0.672,873973800,2.688
2023-03-27 00:00:00+00:00,0.676,0.681,0.676,0.68,554259546,2.72
2023-03-28 00:00:00+00:00,0.674,0.676,0.672,0.675,457456334,2.7
2023-03-29 00:00:00+00:00,0.673,0.676,0.673,0.675,278077200,2.7
2023-03-30 00:00:00+00:00,0.683,0.684,0.68,0.681,670025000,2.724
2023-03-31 00:00:00+00:00,0.688,0.688,0.684,0.684,554939200,2.736
2023-04-03 00:00:00+00:00,0.693,0.695,0.693,0.693,407340578,2.772
2023-04-04 00:00:00+00:00,0.695,0.696,0.693,0.696,446781500,2.784
2023-04-06 00:00:00+00:00,0.684,0.685,0.682,0.683,680415975,2.732
2023-04-07 00:00:00+00:00,0.69,0.69,0.688,0.689,322172114,2.756
2023-04-10 00:00:00+00:00,0.688,0.689,0.686,0.686,447473076,2.744
2023-04-11 00:00:00+00:00,0.69,0.69,0.688,0.689,301633556,2.756
2023-04-12 00:00:00+00:00,0.686,0.686,0.684,0.685,270622300,2.74
2023-04-13 00:00:00+00:00,0.678,0.681,0.677,0.68,386436448,2.72
2023-04-14 00:00:00+00:00,0.69,0.69,0.686,0.686,304566570,2.744
2023-04-17 00:00:00+00:00,0.689,0.69,0.688,0.689,387121670,2.756
2023-04-18 00:00:00+00:00,0.688,0.69,0.687,0.688,240408978,2.752
2023-04-19 00:00:00+00:00,0.689,0.689,0.686,0.687,264654600,2.748
2023-04-20 00:00:00+00:00,0.688,0.689,0.686,0.687,347722400,2.748
2023-04-21 00:00:00+00:00,0.685,0.686,0.684,0.684,284040278,2.736
2023-04-24 00:00:00+00:00,0.684,0.686,0.682,0.682,401765315,2.728
2023-04-25 00:00:00+00:00,0.684,0.684,0.682,0.683,386140562,2.732
2023-04-26 00:00:00+00:00,0.683,0.684,0.681,0.682,507779600,2.728
2023-04-27 00:00:00+00:00,0.682,0.684,0.681,0.683,232508800,2.732
2023-04-28 00:00:00+00:00,0.696,0.696,0.694,0.695,300017017,2.78
2023-05-04 00:00:00+00:00,0.69,0.693,0.689,0.691,292183600,2.764
2023-05-05 00:00:00+00:00,0.689,0.69,0.688,0.689,157182996,2.756
2023-05-08 00:00:00+00:00,0.7,0.701,0.699,0.7,461415994,2.8
2023-05-09 00:00:00+00:00,0.701,0.703,0.701,0.701,316836620,2.804
2023-05-10 00:00:00+00:00,0.699,0.701,0.698,0.701,227510040,2.804
2023-05-11 00:00:00+00:00,0.709,0.711,0.709,0.71,233970560,2.84
2023-05-12 00:00:00+00:00,0.715,0.715,0.712,0.712,355443000,2.848
2023-05-15 00:00:00+00:00,0.709,0.712,0.708,0.711,284135000,2.844
2023-05-16 00:00:00+00:00,0.714,0.715,0.713,0.714,288265399,2.856
2023-05-17 00:00:00+00:00,0.72,0.721,0.719,0.719,387440629,2.876
2023-05-18 00:00:00+00:00,0.728,0.731,0.727,0.729,467811300,2.916
2023-05-19 00:00:00+00:00,0.748,0.751,0.747,0.749,1000179240,2.996
2023-05-22 00:00:00+00:00,0.745,0.746,0.743,0.745,358685800,2.98
2023-05-23 00:00:00+00:00,0.751,0.753,0.749,0.749,636792500,2.996
2023-05-24 00:00:00+00:00,0.742,0.742,0.737,0.738,538887100,2.952
2023-05-25 00:00:00+00:00,0.746,0.749,0.745,0.749,763870000,2.996
2023-05-26 00:00:00+00:00,0.755,0.756,0.751,0.752,399719200,3.008
2023-05-29 00:00:00+00:00,0.777,0.779,0.775,0.779,657711900,3.116
2023-05-30 00:00:00+00:00,0.777,0.782,0.776,0.78,718234744,3.12
2023-05-31 00:00:00+00:00,0.779,0.782,0.776,0.777,488562234,3.108
2023-06-01 00:00:00+00:00,0.775,0.777,0.772,0.776,667007500,3.104
2023-06-02 00:00:00+00:00,0.785,0.786,0.783,0.786,586584400,3.144
2023-06-05 00:00:00+00:00,0.789,0.791,0.787,0.79,715881900,3.16
2023-06-06 00:00:00+00:00,0.792,0.793,0.79,0.791,491731900,3.164
2023-06-07 00:00:00+00:00,0.792,0.794,0.791,0.794,283751585,3.176
2023-06-08 00:00:00+00:00,0.782,0.783,0.776,0.776,1045462500,3.104
2023-06-09 00:00:00+00:00,0.788,0.79,0.787,0.789,638251714,3.156
2023-06-12 00:00:00+00:00,0.795,0.798,0.795,0.798,563916900,3.192
2023-06-13 00:00:00+00:00,0.811,0.817,0.81,0.816,905805019,3.264
2023-06-14 00:00:00+00:00,0.818,0.82,0.816,0.817,626595000,3.268
2023-06-15 00:00:00+00:00,0.824,0.826,0.821,0.822,708917800,3.288
2023-06-16 00:00:00+00:00,0.828,0.83,0.826,0.83,637477592,3.32
2023-06-19 00:00:00+00:00,0.826,0.827,0.825,0.826,417555100,3.304
2023-06-20 00:00:00+00:00,0.827,0.828,0.824,0.825,349491600,3.3
2023-06-21 00:00:00+00:00,0.829,0.831,0.828,0.828,421320500,3.312
2023-06-26 00:00:00+00:00,0.823,0.824,0.822,0.822,697211100,3.288
2023-06-27 00:00:00+00:00,0.812,0.812,0.809,0.811,923881700,3.244
2023-06-28 00:00:00+00:00,0.821,0.823,0.82,0.822,526053480,3.288
2023-06-29 00:00:00+00:00,0.829,0.83,0.828,0.828,302353400,3.312
2023-06-30 00:00:00+00:00,0.829,0.83,0.828,0.828,463196508,3.312
2023-07-03 00:00:00+00:00,0.84,0.843,0.839,0.843,701312800,3.372
2023-07-04 00:00:00+00:00,0.84,0.841,0.836,0.837,574122300,3.348
2023-07-05 00:00:00+00:00,0.838,0.84,0.837,0.838,421182000,3.352
2023-07-06 00:00:00+00:00,0.841,0.842,0.838,0.839,459754154,3.356
2023-07-07 00:00:00+00:00,0.835,0.836,0.834,0.835,441708100,3.34
2023-07-10 00:00:00+00:00,0.83,0.831,0.827,0.828,626398000,3.312
2023-07-11 00:00:00+00:00,0.831,0.833,0.829,0.832,379935000,3.328
2023-07-12 00:00:00+00:00,0.834,0.835,0.832,0.833,200142901,3.332
2023-07-13 00:00:00+00:00,0.841,0.847,0.84,0.847,642026360,3.388
2023-07-14 00:00:00+00:00,0.855,0.856,0.85,0.85,577994700,3.4
2023-07-17 00:00:00+00:00,0.85,0.855,0.85,0.854,398241448,3.416
2023-07-18 00:00:00+00:00,0.861,0.864,0.86,0.863,481387500,3.452
2023-07-19 00:00:00+00:00,0.872,0.877,0.872,0.876,843553500,3.504
2023-07-20 00:00:00+00:00,0.87,0.871,0.865,0.865,784362400,3.46
2023-07-21 00:00:00+00:00,0.849,0.853,0.848,0.851,1108210111,3.404
2023-07-24 00:00:00+00:00,0.849,0.854,0.848,0.853,660840799,3.412
2023-07-25 00:00:00+00:00,0.852,0.853,0.849,0.852,541443632,3.408
2023-07-26 00:00:00+00:00,0.855,0.856,0.853,0.854,504262900,3.416
2023-07-27 00:00:00+00:00,0.855,0.862,0.854,0.861,862218890,3.444
2023-07-28 00:00:00+00:00,0.856,0.86,0.855,0.858,861956728,3.432
2023-07-31 00:00:00+00:00,0.867,0.869,0.861,0.867,1071341744,3.468
2023-08-01 00:00:00+00:00,0.869,0.871,0.869,0.869,377758503,3.476
2023-08-02 00:00:00+00:00,0.866,0.867,0.857,0.857,893096146,3.428
2023-08-03 00:00:00+00:00,0.847,0.847,0.843,0.843,884494789,3.372
2023-08-04 00:00:00+00:00,0.845,0.851,0.844,0.85,802950201,3.4
2023-08-07 00:00:00+00:00,0.844,0.845,0.842,0.843,610238720,3.372
2023-08-08 00:00:00+00:00,0.847,0.848,0.844,0.844,455744603,3.376
2023-08-09 00:00:00+00:00,0.844,0.844,0.841,0.843,476955900,3.372
2023-08-10 00:00:00+00:00,0.834,0.835,0.832,0.835,690832500,3.34
2023-08-11 00:00:00+00:00,0.836,0.838,0.833,0.837,620193398,3.348
2023-08-14 00:00:00+00:00,0.832,0.833,0.828,0.832,798838400,3.328
2023-08-15 00:00:00+00:00,0.844,0.849,0.844,0.846,1104439157,3.384
2023-08-16 00:00:00+00:00,0.839,0.839,0.836,0.837,763373500,3.348
2023-08-17 00:00:00+00:00,0.828,0.831,0.827,0.831,1180312500,3.324
2023-08-18 00:00:00+00:00,0.817,0.818,0.814,0.817,967812716,3.268
2023-08-21 00:00:00+00:00,0.818,0.821,0.818,0.819,433347300,3.276
2023-08-22 00:00:00+00:00,0.828,0.832,0.826,0.832,612441500,3.328
2023-08-23 00:00:00+00:00,0.832,0.834,0.831,0.832,708303697,3.328
2023-08-24 00:00:00+00:00,0.85,0.855,0.849,0.855,1164471311,3.42
2023-08-25 00:00:00+00:00,0.826,0.826,0.821,0.822,1062343706,3.288
2023-08-28 00:00:00+00:00,0.829,0.834,0.829,0.834,456277200,3.336
2023-08-29 00:00:00+00:00,0.841,0.841,0.838,0.84,444804944,3.36
2023-08-30 00:00:00+00:00,0.858,0.859,0.857,0.857,566357572,3.428
2023-08-31 00:00:00+00:00,0.861,0.864,0.86,0.86,660017100,3.44
2023-09-01 00:00:00+00:00,0.859,0.861,0.858,0.86,460041514,3.44
2023-09-04 00:00:00+00:00,0.86,0.863,0.859,0.863,449061400,3.452
2023-09-05 00:00:00+00:00,0.861,0.863,0.861,0.862,316905059,3.448
2023-09-06 00:00:00+00:00,0.866,0.866,0.862,0.863,409540400,3.452
2023-09-07 00:00:00+00:00,0.858,0.859,0.856,0.857,655801200,3.428
2023-09-08 00:00:00+00:00,0.854,0.86,0.854,0.859,667622795,3.436
2023-09-11 00:00:00+00:00,0.857,0.858,0.853,0.855,839965500,3.42
2023-09-12 00:00:00+00:00,0.86,0.861,0.859,0.86,459292000,3.44
2023-09-13 00:00:00+00:00,0.851,0.851,0.848,0.851,774701800,3.404
2023-09-14 00:00:00+00:00,0.855,0.858,0.854,0.856,540783400,3.424
2023-09-15 00:00:00+00:00,0.862,0.863,0.859,0.862,673308800,3.448
2023-09-18 00:00:00+00:00,0.847,0.849,0.846,0.848,386565000,3.392
2023-09-19 00:00:00+00:00,0.85,0.85,0.846,0.847,318691700,3.388
2023-09-20 00:00:00+00:00,0.846,0.848,0.845,0.847,501916190,3.388
2023-09-21 00:00:00+00:00,0.833,0.833,0.83,0.832,937242090,3.328
2023-09-22 00:00:00+00:00,0.818,0.824,0.817,0.824,853530545,3.296
2023-09-25 00:00:00+00:00,0.821,0.826,0.821,0.824,608700200,3.296
2023-09-26 00:00:00+00:00,0.823,0.824,0.817,0.817,562030100,3.268
2023-09-27 00:00:00+00:00,0.812,0.816,0.812,0.816,582472300,3.264
2023-09-28 00:00:00+00:00,0.819,0.819,0.813,0.814,741495699,3.256
2023-10-09 00:00:00+00:00,0.828,0.829,0.824,0.826,855356100,3.304
2023-10-10 00:00:00+00:00,0.837,0.839,0.836,0.839,509155800,3.356
2023-10-11 00:00:00+00:00,0.843,0.848,0.842,0.847,502388328,3.388
2023-10-12 00:00:00+00:00,0.854,0.855,0.851,0.852,455057700,3.408
2023-10-13 00:00:00+00:00,0.848,0.849,0.845,0.847,439423600,3.388
2023-10-16 00:00:00+00:00,0.84,0.84,0.836,0.839,500537100,3.356
2023-10-17 00:00:00+00:00,0.846,0.847,0.844,0.845,477866500,3.38
2023-10-18 00:00:00+00:00,0.842,0.843,0.84,0.84,406648900,3.36
2023-10-19 00:00:00+00:00,0.832,0.833,0.828,0.829,703909600,3.316
2023-10-20 00:00:00+00:00,0.82,0.822,0.818,0.82,944193300,3.28
2023-10-23 00:00:00+00:00,0.813,0.815,0.812,0.814,807940400,3.256
2023-10-24 00:00:00+00:00,0.815,0.819,0.813,0.819,797976900,3.276
2023-10-25 00:00:00+00:00,0.82,0.821,0.817,0.817,483250100,3.268
2023-10-26 00:00:00+00:00,0.794,0.795,0.791,0.792,1428446829,3.168
2023-10-27 00:00:00+00:00,0.79,0.796,0.79,0.795,1284925800,3.18
2023-10-30 00:00:00+00:00,0.795,0.796,0.794,0.795,586859100,3.18
2023-10-31 00:00:00+00:00,0.797,0.798,0.793,0.794,508351300,3.176
2023-11-01 00:00:00+00:00,0.8,0.806,0.799,0.806,767966900,3.224
2023-11-02 00:00:00+00:00,0.822,0.824,0.82,0.822,679161261,3.288
2023-11-03 00:00:00+00:00,0.831,0.831,0.828,0.829,496061204,3.316
2023-11-06 00:00:00+00:00,0.838,0.839,0.837,0.838,445462755,3.352
2023-11-07 00:00:00+00:00,0.839,0.84,0.838,0.838,568726868,3.352
2023-11-08 00:00:00+00:00,0.847,0.848,0.846,0.847,343615200,3.388
2023-11-09 00:00:00+00:00,0.848,0.852,0.848,0.852,317275181,3.408
2023-11-10 00:00:00+00:00,0.844,0.844,0.842,0.842,676866800,3.368
2023-11-13 00:00:00+00:00,0.86,0.861,0.859,0.86,418818500,3.44
2023-11-14 00:00:00+00:00,0.861,0.865,0.86,0.862,449840100,3.448
2023-11-15 00:00:00+00:00,0.878,0.879,0.876,0.876,501603500,3.504
2023-11-16 00:00:00+00:00,0.875,0.875,0.872,0.873,372223912,3.492
2023-11-17 00:00:00+00:00,0.874,0.877,0.874,0.876,299502556,3.504
2023-11-20 00:00:00+00:00,0.871,0.872,0.863,0.863,633007100,3.452
2023-11-21 00:00:00+00:00,0.875,0.875,0.873,0.873,491487700,3.492
2023-11-22 00:00:00+00:00,0.865,0.867,0.865,0.866,412250756,3.464
2023-11-23 00:00:00+00:00,0.873,0.874,0.871,0.872,259015556,3.488
2023-11-24 00:00:00+00:00,0.872,0.874,0.872,0.873,212302800,3.492
2023-11-27 00:00:00+00:00,0.869,0.87,0.866,0.868,347997240,3.472
2023-11-28 00:00:00+00:00,0.87,0.871,0.869,0.871,248343820,3.484
2023-11-29 00:00:00+00:00,0.87,0.872,0.87,0.872,342387700,3.488
2023-11-30 00:00:00+00:00,0.873,0.873,0.87,0.871,577049200,3.484
2023-12-01 00:00:00+00:00,0.866,0.867,0.865,0.866,348770900,3.464
2023-12-04 00:00:00+00:00,0.867,0.868,0.866,0.867,307099102,3.468
2023-12-05 00:00:00+00:00,0.861,0.861,0.857,0.857,485593500,3.428
2023-12-06 00:00:00+00:00,0.869,0.87,0.868,0.869,267032699,3.476
2023-12-07 00:00:00+00:00,0.861,0.862,0.86,0.861,255509719,3.444
2023-12-08 00:00:00+00:00,0.872,0.874,0.871,0.874,363224540,3.496
2023-12-11 00:00:00+00:00,0.88,0.882,0.879,0.881,458656688,3.524
2023-12-12 00:00:00+00:00,0.891,0.892,0.889,0.89,0,3.56
2023-12-13 00:00:00+00:00,0.898,0.9,0.897,0.9,501952800,3.6
2023-12-14 00:00:00+00:00,0.909,0.911,0.908,0.911,549901036,3.644
2023-12-15 00:00:00+00:00,0.902,0.902,0.899,0.9,0,3.6
2023-12-18 00:00:00+00:00,0.905,0.908,0.904,0.906,460337396,3.624
2023-12-19 00:00:00+00:00,0.911,0.912,0.91,0.911,401159800,3.644
2023-12-20 00:00:00+00:00,0.915,0.915,0.913,0.914,457215300,3.656
2023-12-21 00:00:00+00:00,0.903,0.905,0.901,0.902,1445699643,3.608
2023-12-22 00:00:00+00:00,0.908,0.908,0.905,0.907,847818435,3.628
2023-12-25 00:00:00+00:00,0.909,0.91,0.907,0.908,268923765,3.632
2023-12-26 00:00:00+00:00,0.911,0.915,0.91,0.914,505600336,3.656
2023-12-27 00:00:00+00:00,0.917,0.918,0.916,0.918,582529394,3.672
2023-12-28 00:00:00+00:00,0.919,0.92,0.914,0.915,534158100,3.66
2023-12-29 00:00:00+00:00,0.912,0.914,0.91,0.914,406623000,3.656
2024-01-02 00:00:00+00:00,0.911,0.912,0.91,0.911,388688053,3.644
2024-01-03 00:00:00+00:00,0.897,0.898,0.895,0.896,941857900,3.584
2024-01-04 00:00:00+00:00,0.889,0.892,0.889,0.892,575139720,3.568
2024-01-05 00:00:00+00:00,0.888,0.889,0.885,0.885,529316808,3.54
2024-01-08 00:00:00+00:00,0.889,0.89,0.886,0.886,460268199,3.544
2024-01-09 00:00:00+00:00,0.905,0.911,0.904,0.911,914823100,3.644
2024-01-10 00:00:00+00:00,0.913,0.914,0.91,0.91,641284500,3.64
2024-01-11 00:00:00+00:00,0.919,0.923,0.918,0.922,680871600,3.688
2024-01-12 00:00:00+00:00,0.918,0.919,0.917,0.918,473125080,3.672
2024-01-15 00:00:00+00:00,0.919,0.925,0.919,0.924,664289199,3.696
2024-01-16 00:00:00+00:00,0.919,0.92,0.915,0.916,585101900,3.664
2024-01-17 00:00:00+00:00,0.923,0.924,0.914,0.915,560652800,3.66
2024-01-18 00:00:00+00:00,0.917,0.918,0.915,0.917,480569808,3.668
2024-01-19 00:00:00+00:00,0.932,0.939,0.931,0.939,961934200,3.756
2024-01-22 00:00:00+00:00,0.959,0.974,0.959,0.974,1366162216,3.896
2024-01-23 00:00:00+00:00,0.969,0.969,0.958,0.962,867902074,3.848
2024-01-24 00:00:00+00:00,0.968,0.97,0.965,0.967,849042449,3.868
2024-01-25 00:00:00+00:00,0.965,0.966,0.957,0.959,782340300,3.836
2024-01-26 00:00:00+00:00,0.952,0.953,0.947,0.949,810528331,3.796
2024-01-29 00:00:00+00:00,0.95,0.959,0.95,0.958,628294100,3.832
2024-01-30 00:00:00+00:00,0.972,0.976,0.969,0.974,811388900,3.896
2024-01-31 00:00:00+00:00,0.958,0.959,0.951,0.952,913512300,3.808
2024-02-01 00:00:00+00:00,0.941,0.944,0.94,0.941,535462900,3.764
2024-02-02 00:00:00+00:00,0.962,0.97,0.961,0.963,1025205000,3.852
2024-02-05 00:00:00+00:00,0.971,0.971,0.967,0.97,647007803,3.88
2024-02-06 00:00:00+00:00,0.97,0.973,0.969,0.973,468624900,3.892
2024-02-07 00:00:00+00:00,0.97,0.97,0.964,0.965,505592800,3.86
2024-02-08 00:00:00+00:00,0.979,0.991,0.977,0.988,731858450,3.952
2024-02-19 00:00:00+00:00,0.978,0.983,0.976,0.981,739384100,3.924
2024-02-20 00:00:00+00:00,0.979,0.98,0.975,0.98,360456500,3.92
2024-02-21 00:00:00+00:00,0.967,0.97,0.966,0.968,598557802,3.872
2024-02-22 00:00:00+00:00,0.981,0.984,0.977,0.983,656556051,3.932
2024-02-23 00:00:00+00:00,0.995,0.998,0.994,0.997,670917900,3.988
2024-02-26 00:00:00+00:00,0.99,0.991,0.984,0.986,528143684,3.944
2024-02-27 00:00:00+00:00,0.986,0.988,0.983,0.984,392486100,3.936
2024-02-28 00:00:00+00:00,0.987,0.988,0.984,0.986,473325904,3.944
2024-02-29 00:00:00+00:00,0.979,0.98,0.978,0.978,419671100,3.912
2024-03-01 00:00:00+00:00,0.989,0.995,0.988,0.994,611943582,3.976
2024-03-04 00:00:00+00:00,1.006,1.01,1.005,1.008,652082600,4.032
2024-03-05 00:00:00+00:00,1.0,1.001,0.998,0.998,561799901,3.992
2024-03-06 00:00:00+00:00,0.985,0.994,0.985,0.994,717651780,3.976
2024-03-07 00:00:00+00:00,0.991,0.993,0.988,0.989,529693900,3.956
2024-03-08 00:00:00+00:00,1.007,1.008,1.005,1.006,524499880,4.024
2024-03-11 00:00:00+00:00,0.991,0.993,0.99,0.991,687934469,3.964
2024-03-12 00:00:00+00:00,0.993,0.994,0.991,0.994,517286800,3.976
2024-03-13 00:00:00+00:00,1.003,1.004,0.999,1.001,855537802,4.004
2024-03-14 00:00:00+00:00,0.996,0.998,0.995,0.997,329352300,3.988
2024-03-15 00:00:00+00:00,0.991,0.993,0.989,0.99,466100500,3.96
2024-03-18 00:00:00+00:00,0.985,0.991,0.983,0.991,536652000,3.964
2024-03-19 00:00:00+00:00,0.988,0.989,0.985,0.985,480944700,3.94
2024-03-20 00:00:00+00:00,0.99,0.991,0.989,0.99,298787670,3.96
2024-03-21 00:00:00+00:00,1.007,1.009,1.003,1.008,985382000,4.032
2024-03-22 00:00:00+00:00,1.007,1.01,1.006,1.009,443319560,4.036
2024-03-25 00:00:00+00:00,1.011,1.012,1.005,1.005,417719900,4.02
2024-03-26 00:00:00+00:00,1.006,1.01,1.005,1.01,581901600,4.04
2024-03-27 00:00:00+00:00,1.006,1.01,1.005,1.007,590597300,4.028
2024-03-28 00:00:00+00:00,1.008,1.009,1.006,1.008,284632900,4.032
2024-03-29 00:00:00+00:00,1.007,1.007,1.005,1.005,260197100,4.02
2024-04-01 00:00:00+00:00,1.012,1.013,1.01,1.011,420743400,4.044
2024-04-02 00:00:00+00:00,1.006,1.01,1.005,1.007,422646000,4.028
2024-04-03 00:00:00+00:00,0.998,1.002,0.997,0.998,701032500,3.992
2024-04-08 00:00:00+00:00,0.998,1.0,0.997,0.997,425895330,3.988
2024-04-09 00:00:00+00:00,0.998,1.0,0.997,0.999,335050800,3.996
2024-04-10 00:00:00+00:00,1.003,1.004,1.001,1.004,354354500,4.016
2024-04-11 00:00:00+00:00,0.995,0.996,0.994,0.994,452953401,3.976
2024-04-12 00:00:00+00:00,1.011,1.011,1.009,1.01,734849474,4.04
2024-04-15 00:00:00+00:00,0.996,1.001,0.996,0.999,563532887,3.996
2024-04-16 00:00:00+00:00,0.979,0.98,0.973,0.974,1056696808,3.896
2024-04-17 00:00:00+00:00,0.978,0.98,0.972,0.973,807374000,3.892
2024-04-18 00:00:00+00:00,0.965,0.971,0.965,0.971,734937900,3.884
2024-04-19 00:00:00+00:00,0.953,0.953,0.941,0.952,1815765900,3.808
2024-04-22 00:00:00+00:00,0.942,0.947,0.941,0.946,945652300,3.784
2024-04-23 00:00:00+00:00,0.948,0.949,0.945,0.947,698107430,3.788
2024-04-24 00:00:00+00:00,0.968,0.971,0.967,0.969,902871690,3.876
2024-04-25 00:00:00+00:00,0.957,0.958,0.95,0.954,840974590,3.816
2024-04-26 00:00:00+00:00,0.97,0.972,0.969,0.972,783629490,3.888
2024-04-29 00:00:00+00:00,0.979,0.98,0.976,0.976,661214900,3.904
2024-04-30 00:00:00+00:00,0.977,0.98,0.976,0.978,466245400,3.912
2024-05-06 00:00:00+00:00,0.98,0.981,0.978,0.981,535716300,3.924
2024-05-07 00:00:00+00:00,0.99,0.994,0.99,0.99,562365730,3.96
2024-05-08 00:00:00+00:00,0.994,0.995,0.991,0.992,450589612,3.968
2024-05-09 00:00:00+00:00,0.991,0.993,0.99,0.99,329387600,3.96
2024-05-10 00:00:00+00:00,0.995,0.996,0.993,0.995,346157782,3.98
2024-05-13 00:00:00+00:00,0.997,1.001,0.996,1.0,508165300,4.0
2024-05-14 00:00:00+00:00,0.999,1.002,0.998,1.0,326839116,4.0
2024-05-15 00:00:00+00:00,1.008,1.009,1.005,1.006,602662400,4.024
2024-05-16 00:00:00+00:00,1.022,1.023,1.021,1.022,610611566,4.088
2024-05-17 00:00:00+00:00,1.02,1.02,1.019,1.02,316060900,4.08
2024-05-20 00:00:00+00:00,1.022,1.023,1.02,1.021,430461300,4.084
2024-05-21 00:00:00+00:00,1.027,1.028,1.025,1.027,340268300,4.108
2024-05-22 00:00:00+00:00,1.031,1.032,1.03,1.031,373681100,4.124
2024-05-23 00:00:00+00:00,1.035,1.041,1.035,1.04,752034000,4.16
2024-05-24 00:00:00+00:00,1.028,1.028,1.021,1.022,1188713800,4.088
2024-05-27 00:00:00+00:00,1.032,1.037,1.031,1.036,594125100,4.144
2024-05-28 00:00:00+00:00,1.038,1.04,1.037,1.04,403437200,4.16
2024-05-29 00:00:00+00:00,1.039,1.04,1.035,1.035,545468400,4.14
2024-05-30 00:00:00+00:00,1.027,1.029,1.024,1.025,534678164,4.1
2024-05-31 00:00:00+00:00,1.016,1.02,1.016,1.019,654099300,4.076
2024-06-03 00:00:00+00:00,1.024,1.026,1.022,1.025,727932600,4.1
2024-06-04 00:00:00+00:00,1.025,1.026,1.021,1.021,483767776,4.084
2024-06-05 00:00:00+00:00,1.028,1.032,1.027,1.029,491859796,4.116
2024-06-06 00:00:00+00:00,1.05,1.052,1.049,1.051,622885600,4.204
2024-06-07 00:00:00+00:00,1.05,1.052,1.049,1.051,427468900,4.204
2024-06-11 00:00:00+00:00,1.053,1.054,1.051,1.053,363873800,4.212
2024-06-12 00:00:00+00:00,1.062,1.064,1.061,1.062,511465300,4.248
2024-06-13 00:00:00+00:00,1.082,1.084,1.08,1.083,600848962,4.332
2024-06-14 00:00:00+00:00,1.082,1.085,1.082,1.083,432873549,4.332
2024-06-17 00:00:00+00:00,1.087,1.088,1.086,1.088,530712413,4.352
2024-06-18 00:00:00+00:00,1.1,1.102,1.099,1.102,485439200,4.408
2024-06-19 00:00:00+00:00,1.103,1.105,1.101,1.102,587691924,4.408
2024-06-20 00:00:00+00:00,1.105,1.109,1.104,1.108,810167400,4.432
2024-06-21 00:00:00+00:00,1.095,1.095,1.092,1.094,605791800,4.376
2024-06-24 00:00:00+00:00,1.089,1.09,1.087,1.09,617181200,4.36
2024-06-25 00:00:00+00:00,1.076,1.079,1.075,1.077,881402138,4.308
2024-06-26 00:00:00+00:00,1.091,1.096,1.09,1.094,916244900,4.376
2024-06-27 00:00:00+00:00,1.089,1.095,1.089,1.093,752696488,4.372
2024-06-28 00:00:00+00:00,1.103,1.109,1.103,1.107,1043165200,4.428
2024-07-01 00:00:00+00:00,1.101,1.107,1.101,1.105,783307900,4.42
2024-07-02 00:00:00+00:00,1.109,1.112,1.106,1.107,739242200,4.428
2024-07-03 00:00:00+00:00,1.125,1.131,1.123,1.131,902307800,4.524
2024-07-04 00:00:00+00:00,1.15,1.158,1.12,1.135,1980920162,4.54
2024-07-05 00:00:00+00:00,1.138,1.148,1.136,1.144,1271173700,4.576
2024-07-08 00:00:00+00:00,1.157,1.158,1.15,1.155,1232640800,4.62
2024-07-09 00:00:00+00:00,1.161,1.165,1.159,1.16,1304913900,4.64
2024-07-10 00:00:00+00:00,1.161,1.163,1.15,1.151,1081152000,4.604
2024-07-11 00:00:00+00:00,1.161,1.165,1.159,1.165,1087220200,4.66
2024-07-12 00:00:00+00:00,1.127,1.129,1.122,1.122,1655543438,4.488
2024-07-15 00:00:00+00:00,1.133,1.154,1.132,1.154,1829574400,4.616
2024-07-16 00:00:00+00:00,1.156,1.165,1.149,1.152,1218477000,4.608
2024-07-17 00:00:00+00:00,1.15,1.15,1.136,1.14,994349700,4.56
2024-07-18 00:00:00+00:00,1.103,1.122,1.101,1.121,1460830500,4.484
2024-07-19 00:00:00+00:00,1.108,1.114,1.102,1.104,914885896,4.416
2024-07-22 00:00:00+00:00,1.096,1.102,1.088,1.102,1357519641,4.408
2024-07-23 00:00:00+00:00,1.116,1.12,1.108,1.111,1230507100,4.444
2024-07-24 00:00:00+00:00,1.103,1.107,1.092,1.092,949454611,4.368
2024-07-25 00:00:00+00:00,1.063,1.065,1.053,1.062,1394234140,4.248
2024-07-26 00:00:00+00:00,1.054,1.063,1.054,1.062,1420132182,4.248
2024-07-29 00:00:00+00:00,1.075,1.083,1.072,1.083,1072119400,4.332
2024-07-30 00:00:00+00:00,1.072,1.075,1.062,1.069,1334400800,4.276
2024-07-31 00:00:00+00:00,1.063,1.074,1.06,1.073,1209908000,4.292
2024-08-01 00:00:00+00:00,1.098,1.105,1.095,1.101,1190327260,4.404
2024-08-02 00:00:00+00:00,1.059,1.068,1.038,1.041,2135208642,4.164
2024-08-05 00:00:00+00:00,0.991,0.999,0.948,0.965,2807680422,3.86
2024-08-06 00:00:00+00:00,1.002,1.01,0.995,1.001,2167297400,4.004
2024-08-07 00:00:00+00:00,1.0,1.013,1.0,1.001,2277061900,4.004
2024-08-08 00:00:00+00:00,0.987,0.99,0.979,0.984,1669859638,3.936
2024-08-09 00:00:00+00:00,1.017,1.017,1.008,1.012,1510964420,4.048
2024-08-12 00:00:00+00:00,1.018,1.022,1.015,1.021,850048000,4.084
2024-08-13 00:00:00+00:00,1.024,1.029,1.021,1.028,1270339256,4.112
2024-08-14 00:00:00+00:00,1.052,1.054,1.045,1.048,1443708900,4.192
2024-08-15 00:00:00+00:00,1.051,1.056,1.05,1.055,903909500,4.22
2024-08-16 00:00:00+00:00,1.083,1.099,1.082,1.098,1672775500,4.392
2024-08-19 00:00:00+00:00,1.095,1.096,1.076,1.079,1291805242,4.316
2024-08-20 00:00:00+00:00,1.099,1.103,1.098,1.103,942001300,4.412
2024-08-21 00:00:00+00:00,1.097,1.101,1.094,1.099,965405200,4.396
2024-08-22 00:00:00+00:00,1.106,1.108,1.097,1.1,989777700,4.4
2024-08-23 00:00:00+00:00,1.085,1.091,1.084,1.089,1116840500,4.356
2024-08-26 00:00:00+00:00,1.098,1.098,1.09,1.09,773566300,4.36
2024-08-27 00:00:00+00:00,1.08,1.08,1.074,1.075,1051522400,4.3
2024-08-28 00:00:00+00:00,1.076,1.079,1.075,1.079,698009100,4.316
2024-08-29 00:00:00+00:00,1.056,1.058,1.053,1.055,1165654214,4.22
2024-08-30 00:00:00+00:00,1.059,1.066,1.058,1.066,770606470,4.264
2024-09-02 00:00:00+00:00,1.074,1.076,1.072,1.073,711497300,4.292
2024-09-03 00:00:00+00:00,1.076,1.077,1.072,1.073,453924000,4.292
2024-09-04 00:00:00+00:00,1.03,1.033,1.016,1.016,2600664500,4.064
2024-09-05 00:00:00+00:00,1.024,1.027,1.02,1.023,844965200,4.092
2024-09-06 00:00:00+00:00,1.015,1.035,1.015,1.026,1611980200,4.104
2024-09-09 00:00:00+00:00,1.01,1.018,1.006,1.017,1201595600,4.068
2024-09-10 00:00:00+00:00,1.026,1.029,1.02,1.024,958379820,4.096
2024-09-11 00:00:00+00:00,1.035,1.036,1.025,1.032,1197478900,4.128
2024-09-12 00:00:00+00:00,1.06,1.067,1.059,1.066,1272784400,4.264
2024-09-13 00:00:00+00:00,1.074,1.077,1.071,1.071,1091198700,4.284
2024-09-18 00:00:00+00:00,1.07,1.07,1.064,1.065,1083932300,4.26
2024-09-19 00:00:00+00:00,1.07,1.077,1.067,1.076,1137397300,4.304
2024-09-20 00:00:00+00:00,1.087,1.088,1.08,1.081,861920100,4.324
2024-09-23 00:00:00+00:00,1.087,1.091,1.084,1.086,689610500,4.344
2024-09-24 00:00:00+00:00,1.086,1.087,1.073,1.08,1109674584,4.32
2024-09-25 00:00:00+00:00,1.073,1.075,1.07,1.07,802428400,4.28
2024-09-26 00:00:00+00:00,1.08,1.086,1.078,1.086,903323800,4.344
2024-09-27 00:00:00+00:00,1.074,1.076,1.068,1.069,1558775400,4.276
2024-09-30 00:00:00+00:00,1.061,1.068,1.058,1.064,1393416919,4.256
2024-10-08 00:00:00+00:00,1.045,1.064,1.04,1.058,1169244048,4.232
2024-10-09 00:00:00+00:00,1.079,1.083,1.072,1.075,1290391941,4.3
2024-10-10 00:00:00+00:00,1.087,1.091,1.084,1.089,1098742700,4.356
2024-10-11 00:00:00+00:00,1.09,1.092,1.087,1.088,916003862,4.352
2024-10-14 00:00:00+00:00,1.089,1.09,1.087,1.088,1004621100,4.352
2024-10-15 00:00:00+00:00,1.099,1.112,1.098,1.11,1266491874,4.44
2024-10-16 00:00:00+00:00,1.095,1.098,1.093,1.098,1009540000,4.392
2024-10-17 00:00:00+00:00,1.095,1.106,1.093,1.104,915179900,4.416
2024-10-18 00:00:00+00:00,1.099,1.101,1.094,1.096,1136715700,4.384
2024-10-21 00:00:00+00:00,1.101,1.102,1.098,1.099,747380638,4.396
2024-10-22 00:00:00+00:00,1.102,1.102,1.099,1.099,651962800,4.396
2024-10-23 00:00:00+00:00,1.104,1.106,1.102,1.104,502639900,4.416
2024-10-24 00:00:00+00:00,1.094,1.094,1.089,1.092,793376100,4.368
2024-10-25 00:00:00+00:00,1.097,1.098,1.095,1.097,585517000,4.388
2024-10-28 00:00:00+00:00,1.111,1.113,1.109,1.11,1076040319,4.44
2024-10-29 00:00:00+00:00,1.105,1.109,1.103,1.107,890308138,4.428
2024-10-30 00:00:00+00:00,1.118,1.121,1.117,1.119,921512019,4.476
2024-10-31 00:00:00+00:00,1.103,1.107,1.098,1.099,1041621600,4.396
2024-11-01 00:00:00+00:00,1.081,1.091,1.08,1.085,0,4.34
2024-11-04 00:00:00+00:00,1.086,1.092,1.085,1.089,1031285300,4.356
2024-11-05 00:00:00+00:00,1.084,1.085,1.081,1.084,840526900,4.336
2024-11-06 00:00:00+00:00,1.103,1.125,1.1,1.123,2422343600,4.492
2024-11-07 00:00:00+00:00,1.143,1.15,1.139,1.14,1665098000,4.56
2024-11-08 00:00:00+00:00,1.151,1.152,1.146,1.15,889426100,4.6
2024-11-11 00:00:00+00:00,1.156,1.158,1.154,1.158,691080000,4.632
2024-11-12 00:00:00+00:00,1.158,1.162,1.157,1.16,1105484200,4.64
2024-11-13 00:00:00+00:00,1.155,1.156,1.151,1.152,682107500,4.608
2024-11-14 00:00:00+00:00,1.154,1.156,1.153,1.156,666479700,4.624
2024-11-15 00:00:00+00:00,1.143,1.144,1.137,1.139,944788800,4.556
2024-11-18 00:00:00+00:00,1.126,1.131,1.125,1.13,997828000,4.52
2024-11-19 00:00:00+00:00,1.128,1.135,1.127,1.133,857767400,4.532
2024-11-20 00:00:00+00:00,1.143,1.145,1.141,1.145,887700700,4.58
2024-11-21 00:00:00+00:00,1.136,1.14,1.134,1.136,886722808,4.544
2024-11-22 00:00:00+00:00,1.145,1.147,1.142,1.147,753091400,4.588
2024-11-25 00:00:00+00:00,1.155,1.158,1.155,1.156,859814100,4.624
2024-11-26 00:00:00+00:00,1.15,1.156,1.149,1.156,676027300,4.624
2024-11-27 00:00:00+00:00,1.16,1.165,1.158,1.158,1103429334,4.632
2024-11-28 00:00:00+00:00,1.151,1.155,1.15,1.155,524035400,4.62
2024-11-29 00:00:00+00:00,1.153,1.156,1.151,1.154,615479400,4.616
2024-12-02 00:00:00+00:00,1.161,1.162,1.158,1.16,662691800,4.64
2024-12-03 00:00:00+00:00,1.175,1.182,1.174,1.18,800297500,4.72
2024-12-04 00:00:00+00:00,1.187,1.188,1.184,1.186,766057500,4.744
2024-12-05 00:00:00+00:00,1.196,1.198,1.195,1.195,600213000,4.78
2024-12-06 00:00:00+00:00,1.19,1.192,1.188,1.19,640397400,4.76
2024-12-09 00:00:00+00:00,1.201,1.209,1.201,1.208,857045100,4.832
2024-12-10 00:00:00+00:00,1.191,1.197,1.189,1.197,1027578600,4.788
2024-12-11 00:00:00+00:00,1.195,1.199,1.195,1.197,605112974,4.788
2024-12-12 00:00:00+00:00,1.22,1.222,1.219,1.221,738558800,4.884
2024-12-13 00:00:00+00:00,1.221,1.228,1.219,1.228,857945600,4.912
2024-12-16 00:00:00+00:00,1.231,1.246,1.23,1.244,1388562300,4.976
2024-12-17 00:00:00+00:00,1.266,1.275,1.258,1.259,1674386148,5.036
2024-12-18 00:00:00+00:00,1.257,1.266,1.255,1.266,1303637789,5.064
2024-12-19 00:00:00+00:00,1.223,1.237,1.221,1.234,1533319763,4.936
2024-12-20 00:00:00+00:00,1.227,1.229,1.203,1.207,1592601700,4.828
2024-12-23 00:00:00+00:00,1.227,1.251,1.227,1.251,1459172000,5.004
2024-12-24 00:00:00+00:00,1.266,1.267,1.237,1.25,1491777200,5.0
2024-12-25 00:00:00+00:00,1.266,1.267,1.255,1.261,1155787600,5.044
2024-12-26 00:00:00+00:00,1.263,1.269,1.256,1.263,990572300,5.052
2024-12-27 00:00:00+00:00,1.256,1.26,1.253,1.255,713858100,5.02
2024-12-30 00:00:00+00:00,1.236,1.245,1.236,1.239,855373100,4.956
2024-12-31 00:00:00+00:00,1.228,1.236,1.226,1.231,1168807400,4.924
2025-01-02 00:00:00+00:00,1.229,1.246,1.229,1.246,830408520,4.984
2025-01-03 00:00:00+00:00,1.241,1.253,1.236,1.24,945150300,4.96
2025-01-06 00:00:00+00:00,1.259,1.274,1.254,1.274,1534429200,5.096
2025-01-07 00:00:00+00:00,1.29,1.294,1.261,1.264,1891866900,5.056
2025-01-08 00:00:00+00:00,1.246,1.259,1.245,1.257,1052503100,5.028
2025-01-09 00:00:00+00:00,1.255,1.258,1.25,1.252,766538600,5.008
2025-01-10 00:00:00+00:00,1.246,1.264,1.242,1.247,1344391200,4.988
2025-01-13 00:00:00+00:00,1.235,1.237,1.211,1.216,1486289866,4.864
2025-01-14 00:00:00+00:00,1.228,1.233,1.22,1.233,1048174551,4.932
2025-01-15 00:00:00+00:00,1.228,1.229,1.221,1.223,666763568,4.892
2025-01-16 00:00:00+00:00,1.254,1.255,1.243,1.249,1196554100,4.996
2025-01-17 00:00:00+00:00,1.237,1.247,1.235,1.244,764066200,4.976
2025-01-20 00:00:00+00:00,1.255,1.262,1.252,1.262,775935261,5.048
2025-01-21 00:00:00+00:00,1.26,1.266,1.255,1.264,754303355,5.056
2025-01-22 00:00:00+00:00,1.272,1.276,1.27,1.27,841975795,5.08
2025-01-23 00:00:00+00:00,1.276,1.277,1.254,1.257,966214853,5.028
2025-01-24 00:00:00+00:00,1.263,1.266,1.254,1.259,579631500,5.036
2025-01-27 00:00:00+00:00,1.233,1.239,1.226,1.229,1189167900,4.916
2025-02-05 00:00:00+00:00,1.23,1.237,1.229,1.231,559472959,4.924
2025-02-06 00:00:00+00:00,1.242,1.245,1.235,1.243,772083723,4.972
2025-02-07 00:00:00+00:00,1.245,1.248,1.232,1.237,1136439200,4.948
2025-02-10 00:00:00+00:00,1.23,1.23,1.221,1.223,873855400,4.892
2025-02-11 00:00:00+00:00,1.228,1.23,1.221,1.222,624521959,4.888
2025-02-12 00:00:00+00:00,1.222,1.224,1.218,1.219,440270200,4.876
2025-02-13 00:00:00+00:00,1.225,1.225,1.219,1.222,539397900,4.888
2025-02-14 00:00:00+00:00,1.23,1.233,1.227,1.231,686512400,4.924
2025-02-17 00:00:00+00:00,1.23,1.235,1.227,1.231,525508900,4.924
2025-02-18 00:00:00+00:00,1.232,1.241,1.229,1.239,712754300,4.956
2025-02-19 00:00:00+00:00,1.236,1.237,1.231,1.233,614346400,4.932
2025-02-20 00:00:00+00:00,1.229,1.23,1.222,1.222,439103000,4.888
2025-02-21 00:00:00+00:00,1.218,1.22,1.21,1.214,881823609,4.856
2025-02-24 00:00:00+00:00,1.192,1.199,1.19,1.195,711209072,4.78
2025-02-25 00:00:00+00:00,1.179,1.18,1.174,1.176,697317800,4.704
2025-02-26 00:00:00+00:00,1.167,1.176,1.165,1.173,1025322000,4.692
2025-02-27 00:00:00+00:00,1.167,1.183,1.165,1.18,1119652339,4.72
2025-02-28 00:00:00+00:00,1.151,1.153,1.133,1.134,1716817728,4.536
2025-03-03 00:00:00+00:00,1.147,1.161,1.146,1.159,1378374500,4.636
2025-03-04 00:00:00+00:00,1.13,1.139,1.128,1.137,1084619575,4.548
2025-03-05 00:00:00+00:00,1.137,1.153,1.133,1.147,1996302322,4.588
2025-03-06 00:00:00+00:00,1.15,1.152,1.147,1.148,797201900,4.592
2025-03-07 00:00:00+00:00,1.127,1.13,1.123,1.125,996916121,4.5
2025-03-10 00:00:00+00:00,1.122,1.128,1.12,1.12,880848153,4.48
2025-03-11 00:00:00+00:00,1.07,1.077,1.055,1.074,3799851530,4.296
2025-03-12 00:00:00+00:00,1.073,1.083,1.07,1.08,1843645800,4.32
2025-03-13 00:00:00+00:00,1.088,1.09,1.071,1.073,2050176600,4.292
2025-03-14 00:00:00+00:00,1.069,1.086,1.067,1.082,1922997475,4.328
2025-03-17 00:00:00+00:00,1.09,1.093,1.085,1.086,890132200,4.344
2025-03-18 00:00:00+00:00,1.093,1.095,1.09,1.093,938366700,4.372
2025-03-19 00:00:00+00:00,1.084,1.089,1.083,1.085,809157100,4.34
2025-03-20 00:00:00+00:00,1.1,1.114,1.097,1.11,1767127025,4.44
2025-03-21 00:00:00+00:00,1.105,1.109,1.099,1.106,952553200,4.424
2025-03-24 00:00:00+00:00,1.118,1.133,1.117,1.131,1734898736,4.524
2025-03-25 00:00:00+00:00,1.15,1.158,1.138,1.145,1167935700,4.58
2025-03-26 00:00:00+00:00,1.151,1.152,1.138,1.141,1090956600,4.564
2025-03-27 00:00:00+00:00,1.118,1.126,1.117,1.118,1239861600,4.472
2025-03-28 00:00:00+00:00,1.114,1.119,1.109,1.111,809766600,4.444
2025-03-31 00:00:00+00:00,1.071,1.076,1.059,1.065,1818843300,4.26
2025-04-01 00:00:00+00:00,1.072,1.088,1.072,1.084,1188668200,4.336
2025-04-02 00:00:00+00:00,1.09,1.096,1.088,1.09,753043900,4.36
2025-04-03 00:00:00+00:00,1.066,1.076,1.064,1.065,1509757099,4.26
2025-04-07 00:00:00+00:00,0.959,0.959,0.959,0.959,358210600,3.836
2025-04-08 00:00:00+00:00,0.987,1.002,0.981,0.994,2442965501,3.976
2025-04-09 00:00:00+00:00,0.96,0.989,0.949,0.989,3815630100,3.956
2025-04-10 00:00:00+00:00,1.088,1.088,1.065,1.08,3264240400,4.32
2025-04-11 00:00:00+00:00,1.04,1.075,1.036,1.068,2896514100,4.272
2025-04-14 00:00:00+00:00,1.08,1.087,1.078,1.082,1372630400,4.328
2025-04-15 00:00:00+00:00,1.074,1.077,1.066,1.067,747101479,4.268
2025-04-16 00:00:00+00:00,1.054,1.059,1.04,1.043,1429790700,4.172
2025-04-17 00:00:00+00:00,1.035,1.056,1.035,1.054,1445313600,4.216
2025-04-18 00:00:00+00:00,1.045,1.056,1.04,1.045,1154412190,4.18
2025-04-21 00:00:00+00:00,1.039,1.044,1.037,1.039,821623100,4.156
2025-04-22 00:00:00+00:00,1.035,1.042,1.029,1.038,1001734200,4.152
2025-04-23 00:00:00+00:00,1.062,1.074,1.052,1.073,1517715800,4.292
2025-04-24 00:00:00+00:00,1.072,1.072,1.057,1.059,938076900,4.236
2025-04-25 00:00:00+00:00,1.09,1.096,1.086,1.09,1756919900,4.36
2025-04-28 00:00:00+00:00,1.088,1.096,1.086,1.094,1216355008,4.376
2025-04-29 00:00:00+00:00,1.098,1.104,1.093,1.093,750260900,4.372
2025-04-30 00:00:00+00:00,1.095,1.098,1.091,1.094,814110100,4.376
2025-05-06 00:00:00+00:00,1.112,1.114,1.1,1.101,1193559254,4.404
2025-05-07 00:00:00+00:00,1.105,1.108,1.101,1.104,840766400,4.416
2025-05-08 00:00:00+00:00,1.114,1.121,1.108,1.119,1288840700,4.476
2025-05-09 00:00:00+00:00,1.119,1.122,1.115,1.118,1105921400,4.472
2025-05-12 00:00:00+00:00,1.137,1.142,1.134,1.139,1184753500,4.556
2025-05-13 00:00:00+00:00,1.155,1.158,1.148,1.149,1040838000,4.596
2025-05-14 00:00:00+00:00,1.17,1.183,1.167,1.181,1747911410,4.724
2025-05-15 00:00:00+00:00,1.18,1.187,1.173,1.174,1100222220,4.696
2025-05-16 00:00:00+00:00,1.178,1.183,1.175,1.176,848475400,4.704
2025-05-19 00:00:00+00:00,1.169,1.173,1.164,1.165,1133418400,4.66
2025-05-20 00:00:00+00:00,1.18,1.183,1.175,1.177,1149482300,4.708
2025-05-21 00:00:00+00:00,1.176,1.177,1.163,1.164,1037195600,4.656
2025-05-22 00:00:00+00:00,1.158,1.162,1.154,1.156,1071180100,4.624
2025-05-23 00:00:00+00:00,1.156,1.159,1.151,1.152,693285300,4.608
2025-05-26 00:00:00+00:00,1.155,1.156,1.153,1.156,570544600,4.624
2025-05-27 00:00:00+00:00,1.155,1.166,1.153,1.165,869645210,4.66
2025-05-28 00:00:00+00:00,1.18,1.182,1.175,1.178,636453800,4.712
2025-05-29 00:00:00+00:00,1.195,1.198,1.193,1.196,835620200,4.784
2025-05-30 00:00:00+00:00,1.167,1.175,1.167,1.172,962373800,4.688
2025-06-03 00:00:00+00:00,1.18,1.181,1.175,1.176,479831600,4.704
2025-06-04 00:00:00+00:00,1.187,1.187,1.18,1.185,931113000,4.74
2025-06-05 00:00:00+00:00,1.185,1.186,1.181,1.181,542580400,4.724
2025-06-06 00:00:00+00:00,1.172,1.179,1.172,1.177,653018600,4.708
2025-06-09 00:00:00+00:00,1.182,1.183,1.179,1.181,465877300,4.724
2025-06-10 00:00:00+00:00,1.188,1.194,1.18,1.182,1271769003,4.728
2025-06-11 00:00:00+00:00,1.186,1.189,1.185,1.186,686279400,4.744
2025-06-12 00:00:00+00:00,1.181,1.183,1.178,1.182,727969900,4.728
2025-06-13 00:00:00+00:00,1.167,1.172,1.163,1.169,1078848900,4.676
2025-06-16 00:00:00+00:00,1.174,1.181,1.173,1.179,1017072900,4.716
2025-06-17 00:00:00+00:00,1.184,1.187,1.181,1.184,906874300,4.736
2025-06-18 00:00:00+00:00,1.181,1.183,1.179,1.18,638709300,4.72
2025-06-19 00:00:00+00:00,1.173,1.177,1.171,1.173,609248900,4.692
2025-06-20 00:00:00+00:00,1.174,1.178,1.172,1.175,596715700,4.7
2025-06-23 00:00:00+00:00,1.166,1.173,1.165,1.171,630747300,4.684
2025-06-24 00:00:00+00:00,1.193,1.201,1.191,1.2,1071119926,4.8
2025-06-25 00:00:00+00:00,1.2,1.203,1.199,1.202,532405498,4.808
2025-06-26 00:00:00+00:00,1.204,1.207,1.201,1.205,749730144,4.82
2025-06-27 00:00:00+00:00,1.213,1.22,1.212,1.218,921170300,4.872
2025-06-30 00:00:00+00:00,1.224,1.228,1.223,1.226,683350802,4.904
2025-07-01 00:00:00+00:00,1.228,1.228,1.22,1.22,678941100,4.88
2025-07-02 00:00:00+00:00,1.215,1.222,1.213,1.22,819690700,4.88
2025-07-03 00:00:00+00:00,1.225,1.227,1.222,1.223,665775400,4.892
2025-07-04 00:00:00+00:00,1.234,1.234,1.23,1.23,710126200,4.92
2025-07-07 00:00:00+00:00,1.228,1.232,1.228,1.229,524028400,4.916
2025-07-08 00:00:00+00:00,1.229,1.23,1.226,1.23,690199500,4.92
2025-07-09 00:00:00+00:00,1.228,1.229,1.222,1.224,627348600,4.896
2025-07-10 00:00:00+00:00,1.23,1.232,1.229,1.231,622495900,4.924
2025-07-11 00:00:00+00:00,1.227,1.229,1.226,1.228,795591445,4.912
2025-07-14 00:00:00+00:00,1.222,1.223,1.219,1.22,516510600,4.88
2025-07-15 00:00:00+00:00,1.229,1.24,1.228,1.239,1190022600,4.956
2025-07-16 00:00:00+00:00,1.233,1.234,1.23,1.231,644032000,4.924
2025-07-17 00:00:00+00:00,1.236,1.242,1.233,1.241,665000200,4.964
2025-07-18 00:00:00+00:00,1.247,1.251,1.246,1.249,664389300,4.996
2025-07-21 00:00:00+00:00,1.249,1.25,1.247,1.248,553562100,4.992
2025-07-22 00:00:00+00:00,1.251,1.253,1.247,1.249,536438581,4.996
2025-07-23 00:00:00+00:00,1.244,1.247,1.243,1.247,567270776,4.988
2025-07-24 00:00:00+00:00,1.252,1.253,1.247,1.248,531459900,4.992
2025-07-25 00:00:00+00:00,1.252,1.253,1.25,1.25,451071700,5.0
2025-07-28 00:00:00+00:00,1.258,1.265,1.258,1.263,726681044,5.052
2025-07-29 00:00:00+00:00,1.263,1.264,1.26,1.263,521266314,5.052
2025-07-30 00:00:00+00:00,1.259,1.261,1.258,1.259,362764072,5.036
2025-07-31 00:00:00+00:00,1.277,1.28,1.276,1.279,961457300,5.116
2025-08-01 00:00:00+00:00,1.255,1.259,1.254,1.255,858829800,5.02
2025-08-04 00:00:00+00:00,1.235,1.238,1.233,1.237,765225455,4.948
2025-08-05 00:00:00+00:00,1.256,1.26,1.254,1.26,602725100,5.04
2025-08-06 00:00:00+00:00,1.244,1.255,1.243,1.253,721019676,5.012
2025-08-07 00:00:00+00:00,1.267,1.268,1.261,1.263,738003100,5.052
2025-08-08 00:00:00+00:00,1.268,1.269,1.265,1.267,446314315,5.068
2025-08-11 00:00:00+00:00,1.278,1.283,1.278,1.283,650271886,5.132
2025-08-12 00:00:00+00:00,1.278,1.28,1.275,1.279,687744816,5.116
2025-08-13 00:00:00+00:00,1.293,1.295,1.288,1.293,948418000,5.172
2025-08-14 00:00:00+00:00,1.29,1.291,1.288,1.29,419864178,5.16
2025-08-15 00:00:00+00:00,1.291,1.294,1.289,1.294,528677700,5.176
2025-08-18 00:00:00+00:00,1.289,1.291,1.281,1.283,872391092,5.132
2025-08-19 00:00:00+00:00,1.283,1.283,1.277,1.28,580718199,5.12
2025-08-20 00:00:00+00:00,1.26,1.264,1.258,1.264,853562842,5.056
2025-08-21 00:00:00+00:00,1.259,1.268,1.257,1.268,1210211494,5.072
2025-08-22 00:00:00+00:00,1.261,1.265,1.256,1.256,852904500,5.024
2025-08-25 00:00:00+00:00,1.274,1.277,1.273,1.276,1027032966,5.104
2025-08-26 00:00:00+00:00,1.271,1.272,1.268,1.268,518637300,5.072
2025-08-27 00:00:00+00:00,1.276,1.281,1.274,1.281,536959827,5.124
2025-08-28 00:00:00+00:00,1.274,1.277,1.269,1.271,805307100,5.084
2025-08-29 00:00:00+00:00,1.276,1.277,1.271,1.271,683761900,5.084
2025-09-01 00:00:00+00:00,1.262,1.263,1.252,1.257,898001600,5.028
2025-09-02 00:00:00+00:00,1.259,1.259,1.255,1.258,638327425,5.032
2025-09-03 00:00:00+00:00,1.251,1.258,1.25,1.256,633512825,5.024
2025-09-04 00:00:00+00:00,1.264,1.267,1.262,1.263,870282300,5.052
2025-09-05 00:00:00+00:00,1.276,1.278,1.274,1.278,668079800,5.112
2025-09-08 00:00:00+00:00,1.276,1.277,1.272,1.272,607980600,5.088
2025-09-09 00:00:00+00:00,1.275,1.277,1.273,1.277,561569900,5.108
2025-09-10 00:00:00+00:00,1.279,1.284,1.279,1.283,721502700,5.132
2025-09-11 00:00:00+00:00,1.281,1.282,1.277,1.282,543196800,5.128
2025-09-12 00:00:00+00:00,1.287,1.287,1.284,1.286,416471594,5.144
2025-09-15 00:00:00+00:00,1.291,1.295,1.29,1.293,648065100,5.172
2025-09-16 00:00:00+00:00,1.301,1.304,1.301,1.303,585006499,5.212
2025-09-17 00:00:00+00:00,1.299,1.3,1.294,1.298,897369128,5.192
2025-09-18 00:00:00+00:00,1.301,1.307,1.3,1.307,1038767300,5.228
2025-09-19 00:00:00+00:00,1.311,1.316,1.31,1.31,899836800,5.24
2025-09-22 00:00:00+00:00,1.32,1.324,1.318,1.323,684741700,5.292
2025-09-23 00:00:00+00:00,1.333,1.345,1.332,1.342,1346687357,5.368
2025-09-24 00:00:00+00:00,1.329,1.33,1.324,1.329,1156537441,5.316
2025-09-25 00:00:00+00:00,1.325,1.328,1.323,1.324,493246000,5.296
2025-09-26 00:00:00+00:00,1.319,1.324,1.315,1.32,714454500,5.28
2025-09-29 00:00:00+00:00,1.328,1.34,1.328,1.34,685387224,5.36
2025-09-30 00:00:00+00:00,1.337,1.344,1.336,1.339,1023947068,5.356
2025-10-09 00:00:00+00:00,1.367,1.367,1.357,1.363,1020268600,5.452
2025-10-10 00:00:00+00:00,1.364,1.373,1.36,1.366,1146835900,5.464
2025-10-13 00:00:00+00:00,1.334,1.353,1.333,1.347,1803838766,5.388
2025-10-14 00:00:00+00:00,1.362,1.364,1.331,1.331,1458861000,5.324
2025-10-15 00:00:00+00:00,1.338,1.354,1.336,1.353,1137264590,5.412
2025-10-16 00:00:00+00:00,1.349,1.365,1.347,1.363,735701946,5.452
2025-10-17 00:00:00+00:00,1.354,1.357,1.329,1.329,1477579200,5.316
2025-10-20 00:00:00+00:00,1.355,1.372,1.354,1.369,1341880005,5.476
2025-10-21 00:00:00+00:00,1.39,1.392,1.377,1.39,1076158954,5.56
2025-10-22 00:00:00+00:00,1.385,1.422,1.381,1.41,2132606436,5.64
2025-10-23 00:00:00+00:00,1.401,1.413,1.392,1.41,978225055,5.64
2025-10-24 00:00:00+00:00,1.435,1.436,1.42,1.43,942901813,5.72
2025-10-27 00:00:00+00:00,1.446,1.462,1.445,1.458,1376339120,5.832
2025-10-28 00:00:00+00:00,1.469,1.483,1.433,1.456,1887481530,5.824
2025-10-29 00:00:00+00:00,1.473,1.484,1.461,1.481,1089977179,5.924
2025-10-30 00:00:00+00:00,1.477,1.486,1.461,1.462,1489566107,5.848
2025-10-31 00:00:00+00:00,1.465,1.474,1.453,1.458,1097765005,5.832
2025-11-03 00:00:00+00:00,1.463,1.464,1.452,1.456,849203478,5.824
2025-11-04 00:00:00+00:00,1.455,1.456,1.425,1.436,1071613777,5.744
2025-11-05 00:00:00+00:00,1.4,1.428,1.392,1.425,1658065976,5.7
2025-11-06 00:00:00+00:00,1.431,1.453,1.428,1.451,1037432603,5.804
2025-11-07 00:00:00+00:00,1.427,1.444,1.422,1.435,1133546200,5.74
2025-11-10 00:00:00+00:00,1.449,1.463,1.447,1.462,1074220633,5.848
2025-11-11 00:00:00+00:00,1.478,1.482,1.461,1.467,950891943,5.868
2025-11-12 00:00:00+00:00,1.472,1.476,1.467,1.472,862108256,5.888
2025-11-13 00:00:00+00:00,1.468,1.469,1.463,1.467,662337772,5.868
2025-11-14 00:00:00+00:00,1.437,1.445,1.425,1.427,1235956373,5.708
2025-11-17 00:00:00+00:00,1.442,1.447,1.412,1.428,1083724204,5.712
2025-11-18 00:00:00+00:00,1.406,1.413,1.379,1.381,1472650100,5.524
2025-11-19 00:00:00+00:00,1.376,1.392,1.374,1.376,1239376720,5.504
2025-11-20 00:00:00+00:00,1.41,1.428,1.408,1.427,1344139038,5.708
2025-11-21 00:00:00+00:00,1.37,1.387,1.368,1.383,1273443000,5.532
2025-11-24 00:00:00+00:00,1.398,1.402,1.386,1.394,662555500,5.576
2025-11-25 00:00:00+00:00,1.429,1.429,1.419,1.422,814457738,5.688
2025-11-26 00:00:00+00:00,1.433,1.446,1.432,1.443,863879437,5.772
2025-11-27 00:00:00+00:00,1.453,1.454,1.437,1.437,609077115,5.748
2025-11-28 00:00:00+00:00,1.445,1.454,1.44,1.452,543352292,5.808
2025-12-01 00:00:00+00:00,1.443,1.449,1.436,1.439,999373038,5.756
2025-12-02 00:00:00+00:00,1.448,1.449,1.436,1.44,785543500,5.76
2025-12-03 00:00:00+00:00,1.45,1.463,1.449,1.458,1029406248,5.832
2025-12-04 00:00:00+00:00,1.457,1.461,1.454,1.458,513549852,5.832
2025-12-05 00:00:00+00:00,1.461,1.461,1.456,1.459,488655226,5.836
2025-12-08 00:00:00+00:00,1.46,1.461,1.45,1.453,644997860,5.812
2025-12-09 00:00:00+00:00,1.448,1.449,1.431,1.432,743849930,5.728
2025-12-10 00:00:00+00:00,1.431,1.446,1.427,1.44,790556409,5.76
2025-12-11 00:00:00+00:00,1.438,1.445,1.423,1.428,787447823,5.712
2025-12-12 00:00:00+00:00,1.437,1.438,1.429,1.431,535702329,5.724
2025-12-15 00:00:00+00:00,1.411,1.419,1.409,1.414,693671731,5.656
2025-12-16 00:00:00+00:00,1.404,1.407,1.388,1.394,671422300,5.576
2025-12-17 00:00:00+00:00,1.403,1.412,1.4,1.407,860842053,5.628
2025-12-18 00:00:00+00:00,1.388,1.395,1.386,1.395,541010400,5.58
2025-12-19 00:00:00+00:00,1.41,1.416,1.407,1.414,600638813,5.656
2025-12-22 00:00:00+00:00,1.438,1.441,1.436,1.441,546523379,5.764
2025-12-23 00:00:00+00:00,1.441,1.442,1.434,1.435,498414121,5.74
2025-12-24 00:00:00+00:00,1.44,1.441,1.431,1.432,318757362,5.728
2025-12-25 00:00:00+00:00,1.432,1.432,1.424,1.426,481457100,5.704
2025-12-26 00:00:00+00:00,1.429,1.431,1.424,1.424,378605034,5.696
2025-12-29 00:00:00+00:00,1.42,1.42,1.41,1.416,436659000,5.664
2025-12-30 00:00:00+00:00,1.409,1.42,1.404,1.42,457789400,5.68
2025-12-31 00:00:00+00:00,1.412,1.415,1.408,1.413,417232730,5.652
2026-01-05 00:00:00+00:00,1.416,1.431,1.416,1.43,708057028,5.72
2026-01-06 00:00:00+00:00,1.428,1.432,1.423,1.43,572066106,5.72
2026-01-07 00:00:00+00:00,1.435,1.435,1.426,1.427,443997131,5.708
2026-01-08 00:00:00+00:00,1.425,1.427,1.418,1.422,327486900,5.688
2026-01-09 00:00:00+00:00,1.417,1.422,1.413,1.418,526602049,5.672
2026-01-12 00:00:00+00:00,1.417,1.419,1.411,1.412,547049721,5.648
2026-01-13 00:00:00+00:00,1.413,1.425,1.405,1.421,907046717,5.684
2026-01-14 00:00:00+00:00,1.417,1.418,1.41,1.413,532728060,5.652
2026-01-15 00:00:00+00:00,1.402,1.415,1.4,1.413,676050505,5.652
2026-01-16 00:00:00+00:00,1.413,1.417,1.402,1.41,610372610,5.64
2026-01-19 00:00:00+00:00,1.392,1.401,1.391,1.395,521940774,5.58
2026-01-20 00:00:00+00:00,1.396,1.399,1.384,1.386,397670500,5.544
2026-01-21 00:00:00+00:00,1.379,1.386,1.374,1.381,445677708,5.524
2026-01-22 00:00:00+00:00,1.395,1.41,1.394,1.409,698804584,5.636
2026-01-23 00:00:00+00:00,1.413,1.415,1.397,1.401,677585966,5.604
2026-01-26 00:00:00+00:00,1.397,1.398,1.386,1.387,535087807,5.548
2026-01-27 00:00:00+00:00,1.397,1.407,1.394,1.403,666463619,5.612
2026-01-28 00:00:00+00:00,1.412,1.418,1.41,1.418,735816035,5.672
2026-01-29 00:00:00+00:00,1.407,1.411,1.404,1.409,413171811,5.636
2026-01-30 00:00:00+00:00,1.396,1.404,1.394,1.396,521722886,5.584
2026-02-02 00:00:00+00:00,1.388,1.392,1.357,1.359,925317362,5.436
2026-02-03 00:00:00+00:00,1.389,1.392,1.376,1.388,918588314,5.552
2026-02-04 00:00:00+00:00,1.365,1.379,1.362,1.379,675679441,5.516
2026-02-05 00:00:00+00:00,1.364,1.369,1.359,1.367,580643200,5.468
2026-02-06 00:00:00+00:00,1.341,1.346,1.338,1.344,921717500,5.376
2026-02-09 00:00:00+00:00,1.369,1.374,1.366,1.371,728632200,5.484
2026-02-10 00:00:00+00:00,1.376,1.376,1.37,1.374,399060700,5.496
2026-02-11 00:00:00+00:00,1.371,1.373,1.368,1.37,375778724,5.48
2026-02-12 00:00:00+00:00,1.368,1.374,1.366,1.369,423574303,5.476
2026-02-13 00:00:00+00:00,1.35,1.363,1.347,1.363,523736500,5.452
2026-02-24 00:00:00+00:00,1.354,1.356,1.345,1.352,495198576,5.408
2026-02-25 00:00:00+00:00,1.36,1.362,1.352,1.353,372669938,5.412
2026-02-26 00:00:00+00:00,1.362,1.366,1.359,1.361,465887860,5.444
2026-02-27 00:00:00+00:00,1.35,1.352,1.347,1.35,327560975,5.4
2026-03-02 00:00:00+00:00,1.341,1.345,1.336,1.337,439728994,5.348
2026-03-03 00:00:00+00:00,1.345,1.345,1.33,1.332,441829206,5.328
2026-03-04 00:00:00+00:00,1.325,1.329,1.31,1.311,629279900,5.244
2026-03-05 00:00:00+00:00,1.335,1.344,1.332,1.343,633616700,5.372
2026-03-06 00:00:00+00:00,1.338,1.347,1.334,1.342,428602796,5.368
2026-03-09 00:00:00+00:00,1.301,1.317,1.3,1.31,826815808,5.24
2026-03-10 00:00:00+00:00,1.335,1.337,1.33,1.332,684487054,5.328
2026-03-11 00:00:00+00:00,1.335,1.34,1.333,1.335,364053781,5.34
2026-03-12 00:00:00+00:00,1.329,1.332,1.326,1.327,422598707,5.308
2026-03-13 00:00:00+00:00,1.319,1.32,1.314,1.315,336064838,5.26
2026-03-16 00:00:00+00:00,1.313,1.325,1.31,1.324,517909908,5.296
2026-03-17 00:00:00+00:00,1.325,1.329,1.316,1.316,498848100,5.264
2026-03-18 00:00:00+00:00,1.328,1.338,1.326,1.333,689354783,5.332
2026-03-19 00:00:00+00:00,1.317,1.319,1.307,1.309,612822596,5.236
2026-03-20 00:00:00+00:00,1.312,1.314,1.296,1.3,358696000,5.2
2026-03-23 00:00:00+00:00,1.28,1.28,1.245,1.257,1042788537,5.028
2026-03-24 00:00:00+00:00,1.272,1.284,1.261,1.281,1091531368,5.124
2026-03-25 00:00:00+00:00,1.288,1.294,1.285,1.292,875575377,5.168
2026-03-26 00:00:00+00:00,1.29,1.293,1.278,1.281,454734370,5.124
2026-03-27 00:00:00+00:00,1.26,1.28,1.258,1.276,612187170,5.104
2026-03-30 00:00:00+00:00,1.251,1.257,1.244,1.254,994930526,5.016
2026-03-31 00:00:00+00:00,1.25,1.261,1.246,1.251,755315040,5.004
2026-04-01 00:00:00+00:00,1.284,1.307,1.282,1.303,960290697,5.212
2026-04-02 00:00:00+00:00,1.293,1.295,1.278,1.284,632685987,5.136
2026-04-03 00:00:00+00:00,1.298,1.3,1.283,1.284,432845359,5.136
2026-04-07 00:00:00+00:00,1.288,1.29,1.283,1.284,412774547,5.136
2026-04-08 00:00:00+00:00,1.325,1.353,1.324,1.35,1286000606,5.4
2026-04-09 00:00:00+00:00,1.33,1.345,1.328,1.336,938254213,5.344
2026-04-10 00:00:00+00:00,1.347,1.358,1.341,1.347,624282835,5.388
2026-04-13 00:00:00+00:00,1.339,1.341,1.333,1.338,676353500,5.352
2026-04-14 00:00:00+00:00,1.361,1.363,1.356,1.359,585582672,5.436
2026-04-15 00:00:00+00:00,1.386,1.39,1.378,1.383,824036039,5.532
2026-04-16 00:00:00+00:00,1.405,1.414,1.405,1.412,821269082,5.648
2026-04-17 00:00:00+00:00,1.408,1.409,1.4,1.404,568367134,5.616
2026-04-20 00:00:00+00:00,1.412,1.413,1.403,1.404,539090471,5.616
2026-04-21 00:00:00+00:00,1.407,1.41,1.387,1.4,873330400,5.6
2026-04-22 00:00:00+00:00,1.4,1.408,1.396,1.407,861233813,5.628
2026-04-23 00:00:00+00:00,1.416,1.42,1.409,1.417,1014743978,5.668
2026-04-24 00:00:00+00:00,1.418,1.42,1.415,1.418,557189500,5.672
2026-04-27 00:00:00+00:00,1.432,1.455,1.432,1.45,1265093459,5.8
2026-04-28 00:00:00+00:00,1.45,1.462,1.449,1.457,985291341,5.828
2026-04-29 00:00:00+00:00,1.45,1.457,1.447,1.452,684434680,5.808
2026-04-30 00:00:00+00:00,1.461,1.47,1.451,1.456,751055200,5.824
2026-05-06 00:00:00+00:00,1.502,1.502,1.49,1.496,1072057071,5.984
2026-05-07 00:00:00+00:00,1.513,1.54,1.512,1.537,1278240946,6.148
2026-05-08 00:00:00+00:00,1.532,1.545,1.523,1.54,942178389,6.16
2026-05-11 00:00:00+00:00,1.568,1.577,1.565,1.577,730484986,6.308
2026-05-12 00:00:00+00:00,1.57,1.57,1.556,1.558,701246015,6.232
2026-05-13 00:00:00+00:00,1.55,1.572,1.549,1.571,898103453,6.284
2026-05-14 00:00:00+00:00,1.589,1.591,1.568,1.577,882448757,6.308
2026-05-15 00:00:00+00:00,1.577,1.584,1.554,1.564,1415783969,6.256
2026-05-18 00:00:00+00:00,1.541,1.546,1.519,1.524,1882305088,6.096
2026-05-19 00:00:00+00:00,1.52,1.527,1.508,1.52,1168874066,6.08
2026-05-20 00:00:00+00:00,1.512,1.535,1.503,1.533,1199998566,6.132
2026-05-21 00:00:00+00:00,1.553,1.572,1.548,1.561,1371254464,6.244
2026-05-22 00:00:00+00:00,1.576,1.591,1.571,1.588,1022269824,6.352
2026-05-25 00:00:00+00:00,1.626,1.654,1.621,1.645,1652868613,6.58
2026-05-26 00:00:00+00:00,1.633,1.643,1.61,1.614,1108711446,6.456
2026-05-27 00:00:00+00:00,1.639,1.652,1.633,1.649,1280918744,6.596
2026-05-28 00:00:00+00:00,1.645,1.649,1.616,1.646,1262470408,6.584
2026-05-29 00:00:00+00:00,1.66,1.692,1.66,1.686,7137477,6.744
2026-06-01 00:00:00+00:00,1.705,1.773,1.705,1.764,2258493672,7.056
2026-06-02 00:00:00+00:00,1.764,1.764,1.708,1.735,1872155390,6.94
2026-06-03 00:00:00+00:00,1.735,1.745,1.688,1.707,1468071072,6.828
