datetime,open,high,low,close,volume,adj_close
2013-07-31 00:00:00+00:00,1.016,1.018,1.013,1.013,1278290,1.013
2013-08-01 00:00:00+00:00,1.014,1.016,1.013,1.014,1847659,1.014
2013-08-02 00:00:00+00:00,1.03,1.033,1.02,1.023,5828079,1.023
2013-08-05 00:00:00+00:00,1.028,1.033,1.028,1.031,3340898,1.031
2013-08-06 00:00:00+00:00,1.03,1.031,1.025,1.03,3644785,1.03
2013-08-07 00:00:00+00:00,1.019,1.02,1.015,1.017,2918609,1.017
2013-08-08 00:00:00+00:00,1.02,1.02,1.016,1.018,1430427,1.018
2013-08-09 00:00:00+00:00,1.019,1.026,1.019,1.026,1490100,1.026
2013-08-12 00:00:00+00:00,1.024,1.024,1.014,1.019,1589345,1.019
2013-08-13 00:00:00+00:00,1.019,1.023,1.016,1.019,1066147,1.019
2013-08-14 00:00:00+00:00,1.023,1.03,1.019,1.021,2387737,1.021
2013-08-15 00:00:00+00:00,1.016,1.02,1.01,1.017,2702901,1.017
2013-08-16 00:00:00+00:00,1.0,1.003,1.0,1.001,1724588,1.001
2013-08-19 00:00:00+00:00,1.001,1.003,0.999,1.0,1101210,1.0
2013-08-20 00:00:00+00:00,0.998,0.999,0.994,0.995,4055433,0.995
2013-08-21 00:00:00+00:00,1.0,1.004,1.0,1.001,785800,1.001
2013-08-22 00:00:00+00:00,1.0,1.001,0.998,0.998,763522,0.998
2013-08-23 00:00:00+00:00,1.008,1.015,1.008,1.015,2587498,1.015
2013-08-26 00:00:00+00:00,1.019,1.021,1.016,1.019,3116200,1.019
2013-08-27 00:00:00+00:00,1.018,1.018,1.015,1.017,709333,1.017
2013-08-28 00:00:00+00:00,0.998,0.999,0.995,0.996,1681899,0.996
2013-08-29 00:00:00+00:00,1.0,1.002,0.999,1.002,670698,1.002
2013-08-30 00:00:00+00:00,1.004,1.011,1.004,1.009,1138899,1.009
2013-09-02 00:00:00+00:00,1.005,1.013,1.004,1.012,3228298,1.012
2013-09-03 00:00:00+00:00,1.012,1.015,1.009,1.015,1940392,1.015
2013-09-04 00:00:00+00:00,1.01,1.016,1.005,1.013,1206210,1.013
2013-09-05 00:00:00+00:00,1.018,1.022,1.016,1.019,2634410,1.019
2013-09-06 00:00:00+00:00,1.02,1.021,1.015,1.016,1003600,1.016
2013-09-09 00:00:00+00:00,1.02,1.028,1.019,1.026,4584910,1.026
2013-09-10 00:00:00+00:00,1.028,1.032,1.027,1.028,2847118,1.028
2013-09-11 00:00:00+00:00,1.028,1.037,1.028,1.03,2946567,1.03
2013-09-12 00:00:00+00:00,1.029,1.037,1.027,1.031,2277499,1.031
2013-09-13 00:00:00+00:00,1.028,1.033,1.026,1.028,721200,1.028
2013-09-16 00:00:00+00:00,1.036,1.043,1.036,1.04,2464899,1.04
2013-09-17 00:00:00+00:00,1.037,1.037,1.029,1.029,852300,1.029
2013-09-18 00:00:00+00:00,1.034,1.042,1.032,1.041,1312200,1.041
2013-09-23 00:00:00+00:00,1.042,1.063,1.042,1.063,3929874,1.063
2013-09-24 00:00:00+00:00,1.043,1.064,1.043,1.06,1043900,1.06
2013-09-25 00:00:00+00:00,1.06,1.063,1.054,1.06,2085410,1.06
2013-09-26 00:00:00+00:00,1.068,1.068,1.054,1.06,1155900,1.06
2013-09-27 00:00:00+00:00,1.07,1.075,1.063,1.071,1163573,1.071
2013-09-30 00:00:00+00:00,1.07,1.07,1.05,1.056,1653900,1.056
2013-10-08 00:00:00+00:00,1.06,1.06,1.054,1.054,995200,1.054
2013-10-09 00:00:00+00:00,1.035,1.04,1.035,1.04,1461599,1.04
2013-10-10 00:00:00+00:00,1.026,1.042,1.026,1.042,733601,1.042
2013-10-11 00:00:00+00:00,1.052,1.065,1.049,1.065,936400,1.065
2013-10-14 00:00:00+00:00,1.07,1.07,1.064,1.067,595400,1.067
2013-10-15 00:00:00+00:00,1.074,1.081,1.074,1.081,1083699,1.081
2013-10-16 00:00:00+00:00,1.073,1.08,1.07,1.079,1122700,1.079
2013-10-17 00:00:00+00:00,1.086,1.096,1.086,1.096,1178880,1.096
2013-10-18 00:00:00+00:00,1.107,1.107,1.094,1.101,1234805,1.101
2013-10-21 00:00:00+00:00,1.101,1.116,1.101,1.114,902973,1.114
2013-10-22 00:00:00+00:00,1.117,1.162,1.114,1.156,6296308,1.156
2013-10-23 00:00:00+00:00,1.156,1.171,1.137,1.14,2400299,1.14
2013-10-24 00:00:00+00:00,1.13,1.143,1.108,1.121,3833600,1.121
2013-10-25 00:00:00+00:00,1.125,1.155,1.125,1.139,2666467,1.139
2013-10-28 00:00:00+00:00,1.151,1.151,1.134,1.141,2151300,1.141
2013-10-29 00:00:00+00:00,1.142,1.142,1.121,1.123,1266100,1.123
2013-10-30 00:00:00+00:00,1.128,1.129,1.124,1.128,1251100,1.128
2013-10-31 00:00:00+00:00,1.12,1.12,1.114,1.116,1052035,1.116
2013-11-01 00:00:00+00:00,1.097,1.12,1.097,1.118,880710,1.118
2013-11-04 00:00:00+00:00,1.112,1.123,1.112,1.122,619600,1.122
2013-11-05 00:00:00+00:00,1.13,1.13,1.122,1.126,776900,1.126
2013-11-06 00:00:00+00:00,1.126,1.134,1.121,1.134,938968,1.134
2013-11-07 00:00:00+00:00,1.131,1.136,1.123,1.134,980200,1.134
2013-11-08 00:00:00+00:00,1.112,1.133,1.104,1.125,1553700,1.125
2013-11-11 00:00:00+00:00,1.145,1.145,1.122,1.128,1280699,1.128
2013-11-12 00:00:00+00:00,1.128,1.128,1.124,1.126,611000,1.126
2013-11-13 00:00:00+00:00,1.121,1.121,1.116,1.117,570700,1.117
2013-11-14 00:00:00+00:00,1.138,1.139,1.128,1.134,2700300,1.134
2013-11-15 00:00:00+00:00,1.14,1.14,1.129,1.132,2106290,1.132
2013-11-18 00:00:00+00:00,1.135,1.138,1.129,1.132,1692375,1.132
2013-11-19 00:00:00+00:00,1.128,1.128,1.111,1.116,2474643,1.116
2013-11-20 00:00:00+00:00,1.113,1.113,1.085,1.098,16732597,1.098
2013-11-21 00:00:00+00:00,1.095,1.1,1.085,1.089,2228251,1.089
2013-11-22 00:00:00+00:00,1.111,1.111,1.103,1.108,1051045,1.108
2013-11-25 00:00:00+00:00,1.108,1.125,1.108,1.125,1136811,1.125
2013-11-26 00:00:00+00:00,1.12,1.122,1.118,1.121,712076,1.121
2013-11-27 00:00:00+00:00,1.126,1.133,1.126,1.133,1299700,1.133
2013-11-28 00:00:00+00:00,1.138,1.142,1.132,1.142,1714400,1.142
2013-11-29 00:00:00+00:00,1.142,1.142,1.135,1.137,635798,1.137
2013-12-02 00:00:00+00:00,1.139,1.142,1.134,1.136,784100,1.136
2013-12-03 00:00:00+00:00,1.136,1.138,1.13,1.131,1075545,1.131
2013-12-04 00:00:00+00:00,1.126,1.136,1.126,1.132,597867,1.132
2013-12-05 00:00:00+00:00,1.134,1.134,1.131,1.132,330900,1.132
2013-12-06 00:00:00+00:00,1.133,1.134,1.131,1.132,540600,1.132
2013-12-09 00:00:00+00:00,1.138,1.144,1.138,1.144,820100,1.144
2013-12-10 00:00:00+00:00,1.142,1.145,1.141,1.145,891700,1.145
2013-12-11 00:00:00+00:00,1.143,1.143,1.135,1.135,761900,1.135
2013-12-12 00:00:00+00:00,1.13,1.138,1.115,1.118,1951124,1.118
2013-12-13 00:00:00+00:00,1.117,1.125,1.117,1.122,522200,1.122
2013-12-16 00:00:00+00:00,1.121,1.125,1.119,1.121,866800,1.121
2013-12-17 00:00:00+00:00,1.126,1.128,1.126,1.128,565700,1.128
2013-12-18 00:00:00+00:00,1.116,1.126,1.116,1.122,824600,1.122
2013-12-19 00:00:00+00:00,1.133,1.14,1.133,1.136,1243000,1.136
2013-12-20 00:00:00+00:00,1.133,1.138,1.132,1.137,1321199,1.137
2013-12-23 00:00:00+00:00,1.148,1.155,1.145,1.155,1207699,1.155
2013-12-24 00:00:00+00:00,1.159,1.173,1.159,1.173,1892800,1.173
2013-12-25 00:00:00+00:00,1.174,1.179,1.167,1.175,786900,1.175
2013-12-26 00:00:00+00:00,1.17,1.177,1.167,1.175,1500809,1.175
2013-12-27 00:00:00+00:00,1.178,1.187,1.176,1.179,1104187,1.179
2013-12-30 00:00:00+00:00,1.176,1.176,1.159,1.162,2717400,1.162
2013-12-31 00:00:00+00:00,1.16,1.163,1.153,1.163,1057200,1.163
2014-01-02 00:00:00+00:00,1.167,1.172,1.167,1.169,1213600,1.169
2014-01-03 00:00:00+00:00,1.16,1.161,1.156,1.161,1436699,1.161
2014-01-06 00:00:00+00:00,1.164,1.164,1.154,1.157,683900,1.157
2014-01-07 00:00:00+00:00,1.156,1.157,1.152,1.156,1090800,1.156
2014-01-08 00:00:00+00:00,1.169,1.173,1.16,1.173,3180304,1.173
2014-01-09 00:00:00+00:00,1.173,1.174,1.17,1.172,620100,1.172
2014-01-10 00:00:00+00:00,1.17,1.172,1.164,1.171,786201,1.171
2014-01-13 00:00:00+00:00,1.17,1.172,1.169,1.17,793600,1.17
2014-01-14 00:00:00+00:00,1.156,1.158,1.15,1.157,1585931,1.157
2014-01-15 00:00:00+00:00,1.168,1.176,1.16,1.168,1214376,1.168
2014-01-16 00:00:00+00:00,1.175,1.182,1.175,1.181,1329242,1.181
2014-01-17 00:00:00+00:00,1.176,1.185,1.176,1.183,626727,1.183
2014-01-20 00:00:00+00:00,1.181,1.182,1.175,1.18,692522,1.18
2014-01-21 00:00:00+00:00,1.179,1.183,1.177,1.182,662664,1.182
2014-01-22 00:00:00+00:00,1.185,1.187,1.182,1.182,834500,1.182
2014-01-23 00:00:00+00:00,1.188,1.194,1.185,1.191,1393831,1.191
2014-01-24 00:00:00+00:00,1.189,1.189,1.181,1.186,1395790,1.186
2014-01-27 00:00:00+00:00,1.174,1.174,1.155,1.162,2333051,1.162
2014-01-28 00:00:00+00:00,1.152,1.16,1.15,1.16,2716115,1.16
2014-01-29 00:00:00+00:00,1.162,1.186,1.159,1.174,1241382,1.174
2014-01-30 00:00:00+00:00,1.159,1.168,1.148,1.163,2209600,1.163
2014-02-07 00:00:00+00:00,1.162,1.162,1.147,1.16,2334602,1.16
2014-02-10 00:00:00+00:00,1.173,1.173,1.17,1.172,1729454,1.172
2014-02-11 00:00:00+00:00,1.173,1.177,1.169,1.171,1360599,1.171
2014-02-12 00:00:00+00:00,1.18,1.184,1.18,1.184,999406,1.184
2014-02-13 00:00:00+00:00,1.183,1.183,1.177,1.177,1537900,1.177
2014-02-14 00:00:00+00:00,1.187,1.194,1.179,1.183,4395749,1.183
2014-02-17 00:00:00+00:00,1.184,1.189,1.181,1.187,2055060,1.187
2014-02-18 00:00:00+00:00,1.187,1.187,1.181,1.184,968885,1.184
2014-02-19 00:00:00+00:00,1.184,1.197,1.184,1.196,1957761,1.196
2014-02-20 00:00:00+00:00,1.189,1.189,1.182,1.189,1058600,1.189
2014-02-21 00:00:00+00:00,1.192,1.204,1.192,1.203,1418870,1.203
2014-02-24 00:00:00+00:00,1.201,1.201,1.197,1.2,1360700,1.2
2014-02-25 00:00:00+00:00,1.203,1.215,1.203,1.215,1817801,1.215
2014-02-26 00:00:00+00:00,1.213,1.229,1.207,1.225,2312902,1.225
2014-02-27 00:00:00+00:00,1.223,1.228,1.21,1.227,1927020,1.227
2014-02-28 00:00:00+00:00,1.228,1.267,1.226,1.25,3226642,1.25
2014-03-03 00:00:00+00:00,1.245,1.246,1.204,1.239,3215825,1.239
2014-03-04 00:00:00+00:00,1.213,1.23,1.211,1.225,3416101,1.225
2014-03-05 00:00:00+00:00,1.241,1.242,1.228,1.24,3639410,1.24
2014-03-06 00:00:00+00:00,1.239,1.239,1.228,1.233,1900700,1.233
2014-03-07 00:00:00+00:00,1.23,1.236,1.226,1.231,1953900,1.231
2014-03-10 00:00:00+00:00,1.231,1.231,1.218,1.22,2460026,1.22
2014-03-11 00:00:00+00:00,1.218,1.221,1.218,1.221,1027900,1.221
2014-03-12 00:00:00+00:00,1.216,1.216,1.211,1.215,1313799,1.215
2014-03-13 00:00:00+00:00,1.221,1.221,1.217,1.219,851099,1.219
2014-03-14 00:00:00+00:00,1.201,1.202,1.195,1.197,2359600,1.197
2014-03-17 00:00:00+00:00,1.192,1.193,1.185,1.189,3545544,1.189
2014-03-18 00:00:00+00:00,1.199,1.208,1.197,1.208,3149574,1.208
2014-03-19 00:00:00+00:00,1.22,1.226,1.22,1.226,2723959,1.226
2014-03-20 00:00:00+00:00,1.218,1.218,1.211,1.213,1423300,1.213
2014-03-21 00:00:00+00:00,1.216,1.22,1.215,1.22,1664759,1.22
2014-03-24 00:00:00+00:00,1.21,1.21,1.203,1.206,2244890,1.206
2014-03-25 00:00:00+00:00,1.193,1.197,1.191,1.197,1932339,1.197
2014-03-26 00:00:00+00:00,1.199,1.199,1.195,1.198,959850,1.198
2014-03-27 00:00:00+00:00,1.181,1.184,1.176,1.179,2324999,1.179
2014-03-28 00:00:00+00:00,1.175,1.175,1.171,1.173,1886959,1.173
2014-03-31 00:00:00+00:00,1.174,1.176,1.174,1.176,1074200,1.176
2014-04-01 00:00:00+00:00,1.187,1.194,1.185,1.193,2303100,1.193
2014-04-02 00:00:00+00:00,1.209,1.216,1.208,1.214,2639580,1.214
2014-04-03 00:00:00+00:00,1.216,1.216,1.208,1.21,1534200,1.21
2014-04-04 00:00:00+00:00,1.197,1.199,1.194,1.199,1697003,1.199
2014-04-08 00:00:00+00:00,1.16,1.162,1.154,1.161,5105203,1.161
2014-04-09 00:00:00+00:00,1.168,1.172,1.161,1.168,3447702,1.168
2014-04-10 00:00:00+00:00,1.186,1.186,1.177,1.18,3185599,1.18
2014-04-11 00:00:00+00:00,1.149,1.149,1.14,1.142,5303800,1.142
2014-04-14 00:00:00+00:00,1.123,1.134,1.122,1.134,2265629,1.134
2014-04-15 00:00:00+00:00,1.136,1.141,1.136,1.139,1952500,1.139
2014-04-16 00:00:00+00:00,1.14,1.145,1.14,1.145,1987000,1.145
2014-04-17 00:00:00+00:00,1.153,1.16,1.153,1.155,1392100,1.155
2014-04-18 00:00:00+00:00,1.157,1.159,1.153,1.154,1928900,1.154
2014-04-21 00:00:00+00:00,1.154,1.159,1.154,1.157,471400,1.157
2014-04-22 00:00:00+00:00,1.162,1.167,1.16,1.166,1156135,1.166
2014-04-23 00:00:00+00:00,1.175,1.178,1.172,1.172,1107039,1.172
2014-04-24 00:00:00+00:00,1.163,1.178,1.163,1.177,3455448,1.177
2014-04-25 00:00:00+00:00,1.176,1.177,1.174,1.177,1204400,1.177
2014-04-28 00:00:00+00:00,1.161,1.162,1.153,1.155,1581200,1.155
2014-04-29 00:00:00+00:00,1.16,1.161,1.157,1.159,532899,1.159
2014-04-30 00:00:00+00:00,1.167,1.172,1.167,1.17,867300,1.17
2014-05-05 00:00:00+00:00,1.171,1.174,1.17,1.174,1033100,1.174
2014-05-06 00:00:00+00:00,1.178,1.182,1.178,1.181,877200,1.181
2014-05-07 00:00:00+00:00,1.163,1.166,1.161,1.164,765300,1.164
2014-05-08 00:00:00+00:00,1.161,1.161,1.159,1.161,1024733,1.161
2014-05-09 00:00:00+00:00,1.161,1.161,1.156,1.159,757167,1.159
2014-05-12 00:00:00+00:00,1.163,1.166,1.161,1.164,1995523,1.164
2014-05-13 00:00:00+00:00,1.18,1.187,1.18,1.186,3120498,1.186
2014-05-14 00:00:00+00:00,1.184,1.192,1.184,1.19,1375275,1.19
2014-05-15 00:00:00+00:00,1.18,1.186,1.18,1.186,720000,1.186
2014-05-16 00:00:00+00:00,1.182,1.182,1.176,1.179,466800,1.179
2014-05-19 00:00:00+00:00,1.18,1.184,1.18,1.182,643700,1.182
2014-05-20 00:00:00+00:00,1.19,1.192,1.19,1.19,899251,1.19
2014-05-21 00:00:00+00:00,1.189,1.189,1.182,1.183,613097,1.183
2014-05-22 00:00:00+00:00,1.195,1.198,1.194,1.197,670600,1.197
2014-05-23 00:00:00+00:00,1.199,1.202,1.199,1.202,694700,1.202
2014-05-26 00:00:00+00:00,1.21,1.212,1.209,1.211,710874,1.211
2014-05-27 00:00:00+00:00,1.212,1.216,1.212,1.216,876700,1.216
2014-05-28 00:00:00+00:00,1.225,1.232,1.225,1.229,1777976,1.229
2014-05-29 00:00:00+00:00,1.231,1.231,1.22,1.224,1621799,1.224
2014-05-30 00:00:00+00:00,1.234,1.239,1.232,1.239,1516400,1.239
2014-06-03 00:00:00+00:00,1.236,1.236,1.231,1.236,705100,1.236
2014-06-04 00:00:00+00:00,1.235,1.235,1.231,1.233,806735,1.233
2014-06-05 00:00:00+00:00,1.24,1.242,1.237,1.242,605001,1.242
2014-06-06 00:00:00+00:00,1.252,1.256,1.249,1.255,1070500,1.255
2014-06-09 00:00:00+00:00,1.261,1.261,1.253,1.256,959633,1.256
2014-06-10 00:00:00+00:00,1.258,1.258,1.246,1.249,2023399,1.249
2014-06-11 00:00:00+00:00,1.249,1.255,1.249,1.255,1643600,1.255
2014-06-12 00:00:00+00:00,1.251,1.253,1.246,1.248,923938,1.248
2014-06-13 00:00:00+00:00,1.24,1.243,1.238,1.241,2339332,1.241
2014-06-16 00:00:00+00:00,1.247,1.247,1.239,1.239,660300,1.239
2014-06-17 00:00:00+00:00,1.242,1.246,1.241,1.243,513049,1.243
2014-06-18 00:00:00+00:00,1.245,1.245,1.241,1.242,605800,1.242
2014-06-19 00:00:00+00:00,1.246,1.258,1.246,1.257,1158532,1.257
2014-06-20 00:00:00+00:00,1.255,1.257,1.253,1.254,530750,1.254
2014-06-23 00:00:00+00:00,1.26,1.26,1.253,1.256,694100,1.256
2014-06-24 00:00:00+00:00,1.256,1.257,1.253,1.256,380300,1.256
2014-06-25 00:00:00+00:00,1.25,1.255,1.247,1.254,1313000,1.254
2014-06-26 00:00:00+00:00,1.262,1.265,1.261,1.264,752809,1.264
2014-06-27 00:00:00+00:00,1.264,1.268,1.26,1.268,915109,1.268
2014-06-30 00:00:00+00:00,1.268,1.271,1.267,1.271,587200,1.271
2014-07-01 00:00:00+00:00,1.272,1.273,1.269,1.273,824300,1.273
2014-07-02 00:00:00+00:00,1.281,1.289,1.281,1.286,1077684,1.286
2014-07-03 00:00:00+00:00,1.286,1.288,1.285,1.288,380900,1.288
2014-07-04 00:00:00+00:00,1.296,1.306,1.295,1.305,1649406,1.305
2014-07-07 00:00:00+00:00,1.305,1.308,1.291,1.308,816115,1.308
2014-07-08 00:00:00+00:00,1.3,1.307,1.3,1.304,1194900,1.304
2014-07-09 00:00:00+00:00,1.295,1.295,1.277,1.284,1915964,1.284
2014-07-10 00:00:00+00:00,1.286,1.293,1.286,1.291,1440200,1.291
2014-07-11 00:00:00+00:00,1.284,1.285,1.28,1.281,1345800,1.281
2014-07-14 00:00:00+00:00,1.285,1.291,1.285,1.29,831500,1.29
2014-07-15 00:00:00+00:00,1.297,1.302,1.295,1.301,1174180,1.301
2014-07-16 00:00:00+00:00,1.296,1.296,1.292,1.296,869200,1.296
2014-07-17 00:00:00+00:00,1.298,1.3,1.297,1.3,415802,1.3
2014-07-18 00:00:00+00:00,1.282,1.29,1.274,1.29,2101300,1.29
2014-07-21 00:00:00+00:00,1.298,1.302,1.297,1.302,1678086,1.302
2014-07-22 00:00:00+00:00,1.291,1.299,1.291,1.299,453900,1.299
2014-07-23 00:00:00+00:00,1.303,1.305,1.3,1.304,1094499,1.304
2014-07-24 00:00:00+00:00,1.307,1.316,1.307,1.314,931000,1.314
2014-07-25 00:00:00+00:00,1.311,1.312,1.309,1.311,736699,1.311
2014-07-28 00:00:00+00:00,1.307,1.31,1.304,1.306,2862699,1.306
2014-07-29 00:00:00+00:00,1.305,1.305,1.299,1.304,2189565,1.304
2014-07-30 00:00:00+00:00,1.302,1.305,1.3,1.303,1232800,1.303
2014-07-31 00:00:00+00:00,1.308,1.31,1.304,1.308,916635,1.308
2014-08-01 00:00:00+00:00,1.283,1.287,1.282,1.287,2151109,1.287
2014-08-04 00:00:00+00:00,1.281,1.286,1.28,1.286,756600,1.286
2014-08-05 00:00:00+00:00,1.294,1.294,1.284,1.288,2006555,1.288
2014-08-06 00:00:00+00:00,1.28,1.281,1.278,1.279,883879,1.279
2014-08-07 00:00:00+00:00,1.275,1.281,1.275,1.281,703850,1.281
2014-08-08 00:00:00+00:00,1.278,1.278,1.271,1.272,1100000,1.272
2014-08-11 00:00:00+00:00,1.278,1.286,1.278,1.286,1273100,1.286
2014-08-12 00:00:00+00:00,1.293,1.293,1.289,1.29,750100,1.29
2014-08-13 00:00:00+00:00,1.29,1.29,1.283,1.285,413900,1.285
2014-08-14 00:00:00+00:00,1.293,1.302,1.293,1.302,1153600,1.302
2014-08-15 00:00:00+00:00,1.305,1.311,1.305,1.311,1042900,1.311
2014-08-18 00:00:00+00:00,1.316,1.316,1.308,1.309,1195600,1.309
2014-08-19 00:00:00+00:00,1.318,1.325,1.318,1.325,1482367,1.325
2014-08-20 00:00:00+00:00,1.328,1.333,1.328,1.333,948709,1.333
2014-08-21 00:00:00+00:00,1.331,1.333,1.327,1.329,1083000,1.329
2014-08-22 00:00:00+00:00,1.334,1.334,1.331,1.333,520400,1.333
2014-08-25 00:00:00+00:00,1.334,1.337,1.334,1.337,839100,1.337
2014-08-26 00:00:00+00:00,1.34,1.348,1.34,1.348,1094749,1.348
2014-08-27 00:00:00+00:00,1.351,1.361,1.345,1.35,1039105,1.35
2014-08-28 00:00:00+00:00,1.346,1.346,1.342,1.344,732100,1.344
2014-08-29 00:00:00+00:00,1.34,1.34,1.334,1.336,1379200,1.336
2014-09-01 00:00:00+00:00,1.34,1.347,1.34,1.345,853900,1.345
2014-09-02 00:00:00+00:00,1.346,1.357,1.346,1.356,1658500,1.356
2014-09-03 00:00:00+00:00,1.357,1.365,1.355,1.36,1170809,1.36
2014-09-04 00:00:00+00:00,1.354,1.354,1.341,1.341,1844316,1.341
2014-09-05 00:00:00+00:00,1.341,1.341,1.337,1.339,993499,1.339
2014-09-09 00:00:00+00:00,1.345,1.35,1.345,1.348,1596101,1.348
2014-09-10 00:00:00+00:00,1.335,1.34,1.331,1.34,1104000,1.34
2014-09-11 00:00:00+00:00,1.345,1.345,1.341,1.342,642600,1.342
2014-09-12 00:00:00+00:00,1.346,1.346,1.341,1.341,692200,1.341
2014-09-15 00:00:00+00:00,1.336,1.337,1.334,1.337,477416,1.337
2014-09-16 00:00:00+00:00,1.329,1.329,1.321,1.322,990560,1.322
2014-09-17 00:00:00+00:00,1.325,1.336,1.325,1.334,1155900,1.334
2014-09-18 00:00:00+00:00,1.339,1.339,1.336,1.338,389200,1.338
2014-09-19 00:00:00+00:00,1.34,1.354,1.34,1.354,1277001,1.354
2014-09-22 00:00:00+00:00,1.35,1.35,1.345,1.346,412300,1.346
2014-09-23 00:00:00+00:00,1.331,1.335,1.329,1.335,1385454,1.335
2014-09-24 00:00:00+00:00,1.33,1.33,1.323,1.326,1904100,1.326
2014-09-25 00:00:00+00:00,1.339,1.341,1.337,1.339,1003704,1.339
2014-09-26 00:00:00+00:00,1.314,1.314,1.312,1.313,1251800,1.313
2014-09-29 00:00:00+00:00,1.326,1.33,1.326,1.327,1040800,1.327
2014-09-30 00:00:00+00:00,1.327,1.327,1.323,1.325,2263350,1.325
2014-10-08 00:00:00+00:00,1.294,1.297,1.29,1.294,4477673,1.294
2014-10-09 00:00:00+00:00,1.312,1.322,1.312,1.314,2626500,1.314
2014-10-10 00:00:00+00:00,1.291,1.296,1.29,1.296,1455200,1.296
2014-10-13 00:00:00+00:00,1.268,1.278,1.267,1.278,2613800,1.278
2014-10-14 00:00:00+00:00,1.264,1.268,1.256,1.268,3790454,1.268
2014-10-15 00:00:00+00:00,1.268,1.272,1.262,1.268,1739300,1.268
2014-10-16 00:00:00+00:00,1.264,1.275,1.254,1.265,2067944,1.265
2014-10-17 00:00:00+00:00,1.266,1.266,1.251,1.256,2830715,1.256
2014-10-20 00:00:00+00:00,1.262,1.265,1.26,1.265,1969215,1.265
2014-10-21 00:00:00+00:00,1.276,1.277,1.275,1.276,2101000,1.276
2014-10-22 00:00:00+00:00,1.3,1.307,1.298,1.307,4289704,1.307
2014-10-23 00:00:00+00:00,1.301,1.301,1.296,1.299,1859400,1.299
2014-10-24 00:00:00+00:00,1.31,1.313,1.31,1.31,1669905,1.31
2014-10-27 00:00:00+00:00,1.317,1.325,1.316,1.324,1800890,1.324
2014-10-28 00:00:00+00:00,1.324,1.327,1.319,1.319,1993501,1.319
2014-10-29 00:00:00+00:00,1.334,1.342,1.334,1.334,1882700,1.334
2014-10-30 00:00:00+00:00,1.329,1.334,1.324,1.334,2036700,1.334
2014-10-31 00:00:00+00:00,1.338,1.347,1.338,1.347,1724800,1.347
2014-11-03 00:00:00+00:00,1.361,1.361,1.357,1.357,724800,1.357
2014-11-04 00:00:00+00:00,1.334,1.362,1.334,1.359,1071310,1.359
2014-11-05 00:00:00+00:00,1.353,1.357,1.352,1.354,969300,1.354
2014-11-06 00:00:00+00:00,1.352,1.357,1.352,1.354,771200,1.354
2014-11-07 00:00:00+00:00,1.357,1.363,1.357,1.363,1017100,1.363
2014-11-10 00:00:00+00:00,1.362,1.367,1.362,1.363,784600,1.363
2014-11-11 00:00:00+00:00,1.365,1.365,1.36,1.363,1117500,1.363
2014-11-12 00:00:00+00:00,1.365,1.365,1.36,1.362,549400,1.362
2014-11-13 00:00:00+00:00,1.363,1.367,1.363,1.364,1119100,1.364
2014-11-14 00:00:00+00:00,1.363,1.373,1.363,1.365,1038000,1.365
2014-11-17 00:00:00+00:00,1.366,1.374,1.366,1.368,1047300,1.368
2014-11-18 00:00:00+00:00,1.365,1.369,1.365,1.368,781800,1.368
2014-11-19 00:00:00+00:00,1.371,1.385,1.371,1.385,890900,1.385
2014-11-20 00:00:00+00:00,1.379,1.379,1.37,1.372,440700,1.372
2014-11-21 00:00:00+00:00,1.374,1.381,1.374,1.378,532500,1.378
2014-11-24 00:00:00+00:00,1.378,1.381,1.368,1.37,3625700,1.37
2014-11-25 00:00:00+00:00,1.379,1.392,1.379,1.383,1549601,1.383
2014-11-26 00:00:00+00:00,1.383,1.391,1.383,1.389,656500,1.389
2014-11-27 00:00:00+00:00,1.395,1.403,1.395,1.4,927150,1.4
2014-11-28 00:00:00+00:00,1.4,1.401,1.397,1.4,1199700,1.4
2014-12-01 00:00:00+00:00,1.4,1.407,1.396,1.398,2195600,1.398
2014-12-02 00:00:00+00:00,1.38,1.39,1.379,1.382,2402600,1.382
2014-12-03 00:00:00+00:00,1.384,1.397,1.384,1.395,867899,1.395
2014-12-04 00:00:00+00:00,1.398,1.4,1.394,1.397,1128911,1.397
2014-12-05 00:00:00+00:00,1.39,1.399,1.38,1.39,1470454,1.39
2014-12-08 00:00:00+00:00,1.393,1.398,1.388,1.391,1511000,1.391
2014-12-09 00:00:00+00:00,1.381,1.385,1.372,1.373,1933200,1.373
2014-12-10 00:00:00+00:00,1.373,1.394,1.373,1.394,987700,1.394
2014-12-11 00:00:00+00:00,1.374,1.374,1.362,1.364,1031500,1.364
2014-12-12 00:00:00+00:00,1.372,1.372,1.359,1.365,2937800,1.365
2014-12-15 00:00:00+00:00,1.356,1.357,1.352,1.353,928071,1.353
2014-12-16 00:00:00+00:00,1.341,1.35,1.341,1.35,1936800,1.35
2014-12-17 00:00:00+00:00,1.343,1.343,1.325,1.33,2483100,1.33
2014-12-18 00:00:00+00:00,1.355,1.362,1.351,1.362,4203300,1.362
2014-12-19 00:00:00+00:00,1.393,1.403,1.392,1.403,3255800,1.403
2014-12-22 00:00:00+00:00,1.407,1.408,1.391,1.397,2387310,1.397
2014-12-23 00:00:00+00:00,1.398,1.401,1.395,1.4,851650,1.4
2014-12-24 00:00:00+00:00,1.396,1.399,1.391,1.395,1409601,1.395
2014-12-25 00:00:00+00:00,1.396,1.396,1.393,1.395,574711,1.395
2014-12-26 00:00:00+00:00,1.395,1.395,1.391,1.394,477400,1.394
2014-12-29 00:00:00+00:00,1.397,1.406,1.397,1.404,1245310,1.404
2014-12-30 00:00:00+00:00,1.402,1.403,1.398,1.401,876911,1.401
2014-12-31 00:00:00+00:00,1.39,1.392,1.38,1.392,1106601,1.392
2015-01-05 00:00:00+00:00,1.385,1.385,1.363,1.367,3227800,1.367
2015-01-06 00:00:00+00:00,1.355,1.355,1.345,1.349,1584360,1.349
2015-01-07 00:00:00+00:00,1.338,1.351,1.332,1.351,2647600,1.351
2015-01-08 00:00:00+00:00,1.365,1.371,1.354,1.37,2789999,1.37
2015-01-09 00:00:00+00:00,1.386,1.39,1.383,1.389,2292200,1.389
2015-01-12 00:00:00+00:00,1.374,1.386,1.374,1.378,1894900,1.378
2015-01-13 00:00:00+00:00,1.365,1.365,1.356,1.36,1153400,1.36
2015-01-14 00:00:00+00:00,1.364,1.364,1.352,1.353,1095100,1.353
2015-01-15 00:00:00+00:00,1.351,1.352,1.345,1.352,1519800,1.352
2015-01-16 00:00:00+00:00,1.333,1.35,1.331,1.35,3330900,1.35
2015-01-19 00:00:00+00:00,1.358,1.379,1.336,1.339,11212200,1.339
2015-01-20 00:00:00+00:00,1.345,1.353,1.343,1.349,4275200,1.349
2015-01-21 00:00:00+00:00,1.351,1.363,1.351,1.359,4955101,1.359
2015-01-22 00:00:00+00:00,1.359,1.377,1.359,1.373,8011937,1.373
2015-01-23 00:00:00+00:00,1.404,1.405,1.392,1.394,6595378,1.394
2015-01-26 00:00:00+00:00,1.387,1.398,1.387,1.393,3585800,1.393
2015-01-27 00:00:00+00:00,1.393,1.398,1.393,1.394,4522200,1.394
2015-01-28 00:00:00+00:00,1.366,1.373,1.361,1.372,2797662,1.372
2015-01-29 00:00:00+00:00,1.351,1.358,1.35,1.354,2137500,1.354
2015-01-30 00:00:00+00:00,1.363,1.371,1.363,1.371,2301400,1.371
2015-02-02 00:00:00+00:00,1.36,1.36,1.35,1.357,1312700,1.357
2015-02-03 00:00:00+00:00,1.369,1.371,1.367,1.367,1385900,1.367
2015-02-04 00:00:00+00:00,1.38,1.382,1.378,1.381,5745400,1.381
2015-02-05 00:00:00+00:00,1.378,1.378,1.373,1.376,849200,1.376
2015-02-06 00:00:00+00:00,1.388,1.39,1.386,1.387,8601300,1.387
2015-02-09 00:00:00+00:00,1.382,1.382,1.37,1.373,1500900,1.373
2015-02-10 00:00:00+00:00,1.368,1.371,1.365,1.367,1394489,1.367
2015-02-11 00:00:00+00:00,1.378,1.391,1.378,1.385,26691200,1.385
2015-02-12 00:00:00+00:00,1.389,1.395,1.389,1.393,143326800,1.393
2015-02-13 00:00:00+00:00,1.404,1.42,1.403,1.419,191870592,1.419
2015-02-16 00:00:00+00:00,1.43,1.45,1.421,1.435,51581568,1.435
2015-02-17 00:00:00+00:00,1.435,1.437,1.426,1.437,28471900,1.437
2015-02-25 00:00:00+00:00,1.45,1.471,1.45,1.45,42470400,1.45
2015-02-26 00:00:00+00:00,1.451,1.452,1.444,1.444,126752048,1.444
2015-02-27 00:00:00+00:00,1.447,1.452,1.447,1.449,58991908,1.449
2015-03-02 00:00:00+00:00,1.452,1.452,1.444,1.452,17522540,1.452
2015-03-03 00:00:00+00:00,1.466,1.475,1.462,1.474,63570100,1.474
2015-03-04 00:00:00+00:00,1.472,1.472,1.46,1.468,42562100,1.468
2015-03-05 00:00:00+00:00,1.46,1.462,1.456,1.457,21362300,1.457
2015-03-06 00:00:00+00:00,1.462,1.465,1.459,1.463,100604704,1.463
2015-03-09 00:00:00+00:00,1.444,1.454,1.443,1.449,176642400,1.449
2015-03-10 00:00:00+00:00,1.445,1.455,1.445,1.45,150168608,1.45
2015-03-11 00:00:00+00:00,1.439,1.439,1.348,1.426,142110304,1.426
2015-03-12 00:00:00+00:00,1.424,1.424,1.417,1.424,102209696,1.424
2015-03-13 00:00:00+00:00,1.44,1.44,1.428,1.431,203391440,1.431
2015-03-16 00:00:00+00:00,1.43,1.43,1.419,1.427,50696800,1.427
2015-03-17 00:00:00+00:00,1.442,1.442,1.434,1.441,72723360,1.441
2015-03-18 00:00:00+00:00,1.444,1.445,1.44,1.44,211886720,1.44
2015-03-19 00:00:00+00:00,1.449,1.458,1.447,1.455,122232320,1.455
2015-03-20 00:00:00+00:00,1.458,1.458,1.45,1.454,280384192,1.454
2015-03-23 00:00:00+00:00,1.46,1.465,1.46,1.46,222067008,1.46
2015-03-24 00:00:00+00:00,1.454,1.462,1.454,1.458,655615616,1.458
2015-03-25 00:00:00+00:00,1.456,1.463,1.45,1.46,226218704,1.46
2015-03-26 00:00:00+00:00,1.436,1.439,1.424,1.439,33274800,1.439
2015-03-27 00:00:00+00:00,1.433,1.441,1.42,1.439,22126100,1.439
2015-03-30 00:00:00+00:00,1.439,1.439,1.425,1.432,218018704,1.432
2015-03-31 00:00:00+00:00,1.445,1.445,1.435,1.437,64566900,1.437
2015-04-01 00:00:00+00:00,1.427,1.427,1.413,1.415,57011700,1.415
2015-04-02 00:00:00+00:00,1.411,1.414,1.408,1.412,100757728,1.412
2015-04-03 00:00:00+00:00,1.413,1.416,1.412,1.416,154279824,1.416
2015-04-07 00:00:00+00:00,1.424,1.424,1.416,1.42,175375808,1.42
2015-04-08 00:00:00+00:00,1.418,1.418,1.411,1.415,167406304,1.415
2015-04-09 00:00:00+00:00,1.416,1.422,1.416,1.421,81334160,1.421
2015-04-10 00:00:00+00:00,1.424,1.432,1.424,1.431,100105440,1.431
2015-04-13 00:00:00+00:00,1.436,1.437,1.429,1.431,95490176,1.431
2015-04-14 00:00:00+00:00,1.429,1.436,1.424,1.426,70448480,1.426
2015-04-15 00:00:00+00:00,1.423,1.432,1.423,1.43,43011500,1.43
2015-04-16 00:00:00+00:00,1.433,1.44,1.433,1.439,35452704,1.439
2015-04-17 00:00:00+00:00,1.439,1.439,1.432,1.438,36237748,1.438
2015-04-20 00:00:00+00:00,1.421,1.421,1.411,1.416,68984016,1.416
2015-04-21 00:00:00+00:00,1.429,1.435,1.429,1.429,72451848,1.429
2015-04-22 00:00:00+00:00,1.431,1.44,1.431,1.434,84981080,1.434
2015-04-23 00:00:00+00:00,1.439,1.442,1.438,1.439,47091600,1.439
2015-04-24 00:00:00+00:00,1.444,1.462,1.444,1.462,83403880,1.462
2015-04-27 00:00:00+00:00,1.47,1.481,1.47,1.477,87168528,1.477
2015-04-28 00:00:00+00:00,1.473,1.473,1.466,1.467,67782200,1.467
2015-04-29 00:00:00+00:00,1.466,1.468,1.462,1.467,106900064,1.467
2015-04-30 00:00:00+00:00,1.46,1.46,1.454,1.458,79476552,1.458
2015-05-04 00:00:00+00:00,1.46,1.46,1.454,1.457,63042100,1.457
2015-05-05 00:00:00+00:00,1.458,1.458,1.454,1.456,47952900,1.456
2015-05-06 00:00:00+00:00,1.443,1.443,1.429,1.437,68725672,1.437
2015-05-07 00:00:00+00:00,1.43,1.437,1.418,1.435,93514488,1.435
2015-05-08 00:00:00+00:00,1.438,1.451,1.435,1.45,57043608,1.45
2015-05-11 00:00:00+00:00,1.458,1.459,1.454,1.457,55603200,1.457
2015-05-12 00:00:00+00:00,1.457,1.457,1.445,1.453,58281500,1.453
2015-05-13 00:00:00+00:00,1.45,1.451,1.441,1.45,39600104,1.45
2015-05-14 00:00:00+00:00,1.447,1.457,1.443,1.456,78170392,1.456
2015-05-15 00:00:00+00:00,1.469,1.48,1.463,1.464,60914200,1.464
2015-05-18 00:00:00+00:00,1.464,1.466,1.459,1.46,130348776,1.46
2015-05-19 00:00:00+00:00,1.468,1.468,1.461,1.462,71634704,1.462
2015-05-20 00:00:00+00:00,1.46,1.461,1.453,1.453,113177800,1.453
2015-05-21 00:00:00+00:00,1.453,1.461,1.453,1.46,60246352,1.46
2015-05-22 00:00:00+00:00,1.462,1.471,1.461,1.468,90310608,1.468
2015-05-25 00:00:00+00:00,1.464,1.47,1.451,1.468,159253760,1.468
2015-05-26 00:00:00+00:00,1.47,1.471,1.465,1.466,110161880,1.466
2015-05-27 00:00:00+00:00,1.461,1.461,1.448,1.454,94939864,1.454
2015-05-28 00:00:00+00:00,1.461,1.5,1.461,1.481,86920800,1.481
2015-05-29 00:00:00+00:00,1.479,1.479,1.469,1.475,47774400,1.475
2015-06-01 00:00:00+00:00,1.469,1.469,1.457,1.467,92642512,1.467
2015-06-02 00:00:00+00:00,1.468,1.471,1.465,1.468,69095432,1.468
2015-06-03 00:00:00+00:00,1.455,1.464,1.455,1.459,133436560,1.459
2015-06-04 00:00:00+00:00,1.46,1.469,1.46,1.465,206745600,1.465
2015-06-05 00:00:00+00:00,1.465,1.465,1.451,1.464,9145676,1.464
2015-06-08 00:00:00+00:00,1.464,1.464,1.452,1.458,172221296,1.458
2015-06-09 00:00:00+00:00,1.456,1.456,1.441,1.449,161286800,1.449
2015-06-10 00:00:00+00:00,1.45,1.452,1.444,1.452,132095696,1.452
2015-06-11 00:00:00+00:00,1.462,1.465,1.46,1.46,146760384,1.46
2015-06-12 00:00:00+00:00,1.46,1.463,1.441,1.46,96048512,1.46
2015-06-15 00:00:00+00:00,1.456,1.458,1.448,1.456,99648496,1.456
2015-06-16 00:00:00+00:00,1.469,1.469,1.443,1.45,141305040,1.45
2015-06-17 00:00:00+00:00,1.458,1.46,1.445,1.446,152917296,1.446
2015-06-18 00:00:00+00:00,1.455,1.455,1.44,1.441,178470176,1.441
2015-06-19 00:00:00+00:00,1.459,1.465,1.458,1.462,90699000,1.462
2015-06-23 00:00:00+00:00,1.465,1.493,1.465,1.485,134164576,1.485
2015-06-24 00:00:00+00:00,1.488,1.49,1.478,1.481,163497808,1.481
2015-06-25 00:00:00+00:00,1.48,1.48,1.464,1.471,103787400,1.471
2015-06-26 00:00:00+00:00,1.471,1.471,1.465,1.47,31760448,1.47
2015-06-29 00:00:00+00:00,1.463,1.463,1.455,1.456,178350096,1.456
2015-06-30 00:00:00+00:00,1.44,1.441,1.423,1.44,226542736,1.44
2015-07-01 00:00:00+00:00,1.44,1.441,1.436,1.44,28086000,1.44
2015-07-02 00:00:00+00:00,1.442,1.451,1.442,1.447,23284900,1.447
2015-07-03 00:00:00+00:00,1.447,1.449,1.431,1.443,26151000,1.443
2015-07-06 00:00:00+00:00,1.443,1.448,1.41,1.414,13380500,1.414
2015-07-07 00:00:00+00:00,1.421,1.424,1.383,1.419,29697100,1.419
2015-07-08 00:00:00+00:00,1.413,1.425,1.3,1.38,21385500,1.38
2015-07-09 00:00:00+00:00,1.37,1.447,1.342,1.382,18851604,1.382
2015-07-10 00:00:00+00:00,1.381,1.43,1.375,1.386,20336102,1.386
2015-07-13 00:00:00+00:00,1.401,1.406,1.394,1.4,34613700,1.4
2015-07-14 00:00:00+00:00,1.419,1.45,1.411,1.441,20106500,1.441
2015-07-15 00:00:00+00:00,1.451,1.468,1.451,1.462,6730700,1.462
2015-07-16 00:00:00+00:00,1.466,1.466,1.4,1.439,21228100,1.439
2015-07-17 00:00:00+00:00,1.461,1.48,1.458,1.475,7340601,1.475
2015-07-20 00:00:00+00:00,1.48,1.53,1.48,1.508,10504100,1.508
2015-07-21 00:00:00+00:00,1.523,1.529,1.502,1.525,15063300,1.525
2015-07-22 00:00:00+00:00,1.512,1.512,1.503,1.507,21390300,1.507
2015-07-23 00:00:00+00:00,1.5,1.51,1.498,1.51,18035100,1.51
2015-07-24 00:00:00+00:00,1.5,1.511,1.496,1.498,29942100,1.498
2015-07-27 00:00:00+00:00,1.488,1.49,1.477,1.478,31178000,1.478
2015-07-28 00:00:00+00:00,1.476,1.476,1.464,1.472,16015500,1.472
2015-07-29 00:00:00+00:00,1.481,1.505,1.481,1.499,1353602,1.499
2015-07-30 00:00:00+00:00,1.503,1.521,1.503,1.52,11833600,1.52
2015-07-31 00:00:00+00:00,1.54,1.541,1.521,1.526,26246000,1.526
2015-08-03 00:00:00+00:00,1.53,1.538,1.515,1.528,14121000,1.528
2015-08-04 00:00:00+00:00,1.528,1.528,1.51,1.511,17982866,1.511
2015-08-05 00:00:00+00:00,1.51,1.51,1.501,1.502,17412900,1.502
2015-08-06 00:00:00+00:00,1.507,1.522,1.507,1.52,19634236,1.52
2015-08-07 00:00:00+00:00,1.518,1.518,1.493,1.497,24189000,1.497
2015-08-10 00:00:00+00:00,1.498,1.5,1.49,1.49,11998500,1.49
2015-08-11 00:00:00+00:00,1.504,1.565,1.502,1.564,19636190,1.564
2015-08-12 00:00:00+00:00,1.532,1.56,1.513,1.529,16250668,1.529
2015-08-13 00:00:00+00:00,1.523,1.55,1.523,1.544,19151300,1.544
2015-08-14 00:00:00+00:00,1.545,1.553,1.535,1.552,20564700,1.552
2015-08-17 00:00:00+00:00,1.553,1.558,1.549,1.557,18001500,1.557
2015-08-18 00:00:00+00:00,1.566,1.598,1.566,1.577,21990300,1.577
2015-08-19 00:00:00+00:00,1.568,1.57,1.546,1.558,35817720,1.558
2015-08-20 00:00:00+00:00,1.555,1.555,1.53,1.537,22222830,1.537
2015-08-21 00:00:00+00:00,1.498,1.499,1.485,1.487,13334468,1.487
2015-08-24 00:00:00+00:00,1.405,1.425,1.364,1.375,5979130,1.375
2015-08-25 00:00:00+00:00,1.339,1.387,1.339,1.378,2930652,1.378
2015-08-26 00:00:00+00:00,1.389,1.403,1.36,1.384,17853490,1.384
2015-08-27 00:00:00+00:00,1.43,1.45,1.43,1.448,13462000,1.448
2015-08-28 00:00:00+00:00,1.482,1.484,1.46,1.48,18806400,1.48
2015-08-31 00:00:00+00:00,1.478,1.478,1.467,1.468,8331700,1.468
2015-09-01 00:00:00+00:00,1.456,1.46,1.425,1.426,20620012,1.426
2015-09-02 00:00:00+00:00,1.403,1.428,1.391,1.427,19865744,1.427
2015-09-07 00:00:00+00:00,1.428,1.429,1.412,1.419,19162600,1.419
2015-09-08 00:00:00+00:00,1.426,1.469,1.42,1.46,11563911,1.46
2015-09-09 00:00:00+00:00,1.477,1.478,1.463,1.471,8861100,1.471
2015-09-10 00:00:00+00:00,1.46,1.464,1.43,1.442,9669250,1.442
2015-09-11 00:00:00+00:00,1.45,1.467,1.45,1.466,8728650,1.466
2015-09-14 00:00:00+00:00,1.477,1.477,1.464,1.464,902400,1.464
2015-09-15 00:00:00+00:00,1.464,1.464,1.438,1.439,301000,1.439
2015-09-16 00:00:00+00:00,1.461,1.477,1.461,1.476,12329600,1.476
2015-09-17 00:00:00+00:00,1.48,1.489,1.478,1.478,11462200,1.478
2015-09-18 00:00:00+00:00,1.475,1.482,1.475,1.479,11896311,1.479
2015-09-21 00:00:00+00:00,1.458,1.461,1.452,1.461,866400,1.461
2015-09-22 00:00:00+00:00,1.462,1.469,1.462,1.468,406911,1.468
2015-09-23 00:00:00+00:00,1.45,1.45,1.436,1.446,1185000,1.446
2015-09-24 00:00:00+00:00,1.445,1.447,1.444,1.446,245800,1.446
2015-09-25 00:00:00+00:00,1.44,1.45,1.44,1.45,682612,1.45
2015-09-28 00:00:00+00:00,1.44,1.44,1.428,1.434,840801,1.434
2015-09-29 00:00:00+00:00,1.4,1.4,1.381,1.393,1543511,1.393
2015-09-30 00:00:00+00:00,1.383,1.394,1.38,1.394,3179000,1.394
2015-10-08 00:00:00+00:00,1.451,1.458,1.431,1.443,3716944,1.443
2015-10-09 00:00:00+00:00,1.443,1.452,1.443,1.45,1328100,1.45
2015-10-12 00:00:00+00:00,1.452,1.461,1.452,1.461,862300,1.461
2015-10-13 00:00:00+00:00,1.461,1.465,1.455,1.459,919000,1.459
2015-10-14 00:00:00+00:00,1.445,1.454,1.437,1.451,1623100,1.451
2015-10-15 00:00:00+00:00,1.442,1.462,1.442,1.46,5439277,1.46
2015-10-16 00:00:00+00:00,1.472,1.484,1.472,1.484,965800,1.484
2015-10-19 00:00:00+00:00,1.484,1.488,1.482,1.485,1217101,1.485
2015-10-20 00:00:00+00:00,1.485,1.497,1.485,1.495,740100,1.495
2015-10-21 00:00:00+00:00,1.496,1.496,1.487,1.488,438300,1.488
2015-10-22 00:00:00+00:00,1.486,1.486,1.473,1.484,830401,1.484
2015-10-23 00:00:00+00:00,1.51,1.539,1.51,1.531,3549500,1.531
2015-10-26 00:00:00+00:00,1.568,1.568,1.549,1.549,992100,1.549
2015-10-27 00:00:00+00:00,1.552,1.563,1.542,1.542,653601,1.542
2015-10-28 00:00:00+00:00,1.542,1.556,1.541,1.553,1295300,1.553
2015-10-29 00:00:00+00:00,1.565,1.565,1.559,1.56,638100,1.56
2015-10-30 00:00:00+00:00,1.56,1.569,1.56,1.569,476500,1.569
2015-11-02 00:00:00+00:00,1.564,1.565,1.552,1.552,484900,1.552
2015-11-03 00:00:00+00:00,1.569,1.576,1.568,1.575,1020300,1.575
2015-11-04 00:00:00+00:00,1.579,1.58,1.574,1.58,805900,1.58
2015-11-05 00:00:00+00:00,1.58,1.58,1.572,1.579,290100,1.579
2015-11-06 00:00:00+00:00,1.579,1.579,1.571,1.574,525060,1.574
2015-11-09 00:00:00+00:00,1.575,1.583,1.574,1.583,1711600,1.583
2015-11-10 00:00:00+00:00,1.558,1.567,1.558,1.563,1190400,1.563
2015-11-11 00:00:00+00:00,1.558,1.561,1.556,1.558,456409,1.558
2015-11-12 00:00:00+00:00,1.554,1.563,1.553,1.559,383400,1.559
2015-11-13 00:00:00+00:00,1.541,1.549,1.541,1.543,520900,1.543
2015-11-16 00:00:00+00:00,1.525,1.525,1.505,1.516,1720300,1.516
2015-11-17 00:00:00+00:00,1.536,1.552,1.536,1.552,1462200,1.552
2015-11-18 00:00:00+00:00,1.55,1.55,1.542,1.548,348600,1.548
2015-11-19 00:00:00+00:00,1.564,1.583,1.564,1.583,1271011,1.583
2015-11-20 00:00:00+00:00,1.583,1.585,1.574,1.581,478300,1.581
2015-11-23 00:00:00+00:00,1.582,1.59,1.582,1.587,581700,1.587
2015-11-24 00:00:00+00:00,1.587,1.589,1.581,1.586,187200,1.586
2015-11-25 00:00:00+00:00,1.581,1.584,1.577,1.58,527300,1.58
2015-11-26 00:00:00+00:00,1.584,1.585,1.578,1.581,542595,1.581
2015-11-27 00:00:00+00:00,1.578,1.588,1.578,1.584,734900,1.584
2015-11-30 00:00:00+00:00,1.582,1.588,1.582,1.583,340400,1.583
2015-12-01 00:00:00+00:00,1.59,1.59,1.581,1.582,447000,1.582
2015-12-02 00:00:00+00:00,1.588,1.605,1.588,1.605,759800,1.605
2015-12-03 00:00:00+00:00,1.601,1.601,1.589,1.593,474400,1.593
2015-12-04 00:00:00+00:00,1.58,1.58,1.567,1.572,925500,1.572
2015-12-07 00:00:00+00:00,1.6,1.61,1.598,1.604,1151100,1.604
2015-12-08 00:00:00+00:00,1.598,1.599,1.594,1.598,964000,1.598
2015-12-09 00:00:00+00:00,1.593,1.6,1.593,1.6,662600,1.6
2015-12-10 00:00:00+00:00,1.595,1.595,1.572,1.582,615800,1.582
2015-12-11 00:00:00+00:00,1.583,1.591,1.582,1.585,633800,1.585
2015-12-14 00:00:00+00:00,1.567,1.567,1.55,1.56,1092900,1.56
2015-12-15 00:00:00+00:00,1.561,1.572,1.561,1.572,509000,1.572
2015-12-16 00:00:00+00:00,1.589,1.592,1.58,1.585,900200,1.585
2015-12-17 00:00:00+00:00,1.599,1.659,1.599,1.611,1938800,1.611
2015-12-18 00:00:00+00:00,1.589,1.597,1.578,1.585,970900,1.585
2015-12-21 00:00:00+00:00,1.57,1.578,1.556,1.574,1934400,1.574
2015-12-22 00:00:00+00:00,1.588,1.588,1.571,1.574,459800,1.574
2015-12-23 00:00:00+00:00,1.579,1.583,1.577,1.578,523400,1.578
2015-12-24 00:00:00+00:00,1.584,1.589,1.578,1.588,694100,1.588
2015-12-25 00:00:00+00:00,1.588,1.588,1.5,1.581,2226800,1.581
2015-12-28 00:00:00+00:00,1.581,1.59,1.572,1.575,551900,1.575
2015-12-29 00:00:00+00:00,1.578,1.585,1.578,1.582,421700,1.582
2015-12-30 00:00:00+00:00,1.6,1.612,1.599,1.607,1223700,1.607
2015-12-31 00:00:00+00:00,1.605,1.617,1.593,1.617,718200,1.617
2016-01-04 00:00:00+00:00,1.617,1.617,1.584,1.593,1203000,1.593
2016-01-05 00:00:00+00:00,1.585,1.585,1.556,1.57,3668550,1.57
2016-01-06 00:00:00+00:00,1.568,1.593,1.557,1.578,2613400,1.578
2016-01-07 00:00:00+00:00,1.564,1.564,1.558,1.56,100100,1.56
2016-01-08 00:00:00+00:00,1.53,1.554,1.516,1.536,3551500,1.536
2016-01-11 00:00:00+00:00,1.529,1.53,1.515,1.522,1538000,1.522
2016-01-12 00:00:00+00:00,1.522,1.53,1.505,1.512,1408500,1.512
2016-01-13 00:00:00+00:00,1.513,1.525,1.513,1.525,887800,1.525
2016-01-14 00:00:00+00:00,1.5,1.5,1.418,1.497,3246700,1.497
2016-01-15 00:00:00+00:00,1.506,1.51,1.479,1.48,2622100,1.48
2016-01-18 00:00:00+00:00,1.45,1.467,1.443,1.464,3506300,1.464
2016-01-19 00:00:00+00:00,1.453,1.495,1.45,1.487,1253600,1.487
2016-01-20 00:00:00+00:00,1.471,1.471,1.443,1.45,1645800,1.45
2016-01-21 00:00:00+00:00,1.45,1.459,1.429,1.43,2029800,1.43
2016-01-22 00:00:00+00:00,1.441,1.459,1.441,1.456,1966600,1.456
2016-01-25 00:00:00+00:00,1.47,1.489,1.47,1.487,1205900,1.487
2016-01-26 00:00:00+00:00,1.452,1.46,1.43,1.431,1274000,1.431
2016-01-27 00:00:00+00:00,1.462,1.468,1.441,1.453,3124200,1.453
2016-01-28 00:00:00+00:00,1.438,1.445,1.431,1.438,1259200,1.438
2016-01-29 00:00:00+00:00,1.45,1.459,1.445,1.458,1386749,1.458
2016-02-01 00:00:00+00:00,1.471,1.487,1.471,1.485,1163608,1.485
2016-02-02 00:00:00+00:00,1.49,1.49,1.482,1.488,596600,1.488
2016-02-03 00:00:00+00:00,1.456,1.465,1.451,1.458,1831200,1.458
2016-02-04 00:00:00+00:00,1.457,1.466,1.457,1.466,1186000,1.466
2016-02-05 00:00:00+00:00,1.461,1.5,1.456,1.481,3156700,1.481
2016-02-15 00:00:00+00:00,1.438,1.479,1.43,1.459,1413400,1.459
2016-02-16 00:00:00+00:00,1.461,1.47,1.458,1.464,1913300,1.464
2016-02-17 00:00:00+00:00,1.471,1.479,1.444,1.453,2252200,1.453
2016-02-18 00:00:00+00:00,1.467,1.47,1.456,1.457,1929800,1.457
2016-02-19 00:00:00+00:00,1.453,1.453,1.439,1.446,1298700,1.446
2016-02-22 00:00:00+00:00,1.446,1.456,1.446,1.451,1178400,1.451
2016-02-23 00:00:00+00:00,1.46,1.46,1.456,1.458,862100,1.458
2016-02-24 00:00:00+00:00,1.442,1.446,1.442,1.443,640600,1.443
2016-02-25 00:00:00+00:00,1.451,1.464,1.451,1.453,1298100,1.453
2016-02-26 00:00:00+00:00,1.464,1.474,1.463,1.472,1348800,1.472
2016-02-29 00:00:00+00:00,1.48,1.48,1.463,1.463,1024900,1.463
2016-03-01 00:00:00+00:00,1.463,1.47,1.452,1.459,770300,1.459
2016-03-02 00:00:00+00:00,1.495,1.516,1.491,1.515,2370700,1.515
2016-03-03 00:00:00+00:00,1.51,1.52,1.509,1.515,1346700,1.515
2016-03-04 00:00:00+00:00,1.517,1.518,1.503,1.508,1347600,1.508
2016-03-07 00:00:00+00:00,1.519,1.519,1.5,1.508,770200,1.508
2016-03-08 00:00:00+00:00,1.5,1.5,1.487,1.488,755100,1.488
2016-03-09 00:00:00+00:00,1.479,1.479,1.462,1.469,1162200,1.469
2016-03-10 00:00:00+00:00,1.473,1.484,1.473,1.482,681200,1.482
2016-03-11 00:00:00+00:00,1.482,1.483,1.474,1.482,588800,1.482
2016-03-14 00:00:00+00:00,1.508,1.508,1.501,1.505,871800,1.505
2016-03-15 00:00:00+00:00,1.505,1.506,1.5,1.505,575200,1.505
2016-03-16 00:00:00+00:00,1.502,1.508,1.501,1.501,77823300,1.501
2016-03-17 00:00:00+00:00,1.509,1.518,1.505,1.515,1313200,1.515
2016-03-18 00:00:00+00:00,1.516,1.516,1.512,1.514,835500,1.514
2016-03-21 00:00:00+00:00,1.516,1.516,1.48,1.51,1063300,1.51
2016-03-22 00:00:00+00:00,1.513,1.516,1.507,1.511,16449300,1.511
2016-03-23 00:00:00+00:00,1.519,1.527,1.519,1.523,37439300,1.523
2016-03-24 00:00:00+00:00,1.515,1.515,1.508,1.509,991700,1.509
2016-03-25 00:00:00+00:00,1.512,1.523,1.51,1.516,542900,1.516
2016-03-28 00:00:00+00:00,1.516,1.522,1.513,1.522,1328200,1.522
2016-03-29 00:00:00+00:00,1.515,1.523,1.514,1.515,1123600,1.515
2016-03-30 00:00:00+00:00,1.529,1.538,1.529,1.533,677000,1.533
2016-03-31 00:00:00+00:00,1.534,1.539,1.534,1.535,514900,1.535
2016-04-01 00:00:00+00:00,1.535,1.535,1.527,1.527,581600,1.527
2016-04-05 00:00:00+00:00,1.531,1.538,1.528,1.536,1945900,1.536
2016-04-06 00:00:00+00:00,1.533,1.538,1.523,1.536,1870200,1.536
2016-04-07 00:00:00+00:00,1.552,1.562,1.552,1.553,1211800,1.553
2016-04-08 00:00:00+00:00,1.552,1.552,1.53,1.536,1112600,1.536
2016-04-11 00:00:00+00:00,1.536,1.54,1.53,1.533,614201,1.533
2016-04-12 00:00:00+00:00,1.532,1.532,1.52,1.522,3241101,1.522
2016-04-13 00:00:00+00:00,1.53,1.533,1.53,1.532,703198,1.532
2016-04-14 00:00:00+00:00,1.546,1.551,1.546,1.549,989500,1.549
2016-04-15 00:00:00+00:00,1.55,1.555,1.546,1.554,548801,1.554
2016-04-18 00:00:00+00:00,1.553,1.554,1.549,1.55,484800,1.55
2016-04-19 00:00:00+00:00,1.556,1.557,1.554,1.556,456100,1.556
2016-04-20 00:00:00+00:00,1.555,1.555,1.54,1.546,1019100,1.546
2016-04-21 00:00:00+00:00,1.546,1.551,1.542,1.551,859800,1.551
2016-04-22 00:00:00+00:00,1.557,1.563,1.542,1.547,822100,1.547
2016-04-25 00:00:00+00:00,1.533,1.534,1.526,1.534,1295400,1.534
2016-04-26 00:00:00+00:00,1.534,1.534,1.53,1.533,357700,1.533
2016-04-27 00:00:00+00:00,1.523,1.53,1.52,1.522,1410300,1.522
2016-04-28 00:00:00+00:00,1.519,1.52,1.515,1.519,1210700,1.519
2016-04-29 00:00:00+00:00,1.509,1.509,1.495,1.505,1459509,1.505
2016-05-03 00:00:00+00:00,1.505,1.508,1.5,1.507,1327100,1.507
2016-05-04 00:00:00+00:00,1.494,1.5,1.492,1.495,1837500,1.495
2016-05-05 00:00:00+00:00,1.487,1.49,1.486,1.49,925700,1.49
2016-05-06 00:00:00+00:00,1.49,1.494,1.488,1.494,594500,1.494
2016-05-09 00:00:00+00:00,1.494,1.503,1.494,1.503,951500,1.503
2016-05-10 00:00:00+00:00,1.503,1.505,1.5,1.503,839600,1.503
2016-05-11 00:00:00+00:00,1.515,1.524,1.515,1.524,1141200,1.524
2016-05-12 00:00:00+00:00,1.509,1.511,1.506,1.51,690500,1.51
2016-05-13 00:00:00+00:00,1.509,1.509,1.498,1.498,760100,1.498
2016-05-16 00:00:00+00:00,1.498,1.5,1.494,1.499,421300,1.499
2016-05-17 00:00:00+00:00,1.508,1.518,1.508,1.516,726700,1.516
2016-05-18 00:00:00+00:00,1.497,1.499,1.495,1.498,675300,1.498
2016-05-19 00:00:00+00:00,1.504,1.504,1.5,1.501,332900,1.501
2016-05-20 00:00:00+00:00,1.498,1.502,1.498,1.502,367500,1.502
2016-05-23 00:00:00+00:00,1.51,1.517,1.51,1.513,393400,1.513
2016-05-24 00:00:00+00:00,1.513,1.514,1.51,1.513,246000,1.513
2016-05-25 00:00:00+00:00,1.532,1.54,1.532,1.54,1548700,1.54
2016-05-26 00:00:00+00:00,1.545,1.55,1.545,1.546,1156000,1.546
2016-05-27 00:00:00+00:00,1.549,1.557,1.549,1.553,3432900,1.553
2016-05-30 00:00:00+00:00,1.555,1.57,1.555,1.568,2651699,1.568
2016-05-31 00:00:00+00:00,1.568,1.579,1.568,1.576,715800,1.576
2016-06-01 00:00:00+00:00,1.577,1.582,1.576,1.577,721700,1.577
2016-06-02 00:00:00+00:00,1.571,1.576,1.57,1.571,923800,1.571
2016-06-03 00:00:00+00:00,1.575,1.576,1.569,1.571,720500,1.571
2016-06-06 00:00:00+00:00,1.565,1.565,1.56,1.56,1067900,1.56
2016-06-07 00:00:00+00:00,1.57,1.571,1.562,1.566,763000,1.566
2016-06-08 00:00:00+00:00,1.565,1.565,1.56,1.56,791400,1.56
2016-06-13 00:00:00+00:00,1.555,1.555,1.536,1.54,1817800,1.54
2016-06-14 00:00:00+00:00,1.538,1.541,1.533,1.539,550300,1.539
2016-06-15 00:00:00+00:00,1.539,1.55,1.536,1.55,600800,1.55
2016-06-16 00:00:00+00:00,1.548,1.548,1.541,1.548,275200,1.548
2016-06-17 00:00:00+00:00,1.548,1.554,1.546,1.55,584800,1.55
2016-06-20 00:00:00+00:00,1.55,1.555,1.537,1.554,376800,1.554
2016-06-21 00:00:00+00:00,1.556,1.561,1.538,1.546,1517600,1.546
2016-06-22 00:00:00+00:00,1.548,1.548,1.541,1.541,261300,1.541
2016-06-23 00:00:00+00:00,1.546,1.551,1.541,1.544,338500,1.544
2016-06-24 00:00:00+00:00,1.554,1.559,1.5,1.53,2837297,1.53
2016-06-27 00:00:00+00:00,1.509,1.53,1.492,1.525,2132000,1.525
2016-06-28 00:00:00+00:00,1.511,1.523,1.495,1.522,1859375,1.522
2016-06-29 00:00:00+00:00,1.53,1.534,1.521,1.525,3217000,1.525
2016-06-30 00:00:00+00:00,1.534,1.538,1.532,1.537,2042100,1.537
2016-07-01 00:00:00+00:00,1.545,1.554,1.545,1.55,3483000,1.55
2016-07-04 00:00:00+00:00,1.552,1.56,1.548,1.557,2310050,1.557
2016-07-05 00:00:00+00:00,1.556,1.556,1.551,1.555,315450,1.555
2016-07-06 00:00:00+00:00,1.55,1.552,1.545,1.551,1422800,1.551
2016-07-07 00:00:00+00:00,1.559,1.569,1.557,1.568,3066550,1.568
2016-07-08 00:00:00+00:00,1.57,1.575,1.566,1.567,1265550,1.567
2016-07-11 00:00:00+00:00,1.584,1.597,1.584,1.597,2236000,1.597
2016-07-12 00:00:00+00:00,1.599,1.607,1.599,1.603,2655794,1.603
2016-07-13 00:00:00+00:00,1.609,1.615,1.609,1.61,668400,1.61
2016-07-14 00:00:00+00:00,1.608,1.612,1.606,1.608,1711966,1.608
2016-07-15 00:00:00+00:00,1.612,1.623,1.612,1.621,907800,1.621
2016-07-18 00:00:00+00:00,1.62,1.62,1.613,1.619,1002694,1.619
2016-07-19 00:00:00+00:00,1.623,1.633,1.623,1.633,1964260,1.633
2016-07-20 00:00:00+00:00,1.632,1.632,1.625,1.631,792200,1.631
2016-07-21 00:00:00+00:00,1.643,1.649,1.641,1.644,1391800,1.644
2016-07-22 00:00:00+00:00,1.646,1.646,1.637,1.637,415600,1.637
2016-07-25 00:00:00+00:00,1.642,1.655,1.641,1.643,528200,1.643
2016-07-26 00:00:00+00:00,1.642,1.648,1.637,1.647,485600,1.647
2016-07-27 00:00:00+00:00,1.648,1.651,1.645,1.649,765772,1.649
2016-07-28 00:00:00+00:00,1.651,1.656,1.651,1.656,538900,1.656
2016-07-29 00:00:00+00:00,1.659,1.665,1.659,1.665,1055600,1.665
2016-08-01 00:00:00+00:00,1.742,1.742,1.665,1.67,850200,1.67
2016-08-02 00:00:00+00:00,1.671,1.684,1.671,1.678,700900,1.678
2016-08-03 00:00:00+00:00,1.663,1.664,1.654,1.654,1510100,1.654
2016-08-04 00:00:00+00:00,1.66,1.662,1.653,1.656,536166,1.656
2016-08-05 00:00:00+00:00,1.66,1.669,1.66,1.668,981072,1.668
2016-08-08 00:00:00+00:00,1.678,1.729,1.678,1.688,648100,1.688
2016-08-09 00:00:00+00:00,1.685,1.695,1.681,1.695,600200,1.695
2016-08-10 00:00:00+00:00,1.704,1.707,1.692,1.7,1506200,1.7
2016-08-11 00:00:00+00:00,1.7,1.7,1.688,1.693,818400,1.693
2016-08-12 00:00:00+00:00,1.697,1.706,1.694,1.702,1521600,1.702
2016-08-15 00:00:00+00:00,1.701,1.702,1.69,1.698,742100,1.698
2016-08-16 00:00:00+00:00,1.708,1.713,1.699,1.702,486700,1.702
2016-08-17 00:00:00+00:00,1.698,1.698,1.685,1.688,707300,1.688
2016-08-18 00:00:00+00:00,1.69,1.693,1.686,1.692,505200,1.692
2016-08-19 00:00:00+00:00,1.692,1.692,1.688,1.691,413275,1.691
2016-08-22 00:00:00+00:00,1.689,1.694,1.687,1.691,325200,1.691
2016-08-23 00:00:00+00:00,1.694,1.703,1.694,1.703,287200,1.703
2016-08-24 00:00:00+00:00,1.705,1.708,1.703,1.707,529400,1.707
2016-08-25 00:00:00+00:00,1.698,1.698,1.686,1.695,831600,1.695
2016-08-26 00:00:00+00:00,1.695,1.699,1.695,1.699,463900,1.699
2016-08-29 00:00:00+00:00,1.699,1.699,1.69,1.694,257700,1.694
2016-08-30 00:00:00+00:00,1.698,1.704,1.698,1.703,472500,1.703
2016-08-31 00:00:00+00:00,1.703,1.703,1.691,1.693,658500,1.693
2016-09-01 00:00:00+00:00,1.693,1.696,1.688,1.695,256600,1.695
2016-09-02 00:00:00+00:00,1.694,1.695,1.691,1.694,161500,1.694
2016-09-05 00:00:00+00:00,1.709,1.709,1.698,1.704,788001,1.704
2016-09-06 00:00:00+00:00,1.704,1.711,1.701,1.71,766600,1.71
2016-09-07 00:00:00+00:00,1.719,1.722,1.71,1.722,680600,1.722
2016-09-08 00:00:00+00:00,1.722,1.728,1.71,1.717,1600200,1.717
2016-09-09 00:00:00+00:00,1.714,1.715,1.703,1.715,394300,1.715
2016-09-12 00:00:00+00:00,1.68,1.685,1.651,1.661,2082566,1.661
2016-09-13 00:00:00+00:00,1.686,1.695,1.682,1.685,949032,1.685
2016-09-14 00:00:00+00:00,1.667,1.674,1.663,1.672,744760,1.672
2016-09-19 00:00:00+00:00,1.686,1.712,1.686,1.712,851800,1.712
2016-09-20 00:00:00+00:00,1.709,1.709,1.697,1.701,504500,1.701
2016-09-21 00:00:00+00:00,1.718,1.718,1.697,1.701,445500,1.701
2016-09-22 00:00:00+00:00,1.712,1.73,1.712,1.728,848600,1.728
2016-09-23 00:00:00+00:00,1.735,1.775,1.735,1.773,970800,1.773
2016-09-26 00:00:00+00:00,1.736,1.76,1.72,1.745,1516900,1.745
2016-09-27 00:00:00+00:00,1.727,1.738,1.716,1.722,1827600,1.722
2016-09-28 00:00:00+00:00,1.74,1.743,1.72,1.724,1884900,1.724
2016-09-29 00:00:00+00:00,1.726,1.728,1.723,1.724,1266500,1.724
2016-09-30 00:00:00+00:00,1.72,1.72,1.706,1.707,1592700,1.707
2016-10-10 00:00:00+00:00,1.714,1.723,1.714,1.721,965601,1.721
2016-10-11 00:00:00+00:00,1.73,1.745,1.729,1.743,2320801,1.743
2016-10-12 00:00:00+00:00,1.72,1.749,1.718,1.74,1187800,1.74
2016-10-13 00:00:00+00:00,1.74,1.743,1.72,1.735,1823800,1.735
2016-10-14 00:00:00+00:00,1.732,1.736,1.722,1.734,460700,1.734
2016-10-17 00:00:00+00:00,1.734,1.734,1.713,1.717,2879100,1.717
2016-10-18 00:00:00+00:00,1.717,1.724,1.712,1.717,954700,1.717
2016-10-19 00:00:00+00:00,1.718,1.726,1.718,1.725,509600,1.725
2016-10-20 00:00:00+00:00,1.725,1.733,1.723,1.733,1085100,1.733
2016-10-21 00:00:00+00:00,1.731,1.731,1.725,1.728,869300,1.728
2016-10-24 00:00:00+00:00,1.729,1.739,1.729,1.739,990201,1.739
2016-10-25 00:00:00+00:00,1.754,1.763,1.753,1.762,1154600,1.762
2016-10-26 00:00:00+00:00,1.759,1.759,1.747,1.751,1137900,1.751
2016-10-27 00:00:00+00:00,1.749,1.749,1.735,1.738,959300,1.738
2016-10-28 00:00:00+00:00,1.738,1.738,1.73,1.737,384300,1.737
2016-10-31 00:00:00+00:00,1.733,1.735,1.728,1.734,945500,1.734
2016-11-01 00:00:00+00:00,1.735,1.738,1.73,1.738,562100,1.738
2016-11-02 00:00:00+00:00,1.725,1.725,1.712,1.719,1532600,1.719
2016-11-03 00:00:00+00:00,1.71,1.71,1.698,1.702,2005900,1.702
2016-11-04 00:00:00+00:00,1.683,1.706,1.679,1.706,2304400,1.706
2016-11-07 00:00:00+00:00,1.709,1.728,1.709,1.727,1024100,1.727
2016-11-08 00:00:00+00:00,1.738,1.75,1.721,1.723,2258000,1.723
2016-11-09 00:00:00+00:00,1.727,1.731,1.63,1.674,5490599,1.674
2016-11-10 00:00:00+00:00,1.719,1.739,1.712,1.732,5888399,1.732
2016-11-11 00:00:00+00:00,1.723,1.723,1.706,1.709,2205600,1.709
2016-11-14 00:00:00+00:00,1.713,1.72,1.713,1.719,1300867,1.719
2016-11-15 00:00:00+00:00,1.718,1.718,1.695,1.703,1637001,1.703
2016-11-16 00:00:00+00:00,1.718,1.733,1.718,1.733,1848301,1.733
2016-11-17 00:00:00+00:00,1.734,1.742,1.733,1.739,9222400,1.739
2016-11-18 00:00:00+00:00,1.749,1.76,1.747,1.759,23553866,1.759
2016-11-21 00:00:00+00:00,1.753,1.76,1.751,1.752,25641100,1.752
2016-11-22 00:00:00+00:00,1.769,1.78,1.769,1.778,5303100,1.778
2016-11-23 00:00:00+00:00,1.78,1.782,1.776,1.779,10576100,1.779
2016-11-24 00:00:00+00:00,1.78,1.782,1.771,1.782,3878200,1.782
2016-11-25 00:00:00+00:00,1.782,1.849,1.773,1.8,3072300,1.8
2016-11-28 00:00:00+00:00,1.8,1.824,1.792,1.814,1096500,1.814
2016-11-29 00:00:00+00:00,1.808,1.808,1.78,1.797,2634900,1.797
2016-11-30 00:00:00+00:00,1.797,1.797,1.783,1.79,1901700,1.79
2016-12-01 00:00:00+00:00,1.783,1.783,1.758,1.768,2995300,1.768
2016-12-02 00:00:00+00:00,1.745,1.755,1.744,1.755,1448401,1.755
2016-12-05 00:00:00+00:00,1.755,1.756,1.73,1.753,2137800,1.753
2016-12-06 00:00:00+00:00,1.785,1.785,1.761,1.769,2435000,1.769
2016-12-07 00:00:00+00:00,1.775,1.784,1.759,1.767,6141301,1.767
2016-12-08 00:00:00+00:00,1.784,1.81,1.774,1.801,4565269,1.801
2016-12-09 00:00:00+00:00,1.804,1.804,1.78,1.784,4517500,1.784
2016-12-12 00:00:00+00:00,1.79,1.815,1.79,1.794,7871300,1.794
2016-12-13 00:00:00+00:00,1.793,1.796,1.782,1.794,9975000,1.794
2016-12-14 00:00:00+00:00,1.822,1.822,1.807,1.808,3721200,1.808
2016-12-15 00:00:00+00:00,1.8,1.815,1.793,1.81,3563961,1.81
2016-12-16 00:00:00+00:00,1.818,1.828,1.817,1.818,2539200,1.818
2016-12-19 00:00:00+00:00,1.817,1.818,1.81,1.813,5677600,1.813
2016-12-20 00:00:00+00:00,1.814,1.822,1.813,1.816,2875301,1.816
2016-12-21 00:00:00+00:00,1.821,1.846,1.821,1.846,14773401,1.846
2016-12-22 00:00:00+00:00,1.834,1.846,1.828,1.838,102718200,1.838
2016-12-23 00:00:00+00:00,1.825,1.844,1.825,1.836,13060400,1.836
2016-12-26 00:00:00+00:00,1.839,1.887,1.838,1.865,5211800,1.865
2016-12-27 00:00:00+00:00,1.872,1.88,1.825,1.834,3926800,1.834
2016-12-28 00:00:00+00:00,1.851,1.851,1.834,1.843,9517800,1.843
2016-12-29 00:00:00+00:00,1.83,1.832,1.823,1.825,8453400,1.825
2016-12-30 00:00:00+00:00,1.821,1.825,1.813,1.817,5549166,1.817
2017-01-03 00:00:00+00:00,1.806,1.806,1.784,1.801,4852198,1.801
2017-01-04 00:00:00+00:00,1.813,1.814,1.808,1.812,2705700,1.812
2017-01-05 00:00:00+00:00,1.82,1.831,1.811,1.811,1892400,1.811
2017-01-06 00:00:00+00:00,1.811,1.814,1.809,1.812,1323500,1.812
2017-01-09 00:00:00+00:00,1.822,1.825,1.817,1.823,2614800,1.823
2017-01-10 00:00:00+00:00,1.828,1.832,1.822,1.832,1983700,1.832
2017-01-11 00:00:00+00:00,1.838,1.844,1.838,1.842,1660000,1.842
2017-01-12 00:00:00+00:00,1.849,1.85,1.84,1.84,1249700,1.84
2017-01-13 00:00:00+00:00,1.835,1.839,1.832,1.837,1526000,1.837
2017-01-16 00:00:00+00:00,1.839,1.847,1.839,1.845,2229100,1.845
2017-01-17 00:00:00+00:00,1.845,1.845,1.834,1.836,1723800,1.836
2017-01-18 00:00:00+00:00,1.827,1.833,1.823,1.832,2288900,1.832
2017-01-19 00:00:00+00:00,1.827,1.841,1.826,1.833,1305600,1.833
2017-01-20 00:00:00+00:00,1.83,1.835,1.828,1.833,769700,1.833
2017-01-23 00:00:00+00:00,1.83,1.836,1.827,1.83,1387600,1.83
2017-01-24 00:00:00+00:00,1.829,1.836,1.827,1.836,580800,1.836
2017-01-25 00:00:00+00:00,1.839,1.852,1.839,1.851,1694800,1.851
2017-01-26 00:00:00+00:00,1.865,1.881,1.865,1.881,3329500,1.881
2017-02-03 00:00:00+00:00,1.864,1.87,1.856,1.868,1885201,1.868
2017-02-06 00:00:00+00:00,1.871,1.88,1.864,1.874,1998600,1.874
2017-02-07 00:00:00+00:00,1.872,1.876,1.869,1.874,1253500,1.874
2017-02-08 00:00:00+00:00,1.883,1.889,1.879,1.889,1842900,1.889
2017-02-09 00:00:00+00:00,1.889,1.897,1.883,1.894,1949300,1.894
2017-02-10 00:00:00+00:00,1.897,1.913,1.897,1.913,3077700,1.913
2017-02-13 00:00:00+00:00,1.918,1.918,1.91,1.916,2870900,1.916
2017-02-14 00:00:00+00:00,1.932,1.933,1.913,1.915,1875000,1.915
2017-02-15 00:00:00+00:00,1.925,1.93,1.917,1.929,3241200,1.929
2017-02-16 00:00:00+00:00,1.937,1.943,1.937,1.938,2726400,1.938
2017-02-17 00:00:00+00:00,1.937,1.938,1.924,1.931,2020400,1.931
2017-02-20 00:00:00+00:00,1.935,1.94,1.932,1.937,3583600,1.937
2017-02-21 00:00:00+00:00,1.94,1.943,1.937,1.939,2126100,1.939
2017-02-22 00:00:00+00:00,1.947,1.965,1.947,1.965,3150100,1.965
2017-02-23 00:00:00+00:00,1.966,1.969,1.955,1.963,2202600,1.963
2017-02-24 00:00:00+00:00,1.952,1.966,1.951,1.957,2744200,1.957
2017-02-27 00:00:00+00:00,1.958,1.958,1.945,1.947,2161300,1.947
2017-02-28 00:00:00+00:00,1.952,1.957,1.949,1.955,2584100,1.955
2017-03-01 00:00:00+00:00,1.947,1.948,1.941,1.947,2382800,1.947
2017-03-02 00:00:00+00:00,1.977,2.054,1.965,1.989,11853801,1.989
2017-03-03 00:00:00+00:00,1.975,1.981,1.966,1.978,7962600,1.978
2017-03-06 00:00:00+00:00,1.977,2.022,1.972,2.02,8258000,2.02
2017-03-07 00:00:00+00:00,2.0,2.016,1.971,1.993,6838400,1.993
2017-03-08 00:00:00+00:00,1.984,1.986,1.971,1.978,3677100,1.978
2017-03-09 00:00:00+00:00,1.98,1.988,1.965,1.979,4773300,1.979
2017-03-10 00:00:00+00:00,1.979,1.996,1.975,1.995,3939700,1.995
2017-03-13 00:00:00+00:00,2.004,2.015,2.0,2.01,3761100,2.01
2017-03-14 00:00:00+00:00,2.014,2.027,2.013,2.025,2483518,2.025
2017-03-15 00:00:00+00:00,2.015,2.019,2.002,2.019,1678709,2.019
2017-03-16 00:00:00+00:00,2.03,2.049,2.03,2.04,3452500,2.04
2017-03-17 00:00:00+00:00,2.04,2.04,2.026,2.034,3378000,2.034
2017-03-20 00:00:00+00:00,2.034,2.035,2.024,2.028,2519900,2.028
2017-03-21 00:00:00+00:00,2.03,2.04,2.026,2.04,1466700,2.04
2017-03-22 00:00:00+00:00,1.999,1.999,1.975,1.977,7153600,1.977
2017-03-23 00:00:00+00:00,1.987,1.995,1.978,1.982,2331700,1.982
2017-03-24 00:00:00+00:00,1.982,1.982,1.945,1.955,5260302,1.955
2017-03-27 00:00:00+00:00,1.953,1.953,1.934,1.936,4549700,1.936
2017-03-28 00:00:00+00:00,1.94,1.96,1.94,1.959,2557200,1.959
2017-03-29 00:00:00+00:00,1.977,1.99,1.977,1.99,2340400,1.99
2017-03-30 00:00:00+00:00,2.006,2.007,1.982,1.992,4120100,1.992
2017-03-31 00:00:00+00:00,2.0,2.008,1.991,2.007,3001200,2.007
2017-04-05 00:00:00+00:00,2.0,2.0,1.987,1.99,3872300,1.99
2017-04-06 00:00:00+00:00,1.972,1.986,1.963,1.969,3179000,1.969
2017-04-07 00:00:00+00:00,1.974,1.974,1.963,1.963,3037637,1.963
2017-04-10 00:00:00+00:00,1.964,1.975,1.963,1.972,1661300,1.972
2017-04-11 00:00:00+00:00,1.975,1.976,1.966,1.969,1579300,1.969
2017-04-12 00:00:00+00:00,1.97,1.97,1.96,1.968,965334,1.968
2017-04-13 00:00:00+00:00,1.963,1.963,1.952,1.954,1354800,1.954
2017-04-14 00:00:00+00:00,1.949,1.949,1.933,1.935,2999100,1.935
2017-04-17 00:00:00+00:00,1.932,1.937,1.907,1.936,1837700,1.936
2017-04-18 00:00:00+00:00,1.951,1.968,1.951,1.964,3358500,1.964
2017-04-19 00:00:00+00:00,1.96,1.963,1.95,1.952,1526000,1.952
2017-04-20 00:00:00+00:00,1.955,1.956,1.945,1.949,2368200,1.949
2017-04-21 00:00:00+00:00,1.97,1.973,1.966,1.968,4221500,1.968
2017-04-24 00:00:00+00:00,1.97,1.987,1.969,1.984,3980392,1.984
2017-04-25 00:00:00+00:00,1.998,2.001,1.993,2.0,4669100,2.0
2017-04-26 00:00:00+00:00,2.012,2.024,2.011,2.02,8809854,2.02
2017-04-27 00:00:00+00:00,2.02,2.02,2.001,2.006,4352125,2.006
2017-04-28 00:00:00+00:00,2.018,2.024,2.014,2.019,2397100,2.019
2017-05-02 00:00:00+00:00,2.035,2.043,2.035,2.042,3962425,2.042
2017-05-03 00:00:00+00:00,2.043,2.049,2.037,2.039,3755000,2.039
2017-05-04 00:00:00+00:00,2.033,2.035,2.027,2.033,2868800,2.033
2017-05-05 00:00:00+00:00,2.033,2.038,2.024,2.027,2109000,2.027
2017-05-08 00:00:00+00:00,2.04,2.067,2.036,2.063,5664700,2.063
2017-05-09 00:00:00+00:00,2.063,2.076,2.063,2.072,6184200,2.072
2017-05-10 00:00:00+00:00,2.079,2.08,2.066,2.071,4307400,2.071
2017-05-11 00:00:00+00:00,2.069,2.078,2.067,2.07,2562500,2.07
2017-05-12 00:00:00+00:00,2.061,2.062,2.05,2.051,5542902,2.051
2017-05-15 00:00:00+00:00,2.054,2.062,2.054,2.06,2682763,2.06
2017-05-16 00:00:00+00:00,2.072,2.076,2.07,2.073,3752800,2.073
2017-05-17 00:00:00+00:00,2.073,2.073,2.06,2.064,3235198,2.064
2017-05-18 00:00:00+00:00,2.001,2.025,1.999,2.02,11991000,2.02
2017-05-19 00:00:00+00:00,2.039,2.04,2.029,2.033,3260900,2.033
2017-05-22 00:00:00+00:00,2.042,2.05,2.039,2.05,5192800,2.05
2017-05-23 00:00:00+00:00,2.062,2.071,2.062,2.07,3455400,2.07
2017-05-24 00:00:00+00:00,2.071,2.072,2.062,2.069,3198796,2.069
2017-05-25 00:00:00+00:00,2.074,2.082,2.073,2.082,2365900,2.082
2017-05-26 00:00:00+00:00,2.089,2.109,2.089,2.108,4941100,2.108
2017-05-31 00:00:00+00:00,2.108,2.109,2.099,2.107,2498900,2.107
2017-06-01 00:00:00+00:00,2.1,2.1,2.078,2.087,4967800,2.087
2017-06-02 00:00:00+00:00,2.105,2.128,2.104,2.117,4404718,2.117
2017-06-05 00:00:00+00:00,2.14,2.148,2.134,2.135,3372894,2.135
2017-06-06 00:00:00+00:00,2.121,2.125,2.114,2.123,3420300,2.123
2017-06-07 00:00:00+00:00,2.117,2.117,2.105,2.112,5909589,2.112
2017-06-08 00:00:00+00:00,2.122,2.122,2.114,2.119,2311370,2.119
2017-06-09 00:00:00+00:00,2.128,2.128,2.116,2.123,4095070,2.123
2017-06-12 00:00:00+00:00,2.076,2.1,2.067,2.097,7305570,2.097
2017-06-13 00:00:00+00:00,2.08,2.087,2.067,2.079,6354112,2.079
2017-06-14 00:00:00+00:00,2.093,2.094,2.074,2.078,4056609,2.078
2017-06-15 00:00:00+00:00,2.068,2.068,2.04,2.044,7350202,2.044
2017-06-16 00:00:00+00:00,2.032,2.055,2.03,2.052,2918318,2.052
2017-06-19 00:00:00+00:00,2.049,2.051,2.036,2.051,2626499,2.051
2017-06-20 00:00:00+00:00,2.079,2.08,2.069,2.079,4528917,2.079
2017-06-21 00:00:00+00:00,2.054,2.058,2.048,2.054,4066600,2.054
2017-06-22 00:00:00+00:00,2.058,2.076,2.058,2.072,4746200,2.072
2017-06-23 00:00:00+00:00,2.072,2.073,2.068,2.072,2185900,2.072
2017-06-26 00:00:00+00:00,2.078,2.085,2.078,2.084,3464160,2.084
2017-06-27 00:00:00+00:00,2.078,2.079,2.069,2.073,3846700,2.073
2017-06-28 00:00:00+00:00,2.035,2.039,2.03,2.034,10735167,2.034
2017-06-29 00:00:00+00:00,2.059,2.062,2.034,2.049,7648900,2.049
2017-06-30 00:00:00+00:00,2.016,2.018,2.007,2.013,8717717,2.013
2017-07-03 00:00:00+00:00,2.012,2.017,2.006,2.017,8351909,2.017
2017-07-04 00:00:00+00:00,2.001,2.001,1.991,1.993,5615600,1.993
2017-07-05 00:00:00+00:00,1.993,2.0,1.992,2.0,2745200,2.0
2017-07-06 00:00:00+00:00,2.01,2.016,2.007,2.013,3070157,2.013
2017-07-07 00:00:00+00:00,1.992,2.004,1.992,1.998,3350012,1.998
2017-07-10 00:00:00+00:00,2.013,2.024,2.011,2.021,3614600,2.021
2017-07-11 00:00:00+00:00,2.026,2.035,2.023,2.026,3307800,2.026
2017-07-12 00:00:00+00:00,2.03,2.034,2.027,2.032,3422094,2.032
2017-07-13 00:00:00+00:00,2.059,2.061,2.056,2.06,4200115,2.06
2017-07-14 00:00:00+00:00,2.062,2.065,2.056,2.056,3205700,2.056
2017-07-17 00:00:00+00:00,2.069,2.077,2.067,2.07,4894660,2.07
2017-07-18 00:00:00+00:00,2.063,2.074,2.062,2.073,4618200,2.073
2017-07-19 00:00:00+00:00,2.082,2.092,2.082,2.089,4124900,2.089
2017-07-20 00:00:00+00:00,2.1,2.103,2.094,2.098,3181800,2.098
2017-07-21 00:00:00+00:00,2.095,2.098,2.092,2.095,2876200,2.095
2017-07-24 00:00:00+00:00,2.094,2.094,2.086,2.094,2321800,2.094
2017-07-25 00:00:00+00:00,2.096,2.1,2.096,2.098,1935299,2.098
2017-07-26 00:00:00+00:00,2.096,2.1,2.095,2.098,2639000,2.098
2017-07-27 00:00:00+00:00,2.105,2.116,2.102,2.116,2558361,2.116
2017-07-28 00:00:00+00:00,2.091,2.091,2.077,2.079,4233412,2.079
2017-07-31 00:00:00+00:00,2.081,2.082,2.074,2.077,4018900,2.077
2017-08-01 00:00:00+00:00,2.072,2.081,2.06,2.081,4803400,2.081
2017-08-02 00:00:00+00:00,2.088,2.098,2.085,2.098,2976200,2.098
2017-08-03 00:00:00+00:00,2.094,2.094,2.081,2.083,2073200,2.083
2017-08-04 00:00:00+00:00,2.079,2.079,2.072,2.075,2299499,2.075
2017-08-07 00:00:00+00:00,2.077,2.088,2.077,2.087,2171799,2.087
2017-08-08 00:00:00+00:00,2.096,2.1,2.087,2.092,2951069,2.092
2017-08-09 00:00:00+00:00,2.077,2.084,2.074,2.075,1615143,2.075
2017-08-10 00:00:00+00:00,2.072,2.073,2.064,2.066,2508300,2.066
2017-08-11 00:00:00+00:00,2.03,2.034,2.02,2.031,3647100,2.031
2017-08-14 00:00:00+00:00,2.04,2.053,2.04,2.044,2573700,2.044
2017-08-15 00:00:00+00:00,2.069,2.076,2.068,2.075,2800970,2.075
2017-08-16 00:00:00+00:00,2.07,2.074,2.062,2.063,3197200,2.063
2017-08-17 00:00:00+00:00,2.069,2.069,2.06,2.062,2580800,2.062
2017-08-18 00:00:00+00:00,2.022,2.044,2.022,2.044,2093900,2.044
2017-08-21 00:00:00+00:00,2.041,2.046,2.033,2.04,849300,2.04
2017-08-22 00:00:00+00:00,2.038,2.054,2.033,2.053,1596298,2.053
2017-08-23 00:00:00+00:00,2.069,2.072,2.061,2.062,1349600,2.062
2017-08-24 00:00:00+00:00,2.06,2.06,2.044,2.045,1116100,2.045
2017-08-25 00:00:00+00:00,2.046,2.055,2.038,2.05,1645400,2.05
2017-08-28 00:00:00+00:00,2.049,2.049,2.035,2.039,2620070,2.039
2017-08-29 00:00:00+00:00,2.037,2.04,2.022,2.03,1715200,2.03
2017-08-30 00:00:00+00:00,2.039,2.042,2.035,2.038,1603300,2.038
2017-08-31 00:00:00+00:00,2.057,2.059,2.052,2.056,2564700,2.056
2017-09-01 00:00:00+00:00,2.068,2.07,2.065,2.069,2456870,2.069
2017-09-04 00:00:00+00:00,2.059,2.067,2.055,2.056,1857600,2.056
2017-09-05 00:00:00+00:00,2.056,2.058,2.054,2.055,639900,2.055
2017-09-06 00:00:00+00:00,2.042,2.042,2.036,2.041,1328155,2.041
2017-09-07 00:00:00+00:00,2.041,2.044,2.035,2.036,1261100,2.036
2017-09-08 00:00:00+00:00,2.038,2.048,2.038,2.039,1093700,2.039
2017-09-11 00:00:00+00:00,2.035,2.037,2.025,2.036,1523500,2.036
2017-09-12 00:00:00+00:00,2.048,2.06,2.043,2.048,2787000,2.048
2017-09-13 00:00:00+00:00,2.052,2.052,2.045,2.048,1834300,2.048
2017-09-14 00:00:00+00:00,2.05,2.059,2.047,2.059,2710600,2.059
2017-09-15 00:00:00+00:00,2.05,2.052,2.044,2.05,1589400,2.05
2017-09-18 00:00:00+00:00,2.051,2.058,2.051,2.058,1820900,2.058
2017-09-19 00:00:00+00:00,2.053,2.058,2.052,2.058,1036100,2.058
2017-09-20 00:00:00+00:00,2.059,2.061,2.058,2.06,1082000,2.06
2017-09-21 00:00:00+00:00,2.059,2.06,2.055,2.058,922400,2.058
2017-09-22 00:00:00+00:00,2.058,2.058,2.049,2.051,1247800,2.051
2017-09-25 00:00:00+00:00,2.055,2.055,2.048,2.048,888000,2.048
2017-09-26 00:00:00+00:00,2.038,2.038,2.028,2.033,3188132,2.033
2017-09-27 00:00:00+00:00,2.038,2.044,2.036,2.044,1869200,2.044
2017-09-28 00:00:00+00:00,2.057,2.063,2.056,2.062,1954900,2.062
2017-09-29 00:00:00+00:00,2.064,2.071,2.062,2.07,2626100,2.07
2017-10-09 00:00:00+00:00,2.104,2.109,2.08,2.093,4270649,2.093
2017-10-10 00:00:00+00:00,2.096,2.101,2.092,2.092,1539300,2.092
2017-10-11 00:00:00+00:00,2.094,2.104,2.094,2.101,1056990,2.101
2017-10-12 00:00:00+00:00,2.103,2.105,2.099,2.104,1849000,2.104
2017-10-13 00:00:00+00:00,2.103,2.103,2.098,2.102,1737094,2.102
2017-10-16 00:00:00+00:00,2.106,2.112,2.102,2.112,1332700,2.112
2017-10-17 00:00:00+00:00,2.12,2.122,2.113,2.122,885425,2.122
2017-10-18 00:00:00+00:00,2.123,2.128,2.118,2.119,1833425,2.119
2017-10-19 00:00:00+00:00,2.126,2.126,2.12,2.123,1175600,2.123
2017-10-20 00:00:00+00:00,2.115,2.124,2.106,2.123,3765900,2.123
2017-10-23 00:00:00+00:00,2.125,2.129,2.123,2.128,1044094,2.128
2017-10-24 00:00:00+00:00,2.123,2.123,2.112,2.119,1076500,2.119
2017-10-25 00:00:00+00:00,2.118,2.124,2.115,2.123,1200900,2.123
2017-10-26 00:00:00+00:00,2.123,2.123,2.111,2.113,1411400,2.113
2017-10-27 00:00:00+00:00,2.113,2.128,2.113,2.125,4055299,2.125
2017-10-30 00:00:00+00:00,2.162,2.17,2.162,2.168,2261325,2.168
2017-10-31 00:00:00+00:00,2.168,2.176,2.168,2.172,1274999,2.172
2017-11-01 00:00:00+00:00,2.178,2.198,2.177,2.183,1885194,2.183
2017-11-02 00:00:00+00:00,2.185,2.185,2.172,2.176,929194,2.176
2017-11-03 00:00:00+00:00,2.176,2.182,2.17,2.179,1670900,2.179
2017-11-06 00:00:00+00:00,2.186,2.193,2.179,2.186,1603400,2.186
2017-11-07 00:00:00+00:00,2.193,2.196,2.19,2.191,1796100,2.191
2017-11-08 00:00:00+00:00,2.189,2.196,2.182,2.195,2685000,2.195
2017-11-09 00:00:00+00:00,2.207,2.207,2.192,2.202,1156800,2.202
2017-11-10 00:00:00+00:00,2.193,2.197,2.193,2.196,1373600,2.196
2017-11-13 00:00:00+00:00,2.194,2.197,2.186,2.197,5584996,2.197
2017-11-14 00:00:00+00:00,2.196,2.2,2.196,2.2,1165296,2.2
2017-11-15 00:00:00+00:00,2.197,2.197,2.184,2.185,1815400,2.185
2017-11-16 00:00:00+00:00,2.18,2.18,2.171,2.177,1949469,2.177
2017-11-17 00:00:00+00:00,2.197,2.206,2.197,2.203,2055690,2.203
2017-11-20 00:00:00+00:00,2.2,2.2,2.191,2.194,1076890,2.194
2017-11-21 00:00:00+00:00,2.197,2.2,2.194,2.198,1445490,2.198
2017-11-22 00:00:00+00:00,2.211,2.222,2.211,2.215,2205200,2.215
2017-11-23 00:00:00+00:00,2.218,2.218,2.207,2.208,1838157,2.208
2017-11-24 00:00:00+00:00,2.211,2.214,2.203,2.208,1742299,2.208
2017-11-27 00:00:00+00:00,2.21,2.219,2.21,2.219,2234300,2.219
2017-11-28 00:00:00+00:00,2.218,2.224,2.217,2.224,1416499,2.224
2017-11-29 00:00:00+00:00,2.229,2.247,2.229,2.246,4353399,2.246
2017-11-30 00:00:00+00:00,2.218,2.218,2.206,2.214,2718382,2.214
2017-12-01 00:00:00+00:00,2.232,2.243,2.228,2.241,1846200,2.241
2017-12-04 00:00:00+00:00,2.241,2.289,2.235,2.262,4849300,2.262
2017-12-05 00:00:00+00:00,2.229,2.229,2.195,2.2,4801500,2.2
2017-12-06 00:00:00+00:00,2.194,2.208,2.169,2.175,4789600,2.175
2017-12-07 00:00:00+00:00,2.189,2.194,2.179,2.19,1763850,2.19
2017-12-08 00:00:00+00:00,2.2,2.21,2.2,2.21,3072725,2.21
2017-12-11 00:00:00+00:00,2.211,2.22,2.21,2.22,2135300,2.22
2017-12-12 00:00:00+00:00,2.229,2.235,2.227,2.235,2342625,2.235
2017-12-13 00:00:00+00:00,2.231,2.238,2.228,2.237,1421700,2.237
2017-12-14 00:00:00+00:00,2.24,2.245,2.235,2.243,1877000,2.243
2017-12-15 00:00:00+00:00,2.231,2.242,2.227,2.232,1001000,2.232
2017-12-18 00:00:00+00:00,2.257,2.266,2.253,2.266,2012600,2.266
2017-12-19 00:00:00+00:00,2.289,2.295,2.27,2.28,2362600,2.28
2017-12-20 00:00:00+00:00,2.27,2.277,2.265,2.276,1838300,2.276
2017-12-21 00:00:00+00:00,2.273,2.275,2.26,2.262,2503200,2.262
2017-12-22 00:00:00+00:00,2.262,2.27,2.26,2.269,909600,2.269
2017-12-25 00:00:00+00:00,2.265,2.268,2.252,2.262,1716200,2.262
2017-12-26 00:00:00+00:00,2.261,2.264,2.253,2.261,1847800,2.261
2017-12-27 00:00:00+00:00,2.256,2.256,2.229,2.234,2890600,2.234
2017-12-28 00:00:00+00:00,2.234,2.239,2.221,2.227,2888000,2.227
2017-12-29 00:00:00+00:00,2.228,2.231,2.222,2.229,1851400,2.229
2018-01-02 00:00:00+00:00,2.219,2.219,2.206,2.218,3203700,2.218
2018-01-03 00:00:00+00:00,2.243,2.251,2.24,2.248,3503600,2.248
2018-01-04 00:00:00+00:00,2.26,2.264,2.248,2.256,3151800,2.256
2018-01-05 00:00:00+00:00,2.256,2.257,2.248,2.25,3180300,2.25
2018-01-08 00:00:00+00:00,2.263,2.269,2.259,2.268,4248600,2.268
2018-01-09 00:00:00+00:00,2.27,2.275,2.266,2.274,3511500,2.274
2018-01-10 00:00:00+00:00,2.273,2.287,2.271,2.285,4115800,2.285
2018-01-11 00:00:00+00:00,2.279,2.289,2.275,2.283,4368900,2.283
2018-01-12 00:00:00+00:00,2.295,2.317,2.291,2.312,4155300,2.312
2018-01-15 00:00:00+00:00,2.311,2.319,2.305,2.309,2701600,2.309
2018-01-16 00:00:00+00:00,2.311,2.311,2.3,2.306,2416000,2.306
2018-01-17 00:00:00+00:00,2.296,2.296,2.284,2.293,3104000,2.293
2018-01-18 00:00:00+00:00,2.309,2.316,2.308,2.313,2965309,2.313
2018-01-19 00:00:00+00:00,2.309,2.314,2.305,2.31,2599424,2.31
2018-01-22 00:00:00+00:00,2.318,2.318,2.3,2.3,2819300,2.3
2018-01-23 00:00:00+00:00,2.317,2.328,2.316,2.326,3873700,2.326
2018-01-24 00:00:00+00:00,2.33,2.344,2.33,2.344,4715800,2.344
2018-01-25 00:00:00+00:00,2.328,2.328,2.32,2.324,2015600,2.324
2018-01-26 00:00:00+00:00,2.324,2.324,2.314,2.32,3226300,2.32
2018-01-29 00:00:00+00:00,2.341,2.345,2.34,2.344,2889500,2.344
2018-01-30 00:00:00+00:00,2.333,2.333,2.318,2.32,3082100,2.32
2018-01-31 00:00:00+00:00,2.303,2.309,2.293,2.309,2697000,2.309
2018-02-01 00:00:00+00:00,2.311,2.32,2.304,2.305,2603300,2.305
2018-02-02 00:00:00+00:00,2.293,2.3,2.29,2.294,4184000,2.294
2018-02-05 00:00:00+00:00,2.245,2.245,2.201,2.227,7125458,2.227
2018-02-06 00:00:00+00:00,2.09,2.126,2.09,2.095,12070000,2.095
2018-02-07 00:00:00+00:00,2.16,2.19,2.158,2.164,8865000,2.164
2018-02-08 00:00:00+00:00,2.16,2.174,2.142,2.169,2314000,2.169
2018-02-09 00:00:00+00:00,2.079,2.095,2.058,2.092,11113967,2.092
2018-02-12 00:00:00+00:00,2.114,2.132,2.103,2.131,4636000,2.131
2018-02-13 00:00:00+00:00,2.161,2.172,2.155,2.164,2418500,2.164
2018-02-14 00:00:00+00:00,2.177,2.193,2.174,2.193,1690900,2.193
2018-02-22 00:00:00+00:00,2.231,2.236,2.223,2.232,3421900,2.232
2018-02-23 00:00:00+00:00,2.243,2.257,2.236,2.249,4502002,2.249
2018-02-26 00:00:00+00:00,2.282,2.298,2.282,2.292,2679900,2.292
2018-02-27 00:00:00+00:00,2.323,2.325,2.317,2.32,2335000,2.32
2018-02-28 00:00:00+00:00,2.283,2.289,2.279,2.286,3863900,2.286
2018-03-01 00:00:00+00:00,2.281,2.288,2.266,2.288,2791057,2.288
2018-03-02 00:00:00+00:00,2.263,2.263,2.248,2.253,3158990,2.253
2018-03-05 00:00:00+00:00,2.271,2.273,2.263,2.268,1634400,2.268
2018-03-06 00:00:00+00:00,2.298,2.299,2.292,2.298,1233000,2.298
2018-03-07 00:00:00+00:00,2.295,2.295,2.281,2.284,1708700,2.284
2018-03-08 00:00:00+00:00,2.297,2.304,2.297,2.302,1323200,2.302
2018-03-09 00:00:00+00:00,2.311,2.321,2.311,2.319,1534100,2.319
2018-03-12 00:00:00+00:00,2.37,2.38,2.361,2.368,3352300,2.368
2018-03-13 00:00:00+00:00,2.369,2.373,2.363,2.368,2549300,2.368
2018-03-14 00:00:00+00:00,2.34,2.342,2.333,2.338,1024400,2.338
2018-03-15 00:00:00+00:00,2.332,2.346,2.322,2.337,1960600,2.337
2018-03-16 00:00:00+00:00,2.338,2.341,2.334,2.338,1319300,2.338
2018-03-19 00:00:00+00:00,2.338,2.34,2.333,2.333,987200,2.333
2018-03-20 00:00:00+00:00,2.296,2.296,2.282,2.293,2486600,2.293
2018-03-21 00:00:00+00:00,2.293,2.307,2.293,2.294,842700,2.294
2018-03-22 00:00:00+00:00,2.294,2.294,2.287,2.288,874300,2.288
2018-03-23 00:00:00+00:00,2.218,2.218,2.198,2.204,4786400,2.204
2018-03-26 00:00:00+00:00,2.162,2.2,2.162,2.187,3586157,2.187
2018-03-27 00:00:00+00:00,2.238,2.277,2.231,2.27,3073757,2.27
2018-03-28 00:00:00+00:00,2.191,2.2,2.175,2.185,3950000,2.185
2018-03-29 00:00:00+00:00,2.176,2.187,2.16,2.186,2875500,2.186
2018-03-30 00:00:00+00:00,2.195,2.207,2.186,2.194,1862800,2.194
2018-04-02 00:00:00+00:00,2.189,2.189,2.172,2.177,1659800,2.177
2018-04-03 00:00:00+00:00,2.133,2.133,2.119,2.126,3888100,2.126
2018-04-04 00:00:00+00:00,2.133,2.137,2.13,2.13,1906600,2.13
2018-04-09 00:00:00+00:00,2.132,2.145,2.131,2.143,3359600,2.143
2018-04-10 00:00:00+00:00,2.156,2.187,2.153,2.186,4203700,2.186
2018-04-11 00:00:00+00:00,2.199,2.21,2.183,2.185,2438800,2.185
2018-04-12 00:00:00+00:00,2.182,2.183,2.175,2.181,2130101,2.181
2018-04-13 00:00:00+00:00,2.195,2.203,2.194,2.203,1918400,2.203
2018-04-16 00:00:00+00:00,2.195,2.195,2.185,2.189,2050600,2.189
2018-04-17 00:00:00+00:00,2.197,2.209,2.197,2.208,1961900,2.208
2018-04-18 00:00:00+00:00,2.262,2.262,2.242,2.247,3451400,2.247
2018-04-19 00:00:00+00:00,2.249,2.253,2.249,2.249,2062800,2.249
2018-04-20 00:00:00+00:00,2.237,2.245,2.23,2.236,1336600,2.236
2018-04-23 00:00:00+00:00,2.209,2.228,2.198,2.202,2808700,2.202
2018-04-24 00:00:00+00:00,2.194,2.215,2.185,2.215,3500001,2.215
2018-04-25 00:00:00+00:00,2.167,2.173,2.166,2.171,3146695,2.171
2018-04-26 00:00:00+00:00,2.174,2.178,2.167,2.171,2443795,2.171
2018-04-27 00:00:00+00:00,2.201,2.235,2.201,2.233,5127987,2.233
2018-05-02 00:00:00+00:00,2.235,2.235,2.217,2.231,1553600,2.231
2018-05-03 00:00:00+00:00,2.219,2.225,2.211,2.221,2112396,2.221
2018-05-04 00:00:00+00:00,2.219,2.228,2.216,2.228,1355300,2.228
2018-05-07 00:00:00+00:00,2.27,2.273,2.262,2.27,3830300,2.27
2018-05-08 00:00:00+00:00,2.277,2.285,2.273,2.274,3272000,2.274
2018-05-09 00:00:00+00:00,2.274,2.279,2.271,2.272,1462400,2.272
2018-05-10 00:00:00+00:00,2.305,2.306,2.298,2.304,1817000,2.304
2018-05-11 00:00:00+00:00,2.325,2.33,2.316,2.317,2215000,2.317
2018-05-14 00:00:00+00:00,2.317,2.32,2.309,2.315,2262600,2.315
2018-05-15 00:00:00+00:00,2.315,2.315,2.302,2.311,5459400,2.311
2018-05-16 00:00:00+00:00,2.292,2.308,2.285,2.289,1665100,2.289
2018-05-17 00:00:00+00:00,2.303,2.312,2.303,2.309,2146318,2.309
2018-05-18 00:00:00+00:00,2.304,2.31,2.304,2.308,978600,2.308
2018-05-21 00:00:00+00:00,2.31,2.327,2.308,2.324,3084234,2.324
2018-05-22 00:00:00+00:00,2.323,2.323,2.308,2.316,1760265,2.316
2018-05-23 00:00:00+00:00,2.312,2.312,2.297,2.298,1543000,2.298
2018-05-24 00:00:00+00:00,2.336,2.336,2.312,2.323,1895900,2.323
2018-05-25 00:00:00+00:00,2.323,2.328,2.322,2.327,1708200,2.327
2018-05-28 00:00:00+00:00,2.327,2.34,2.325,2.337,1110900,2.337
2018-05-29 00:00:00+00:00,2.337,2.342,2.327,2.335,1569100,2.335
2018-05-30 00:00:00+00:00,2.32,2.324,2.312,2.319,2120900,2.319
2018-05-31 00:00:00+00:00,2.335,2.35,2.335,2.35,1635300,2.35
2018-06-01 00:00:00+00:00,2.345,2.348,2.333,2.341,1936400,2.341
2018-06-04 00:00:00+00:00,2.375,2.384,2.375,2.384,3169000,2.384
2018-06-05 00:00:00+00:00,2.394,2.415,2.391,2.414,5394300,2.414
2018-06-06 00:00:00+00:00,2.415,2.429,2.415,2.42,2749600,2.42
2018-06-07 00:00:00+00:00,2.433,2.441,2.433,2.439,4007200,2.439
2018-06-08 00:00:00+00:00,2.422,2.423,2.404,2.405,3190600,2.405
2018-06-11 00:00:00+00:00,2.405,2.44,2.405,2.431,2759600,2.431
2018-06-12 00:00:00+00:00,2.437,2.438,2.421,2.438,2465500,2.438
2018-06-13 00:00:00+00:00,2.449,2.466,2.449,2.451,2246455,2.451
2018-06-14 00:00:00+00:00,2.443,2.443,2.43,2.436,3141400,2.436
2018-06-15 00:00:00+00:00,2.452,2.476,2.452,2.472,3310001,2.472
2018-06-19 00:00:00+00:00,2.472,2.472,2.435,2.442,4849600,2.442
2018-06-20 00:00:00+00:00,2.44,2.47,2.44,2.458,4377200,2.458
2018-06-21 00:00:00+00:00,2.475,2.513,2.475,2.505,6901300,2.505
2018-06-22 00:00:00+00:00,2.464,2.493,2.464,2.488,7777700,2.488
2018-06-25 00:00:00+00:00,2.47,2.486,2.462,2.471,5913300,2.471
2018-06-26 00:00:00+00:00,2.42,2.442,2.41,2.431,8892900,2.431
2018-06-27 00:00:00+00:00,2.449,2.449,2.412,2.413,8298800,2.413
2018-06-28 00:00:00+00:00,2.388,2.397,2.385,2.396,5401696,2.396
2018-06-29 00:00:00+00:00,2.427,2.449,2.422,2.449,5790000,2.449
2018-07-02 00:00:00+00:00,2.448,2.448,2.434,2.437,3792700,2.437
2018-07-03 00:00:00+00:00,2.465,2.506,2.465,2.503,8027600,2.503
2018-07-04 00:00:00+00:00,2.471,2.48,2.451,2.459,6076500,2.459
2018-07-05 00:00:00+00:00,2.451,2.463,2.445,2.46,2814400,2.46
2018-07-06 00:00:00+00:00,2.492,2.5,2.48,2.497,4974200,2.497
2018-07-09 00:00:00+00:00,2.539,2.574,2.527,2.574,8322800,2.574
2018-07-10 00:00:00+00:00,2.592,2.62,2.57,2.604,6332400,2.604
2018-07-11 00:00:00+00:00,2.57,2.585,2.539,2.554,14630000,2.554
2018-07-12 00:00:00+00:00,2.559,2.578,2.55,2.578,11452370,2.578
2018-07-13 00:00:00+00:00,2.6,2.616,2.591,2.603,11747300,2.603
2018-07-16 00:00:00+00:00,2.6,2.6,2.58,2.584,5417800,2.584
2018-07-17 00:00:00+00:00,2.577,2.578,2.555,2.559,12086796,2.559
2018-07-18 00:00:00+00:00,2.594,2.597,2.584,2.595,8573700,2.595
2018-07-19 00:00:00+00:00,2.596,2.608,2.59,2.607,5951400,2.607
2018-07-20 00:00:00+00:00,2.598,2.614,2.596,2.61,7115301,2.61
2018-07-23 00:00:00+00:00,2.596,2.604,2.594,2.602,5700400,2.602
2018-07-24 00:00:00+00:00,2.622,2.642,2.622,2.641,8307200,2.641
2018-07-25 00:00:00+00:00,2.633,2.651,2.626,2.65,9736500,2.65
2018-07-26 00:00:00+00:00,2.666,2.666,2.651,2.656,11918200,2.656
2018-07-27 00:00:00+00:00,2.651,2.691,2.646,2.658,14806700,2.658
2018-07-30 00:00:00+00:00,2.613,2.648,2.609,2.646,8783000,2.646
2018-07-31 00:00:00+00:00,2.61,2.615,2.572,2.584,18834370,2.584
2018-08-01 00:00:00+00:00,2.603,2.618,2.593,2.617,11610900,2.617
2018-08-02 00:00:00+00:00,2.618,2.636,2.615,2.623,11547200,2.623
2018-08-03 00:00:00+00:00,2.657,2.708,2.653,2.702,16939200,2.702
2018-08-06 00:00:00+00:00,2.691,2.773,2.683,2.768,29437700,2.768
2018-08-07 00:00:00+00:00,2.764,2.819,2.741,2.754,36186000,2.754
2018-08-08 00:00:00+00:00,2.758,2.758,2.692,2.71,30065903,2.71
2018-08-09 00:00:00+00:00,2.7,2.7,2.659,2.673,43557400,2.673
2018-08-10 00:00:00+00:00,2.663,2.68,2.653,2.667,24703300,2.667
2018-08-13 00:00:00+00:00,2.649,2.673,2.635,2.66,25911325,2.66
2018-08-14 00:00:00+00:00,2.668,2.682,2.663,2.679,14667125,2.679
2018-08-15 00:00:00+00:00,2.698,2.72,2.694,2.71,26322725,2.71
2018-08-16 00:00:00+00:00,2.666,2.685,2.661,2.662,21291065,2.662
2018-08-17 00:00:00+00:00,2.673,2.675,2.667,2.668,16366700,2.668
2018-08-20 00:00:00+00:00,2.672,2.672,2.643,2.655,20140425,2.655
2018-08-21 00:00:00+00:00,2.649,2.649,2.632,2.638,24257000,2.638
2018-08-22 00:00:00+00:00,2.64,2.643,2.632,2.636,16328400,2.636
2018-08-23 00:00:00+00:00,2.646,2.668,2.646,2.665,18570900,2.665
2018-08-24 00:00:00+00:00,2.663,2.67,2.661,2.666,12468700,2.666
2018-08-27 00:00:00+00:00,2.678,2.686,2.672,2.678,21066900,2.678
2018-08-28 00:00:00+00:00,2.7,2.713,2.695,2.705,21672800,2.705
2018-08-29 00:00:00+00:00,2.707,2.711,2.701,2.708,12551500,2.708
2018-08-30 00:00:00+00:00,2.731,2.755,2.731,2.748,25435000,2.748
2018-08-31 00:00:00+00:00,2.74,2.746,2.733,2.74,20279900,2.74
2018-09-03 00:00:00+00:00,2.743,2.752,2.739,2.742,13357000,2.742
2018-09-04 00:00:00+00:00,2.747,2.754,2.743,2.754,12248830,2.754
2018-09-05 00:00:00+00:00,2.743,2.743,2.724,2.728,16840100,2.728
2018-09-06 00:00:00+00:00,2.69,2.693,2.683,2.684,19077100,2.684
2018-09-07 00:00:00+00:00,2.662,2.665,2.658,2.662,18618300,2.662
2018-09-10 00:00:00+00:00,2.66,2.681,2.66,2.68,13622660,2.68
2018-09-11 00:00:00+00:00,2.686,2.696,2.684,2.693,19139865,2.693
2018-09-12 00:00:00+00:00,2.728,2.728,2.706,2.722,15769700,2.722
2018-09-13 00:00:00+00:00,2.71,2.71,2.69,2.695,14238200,2.695
2018-09-14 00:00:00+00:00,2.712,2.723,2.71,2.722,14277200,2.722
2018-09-17 00:00:00+00:00,2.714,2.715,2.709,2.709,9694300,2.709
2018-09-18 00:00:00+00:00,2.663,2.673,2.658,2.673,21769100,2.673
2018-09-19 00:00:00+00:00,2.695,2.699,2.686,2.696,21801100,2.696
2018-09-20 00:00:00+00:00,2.691,2.697,2.689,2.691,14755300,2.691
2018-09-21 00:00:00+00:00,2.722,2.723,2.713,2.72,21535900,2.72
2018-09-25 00:00:00+00:00,2.702,2.71,2.701,2.709,12552000,2.709
2018-09-26 00:00:00+00:00,2.713,2.742,2.707,2.726,28132070,2.726
2018-09-27 00:00:00+00:00,2.714,2.723,2.714,2.721,13428500,2.721
2018-09-28 00:00:00+00:00,2.745,2.759,2.745,2.754,23149800,2.754
2018-10-08 00:00:00+00:00,2.662,2.688,2.662,2.677,12880100,2.677
2018-10-09 00:00:00+00:00,2.676,2.682,2.667,2.675,10018102,2.675
2018-10-10 00:00:00+00:00,2.679,2.685,2.676,2.685,9936000,2.685
2018-10-11 00:00:00+00:00,2.55,2.55,2.503,2.51,52798412,2.51
2018-10-12 00:00:00+00:00,2.51,2.566,2.506,2.564,27164400,2.564
2018-10-15 00:00:00+00:00,2.575,2.587,2.554,2.555,20247900,2.555
2018-10-16 00:00:00+00:00,2.559,2.567,2.558,2.559,8055300,2.559
2018-10-17 00:00:00+00:00,2.636,2.648,2.63,2.647,12997750,2.647
2018-10-18 00:00:00+00:00,2.63,2.634,2.617,2.619,11855100,2.619
2018-10-19 00:00:00+00:00,2.579,2.599,2.55,2.599,19500050,2.599
2018-10-22 00:00:00+00:00,2.576,2.589,2.564,2.587,23185900,2.587
2018-10-23 00:00:00+00:00,2.576,2.58,2.542,2.544,27912100,2.544
2018-10-24 00:00:00+00:00,2.562,2.578,2.556,2.56,24447500,2.56
2018-10-25 00:00:00+00:00,2.459,2.48,2.453,2.477,24710244,2.477
2018-10-26 00:00:00+00:00,2.496,2.497,2.476,2.49,27033144,2.49
2018-10-29 00:00:00+00:00,2.49,2.502,2.483,2.483,13392970,2.483
2018-10-30 00:00:00+00:00,2.448,2.461,2.438,2.449,28282744,2.449
2018-10-31 00:00:00+00:00,2.468,2.486,2.468,2.486,17076300,2.486
2018-11-01 00:00:00+00:00,2.528,2.535,2.513,2.514,15049700,2.514
2018-11-02 00:00:00+00:00,2.532,2.559,2.527,2.547,22632500,2.547
2018-11-05 00:00:00+00:00,2.509,2.509,2.496,2.505,10821200,2.505
2018-11-06 00:00:00+00:00,2.504,2.509,2.494,2.499,21835100,2.499
2018-11-07 00:00:00+00:00,2.525,2.542,2.525,2.528,17276000,2.528
2018-11-08 00:00:00+00:00,2.594,2.604,2.585,2.588,12624200,2.588
2018-11-09 00:00:00+00:00,2.58,2.583,2.573,2.575,10388956,2.575
2018-11-12 00:00:00+00:00,2.548,2.568,2.544,2.568,9142300,2.568
2018-11-13 00:00:00+00:00,2.481,2.493,2.475,2.491,20338056,2.491
2018-11-14 00:00:00+00:00,2.485,2.489,2.479,2.483,10243500,2.483
2018-11-15 00:00:00+00:00,2.458,2.469,2.455,2.464,25925970,2.464
2018-11-16 00:00:00+00:00,2.489,2.489,2.472,2.474,56638000,2.474
2018-11-19 00:00:00+00:00,2.472,2.485,2.472,2.484,20512918,2.484
2018-11-20 00:00:00+00:00,2.404,2.41,2.393,2.396,27702090,2.396
2018-11-21 00:00:00+00:00,2.36,2.38,2.36,2.379,21341100,2.379
2018-11-22 00:00:00+00:00,2.38,2.385,2.368,2.377,8659810,2.377
2018-11-23 00:00:00+00:00,2.37,2.37,2.36,2.361,12472500,2.361
2018-11-26 00:00:00+00:00,2.363,2.382,2.36,2.382,27977600,2.382
2018-11-27 00:00:00+00:00,2.405,2.411,2.399,2.41,8941548,2.41
2018-11-28 00:00:00+00:00,2.422,2.44,2.422,2.435,24665100,2.435
2018-11-29 00:00:00+00:00,2.499,2.499,2.483,2.483,27736650,2.483
2018-11-30 00:00:00+00:00,2.481,2.496,2.477,2.493,20530798,2.493
2018-12-03 00:00:00+00:00,2.556,2.56,2.541,2.558,24258700,2.558
2018-12-04 00:00:00+00:00,2.544,2.544,2.504,2.513,17660812,2.513
2018-12-05 00:00:00+00:00,2.421,2.445,2.421,2.444,11173000,2.444
2018-12-06 00:00:00+00:00,2.418,2.42,2.399,2.404,33537648,2.404
2018-12-07 00:00:00+00:00,2.45,2.451,2.44,2.44,9213700,2.44
2018-12-10 00:00:00+00:00,2.368,2.379,2.363,2.368,19829000,2.368
2018-12-11 00:00:00+00:00,2.389,2.429,2.389,2.399,93153500,2.399
2018-12-12 00:00:00+00:00,2.42,2.442,2.412,2.429,95870200,2.429
2018-12-13 00:00:00+00:00,2.44,2.456,2.434,2.443,67856400,2.443
2018-12-14 00:00:00+00:00,2.427,2.427,2.408,2.411,22318200,2.411
2018-12-17 00:00:00+00:00,2.385,2.388,2.37,2.387,26359700,2.387
2018-12-18 00:00:00+00:00,2.339,2.343,2.329,2.337,14777400,2.337
2018-12-19 00:00:00+00:00,2.345,2.346,2.334,2.336,15352800,2.336
2018-12-20 00:00:00+00:00,2.3,2.3,2.266,2.272,22756400,2.272
2018-12-21 00:00:00+00:00,2.261,2.268,2.25,2.267,26536800,2.267
2018-12-24 00:00:00+00:00,2.202,2.208,2.186,2.194,46744370,2.194
2018-12-25 00:00:00+00:00,2.132,2.133,2.118,2.123,23588490,2.123
2018-12-26 00:00:00+00:00,2.124,2.127,2.116,2.12,33378280,2.12
2018-12-27 00:00:00+00:00,2.234,2.257,2.229,2.236,71595040,2.236
2018-12-28 00:00:00+00:00,2.253,2.259,2.243,2.243,13135400,2.243
2019-01-02 00:00:00+00:00,2.268,2.274,2.232,2.233,16245400,2.233
2019-01-03 00:00:00+00:00,2.229,2.238,2.222,2.225,28802600,2.225
2019-01-04 00:00:00+00:00,2.183,2.226,2.182,2.224,39962400,2.224
2019-01-07 00:00:00+00:00,2.305,2.308,2.289,2.296,65274300,2.296
2019-01-08 00:00:00+00:00,2.313,2.336,2.312,2.328,66779200,2.328
2019-01-09 00:00:00+00:00,2.345,2.358,2.338,2.341,28996900,2.341
2019-01-10 00:00:00+00:00,2.341,2.342,2.322,2.322,50788700,2.322
2019-01-11 00:00:00+00:00,2.339,2.342,2.326,2.328,6276500,2.328
2019-01-14 00:00:00+00:00,2.319,2.319,2.3,2.302,54308300,2.302
2019-01-15 00:00:00+00:00,2.307,2.322,2.301,2.322,38472300,2.322
2019-01-16 00:00:00+00:00,2.348,2.36,2.347,2.351,31278600,2.351
2019-01-17 00:00:00+00:00,2.344,2.346,2.334,2.334,48168700,2.334
2019-01-18 00:00:00+00:00,2.37,2.381,2.37,2.378,8625700,2.378
2019-01-21 00:00:00+00:00,2.384,2.397,2.384,2.392,48350197,2.392
2019-01-22 00:00:00+00:00,2.392,2.392,2.377,2.379,33316600,2.379
2019-01-23 00:00:00+00:00,2.364,2.366,2.35,2.353,41108500,2.353
2019-01-24 00:00:00+00:00,2.357,2.36,2.352,2.355,15534700,2.355
2019-01-25 00:00:00+00:00,2.361,2.375,2.359,2.371,53103802,2.371
2019-01-28 00:00:00+00:00,2.394,2.394,2.366,2.37,18482000,2.37
2019-01-29 00:00:00+00:00,2.349,2.351,2.34,2.345,7738000,2.345
2019-01-30 00:00:00+00:00,2.339,2.342,2.334,2.339,11985100,2.339
2019-01-31 00:00:00+00:00,2.387,2.395,2.386,2.395,15559800,2.395
2019-02-01 00:00:00+00:00,2.406,2.427,2.401,2.427,42398704,2.427
2019-02-11 00:00:00+00:00,2.422,2.439,2.422,2.439,8765300,2.439
2019-02-12 00:00:00+00:00,2.446,2.46,2.445,2.459,26065098,2.459
2019-02-13 00:00:00+00:00,2.478,2.489,2.478,2.488,11159300,2.488
2019-02-14 00:00:00+00:00,2.481,2.481,2.471,2.48,18214700,2.48
2019-02-15 00:00:00+00:00,2.47,2.474,2.458,2.458,10118805,2.458
2019-02-18 00:00:00+00:00,2.48,2.491,2.48,2.491,27508200,2.491
2019-02-19 00:00:00+00:00,2.492,2.498,2.491,2.493,26322000,2.493
2019-02-20 00:00:00+00:00,2.488,2.488,2.471,2.475,51256692,2.475
2019-02-21 00:00:00+00:00,2.465,2.479,2.465,2.476,9965500,2.476
2019-02-22 00:00:00+00:00,2.343,2.469,2.343,2.463,77514500,2.463
2019-02-25 00:00:00+00:00,2.475,2.483,2.469,2.476,74947300,2.476
2019-02-26 00:00:00+00:00,2.47,2.471,2.46,2.462,78989868,2.462
2019-02-27 00:00:00+00:00,2.468,2.474,2.464,2.465,113107100,2.465
2019-02-28 00:00:00+00:00,2.465,2.47,2.459,2.461,60729200,2.461
2019-03-01 00:00:00+00:00,2.468,2.488,2.468,2.487,50156198,2.487
2019-03-04 00:00:00+00:00,2.504,2.507,2.495,2.501,42508998,2.501
2019-03-05 00:00:00+00:00,2.488,2.491,2.485,2.486,25160000,2.486
2019-03-06 00:00:00+00:00,2.485,2.499,2.485,2.491,73465603,2.491
2019-03-07 00:00:00+00:00,2.477,2.479,2.47,2.471,65768396,2.471
2019-03-08 00:00:00+00:00,2.456,2.456,2.44,2.442,83473632,2.442
2019-03-11 00:00:00+00:00,2.447,2.459,2.447,2.458,38231716,2.458
2019-03-12 00:00:00+00:00,2.503,2.517,2.501,2.508,83508500,2.508
2019-03-13 00:00:00+00:00,2.51,2.516,2.503,2.509,68480600,2.509
2019-03-14 00:00:00+00:00,2.524,2.54,2.523,2.535,28111598,2.535
2019-03-15 00:00:00+00:00,2.535,2.545,2.533,2.541,21366074,2.541
2019-03-18 00:00:00+00:00,2.547,2.569,2.547,2.558,25464000,2.558
2019-03-19 00:00:00+00:00,2.565,2.571,2.563,2.565,20764400,2.565
2019-03-20 00:00:00+00:00,2.566,2.568,2.562,2.563,25126890,2.563
2019-03-21 00:00:00+00:00,2.572,2.573,2.563,2.564,69404894,2.564
2019-03-22 00:00:00+00:00,2.608,2.615,2.607,2.615,104527600,2.615
2019-03-25 00:00:00+00:00,2.544,2.552,2.538,2.538,25112800,2.538
2019-03-26 00:00:00+00:00,2.558,2.566,2.552,2.558,20213700,2.558
2019-03-27 00:00:00+00:00,2.567,2.577,2.562,2.576,29201348,2.576
2019-03-28 00:00:00+00:00,2.548,2.555,2.543,2.548,46676224,2.548
2019-03-29 00:00:00+00:00,2.558,2.57,2.558,2.569,48853280,2.569
2019-04-01 00:00:00+00:00,2.587,2.604,2.587,2.604,69436576,2.604
2019-04-02 00:00:00+00:00,2.633,2.633,2.611,2.613,150324500,2.613
2019-04-03 00:00:00+00:00,2.62,2.638,2.62,2.633,39608068,2.633
2019-04-04 00:00:00+00:00,2.64,2.648,2.633,2.636,78223300,2.636
2019-04-08 00:00:00+00:00,2.648,2.652,2.644,2.645,44807300,2.645
2019-04-09 00:00:00+00:00,2.656,2.657,2.645,2.648,64393000,2.648
2019-04-10 00:00:00+00:00,2.638,2.646,2.634,2.645,77394900,2.645
2019-04-11 00:00:00+00:00,2.659,2.667,2.654,2.659,34731300,2.659
2019-04-12 00:00:00+00:00,2.658,2.659,2.653,2.654,48673300,2.654
2019-04-15 00:00:00+00:00,2.66,2.669,2.66,2.662,34701800,2.662
2019-04-16 00:00:00+00:00,2.667,2.679,2.663,2.677,75023368,2.677
2019-04-17 00:00:00+00:00,2.678,2.687,2.677,2.679,32134300,2.679
2019-04-18 00:00:00+00:00,2.68,2.687,2.669,2.67,58860276,2.67
2019-04-19 00:00:00+00:00,2.676,2.69,2.672,2.676,87314700,2.676
2019-04-22 00:00:00+00:00,2.681,2.69,2.675,2.679,125564337,2.679
2019-04-23 00:00:00+00:00,2.69,2.703,2.687,2.699,39539300,2.699
2019-04-24 00:00:00+00:00,2.736,2.743,2.727,2.741,45021000,2.741
2019-04-25 00:00:00+00:00,2.745,2.764,2.742,2.76,32792500,2.76
2019-04-26 00:00:00+00:00,2.762,2.808,2.747,2.778,57927100,2.778
2019-04-29 00:00:00+00:00,2.788,2.819,2.776,2.814,24741900,2.814
2019-04-30 00:00:00+00:00,2.814,2.832,2.772,2.807,20398300,2.807
2019-05-06 00:00:00+00:00,2.781,2.785,2.722,2.727,23860401,2.727
2019-05-07 00:00:00+00:00,2.753,2.766,2.743,2.757,38736000,2.757
2019-05-08 00:00:00+00:00,2.703,2.713,2.698,2.704,69062501,2.704
2019-05-09 00:00:00+00:00,2.701,2.702,2.685,2.686,62667900,2.686
2019-05-10 00:00:00+00:00,2.688,2.708,2.677,2.689,114995900,2.689
2019-05-13 00:00:00+00:00,2.677,2.684,2.671,2.679,73040303,2.679
2019-05-14 00:00:00+00:00,2.61,2.648,2.61,2.624,53547200,2.624
2019-05-15 00:00:00+00:00,2.647,2.66,2.647,2.658,119089044,2.658
2019-05-16 00:00:00+00:00,2.688,2.688,2.675,2.678,40648100,2.678
2019-05-17 00:00:00+00:00,2.707,2.722,2.706,2.709,22524945,2.709
2019-05-20 00:00:00+00:00,2.696,2.703,2.693,2.696,36825000,2.696
2019-05-21 00:00:00+00:00,2.67,2.671,2.658,2.67,41943820,2.67
2019-05-22 00:00:00+00:00,2.683,2.686,2.664,2.664,24036344,2.664
2019-05-23 00:00:00+00:00,2.653,2.655,2.639,2.639,26121756,2.639
2019-05-24 00:00:00+00:00,2.624,2.632,2.624,2.632,23156112,2.632
2019-05-27 00:00:00+00:00,2.615,2.618,2.612,2.618,11244100,2.618
2019-05-28 00:00:00+00:00,2.618,2.632,2.618,2.624,18848400,2.624
2019-05-29 00:00:00+00:00,2.603,2.604,2.595,2.598,29753500,2.598
2019-05-30 00:00:00+00:00,2.589,2.598,2.585,2.596,9476400,2.596
2019-05-31 00:00:00+00:00,2.58,2.586,2.571,2.573,27377600,2.573
2019-06-03 00:00:00+00:00,2.544,2.544,2.532,2.538,13335000,2.538
2019-06-04 00:00:00+00:00,2.507,2.508,2.501,2.503,25693800,2.503
2019-06-05 00:00:00+00:00,2.563,2.581,2.563,2.573,32593244,2.573
2019-06-06 00:00:00+00:00,2.585,2.59,2.58,2.585,61431903,2.585
2019-06-10 00:00:00+00:00,2.663,2.671,2.659,2.67,26940608,2.67
2019-06-11 00:00:00+00:00,2.688,2.697,2.688,2.695,10039200,2.695
2019-06-12 00:00:00+00:00,2.688,2.689,2.674,2.674,27034300,2.674
2019-06-13 00:00:00+00:00,2.677,2.681,2.656,2.667,57345800,2.667
2019-06-14 00:00:00+00:00,2.682,2.687,2.676,2.679,15646100,2.679
2019-06-17 00:00:00+00:00,2.681,2.689,2.681,2.684,17932100,2.684
2019-06-18 00:00:00+00:00,2.698,2.699,2.693,2.698,25097900,2.698
2019-06-19 00:00:00+00:00,2.74,2.742,2.725,2.73,106822190,2.73
2019-06-20 00:00:00+00:00,2.745,2.76,2.745,2.757,66400376,2.757
2019-06-21 00:00:00+00:00,2.759,2.759,2.74,2.748,24887656,2.748
2019-06-24 00:00:00+00:00,2.742,2.757,2.742,2.757,51200200,2.757
2019-06-25 00:00:00+00:00,2.751,2.751,2.732,2.734,58453556,2.734
2019-06-26 00:00:00+00:00,2.695,2.706,2.695,2.702,26750150,2.702
2019-06-27 00:00:00+00:00,2.713,2.728,2.713,2.727,29375500,2.727
2019-06-28 00:00:00+00:00,2.725,2.731,2.717,2.718,36894400,2.718
2019-07-01 00:00:00+00:00,2.753,2.775,2.75,2.774,30532000,2.774
2019-07-02 00:00:00+00:00,2.769,2.77,2.758,2.762,23967600,2.762
2019-07-03 00:00:00+00:00,2.78,2.784,2.774,2.777,45932250,2.777
2019-07-04 00:00:00+00:00,2.798,2.798,2.79,2.792,24125600,2.792
2019-07-05 00:00:00+00:00,2.796,2.804,2.796,2.804,56148700,2.804
2019-07-08 00:00:00+00:00,2.791,2.791,2.775,2.777,108123722,2.777
2019-07-09 00:00:00+00:00,2.777,2.777,2.751,2.756,39138900,2.756
2019-07-10 00:00:00+00:00,2.784,2.791,2.782,2.787,44214900,2.787
2019-07-11 00:00:00+00:00,2.817,2.822,2.813,2.822,46053522,2.822
2019-07-12 00:00:00+00:00,2.819,2.819,2.813,2.817,32335600,2.817
2019-07-15 00:00:00+00:00,2.831,2.84,2.824,2.84,14841661,2.84
2019-07-16 00:00:00+00:00,2.843,2.853,2.841,2.849,29142400,2.849
2019-07-17 00:00:00+00:00,2.832,2.858,2.825,2.834,67712800,2.834
2019-07-18 00:00:00+00:00,2.815,2.822,2.801,2.802,58511398,2.802
2019-07-19 00:00:00+00:00,2.824,2.838,2.824,2.835,30570100,2.835
2019-07-22 00:00:00+00:00,2.802,2.813,2.797,2.804,22503000,2.804
2019-07-23 00:00:00+00:00,2.827,2.835,2.823,2.835,58158200,2.835
2019-07-24 00:00:00+00:00,2.847,2.85,2.844,2.847,22693100,2.847
2019-07-25 00:00:00+00:00,2.87,2.873,2.865,2.87,15348300,2.87
2019-07-26 00:00:00+00:00,2.843,2.859,2.843,2.854,19205000,2.854
2019-07-29 00:00:00+00:00,2.875,2.877,2.862,2.866,19043500,2.866
2019-07-30 00:00:00+00:00,2.859,2.868,2.857,2.861,25543900,2.861
2019-07-31 00:00:00+00:00,2.856,2.857,2.851,2.854,24329100,2.854
2019-08-01 00:00:00+00:00,2.815,2.824,2.813,2.813,19676400,2.813
2019-08-02 00:00:00+00:00,2.797,2.819,2.797,2.818,27905200,2.818
2019-08-05 00:00:00+00:00,2.797,2.803,2.784,2.789,17292200,2.789
2019-08-06 00:00:00+00:00,2.702,2.735,2.688,2.734,28958800,2.734
2019-08-07 00:00:00+00:00,2.741,2.754,2.736,2.754,12501000,2.754
2019-08-08 00:00:00+00:00,2.773,2.786,2.765,2.784,11383898,2.784
2019-08-09 00:00:00+00:00,2.816,2.832,2.816,2.822,19721172,2.822
2019-08-12 00:00:00+00:00,2.816,2.824,2.81,2.823,9341800,2.823
2019-08-13 00:00:00+00:00,2.79,2.79,2.772,2.775,18783898,2.775
2019-08-14 00:00:00+00:00,2.827,2.829,2.821,2.827,39612594,2.827
2019-08-15 00:00:00+00:00,2.756,2.769,2.74,2.764,29726300,2.764
2019-08-16 00:00:00+00:00,2.756,2.763,2.75,2.762,27434600,2.762
2019-08-19 00:00:00+00:00,2.79,2.809,2.785,2.808,20989500,2.808
2019-08-20 00:00:00+00:00,2.82,2.835,2.813,2.823,45279300,2.823
2019-08-21 00:00:00+00:00,2.815,2.815,2.808,2.809,7165100,2.809
2019-08-22 00:00:00+00:00,2.835,2.835,2.825,2.828,11055300,2.828
2019-08-23 00:00:00+00:00,2.827,2.84,2.825,2.84,12194000,2.84
2019-08-26 00:00:00+00:00,2.765,2.9,2.74,2.777,25353598,2.777
2019-08-27 00:00:00+00:00,2.795,2.811,2.795,2.807,15384449,2.807
2019-08-28 00:00:00+00:00,2.801,2.807,2.801,2.804,39210549,2.804
2019-08-29 00:00:00+00:00,2.805,2.806,2.797,2.798,43879500,2.798
2019-08-30 00:00:00+00:00,2.836,2.846,2.835,2.841,59221100,2.841
2019-09-02 00:00:00+00:00,2.836,2.836,2.827,2.835,24457750,2.835
2019-09-03 00:00:00+00:00,2.837,2.838,2.827,2.829,19460700,2.829
2019-09-04 00:00:00+00:00,2.82,2.848,2.813,2.847,32970600,2.847
2019-09-05 00:00:00+00:00,2.853,2.872,2.853,2.866,33020200,2.866
2019-09-06 00:00:00+00:00,2.903,2.903,2.889,2.894,34109500,2.894
2019-09-09 00:00:00+00:00,2.894,2.904,2.89,2.903,22761500,2.903
2019-09-10 00:00:00+00:00,2.891,2.894,2.875,2.876,27465000,2.876
2019-09-11 00:00:00+00:00,2.876,2.877,2.865,2.875,8982200,2.875
2019-09-12 00:00:00+00:00,2.905,2.912,2.899,2.903,17628010,2.903
2019-09-16 00:00:00+00:00,2.874,2.874,2.857,2.871,10955600,2.871
2019-09-17 00:00:00+00:00,2.875,2.881,2.872,2.874,13443700,2.874
2019-09-18 00:00:00+00:00,2.892,2.896,2.886,2.89,39389800,2.89
2019-09-19 00:00:00+00:00,2.893,2.895,2.887,2.888,37595700,2.888
2019-09-20 00:00:00+00:00,2.901,2.902,2.892,2.896,20714200,2.896
2019-09-23 00:00:00+00:00,2.891,2.891,2.875,2.883,18346900,2.883
2019-09-24 00:00:00+00:00,2.886,2.888,2.878,2.88,9253900,2.88
2019-09-25 00:00:00+00:00,2.843,2.844,2.836,2.838,13526100,2.838
2019-09-26 00:00:00+00:00,2.861,2.866,2.851,2.859,12592916,2.859
2019-09-27 00:00:00+00:00,2.844,2.856,2.844,2.855,5750700,2.855
2019-09-30 00:00:00+00:00,2.845,2.845,2.833,2.834,8885800,2.834
2019-10-08 00:00:00+00:00,2.84,2.849,2.84,2.847,27349800,2.847
2019-10-09 00:00:00+00:00,2.807,2.819,2.803,2.806,30309076,2.806
2019-10-10 00:00:00+00:00,2.815,2.821,2.809,2.819,42396200,2.819
2019-10-11 00:00:00+00:00,2.837,2.849,2.834,2.848,15477684,2.848
2019-10-14 00:00:00+00:00,2.876,2.876,2.864,2.868,11246000,2.868
2019-10-15 00:00:00+00:00,2.869,2.881,2.868,2.879,18025500,2.879
2019-10-16 00:00:00+00:00,2.904,2.906,2.9,2.904,9216327,2.904
2019-10-17 00:00:00+00:00,2.9,2.905,2.899,2.903,13986300,2.903
2019-10-18 00:00:00+00:00,2.905,2.905,2.897,2.899,6920800,2.899
2019-10-21 00:00:00+00:00,2.88,2.895,2.879,2.882,4100900,2.882
2019-10-22 00:00:00+00:00,2.904,2.909,2.904,2.907,14008200,2.907
2019-10-23 00:00:00+00:00,2.88,2.88,2.87,2.872,19710900,2.872
2019-10-24 00:00:00+00:00,2.883,2.889,2.883,2.888,9908400,2.888
2019-10-25 00:00:00+00:00,2.902,2.903,2.893,2.896,14359300,2.896
2019-10-28 00:00:00+00:00,2.923,2.932,2.923,2.932,11954000,2.932
2019-10-29 00:00:00+00:00,2.956,2.959,2.952,2.953,5729412,2.953
2019-10-30 00:00:00+00:00,2.938,2.938,2.933,2.934,36177000,2.934
2019-10-31 00:00:00+00:00,2.955,2.955,2.94,2.95,7150600,2.95
2019-11-01 00:00:00+00:00,2.947,2.956,2.947,2.956,8238048,2.956
2019-11-04 00:00:00+00:00,2.975,2.986,2.975,2.977,5601800,2.977
2019-11-05 00:00:00+00:00,2.987,2.993,2.987,2.992,8622300,2.992
2019-11-06 00:00:00+00:00,2.986,2.989,2.971,2.974,11581600,2.974
2019-11-07 00:00:00+00:00,2.978,2.978,2.968,2.97,7308300,2.97
2019-11-08 00:00:00+00:00,2.971,2.971,2.959,2.961,10486000,2.961
2019-11-11 00:00:00+00:00,2.975,2.981,2.972,2.978,21740416,2.978
2019-11-12 00:00:00+00:00,2.975,2.993,2.973,2.993,21542916,2.993
2019-11-13 00:00:00+00:00,2.993,2.999,2.988,2.994,7849148,2.994
2019-11-14 00:00:00+00:00,2.996,3.004,2.994,3.001,7190716,3.001
2019-11-15 00:00:00+00:00,3.001,3.015,3.001,3.014,14389500,3.014
2019-11-18 00:00:00+00:00,3.028,3.031,3.022,3.028,26751466,3.028
2019-11-19 00:00:00+00:00,3.03,3.046,3.03,3.044,8079900,3.044
2019-11-20 00:00:00+00:00,3.042,3.046,3.028,3.03,13002000,3.03
2019-11-21 00:00:00+00:00,3.018,3.018,3.01,3.017,4518200,3.017
2019-11-22 00:00:00+00:00,3.015,3.026,3.015,3.023,8633000,3.023
2019-11-25 00:00:00+00:00,3.031,3.043,3.031,3.042,6175400,3.042
2019-11-26 00:00:00+00:00,3.07,3.095,3.07,3.09,9892500,3.09
2019-11-27 00:00:00+00:00,3.088,3.109,3.08,3.081,8316300,3.081
2019-11-28 00:00:00+00:00,3.099,3.102,3.09,3.099,18512100,3.099
2019-11-29 00:00:00+00:00,3.094,3.102,3.094,3.095,6889400,3.095
2019-12-02 00:00:00+00:00,3.095,3.124,3.09,3.12,9316000,3.12
2019-12-03 00:00:00+00:00,3.068,3.098,3.062,3.084,7430500,3.084
2019-12-04 00:00:00+00:00,3.063,3.063,3.034,3.047,13386000,3.047
2019-12-05 00:00:00+00:00,3.06,3.078,3.049,3.061,21609400,3.061
2019-12-06 00:00:00+00:00,3.063,3.067,3.053,3.058,11996700,3.058
2019-12-09 00:00:00+00:00,3.076,3.086,3.072,3.086,14976740,3.086
2019-12-10 00:00:00+00:00,3.07,3.07,3.064,3.069,6873860,3.069
2019-12-11 00:00:00+00:00,3.064,3.064,3.058,3.064,8594100,3.064
2019-12-12 00:00:00+00:00,3.071,3.087,3.07,3.086,13367840,3.086
2019-12-13 00:00:00+00:00,3.108,3.112,3.1,3.109,9916600,3.109
2019-12-16 00:00:00+00:00,3.102,3.13,3.102,3.129,15571466,3.129
2019-12-17 00:00:00+00:00,3.139,3.171,3.13,3.161,17474228,3.161
2019-12-18 00:00:00+00:00,3.161,3.161,3.132,3.132,9148600,3.132
2019-12-19 00:00:00+00:00,3.135,3.14,3.119,3.121,9496600,3.121
2019-12-20 00:00:00+00:00,3.141,3.157,3.14,3.155,14649200,3.155
2019-12-23 00:00:00+00:00,3.168,3.174,3.16,3.17,19882800,3.17
2019-12-24 00:00:00+00:00,3.171,3.192,3.171,3.185,15502000,3.185
2019-12-25 00:00:00+00:00,3.188,3.189,3.155,3.168,15316900,3.168
2019-12-26 00:00:00+00:00,3.173,3.195,3.168,3.189,38861300,3.189
2019-12-27 00:00:00+00:00,3.209,3.235,3.192,3.217,20218900,3.217
2019-12-30 00:00:00+00:00,3.21,3.222,3.197,3.21,13449500,3.21
2019-12-31 00:00:00+00:00,3.187,3.195,3.175,3.193,16156400,3.193
2020-01-02 00:00:00+00:00,3.201,3.243,3.201,3.24,16067819,3.24
2020-01-03 00:00:00+00:00,3.27,3.27,3.233,3.254,23283000,3.254
2020-01-06 00:00:00+00:00,3.228,3.232,3.196,3.212,18845100,3.212
2020-01-07 00:00:00+00:00,3.231,3.28,3.231,3.257,18746475,3.257
2020-01-08 00:00:00+00:00,3.226,3.243,3.194,3.219,20436560,3.219
2020-01-09 00:00:00+00:00,3.253,3.29,3.253,3.29,22201010,3.29
2020-01-10 00:00:00+00:00,3.33,3.369,3.311,3.366,16884474,3.366
2020-01-13 00:00:00+00:00,3.349,3.37,3.327,3.359,35864020,3.359
2020-01-14 00:00:00+00:00,3.401,3.415,3.369,3.401,28778360,3.401
2020-01-15 00:00:00+00:00,3.397,3.411,3.38,3.41,9873800,3.41
2020-01-16 00:00:00+00:00,3.416,3.448,3.416,3.441,19194744,3.441
2020-01-17 00:00:00+00:00,3.493,3.503,3.475,3.483,17474600,3.483
2020-01-20 00:00:00+00:00,3.482,3.482,3.419,3.424,29252700,3.424
2020-01-21 00:00:00+00:00,3.424,3.436,3.354,3.397,25327200,3.397
2020-01-22 00:00:00+00:00,3.391,3.44,3.388,3.436,20614900,3.436
2020-01-23 00:00:00+00:00,3.412,3.48,3.4,3.478,17618979,3.478
2020-02-03 00:00:00+00:00,3.3,3.37,3.299,3.303,31360400,3.303
2020-02-04 00:00:00+00:00,3.357,3.43,3.324,3.422,31894300,3.422
2020-02-05 00:00:00+00:00,3.5,3.575,3.497,3.57,32921601,3.57
2020-02-06 00:00:00+00:00,3.576,3.705,3.575,3.682,28980656,3.682
2020-02-07 00:00:00+00:00,3.72,3.795,3.673,3.709,41431332,3.709
2020-02-10 00:00:00+00:00,3.668,3.738,3.634,3.732,27271901,3.732
2020-02-11 00:00:00+00:00,3.824,3.88,3.807,3.871,26713280,3.871
2020-02-12 00:00:00+00:00,3.88,3.989,3.831,3.971,47823050,3.971
2020-02-13 00:00:00+00:00,4.06,4.239,4.045,4.197,53774129,4.197
2020-02-14 00:00:00+00:00,4.135,4.162,3.999,4.01,67422900,4.01
2020-02-17 00:00:00+00:00,4.01,4.01,3.818,3.976,84955257,3.976
2020-02-18 00:00:00+00:00,3.967,3.967,3.824,3.837,70231694,3.837
2020-02-19 00:00:00+00:00,3.791,3.907,3.787,3.799,65103993,3.799
2020-02-20 00:00:00+00:00,3.862,3.89,3.804,3.82,42258262,3.82
2020-02-21 00:00:00+00:00,3.746,3.796,3.718,3.719,60926884,3.719
2020-02-24 00:00:00+00:00,3.626,3.626,3.547,3.558,52995136,3.558
2020-02-25 00:00:00+00:00,3.485,3.69,3.44,3.686,85148661,3.686
2020-02-26 00:00:00+00:00,3.537,3.65,3.536,3.619,53437581,3.619
2020-02-27 00:00:00+00:00,3.64,3.656,3.55,3.57,53580464,3.57
2020-02-28 00:00:00+00:00,3.43,3.468,3.383,3.392,58661534,3.392
2020-03-02 00:00:00+00:00,3.424,3.549,3.421,3.541,62528600,3.541
2020-03-03 00:00:00+00:00,3.669,3.721,3.542,3.565,81149595,3.565
2020-03-04 00:00:00+00:00,3.502,3.575,3.45,3.567,39870716,3.567
2020-03-05 00:00:00+00:00,3.65,3.666,3.553,3.571,57700660,3.571
2020-03-06 00:00:00+00:00,3.508,3.54,3.468,3.493,31256244,3.493
2020-03-09 00:00:00+00:00,3.402,3.402,3.255,3.258,46830155,3.258
2020-03-10 00:00:00+00:00,3.282,3.43,3.234,3.413,77368685,3.413
2020-03-11 00:00:00+00:00,3.392,3.4,3.286,3.294,59649928,3.294
2020-03-12 00:00:00+00:00,3.238,3.238,3.166,3.176,47283441,3.176
2020-03-13 00:00:00+00:00,3.0,3.322,2.94,3.217,117820910,3.217
2020-03-16 00:00:00+00:00,3.14,3.217,3.003,3.015,60488662,3.015
2020-03-17 00:00:00+00:00,3.1,3.18,3.001,3.081,99091403,3.081
2020-03-18 00:00:00+00:00,3.101,3.15,2.99,2.998,81117978,2.998
2020-03-19 00:00:00+00:00,3.048,3.065,2.982,3.061,48733150,3.061
2020-03-20 00:00:00+00:00,3.093,3.169,3.073,3.161,73337892,3.161
2020-03-23 00:00:00+00:00,3.01,3.133,3.002,3.019,53825374,3.019
2020-03-24 00:00:00+00:00,3.106,3.185,3.095,3.181,93561969,3.181
2020-03-25 00:00:00+00:00,3.32,3.329,3.254,3.302,78161866,3.302
2020-03-26 00:00:00+00:00,3.265,3.266,3.213,3.22,49139604,3.22
2020-03-27 00:00:00+00:00,3.275,3.29,3.151,3.159,63537577,3.159
2020-03-30 00:00:00+00:00,3.066,3.135,3.057,3.094,49705391,3.094
2020-03-31 00:00:00+00:00,3.152,3.16,3.096,3.099,38977880,3.099
2020-04-01 00:00:00+00:00,3.068,3.107,3.058,3.066,29170300,3.066
2020-04-02 00:00:00+00:00,3.05,3.127,3.049,3.123,31904555,3.123
2020-04-03 00:00:00+00:00,3.116,3.116,3.066,3.077,31812800,3.077
2020-04-07 00:00:00+00:00,3.19,3.203,3.153,3.175,41673546,3.175
2020-04-08 00:00:00+00:00,3.16,3.183,3.152,3.156,24391000,3.156
2020-04-09 00:00:00+00:00,3.19,3.196,3.167,3.168,27089999,3.168
2020-04-10 00:00:00+00:00,3.169,3.175,3.12,3.126,27095876,3.126
2020-04-13 00:00:00+00:00,3.116,3.116,3.08,3.095,13893922,3.095
2020-04-14 00:00:00+00:00,3.11,3.169,3.11,3.165,24793200,3.165
2020-04-15 00:00:00+00:00,3.201,3.253,3.2,3.237,36361842,3.237
2020-04-16 00:00:00+00:00,3.22,3.274,3.2,3.262,22148800,3.262
2020-04-17 00:00:00+00:00,3.34,3.395,3.333,3.375,44494226,3.375
2020-04-20 00:00:00+00:00,3.378,3.395,3.351,3.375,26569398,3.375
2020-04-21 00:00:00+00:00,3.363,3.375,3.299,3.348,34831400,3.348
2020-04-22 00:00:00+00:00,3.289,3.436,3.281,3.423,46847211,3.423
2020-04-23 00:00:00+00:00,3.435,3.503,3.434,3.465,42539974,3.465
2020-04-24 00:00:00+00:00,3.46,3.49,3.43,3.446,28977500,3.446
2020-04-27 00:00:00+00:00,3.49,3.575,3.489,3.567,39806388,3.567
2020-04-28 00:00:00+00:00,3.58,3.67,3.58,3.656,43023800,3.656
2020-04-29 00:00:00+00:00,3.652,3.775,3.652,3.722,54488900,3.722
2020-04-30 00:00:00+00:00,3.835,3.882,3.65,3.737,72377858,3.737
2020-05-06 00:00:00+00:00,3.727,3.788,3.71,3.748,42528688,3.748
2020-05-07 00:00:00+00:00,3.768,3.776,3.728,3.764,38474056,3.764
2020-05-08 00:00:00+00:00,3.826,3.835,3.787,3.789,38024400,3.789
2020-05-11 00:00:00+00:00,3.818,3.825,3.717,3.726,33103701,3.726
2020-05-12 00:00:00+00:00,3.722,3.758,3.63,3.656,45661585,3.656
2020-05-13 00:00:00+00:00,3.62,3.657,3.582,3.644,37017964,3.644
2020-05-14 00:00:00+00:00,3.61,3.613,3.584,3.586,25140440,3.586
2020-05-15 00:00:00+00:00,3.62,3.646,3.605,3.61,28550124,3.61
2020-05-18 00:00:00+00:00,3.64,3.657,3.63,3.651,20022756,3.651
2020-05-19 00:00:00+00:00,3.702,3.749,3.702,3.748,29954499,3.748
2020-05-20 00:00:00+00:00,3.735,3.737,3.714,3.721,13668900,3.721
2020-05-21 00:00:00+00:00,3.772,3.783,3.7,3.72,18469148,3.72
2020-05-22 00:00:00+00:00,3.713,3.713,3.595,3.596,29460914,3.596
2020-05-25 00:00:00+00:00,3.625,3.718,3.615,3.713,22590700,3.713
2020-05-26 00:00:00+00:00,3.777,3.82,3.744,3.797,31905272,3.797
2020-05-27 00:00:00+00:00,3.755,3.84,3.751,3.772,33323334,3.772
2020-05-28 00:00:00+00:00,3.79,3.838,3.753,3.757,39152500,3.757
2020-05-29 00:00:00+00:00,3.744,3.773,3.724,3.73,26154300,3.73
2020-06-01 00:00:00+00:00,3.77,3.781,3.736,3.744,29104776,3.744
2020-06-02 00:00:00+00:00,3.755,3.756,3.731,3.738,19140096,3.738
2020-06-03 00:00:00+00:00,3.751,3.776,3.746,3.771,25910884,3.771
2020-06-04 00:00:00+00:00,3.797,3.81,3.778,3.793,21728515,3.793
2020-06-05 00:00:00+00:00,3.794,3.795,3.778,3.792,13752400,3.792
2020-06-08 00:00:00+00:00,3.821,3.85,3.79,3.796,18332981,3.796
2020-06-09 00:00:00+00:00,3.82,3.83,3.788,3.802,20079719,3.802
2020-06-10 00:00:00+00:00,3.827,3.829,3.772,3.788,16800519,3.788
2020-06-11 00:00:00+00:00,3.8,3.841,3.776,3.786,29540210,3.786
2020-06-12 00:00:00+00:00,3.652,3.757,3.647,3.724,34496203,3.724
2020-06-15 00:00:00+00:00,3.71,3.737,3.663,3.665,20998100,3.665
2020-06-16 00:00:00+00:00,3.742,3.807,3.738,3.806,27307154,3.806
2020-06-17 00:00:00+00:00,3.811,3.84,3.806,3.82,21925186,3.82
2020-06-18 00:00:00+00:00,3.811,3.812,3.785,3.794,13524902,3.794
2020-06-19 00:00:00+00:00,3.795,3.818,3.795,3.802,16013740,3.802
2020-06-22 00:00:00+00:00,3.794,3.794,3.779,3.786,10806400,3.786
2020-06-23 00:00:00+00:00,3.785,3.836,3.785,3.819,21683781,3.819
2020-06-24 00:00:00+00:00,3.83,3.853,3.824,3.829,12100200,3.829
2020-06-29 00:00:00+00:00,3.757,3.773,3.738,3.76,18090928,3.76
2020-06-30 00:00:00+00:00,3.793,3.8,3.763,3.77,14570368,3.77
2020-07-01 00:00:00+00:00,3.81,3.815,3.776,3.786,13699906,3.786
2020-07-02 00:00:00+00:00,3.8,3.805,3.784,3.803,18220730,3.803
2020-07-03 00:00:00+00:00,3.791,3.821,3.791,3.802,22385280,3.802
2020-07-06 00:00:00+00:00,3.802,3.85,3.801,3.828,23008644,3.828
2020-07-07 00:00:00+00:00,3.863,3.867,3.823,3.839,25052551,3.839
2020-07-08 00:00:00+00:00,3.825,3.825,3.808,3.821,26344524,3.821
2020-07-09 00:00:00+00:00,3.837,3.851,3.833,3.839,28002547,3.839
2020-07-10 00:00:00+00:00,3.845,3.865,3.84,3.847,24800913,3.847
2020-07-13 00:00:00+00:00,3.903,3.95,3.888,3.925,22815692,3.925
2020-07-14 00:00:00+00:00,3.825,3.875,3.825,3.872,25459753,3.872
2020-07-15 00:00:00+00:00,3.886,3.899,3.88,3.882,11263353,3.882
2020-07-16 00:00:00+00:00,3.888,3.888,3.819,3.82,20405880,3.82
2020-07-17 00:00:00+00:00,3.825,3.874,3.817,3.868,19958900,3.868
2020-07-20 00:00:00+00:00,3.87,3.87,3.84,3.849,19956500,3.849
2020-07-21 00:00:00+00:00,3.942,4.007,3.934,3.983,30268580,3.983
2020-07-22 00:00:00+00:00,3.955,3.965,3.894,3.944,20954048,3.944
2020-07-23 00:00:00+00:00,3.95,3.966,3.945,3.956,11420100,3.956
2020-07-24 00:00:00+00:00,3.867,3.887,3.835,3.837,18261268,3.837
2020-07-27 00:00:00+00:00,3.83,3.864,3.83,3.849,10573036,3.849
2020-07-28 00:00:00+00:00,3.885,3.903,3.863,3.877,16944076,3.877
2020-07-29 00:00:00+00:00,3.848,3.868,3.836,3.864,11625600,3.864
2020-07-30 00:00:00+00:00,3.875,3.883,3.859,3.859,9215400,3.859
2020-07-31 00:00:00+00:00,3.91,3.945,3.906,3.92,29320568,3.92
2020-08-03 00:00:00+00:00,3.94,3.947,3.901,3.918,31326376,3.918
2020-08-04 00:00:00+00:00,3.96,3.974,3.948,3.973,23164820,3.973
2020-08-05 00:00:00+00:00,3.975,3.977,3.958,3.967,10749800,3.967
2020-08-06 00:00:00+00:00,3.976,3.98,3.951,3.958,14249376,3.958
2020-08-07 00:00:00+00:00,3.999,4.016,3.985,4.004,17479076,4.004
2020-08-10 00:00:00+00:00,3.979,4.003,3.961,3.994,16144056,3.994
2020-08-11 00:00:00+00:00,4.002,4.003,3.986,3.992,6792932,3.992
2020-08-12 00:00:00+00:00,3.955,3.984,3.924,3.981,13527700,3.981
2020-08-13 00:00:00+00:00,4.099,4.099,3.997,4.065,21972766,4.065
2020-08-14 00:00:00+00:00,4.062,4.07,4.046,4.058,13156520,4.058
2020-08-17 00:00:00+00:00,4.058,4.064,4.045,4.063,8179792,4.063
2020-08-18 00:00:00+00:00,4.076,4.089,4.056,4.059,8346700,4.059
2020-08-19 00:00:00+00:00,4.076,4.114,4.066,4.111,14300840,4.111
2020-08-20 00:00:00+00:00,4.1,4.128,4.068,4.106,15167684,4.106
2020-08-21 00:00:00+00:00,4.145,4.228,4.141,4.21,16320746,4.21
2020-08-24 00:00:00+00:00,4.26,4.429,4.242,4.391,23616648,4.391
2020-08-25 00:00:00+00:00,4.427,4.599,4.427,4.591,30300900,4.591
2020-08-26 00:00:00+00:00,4.698,4.699,4.4,4.503,37672136,4.503
2020-08-27 00:00:00+00:00,4.59,4.7,4.59,4.697,27756800,4.697
2020-08-28 00:00:00+00:00,4.69,4.888,4.609,4.797,46562923,4.797
2020-08-31 00:00:00+00:00,4.854,5.077,4.854,5.058,33455131,5.058
2020-09-01 00:00:00+00:00,5.058,5.314,4.93,4.99,82030937,4.99
2020-09-02 00:00:00+00:00,5.148,5.198,5.018,5.193,62338571,5.193
2020-09-03 00:00:00+00:00,5.283,5.4,5.24,5.305,70109988,5.305
2020-09-04 00:00:00+00:00,5.0,5.03,4.781,4.846,75682698,4.846
2020-09-07 00:00:00+00:00,4.78,4.8,4.419,4.484,80688100,4.484
2020-09-08 00:00:00+00:00,4.496,4.735,4.496,4.724,86686839,4.724
2020-09-09 00:00:00+00:00,4.397,4.607,4.35,4.482,90385461,4.482
2020-09-10 00:00:00+00:00,4.61,4.68,4.558,4.609,56600508,4.609
2020-09-11 00:00:00+00:00,4.499,4.545,4.412,4.529,63036576,4.529
2020-09-14 00:00:00+00:00,4.533,4.66,4.471,4.654,58829592,4.654
2020-09-15 00:00:00+00:00,4.704,4.848,4.68,4.811,71122837,4.811
2020-09-16 00:00:00+00:00,4.89,4.992,4.72,4.802,81760325,4.802
2020-09-17 00:00:00+00:00,4.698,4.79,4.6,4.604,75473449,4.604
2020-09-18 00:00:00+00:00,4.549,4.765,4.532,4.761,81248700,4.761
2020-09-21 00:00:00+00:00,4.74,4.796,4.64,4.667,77861200,4.667
2020-09-22 00:00:00+00:00,4.667,4.708,4.579,4.593,47579881,4.593
2020-09-23 00:00:00+00:00,4.71,4.718,4.62,4.655,61503691,4.655
2020-09-24 00:00:00+00:00,4.5,4.55,4.448,4.481,60164041,4.481
2020-09-25 00:00:00+00:00,4.54,4.56,4.433,4.445,43001326,4.445
2020-09-28 00:00:00+00:00,4.534,4.54,4.459,4.52,57998126,4.52
2020-09-29 00:00:00+00:00,4.579,4.612,4.538,4.546,48427328,4.546
2020-09-30 00:00:00+00:00,4.555,4.564,4.501,4.555,28272822,4.555
2020-10-09 00:00:00+00:00,4.688,4.689,4.612,4.644,33136163,4.644
2020-10-12 00:00:00+00:00,4.683,4.692,4.661,4.673,25270543,4.673
2020-10-13 00:00:00+00:00,4.722,4.76,4.713,4.722,40281027,4.722
2020-10-14 00:00:00+00:00,4.73,4.73,4.692,4.707,15939116,4.707
2020-10-15 00:00:00+00:00,4.66,4.668,4.581,4.586,18968700,4.586
2020-10-16 00:00:00+00:00,4.6,4.615,4.571,4.582,12960100,4.582
2020-10-19 00:00:00+00:00,4.607,4.642,4.591,4.636,11282400,4.636
2020-10-20 00:00:00+00:00,4.572,4.613,4.537,4.605,12641600,4.605
2020-10-21 00:00:00+00:00,4.612,4.621,4.59,4.604,12361500,4.604
2020-10-22 00:00:00+00:00,4.545,4.568,4.54,4.556,12501800,4.556
2020-10-23 00:00:00+00:00,4.56,4.568,4.443,4.509,13024600,4.509
2020-10-26 00:00:00+00:00,4.51,4.51,4.423,4.429,15994900,4.429
2020-10-27 00:00:00+00:00,4.37,4.422,4.339,4.402,24052710,4.402
2020-10-28 00:00:00+00:00,4.389,4.399,4.358,4.364,11886214,4.364
2020-10-29 00:00:00+00:00,4.25,4.323,4.231,4.312,21366885,4.312
2020-10-30 00:00:00+00:00,4.31,4.31,4.232,4.251,14038930,4.251
2020-11-02 00:00:00+00:00,4.251,4.272,4.233,4.253,12365662,4.253
2020-11-03 00:00:00+00:00,4.257,4.438,4.257,4.42,27151356,4.42
2020-11-04 00:00:00+00:00,4.445,4.82,4.445,4.635,75830694,4.635
2020-11-05 00:00:00+00:00,4.821,4.858,4.638,4.65,73157124,4.65
2020-11-06 00:00:00+00:00,4.7,4.719,4.465,4.483,65352288,4.483
2020-11-09 00:00:00+00:00,4.58,4.65,4.526,4.602,38824217,4.602
2020-11-10 00:00:00+00:00,4.5,4.5,4.458,4.469,19794910,4.469
2020-11-11 00:00:00+00:00,4.448,4.448,4.401,4.407,13247084,4.407
2020-11-12 00:00:00+00:00,4.47,4.473,4.413,4.419,11134706,4.419
2020-11-13 00:00:00+00:00,4.39,4.39,4.356,4.385,10361618,4.385
2020-11-16 00:00:00+00:00,4.413,4.43,4.395,4.4,12782300,4.4
2020-11-17 00:00:00+00:00,4.399,4.402,4.32,4.324,20889120,4.324
2020-11-18 00:00:00+00:00,4.323,4.323,4.282,4.284,9860900,4.284
2020-11-19 00:00:00+00:00,4.27,4.287,4.246,4.276,11724887,4.276
2020-11-20 00:00:00+00:00,4.283,4.312,4.282,4.305,10952700,4.305
2020-11-23 00:00:00+00:00,4.302,4.302,4.246,4.271,11005600,4.271
2020-11-24 00:00:00+00:00,4.287,4.287,4.27,4.281,8959710,4.281
2020-11-25 00:00:00+00:00,4.337,4.337,4.305,4.312,13162193,4.312
2020-11-26 00:00:00+00:00,4.318,4.365,4.313,4.325,15806700,4.325
2020-11-27 00:00:00+00:00,4.32,4.32,4.29,4.312,10500100,4.312
2020-11-30 00:00:00+00:00,4.315,4.359,4.302,4.317,12591100,4.317
2020-12-01 00:00:00+00:00,4.341,4.369,4.33,4.364,12453000,4.364
2020-12-02 00:00:00+00:00,4.44,4.44,4.35,4.394,12602070,4.394
2020-12-03 00:00:00+00:00,4.393,4.393,4.361,4.371,17403400,4.371
2020-12-04 00:00:00+00:00,4.371,4.371,4.338,4.349,11725891,4.349
2020-12-07 00:00:00+00:00,4.349,4.359,4.294,4.299,12952324,4.299
2020-12-08 00:00:00+00:00,4.304,4.309,4.285,4.293,10987600,4.293
2020-12-09 00:00:00+00:00,4.297,4.307,4.288,4.29,13107600,4.29
2020-12-10 00:00:00+00:00,4.233,4.233,4.182,4.22,17640497,4.22
2020-12-11 00:00:00+00:00,4.248,4.248,4.185,4.207,12364900,4.207
2020-12-14 00:00:00+00:00,4.207,4.23,4.196,4.204,7744300,4.204
2020-12-15 00:00:00+00:00,4.204,4.214,4.202,4.212,12573972,4.212
2020-12-16 00:00:00+00:00,4.239,4.282,4.239,4.281,16831326,4.281
2020-12-17 00:00:00+00:00,4.3,4.306,4.267,4.283,14565900,4.283
2020-12-18 00:00:00+00:00,4.29,4.304,4.286,4.303,10505288,4.303
2020-12-21 00:00:00+00:00,4.301,4.344,4.293,4.341,15490783,4.341
2020-12-22 00:00:00+00:00,4.324,4.342,4.29,4.299,10482421,4.299
2020-12-23 00:00:00+00:00,4.282,4.323,4.282,4.315,10490110,4.315
2020-12-24 00:00:00+00:00,4.309,4.309,4.295,4.298,13768300,4.298
2020-12-25 00:00:00+00:00,4.294,4.33,4.294,4.321,6921000,4.321
2020-12-28 00:00:00+00:00,4.323,4.348,4.322,4.346,8833700,4.346
2020-12-29 00:00:00+00:00,4.365,4.385,4.363,4.383,10346700,4.383
2020-12-30 00:00:00+00:00,4.358,4.385,4.351,4.382,11974600,4.382
2020-12-31 00:00:00+00:00,4.382,4.382,4.36,4.375,14092288,4.375
2021-01-04 00:00:00+00:00,4.369,4.369,4.32,4.333,17143700,4.333
2021-01-05 00:00:00+00:00,4.28,4.29,4.254,4.275,15363100,4.275
2021-01-06 00:00:00+00:00,4.285,4.295,4.254,4.256,18123702,4.256
2021-01-07 00:00:00+00:00,4.242,4.26,4.239,4.243,12164510,4.243
2021-01-08 00:00:00+00:00,4.302,4.323,4.3,4.318,16523120,4.318
2021-01-11 00:00:00+00:00,4.342,4.352,4.33,4.331,14496800,4.331
2021-01-12 00:00:00+00:00,4.32,4.32,4.288,4.299,15047600,4.299
2021-01-13 00:00:00+00:00,4.293,4.293,4.277,4.281,12514000,4.281
2021-01-14 00:00:00+00:00,4.298,4.31,4.294,4.297,8311100,4.297
2021-01-15 00:00:00+00:00,4.284,4.284,4.257,4.268,11531354,4.268
2021-01-18 00:00:00+00:00,4.255,4.255,4.235,4.244,18080928,4.244
2021-01-19 00:00:00+00:00,4.266,4.302,4.261,4.291,26988892,4.291
2021-01-20 00:00:00+00:00,4.328,4.328,4.306,4.324,13846108,4.324
2021-01-21 00:00:00+00:00,4.41,4.44,4.4,4.435,26269824,4.435
2021-01-22 00:00:00+00:00,4.443,4.448,4.415,4.432,18391229,4.432
2021-01-25 00:00:00+00:00,4.444,4.476,4.444,4.471,16937500,4.471
2021-01-26 00:00:00+00:00,4.459,4.459,4.44,4.443,10964218,4.443
2021-01-27 00:00:00+00:00,4.48,4.517,4.48,4.513,23005530,4.513
2021-01-28 00:00:00+00:00,4.369,4.387,4.323,4.333,31591615,4.333
2021-01-29 00:00:00+00:00,4.366,4.389,4.307,4.327,31911653,4.327
2021-02-01 00:00:00+00:00,4.265,4.314,4.255,4.31,11926600,4.31
2021-02-02 00:00:00+00:00,4.408,4.443,4.391,4.441,18455223,4.441
2021-02-03 00:00:00+00:00,4.521,4.521,4.47,4.493,12976178,4.493
2021-02-04 00:00:00+00:00,4.455,4.477,4.431,4.449,14056164,4.449
2021-02-05 00:00:00+00:00,4.492,4.513,4.492,4.508,12091032,4.508
2021-02-08 00:00:00+00:00,4.526,4.546,4.525,4.537,13083600,4.537
2021-02-09 00:00:00+00:00,4.549,4.55,4.535,4.536,9735671,4.536
2021-02-10 00:00:00+00:00,4.538,4.555,4.53,4.553,12730600,4.553
2021-02-18 00:00:00+00:00,4.52,4.54,4.52,4.532,25347221,4.532
2021-02-19 00:00:00+00:00,4.525,4.528,4.505,4.527,11995900,4.527
2021-02-22 00:00:00+00:00,4.524,4.524,4.479,4.487,16795206,4.487
2021-02-23 00:00:00+00:00,4.386,4.434,4.383,4.416,19016823,4.416
2021-02-24 00:00:00+00:00,4.397,4.399,4.323,4.339,22978598,4.339
2021-02-25 00:00:00+00:00,4.4,4.423,4.392,4.422,14702899,4.422
2021-02-26 00:00:00+00:00,4.251,4.294,4.237,4.246,34892964,4.246
2021-03-01 00:00:00+00:00,4.309,4.355,4.309,4.342,18608300,4.342
2021-03-02 00:00:00+00:00,4.428,4.45,4.387,4.396,14514000,4.396
2021-03-03 00:00:00+00:00,4.35,4.383,4.321,4.376,14995300,4.376
2021-03-04 00:00:00+00:00,4.265,4.266,4.215,4.234,22238700,4.234
2021-03-05 00:00:00+00:00,4.157,4.186,4.124,4.182,18598000,4.182
2021-03-08 00:00:00+00:00,4.23,4.249,4.185,4.189,15701920,4.189
2021-03-09 00:00:00+00:00,4.137,4.177,4.117,4.153,19880300,4.153
2021-03-10 00:00:00+00:00,4.271,4.278,4.254,4.261,14808500,4.261
2021-03-11 00:00:00+00:00,4.258,4.298,4.252,4.297,20658437,4.297
2021-03-12 00:00:00+00:00,4.346,4.358,4.322,4.324,15286936,4.324
2021-03-15 00:00:00+00:00,4.334,4.348,4.296,4.306,9868691,4.306
2021-03-16 00:00:00+00:00,4.36,4.388,4.353,4.387,15950140,4.387
2021-03-17 00:00:00+00:00,4.385,4.385,4.366,4.38,13116000,4.38
2021-03-18 00:00:00+00:00,4.407,4.418,4.395,4.413,10217900,4.413
2021-03-19 00:00:00+00:00,4.278,4.284,4.258,4.267,18002362,4.267
2021-03-22 00:00:00+00:00,4.274,4.313,4.274,4.308,10313900,4.308
2021-03-23 00:00:00+00:00,4.351,4.356,4.332,4.349,12329094,4.349
2021-03-24 00:00:00+00:00,4.346,4.36,4.346,4.351,12712136,4.351
2021-03-25 00:00:00+00:00,4.288,4.296,4.272,4.285,11395300,4.285
2021-03-26 00:00:00+00:00,4.285,4.326,4.283,4.322,12059200,4.322
2021-03-29 00:00:00+00:00,4.31,4.331,4.3,4.322,13353500,4.322
2021-03-30 00:00:00+00:00,4.338,4.345,4.329,4.331,10270400,4.331
2021-03-31 00:00:00+00:00,4.339,4.348,4.321,4.329,7289500,4.329
2021-04-01 00:00:00+00:00,4.399,4.432,4.392,4.43,15405200,4.43
2021-04-02 00:00:00+00:00,4.487,4.489,4.476,4.479,10904300,4.479
2021-04-06 00:00:00+00:00,4.559,4.559,4.538,4.549,15701114,4.549
2021-04-07 00:00:00+00:00,4.547,4.548,4.529,4.545,12647500,4.545
2021-04-08 00:00:00+00:00,4.554,4.598,4.554,4.592,12497814,4.592
2021-04-09 00:00:00+00:00,4.624,4.635,4.596,4.605,16354120,4.605
2021-04-12 00:00:00+00:00,4.631,4.644,4.626,4.635,14648087,4.635
2021-04-13 00:00:00+00:00,4.625,4.642,4.622,4.625,10980525,4.625
2021-04-14 00:00:00+00:00,4.668,4.688,4.668,4.685,11951800,4.685
2021-04-15 00:00:00+00:00,4.637,4.639,4.618,4.638,15553000,4.638
2021-04-16 00:00:00+00:00,4.673,4.683,4.673,4.681,13237725,4.681
2021-04-19 00:00:00+00:00,4.69,4.701,4.682,4.69,9509100,4.69
2021-04-20 00:00:00+00:00,4.639,4.65,4.618,4.62,14673700,4.62
2021-04-21 00:00:00+00:00,4.577,4.588,4.559,4.585,13554800,4.585
2021-04-22 00:00:00+00:00,4.617,4.63,4.615,4.627,7848700,4.627
2021-04-23 00:00:00+00:00,4.578,4.584,4.57,4.572,9614943,4.572
2021-04-26 00:00:00+00:00,4.628,4.632,4.615,4.619,10874800,4.619
2021-04-27 00:00:00+00:00,4.648,4.659,4.647,4.656,13142200,4.656
2021-04-28 00:00:00+00:00,4.635,4.648,4.634,4.64,6838700,4.64
2021-04-29 00:00:00+00:00,4.645,4.659,4.645,4.653,11989443,4.653
2021-04-30 00:00:00+00:00,4.62,4.621,4.6,4.619,15708162,4.619
2021-05-06 00:00:00+00:00,4.5,4.515,4.49,4.512,18232500,4.512
2021-05-07 00:00:00+00:00,4.525,4.536,4.499,4.502,21087850,4.502
2021-05-10 00:00:00+00:00,4.53,4.54,4.519,4.537,24291900,4.537
2021-05-11 00:00:00+00:00,4.408,4.412,4.377,4.405,18379230,4.405
2021-05-12 00:00:00+00:00,4.393,4.408,4.385,4.406,10948200,4.406
2021-05-13 00:00:00+00:00,4.322,4.349,4.322,4.346,12647100,4.346
2021-05-14 00:00:00+00:00,4.371,4.397,4.365,4.394,17353300,4.394
2021-05-17 00:00:00+00:00,4.426,4.446,4.421,4.439,15371100,4.439
2021-05-18 00:00:00+00:00,4.439,4.457,4.42,4.453,8968300,4.453
2021-05-19 00:00:00+00:00,4.381,4.382,4.363,4.371,11343600,4.371
2021-05-20 00:00:00+00:00,4.378,4.389,4.373,4.382,8284100,4.382
2021-05-21 00:00:00+00:00,4.46,4.471,4.458,4.47,12821500,4.47
2021-05-24 00:00:00+00:00,4.449,4.455,4.437,4.448,7550000,4.448
2021-05-25 00:00:00+00:00,4.497,4.516,4.493,4.516,11530500,4.516
2021-05-26 00:00:00+00:00,4.512,4.515,4.501,4.51,8291800,4.51
2021-05-27 00:00:00+00:00,4.509,4.509,4.481,4.485,10862600,4.485
2021-05-28 00:00:00+00:00,4.492,4.497,4.478,4.483,10621628,4.483
2021-05-31 00:00:00+00:00,4.483,4.49,4.471,4.475,13045908,4.475
2021-06-01 00:00:00+00:00,4.475,4.484,4.458,4.483,9660922,4.483
2021-06-02 00:00:00+00:00,4.458,4.48,4.457,4.462,8553424,4.462
2021-06-03 00:00:00+00:00,4.472,4.479,4.465,4.473,5830100,4.473
2021-06-04 00:00:00+00:00,4.43,4.441,4.423,4.439,8008400,4.439
2021-06-07 00:00:00+00:00,4.498,4.514,4.49,4.501,10969500,4.501
2021-06-08 00:00:00+00:00,4.53,4.531,4.516,4.517,9172008,4.517
2021-06-09 00:00:00+00:00,4.524,4.525,4.5,4.523,7798800,4.523
2021-06-10 00:00:00+00:00,4.518,4.521,4.505,4.509,6962756,4.509
2021-06-11 00:00:00+00:00,4.558,4.567,4.555,4.563,9924848,4.563
2021-06-15 00:00:00+00:00,4.606,4.633,4.606,4.633,14279800,4.633
2021-06-16 00:00:00+00:00,4.595,4.628,4.595,4.603,8065100,4.603
2021-06-17 00:00:00+00:00,4.58,4.589,4.563,4.588,11639100,4.588
2021-06-18 00:00:00+00:00,4.672,4.686,4.661,4.684,19473020,4.684
2021-06-21 00:00:00+00:00,4.639,4.653,4.62,4.641,26727900,4.641
2021-06-22 00:00:00+00:00,4.665,4.679,4.665,4.671,16696650,4.671
2021-06-23 00:00:00+00:00,4.726,4.748,4.726,4.743,17012400,4.743
2021-06-24 00:00:00+00:00,4.743,4.746,4.732,4.742,10051000,4.742
2021-06-25 00:00:00+00:00,4.762,4.763,4.753,4.756,11127100,4.756
2021-06-28 00:00:00+00:00,4.75,4.771,4.736,4.767,10245020,4.767
2021-06-29 00:00:00+00:00,4.801,4.81,4.801,4.803,10372200,4.803
2021-06-30 00:00:00+00:00,4.82,4.839,4.82,4.837,6196200,4.837
2021-07-01 00:00:00+00:00,4.837,4.837,4.822,4.827,7033000,4.827
2021-07-02 00:00:00+00:00,4.83,4.833,4.819,4.828,8074300,4.828
2021-07-05 00:00:00+00:00,4.872,4.887,4.868,4.883,7735300,4.883
2021-07-06 00:00:00+00:00,4.884,4.888,4.879,4.887,7291804,4.887
2021-07-07 00:00:00+00:00,4.898,4.922,4.898,4.919,7374088,4.919
2021-07-08 00:00:00+00:00,4.923,4.925,4.905,4.91,9841533,4.91
2021-07-09 00:00:00+00:00,4.879,4.905,4.862,4.903,16322263,4.903
2021-07-12 00:00:00+00:00,4.919,4.941,4.919,4.934,15410600,4.934
2021-07-13 00:00:00+00:00,4.948,4.954,4.938,4.94,12603800,4.94
2021-07-14 00:00:00+00:00,4.932,4.94,4.93,4.938,9154600,4.938
2021-07-15 00:00:00+00:00,4.933,4.95,4.933,4.948,7778082,4.948
2021-07-16 00:00:00+00:00,4.902,4.921,4.893,4.903,11352300,4.903
2021-07-19 00:00:00+00:00,4.863,4.876,4.852,4.874,11207500,4.874
2021-07-20 00:00:00+00:00,4.851,4.865,4.851,4.863,11163420,4.863
2021-07-21 00:00:00+00:00,4.892,4.9,4.878,4.893,14272240,4.893
2021-07-22 00:00:00+00:00,4.919,4.939,4.919,4.938,9992000,4.938
2021-07-23 00:00:00+00:00,4.962,4.976,4.96,4.975,9837000,4.975
2021-07-26 00:00:00+00:00,5.011,5.049,5.01,5.041,20373000,5.041
2021-07-27 00:00:00+00:00,5.03,5.045,5.028,5.03,14213400,5.03
2021-07-28 00:00:00+00:00,5.0,5.0,4.963,4.98,24000500,4.98
2021-07-29 00:00:00+00:00,4.99,4.999,4.979,4.996,17753099,4.996
2021-07-30 00:00:00+00:00,4.94,4.942,4.908,4.912,16745500,4.912
2021-08-02 00:00:00+00:00,4.962,4.983,4.962,4.98,16841200,4.98
2021-08-03 00:00:00+00:00,4.96,4.97,4.954,4.968,7763799,4.968
2021-08-04 00:00:00+00:00,4.992,5.005,4.99,5.001,15382914,5.001
2021-08-05 00:00:00+00:00,5.003,5.003,4.992,4.996,6502130,4.996
2021-08-06 00:00:00+00:00,5.036,5.045,5.029,5.033,13674310,5.033
2021-08-09 00:00:00+00:00,4.998,5.017,4.993,5.008,10365600,5.008
2021-08-10 00:00:00+00:00,5.019,5.031,5.019,5.031,7355500,5.031
2021-08-11 00:00:00+00:00,5.019,5.019,5.002,5.006,11320100,5.006
2021-08-12 00:00:00+00:00,4.993,4.996,4.987,4.992,8685601,4.992
2021-08-13 00:00:00+00:00,5.01,5.012,5.005,5.01,7771000,5.01
2021-08-16 00:00:00+00:00,5.016,5.035,5.012,5.022,12172600,5.022
2021-08-17 00:00:00+00:00,5.016,5.041,5.016,5.039,13013700,5.039
2021-08-18 00:00:00+00:00,5.012,5.013,4.995,5.009,16223796,5.009
2021-08-19 00:00:00+00:00,4.976,4.976,4.92,4.922,21679600,4.922
2021-08-20 00:00:00+00:00,4.965,4.972,4.96,4.968,18108324,4.968
2021-08-23 00:00:00+00:00,5.03,5.052,5.021,5.05,14448280,5.05
2021-08-24 00:00:00+00:00,5.106,5.126,5.106,5.123,27731300,5.123
2021-08-25 00:00:00+00:00,5.122,5.123,5.107,5.118,8795300,5.118
2021-08-26 00:00:00+00:00,5.116,5.118,5.105,5.111,10634500,5.111
2021-08-27 00:00:00+00:00,5.086,5.119,5.086,5.115,17506866,5.115
2021-08-30 00:00:00+00:00,5.146,5.16,5.146,5.154,22203700,5.154
2021-08-31 00:00:00+00:00,5.195,5.224,5.188,5.224,17389623,5.224
2021-09-01 00:00:00+00:00,5.198,5.203,5.18,5.2,25317000,5.2
2021-09-02 00:00:00+00:00,5.2,5.201,5.186,5.193,25487100,5.193
2021-09-03 00:00:00+00:00,5.191,5.191,5.176,5.182,15065119,5.182
2021-09-06 00:00:00+00:00,5.185,5.199,5.185,5.195,14677165,5.195
2021-09-07 00:00:00+00:00,5.193,5.2,5.192,5.2,9882700,5.2
2021-09-08 00:00:00+00:00,5.196,5.199,5.19,5.193,9115904,5.193
2021-09-09 00:00:00+00:00,5.174,5.174,5.151,5.165,15460200,5.165
2021-09-10 00:00:00+00:00,5.151,5.158,5.146,5.148,13925300,5.148
2021-09-13 00:00:00+00:00,5.099,5.125,5.094,5.122,22810700,5.122
2021-09-14 00:00:00+00:00,5.112,5.114,5.09,5.092,11814100,5.092
2021-09-15 00:00:00+00:00,5.08,5.086,5.068,5.081,8606645,5.081
2021-09-16 00:00:00+00:00,5.117,5.118,5.103,5.106,11691600,5.106
2021-09-17 00:00:00+00:00,5.113,5.136,5.111,5.135,14436119,5.135
2021-09-22 00:00:00+00:00,4.998,5.015,4.98,5.009,24558900,5.009
2021-09-23 00:00:00+00:00,5.051,5.057,5.043,5.055,13491900,5.055
2021-09-24 00:00:00+00:00,5.083,5.091,5.064,5.065,14451300,5.065
2021-09-27 00:00:00+00:00,5.082,5.1,5.082,5.096,15047300,5.096
2021-09-28 00:00:00+00:00,5.034,5.04,5.004,5.005,19531100,5.005
2021-09-29 00:00:00+00:00,4.9,4.936,4.894,4.934,26398900,4.934
2021-09-30 00:00:00+00:00,4.922,4.945,4.91,4.944,11308300,4.944
2021-10-08 00:00:00+00:00,4.958,4.966,4.934,4.937,16605100,4.937
2021-10-11 00:00:00+00:00,4.901,4.906,4.876,4.881,24469616,4.881
2021-10-12 00:00:00+00:00,4.854,4.854,4.838,4.84,15320099,4.84
2021-10-13 00:00:00+00:00,4.835,4.853,4.833,4.852,8515108,4.852
2021-10-14 00:00:00+00:00,4.88,4.918,4.88,4.917,11853514,4.917
2021-10-15 00:00:00+00:00,4.973,4.998,4.966,4.986,16260014,4.986
2021-10-18 00:00:00+00:00,4.99,4.991,4.978,4.982,8000200,4.982
2021-10-19 00:00:00+00:00,5.039,5.04,5.027,5.039,13032300,5.039
2021-10-20 00:00:00+00:00,5.05,5.055,5.042,5.048,10348500,5.048
2021-10-21 00:00:00+00:00,5.042,5.05,5.027,5.047,38725390,5.047
2021-10-22 00:00:00+00:00,5.057,5.068,5.051,5.065,31882000,5.065
2021-10-25 00:00:00+00:00,5.025,5.042,5.023,5.04,8672500,5.04
2021-10-26 00:00:00+00:00,5.091,5.106,5.089,5.103,10067145,5.103
2021-10-27 00:00:00+00:00,5.1,5.1,5.08,5.095,7865307,5.095
2021-10-28 00:00:00+00:00,5.109,5.122,5.107,5.116,8490108,5.116
2021-10-29 00:00:00+00:00,5.14,5.14,5.117,5.122,12735900,5.122
2021-11-01 00:00:00+00:00,5.193,5.214,5.189,5.208,13477878,5.208
2021-11-02 00:00:00+00:00,5.216,5.218,5.204,5.218,9571346,5.218
2021-11-03 00:00:00+00:00,5.238,5.249,5.238,5.243,7816569,5.243
2021-11-04 00:00:00+00:00,5.301,5.318,5.3,5.315,17017690,5.315
2021-11-05 00:00:00+00:00,5.375,5.381,5.354,5.38,15140821,5.38
2021-11-08 00:00:00+00:00,5.377,5.38,5.357,5.362,17015700,5.362
2021-11-09 00:00:00+00:00,5.359,5.371,5.344,5.368,17441889,5.368
2021-11-10 00:00:00+00:00,5.327,5.327,5.301,5.316,16606700,5.316
2021-11-11 00:00:00+00:00,5.248,5.282,5.247,5.272,18581786,5.272
2021-11-12 00:00:00+00:00,5.28,5.291,5.264,5.27,11772700,5.27
2021-11-15 00:00:00+00:00,5.325,5.336,5.312,5.336,13368800,5.336
2021-11-16 00:00:00+00:00,5.325,5.325,5.295,5.304,11995900,5.304
2021-11-17 00:00:00+00:00,5.339,5.357,5.339,5.347,11664329,5.347
2021-11-18 00:00:00+00:00,5.345,5.362,5.344,5.359,10882200,5.359
2021-11-19 00:00:00+00:00,5.4,5.439,5.4,5.433,16652500,5.433
2021-11-22 00:00:00+00:00,5.452,5.464,5.444,5.448,13344900,5.448
2021-11-23 00:00:00+00:00,5.377,5.377,5.352,5.359,22989000,5.359
2021-11-24 00:00:00+00:00,5.348,5.369,5.343,5.368,15839900,5.368
2021-11-25 00:00:00+00:00,5.373,5.396,5.369,5.395,12415035,5.395
2021-11-26 00:00:00+00:00,5.372,5.372,5.332,5.34,18305400,5.34
2021-11-29 00:00:00+00:00,5.288,5.326,5.288,5.322,23034800,5.322
2021-11-30 00:00:00+00:00,5.377,5.387,5.318,5.346,23488200,5.346
2021-12-01 00:00:00+00:00,5.308,5.353,5.298,5.35,14108400,5.35
2021-12-02 00:00:00+00:00,5.227,5.235,5.216,5.23,30960601,5.23
2021-12-03 00:00:00+00:00,5.227,5.233,5.196,5.226,19656300,5.226
2021-12-06 00:00:00+00:00,5.14,5.158,5.135,5.153,18882531,5.153
2021-12-07 00:00:00+00:00,5.191,5.223,5.186,5.22,18428500,5.22
2021-12-08 00:00:00+00:00,5.346,5.358,5.33,5.35,18400900,5.35
2021-12-09 00:00:00+00:00,5.341,5.346,5.318,5.329,14420607,5.329
2021-12-10 00:00:00+00:00,5.27,5.3,5.27,5.28,10739400,5.28
2021-12-13 00:00:00+00:00,5.347,5.353,5.337,5.346,9885200,5.346
2021-12-14 00:00:00+00:00,5.276,5.276,5.256,5.261,12922607,5.261
2021-12-15 00:00:00+00:00,5.228,5.228,5.207,5.217,24502807,5.217
2021-12-16 00:00:00+00:00,5.322,5.348,5.311,5.347,20947425,5.347
2021-12-17 00:00:00+00:00,5.222,5.224,5.182,5.191,34937900,5.191
2021-12-20 00:00:00+00:00,5.12,5.17,5.105,5.113,27329300,5.113
2021-12-21 00:00:00+00:00,5.13,5.183,5.13,5.18,20169000,5.18
2021-12-22 00:00:00+00:00,5.213,5.218,5.197,5.206,18564400,5.206
2021-12-23 00:00:00+00:00,5.27,5.279,5.261,5.276,19499855,5.276
2021-12-24 00:00:00+00:00,5.31,5.316,5.301,5.307,12229050,5.307
2021-12-27 00:00:00+00:00,5.326,5.335,5.321,5.331,12685200,5.331
2021-12-28 00:00:00+00:00,5.393,5.408,5.39,5.405,15871600,5.405
2021-12-29 00:00:00+00:00,5.39,5.403,5.382,5.402,14346900,5.402
2021-12-30 00:00:00+00:00,5.382,5.4,5.368,5.372,18334000,5.372
2021-12-31 00:00:00+00:00,5.355,5.368,5.339,5.364,20998100,5.364
2022-01-04 00:00:00+00:00,5.398,5.407,5.382,5.406,17617412,5.406
2022-01-05 00:00:00+00:00,5.327,5.328,5.289,5.297,22276500,5.297
2022-01-06 00:00:00+00:00,5.15,5.179,5.122,5.151,36062700,5.151
2022-01-07 00:00:00+00:00,5.181,5.191,5.165,5.188,17272600,5.188
2022-01-10 00:00:00+00:00,5.11,5.144,5.097,5.142,22746787,5.142
2022-01-11 00:00:00+00:00,5.127,5.127,5.094,5.101,26752400,5.101
2022-01-12 00:00:00+00:00,5.16,5.197,5.16,5.192,21891900,5.192
2022-01-14 00:00:00+00:00,1.01,1.016,1.007,1.015,125644069,5.074999999999999
2022-01-17 00:00:00+00:00,1.015,1.017,1.012,1.014,84495400,5.07
2022-01-18 00:00:00+00:00,1.015,1.015,1.005,1.008,122707900,5.04
2022-01-19 00:00:00+00:00,0.99,0.995,0.982,0.986,163215300,4.93
2022-01-20 00:00:00+00:00,0.981,0.99,0.979,0.989,126658000,4.945
2022-01-21 00:00:00+00:00,0.964,0.969,0.955,0.96,216024299,4.8
2022-01-24 00:00:00+00:00,0.948,0.953,0.944,0.951,144031480,4.755
2022-01-25 00:00:00+00:00,0.938,0.943,0.925,0.93,284406900,4.65
2022-01-26 00:00:00+00:00,0.922,0.926,0.921,0.925,216999200,4.625
2022-01-27 00:00:00+00:00,0.912,0.917,0.903,0.905,257177600,4.525
2022-01-28 00:00:00+00:00,0.917,0.924,0.915,0.919,247548476,4.595000000000001
2022-02-07 00:00:00+00:00,0.948,0.957,0.945,0.956,214371503,4.779999999999999
2022-02-08 00:00:00+00:00,0.95,0.951,0.946,0.95,119095700,4.75
2022-02-09 00:00:00+00:00,0.96,0.967,0.96,0.966,123413112,4.83
2022-02-10 00:00:00+00:00,0.98,0.981,0.975,0.98,132865200,4.9
2022-02-11 00:00:00+00:00,0.958,0.959,0.949,0.952,177886401,4.76
2022-02-14 00:00:00+00:00,0.931,0.935,0.93,0.933,156621100,4.665
2022-02-15 00:00:00+00:00,0.932,0.936,0.93,0.933,148542900,4.665
2022-02-16 00:00:00+00:00,0.948,0.952,0.947,0.949,159283000,4.745
2022-02-17 00:00:00+00:00,0.948,0.949,0.939,0.942,150297850,4.71
2022-02-18 00:00:00+00:00,0.921,0.934,0.92,0.933,202283624,4.665
2022-02-21 00:00:00+00:00,0.92,0.934,0.918,0.931,161946000,4.655
2022-02-22 00:00:00+00:00,0.902,0.911,0.89,0.893,363468000,4.465
2022-02-23 00:00:00+00:00,0.905,0.91,0.902,0.908,172073200,4.54
2022-02-24 00:00:00+00:00,0.875,0.876,0.854,0.857,535979560,4.285
2022-02-25 00:00:00+00:00,0.895,0.898,0.889,0.894,469019955,4.47
2022-02-28 00:00:00+00:00,0.9,0.9,0.89,0.896,243026494,4.48
2022-03-01 00:00:00+00:00,0.914,0.92,0.913,0.919,225111698,4.595000000000001
2022-03-02 00:00:00+00:00,0.906,0.91,0.902,0.905,137175300,4.525
2022-03-03 00:00:00+00:00,0.918,0.92,0.915,0.92,132419852,4.6000000000000005
2022-03-04 00:00:00+00:00,0.896,0.905,0.895,0.902,212072817,4.51
2022-03-07 00:00:00+00:00,0.88,0.883,0.874,0.881,297439324,4.405
2022-03-08 00:00:00+00:00,0.866,0.866,0.847,0.852,408814900,4.26
2022-03-09 00:00:00+00:00,0.856,0.862,0.852,0.862,299040431,4.31
2022-03-10 00:00:00+00:00,0.885,0.888,0.882,0.884,199142017,4.42
2022-03-11 00:00:00+00:00,0.872,0.879,0.87,0.879,167670763,4.395
2022-03-14 00:00:00+00:00,0.868,0.871,0.863,0.868,461177000,4.34
2022-03-15 00:00:00+00:00,0.853,0.859,0.85,0.851,221669790,4.255
2022-03-16 00:00:00+00:00,0.874,0.885,0.869,0.883,308687290,4.415
2022-03-17 00:00:00+00:00,0.904,0.911,0.903,0.91,234725718,4.55
2022-03-18 00:00:00+00:00,0.909,0.912,0.906,0.91,152602729,4.55
2022-03-21 00:00:00+00:00,0.931,0.933,0.927,0.93,341561900,4.65
2022-03-22 00:00:00+00:00,0.927,0.932,0.927,0.932,161685943,4.66
2022-03-23 00:00:00+00:00,0.953,0.956,0.951,0.955,176053000,4.7749999999999995
2022-03-24 00:00:00+00:00,0.942,0.95,0.941,0.946,174983875,4.7299999999999995
2022-03-25 00:00:00+00:00,0.96,0.963,0.959,0.963,266644085,4.8149999999999995
2022-03-28 00:00:00+00:00,0.959,0.961,0.956,0.958,170040800,4.79
2022-03-29 00:00:00+00:00,0.975,0.979,0.974,0.978,164447175,4.89
2022-03-30 00:00:00+00:00,0.992,0.994,0.988,0.99,180703500,4.95
2022-03-31 00:00:00+00:00,0.984,0.985,0.98,0.983,267237268,4.915
2022-04-01 00:00:00+00:00,0.967,0.976,0.966,0.973,469600162,4.865
2022-04-06 00:00:00+00:00,0.964,0.968,0.963,0.967,232076106,4.835
2022-04-07 00:00:00+00:00,0.944,0.948,0.943,0.947,244946203,4.734999999999999
2022-04-08 00:00:00+00:00,0.946,0.954,0.945,0.953,163520704,4.765
2022-04-11 00:00:00+00:00,0.934,0.935,0.926,0.929,279102700,4.6450000000000005
2022-04-12 00:00:00+00:00,0.91,0.912,0.905,0.911,491491232,4.555
2022-04-13 00:00:00+00:00,0.912,0.919,0.91,0.917,316492813,4.585
2022-04-14 00:00:00+00:00,0.927,0.932,0.927,0.931,276754500,4.655
2022-04-15 00:00:00+00:00,0.906,0.908,0.903,0.905,337691877,4.525
2022-04-18 00:00:00+00:00,0.898,0.901,0.896,0.9,228519900,4.5
2022-04-19 00:00:00+00:00,0.909,0.914,0.908,0.913,209456200,4.565
2022-04-20 00:00:00+00:00,0.923,0.925,0.922,0.924,329873200,4.62
2022-04-21 00:00:00+00:00,0.923,0.932,0.922,0.928,366028039,4.640000000000001
2022-04-22 00:00:00+00:00,0.901,0.911,0.9,0.911,290495763,4.555
2022-04-25 00:00:00+00:00,0.885,0.893,0.882,0.883,491395400,4.415
2022-04-26 00:00:00+00:00,0.905,0.908,0.903,0.904,391987600,4.5200000000000005
2022-04-27 00:00:00+00:00,0.875,0.882,0.872,0.881,643972300,4.405
2022-04-28 00:00:00+00:00,0.882,0.894,0.881,0.893,386891759,4.465
2022-04-29 00:00:00+00:00,0.902,0.908,0.901,0.905,603317800,4.525
2022-05-05 00:00:00+00:00,0.915,0.919,0.912,0.913,573678187,4.565
2022-05-06 00:00:00+00:00,0.873,0.882,0.87,0.878,554291800,4.39
2022-05-09 00:00:00+00:00,0.868,0.87,0.863,0.866,335587120,4.33
2022-05-10 00:00:00+00:00,0.84,0.856,0.838,0.855,572165516,4.275
2022-05-11 00:00:00+00:00,0.856,0.861,0.854,0.859,583229195,4.295
2022-05-12 00:00:00+00:00,0.837,0.84,0.827,0.83,818633700,4.1499999999999995
2022-05-13 00:00:00+00:00,0.838,0.845,0.837,0.844,571960000,4.22
2022-05-16 00:00:00+00:00,0.864,0.865,0.851,0.855,645712101,4.275
2022-05-17 00:00:00+00:00,0.854,0.859,0.852,0.859,396296201,4.295
2022-05-18 00:00:00+00:00,0.867,0.868,0.862,0.864,404410042,4.32
2022-05-19 00:00:00+00:00,0.825,0.831,0.824,0.828,639645164,4.14
2022-05-20 00:00:00+00:00,0.831,0.834,0.83,0.833,577517598,4.165
2022-05-23 00:00:00+00:00,0.832,0.838,0.828,0.837,377369900,4.185
2022-05-24 00:00:00+00:00,0.83,0.831,0.81,0.813,449301301,4.0649999999999995
2022-05-25 00:00:00+00:00,0.813,0.819,0.813,0.818,303982262,4.09
2022-05-26 00:00:00+00:00,0.823,0.824,0.819,0.822,346554500,4.109999999999999
2022-05-27 00:00:00+00:00,0.841,0.849,0.841,0.848,526740659,4.24
2022-05-30 00:00:00+00:00,0.878,0.879,0.871,0.875,419158169,4.375
2022-05-31 00:00:00+00:00,0.871,0.872,0.867,0.868,304673056,4.34
2022-06-01 00:00:00+00:00,0.87,0.871,0.866,0.868,234075103,4.34
2022-06-02 00:00:00+00:00,0.863,0.864,0.859,0.86,266379700,4.3
2022-06-06 00:00:00+00:00,0.858,0.862,0.855,0.861,506240698,4.305
2022-06-07 00:00:00+00:00,0.856,0.857,0.852,0.854,317614553,4.27
2022-06-08 00:00:00+00:00,0.865,0.866,0.863,0.866,272508301,4.33
2022-06-09 00:00:00+00:00,0.862,0.863,0.859,0.861,237320595,4.305
2022-06-10 00:00:00+00:00,0.842,0.848,0.84,0.847,377650358,4.234999999999999
2022-06-13 00:00:00+00:00,0.818,0.818,0.802,0.804,742315964,4.0200000000000005
2022-06-14 00:00:00+00:00,0.788,0.801,0.788,0.799,588483754,3.995
2022-06-15 00:00:00+00:00,0.798,0.805,0.794,0.803,774617995,4.015000000000001
2022-06-16 00:00:00+00:00,0.817,0.818,0.798,0.798,721408267,3.99
2022-06-17 00:00:00+00:00,0.778,0.792,0.776,0.791,595808900,3.955
2022-06-20 00:00:00+00:00,0.793,0.796,0.785,0.796,513585800,3.9800000000000004
2022-06-21 00:00:00+00:00,0.797,0.808,0.795,0.805,395104089,4.025
2022-06-22 00:00:00+00:00,0.808,0.81,0.802,0.802,481873623,4.01
2022-06-23 00:00:00+00:00,0.806,0.816,0.805,0.815,465144183,4.074999999999999
2022-06-24 00:00:00+00:00,0.817,0.827,0.817,0.824,409996385,4.12
2022-06-27 00:00:00+00:00,0.84,0.842,0.836,0.837,465797051,4.185
2022-06-28 00:00:00+00:00,0.833,0.834,0.825,0.828,657102131,4.14
2022-06-29 00:00:00+00:00,0.805,0.811,0.805,0.806,467609576,4.03
2022-06-30 00:00:00+00:00,0.806,0.808,0.8,0.801,414441463,4.005
2022-07-01 00:00:00+00:00,0.801,0.802,0.794,0.799,409400937,3.995
2022-07-04 00:00:00+00:00,0.8,0.803,0.796,0.802,453381020,4.01
2022-07-05 00:00:00+00:00,0.806,0.815,0.805,0.814,343310165,4.069999999999999
2022-07-06 00:00:00+00:00,0.822,0.825,0.815,0.819,455041624,4.095
2022-07-07 00:00:00+00:00,0.821,0.829,0.82,0.829,376820800,4.145
2022-07-08 00:00:00+00:00,0.839,0.841,0.834,0.835,332803344,4.175
2022-07-11 00:00:00+00:00,0.832,0.835,0.827,0.828,341335200,4.14
2022-07-12 00:00:00+00:00,0.815,0.819,0.814,0.816,242763300,4.08
2022-07-13 00:00:00+00:00,0.815,0.821,0.814,0.821,293281700,4.1049999999999995
2022-07-14 00:00:00+00:00,0.814,0.816,0.811,0.812,348156100,4.0600000000000005
2022-07-15 00:00:00+00:00,0.818,0.823,0.818,0.821,260030242,4.1049999999999995
2022-07-18 00:00:00+00:00,0.834,0.842,0.832,0.841,306670993,4.205
2022-07-19 00:00:00+00:00,0.829,0.832,0.827,0.829,251702900,4.145
2022-07-20 00:00:00+00:00,0.852,0.857,0.85,0.856,446567004,4.28
2022-07-21 00:00:00+00:00,0.861,0.865,0.86,0.861,367139163,4.305
2022-07-22 00:00:00+00:00,0.868,0.87,0.866,0.867,341366126,4.335
2022-07-25 00:00:00+00:00,0.858,0.858,0.851,0.854,388803800,4.27
2022-07-26 00:00:00+00:00,0.847,0.851,0.846,0.849,261577500,4.245
2022-07-27 00:00:00+00:00,0.846,0.852,0.845,0.849,299657440,4.245
2022-07-28 00:00:00+00:00,0.867,0.868,0.863,0.864,342743848,4.32
2022-07-29 00:00:00+00:00,0.884,0.888,0.884,0.888,383910302,4.44
2022-08-01 00:00:00+00:00,0.888,0.888,0.885,0.886,244538392,4.43
2022-08-02 00:00:00+00:00,0.888,0.889,0.883,0.886,449556570,4.43
2022-08-03 00:00:00+00:00,0.886,0.888,0.884,0.886,193918200,4.43
2022-08-04 00:00:00+00:00,0.909,0.911,0.908,0.911,251056893,4.555
2022-08-05 00:00:00+00:00,0.916,0.918,0.915,0.915,174295390,4.575
2022-08-08 00:00:00+00:00,0.907,0.913,0.905,0.912,189823730,4.5600000000000005
2022-08-09 00:00:00+00:00,0.906,0.908,0.903,0.905,208958900,4.525
2022-08-10 00:00:00+00:00,0.895,0.895,0.89,0.892,221813470,4.46
2022-08-11 00:00:00+00:00,0.92,0.924,0.918,0.923,348449517,4.615
2022-08-12 00:00:00+00:00,0.914,0.915,0.912,0.914,189858500,4.57
2022-08-15 00:00:00+00:00,0.929,0.932,0.928,0.931,175581909,4.655
2022-08-16 00:00:00+00:00,0.941,0.944,0.941,0.942,168046743,4.71
2022-08-17 00:00:00+00:00,0.941,0.942,0.939,0.939,141763300,4.694999999999999
2022-08-18 00:00:00+00:00,0.928,0.931,0.925,0.926,215268786,4.63
2022-08-19 00:00:00+00:00,0.933,0.935,0.927,0.928,252330900,4.640000000000001
2022-08-22 00:00:00+00:00,0.915,0.916,0.911,0.912,312340700,4.5600000000000005
2022-08-23 00:00:00+00:00,0.898,0.9,0.892,0.895,376331700,4.475
2022-08-24 00:00:00+00:00,0.896,0.899,0.892,0.898,362756124,4.49
2022-08-25 00:00:00+00:00,0.901,0.91,0.9,0.91,219172252,4.55
2022-08-26 00:00:00+00:00,0.916,0.916,0.912,0.915,224442784,4.575
2022-08-29 00:00:00+00:00,0.872,0.879,0.87,0.879,422742700,4.395
2022-08-30 00:00:00+00:00,0.878,0.884,0.877,0.883,214044000,4.415
2022-08-31 00:00:00+00:00,0.873,0.877,0.872,0.875,337001600,4.375
2022-09-01 00:00:00+00:00,0.859,0.86,0.852,0.854,455147400,4.27
2022-09-02 00:00:00+00:00,0.863,0.864,0.859,0.863,384297900,4.3149999999999995
2022-09-05 00:00:00+00:00,0.853,0.856,0.852,0.856,267295400,4.28
2022-09-06 00:00:00+00:00,0.861,0.862,0.858,0.862,218543448,4.31
2022-09-07 00:00:00+00:00,0.848,0.854,0.848,0.853,363111100,4.265
2022-09-08 00:00:00+00:00,0.868,0.871,0.867,0.87,449586420,4.35
2022-09-09 00:00:00+00:00,0.874,0.875,0.871,0.873,291393500,4.365
2022-09-13 00:00:00+00:00,0.894,0.899,0.894,0.898,331191917,4.49
2022-09-14 00:00:00+00:00,0.854,0.856,0.851,0.856,484297100,4.28
2022-09-15 00:00:00+00:00,0.859,0.862,0.858,0.858,223570600,4.29
2022-09-16 00:00:00+00:00,0.845,0.845,0.84,0.841,195005300,4.205
2022-09-19 00:00:00+00:00,0.842,0.845,0.838,0.84,306446259,4.2
2022-09-20 00:00:00+00:00,0.851,0.856,0.85,0.855,276275850,4.275
2022-09-21 00:00:00+00:00,0.85,0.852,0.847,0.85,298344200,4.25
2022-09-22 00:00:00+00:00,0.83,0.836,0.828,0.834,632425080,4.17
2022-09-23 00:00:00+00:00,0.829,0.832,0.828,0.829,209359500,4.145
2022-09-26 00:00:00+00:00,0.818,0.822,0.816,0.816,421057600,4.08
2022-09-27 00:00:00+00:00,0.823,0.831,0.822,0.831,427599900,4.154999999999999
2022-09-28 00:00:00+00:00,0.826,0.827,0.817,0.82,592321700,4.1
2022-09-29 00:00:00+00:00,0.834,0.837,0.829,0.833,439597327,4.165
2022-09-30 00:00:00+00:00,0.812,0.813,0.807,0.812,538349608,4.0600000000000005
2022-10-10 00:00:00+00:00,0.799,0.8,0.792,0.792,382266100,3.96
2022-10-11 00:00:00+00:00,0.796,0.797,0.792,0.792,314305100,3.96
2022-10-12 00:00:00+00:00,0.791,0.799,0.787,0.797,424650008,3.9850000000000003
2022-10-13 00:00:00+00:00,0.789,0.791,0.787,0.79,312628100,3.95
2022-10-14 00:00:00+00:00,0.804,0.813,0.803,0.811,602551306,4.055000000000001
2022-10-17 00:00:00+00:00,0.791,0.795,0.786,0.793,607095300,3.9650000000000003
2022-10-18 00:00:00+00:00,0.816,0.83,0.814,0.824,739138700,4.12
2022-10-19 00:00:00+00:00,0.829,0.83,0.82,0.821,490451160,4.1049999999999995
2022-10-20 00:00:00+00:00,0.809,0.815,0.806,0.812,473932600,4.0600000000000005
2022-10-21 00:00:00+00:00,0.81,0.812,0.808,0.81,241070768,4.050000000000001
2022-10-24 00:00:00+00:00,0.836,0.838,0.831,0.833,799802365,4.165
2022-10-25 00:00:00+00:00,0.844,0.85,0.842,0.848,399307551,4.24
2022-10-26 00:00:00+00:00,0.847,0.848,0.841,0.842,408050741,4.21
2022-10-27 00:00:00+00:00,0.836,0.84,0.833,0.837,325528600,4.185
2022-10-28 00:00:00+00:00,0.823,0.825,0.81,0.811,426855347,4.055000000000001
2022-10-31 00:00:00+00:00,0.845,0.85,0.844,0.849,419760324,4.245
2022-11-01 00:00:00+00:00,0.848,0.852,0.846,0.851,407218158,4.255
2022-11-02 00:00:00+00:00,0.841,0.841,0.837,0.838,487714000,4.1899999999999995
2022-11-03 00:00:00+00:00,0.812,0.815,0.811,0.813,556574200,4.0649999999999995
2022-11-04 00:00:00+00:00,0.801,0.815,0.797,0.814,888794121,4.069999999999999
2022-11-07 00:00:00+00:00,0.803,0.816,0.803,0.815,380290500,4.074999999999999
2022-11-08 00:00:00+00:00,0.82,0.82,0.813,0.816,300939938,4.08
2022-11-09 00:00:00+00:00,0.816,0.822,0.816,0.818,353531100,4.09
2022-11-10 00:00:00+00:00,0.805,0.809,0.804,0.808,224596815,4.04
2022-11-11 00:00:00+00:00,0.856,0.858,0.847,0.854,764368480,4.27
2022-11-14 00:00:00+00:00,0.856,0.857,0.848,0.848,334921050,4.24
2022-11-15 00:00:00+00:00,0.848,0.856,0.846,0.855,361178636,4.275
2022-11-16 00:00:00+00:00,0.854,0.863,0.852,0.861,490985900,4.305
2022-11-17 00:00:00+00:00,0.852,0.856,0.851,0.856,255365832,4.28
2022-11-18 00:00:00+00:00,0.854,0.857,0.851,0.853,293464142,4.265
2022-11-21 00:00:00+00:00,0.85,0.853,0.849,0.85,240632700,4.25
2022-11-22 00:00:00+00:00,0.846,0.848,0.841,0.843,210073800,4.215
2022-11-23 00:00:00+00:00,0.85,0.854,0.85,0.853,239192898,4.265
2022-11-24 00:00:00+00:00,0.863,0.865,0.862,0.863,300554820,4.3149999999999995
2022-11-25 00:00:00+00:00,0.868,0.868,0.865,0.865,154108884,4.325
2022-11-28 00:00:00+00:00,0.858,0.859,0.853,0.854,302338286,4.27
2022-11-29 00:00:00+00:00,0.851,0.853,0.848,0.852,442679714,4.26
2022-11-30 00:00:00+00:00,0.842,0.843,0.839,0.842,302801700,4.21
2022-12-01 00:00:00+00:00,0.867,0.869,0.864,0.868,497469030,4.34
2022-12-02 00:00:00+00:00,0.862,0.865,0.861,0.863,200865480,4.3149999999999995
2022-12-05 00:00:00+00:00,0.857,0.858,0.853,0.854,311062400,4.27
2022-12-06 00:00:00+00:00,0.842,0.845,0.841,0.844,408143000,4.22
2022-12-07 00:00:00+00:00,0.83,0.835,0.829,0.835,428277105,4.175
2022-12-08 00:00:00+00:00,0.83,0.832,0.829,0.832,292876700,4.16
2022-12-09 00:00:00+00:00,0.837,0.838,0.832,0.833,314737300,4.165
2022-12-12 00:00:00+00:00,0.825,0.826,0.824,0.825,309283300,4.125
2022-12-13 00:00:00+00:00,0.833,0.838,0.832,0.838,358301215,4.1899999999999995
2022-12-14 00:00:00+00:00,0.844,0.848,0.844,0.848,292862820,4.24
2022-12-15 00:00:00+00:00,0.84,0.841,0.835,0.835,273227250,4.175
2022-12-16 00:00:00+00:00,0.812,0.817,0.81,0.816,440419845,4.08
2022-12-19 00:00:00+00:00,0.814,0.815,0.812,0.813,181114700,4.0649999999999995
2022-12-20 00:00:00+00:00,0.806,0.808,0.8,0.802,459364100,4.01
2022-12-21 00:00:00+00:00,0.806,0.81,0.805,0.809,319973959,4.045
2022-12-22 00:00:00+00:00,0.816,0.816,0.81,0.811,233621342,4.055000000000001
2022-12-23 00:00:00+00:00,0.798,0.802,0.796,0.801,288029642,4.005
2022-12-26 00:00:00+00:00,0.802,0.803,0.798,0.802,147857376,4.01
2022-12-27 00:00:00+00:00,0.805,0.81,0.804,0.808,239560553,4.04
2022-12-28 00:00:00+00:00,0.797,0.801,0.796,0.799,377584800,3.995
2022-12-29 00:00:00+00:00,0.793,0.796,0.79,0.795,243475613,3.975
2022-12-30 00:00:00+00:00,0.802,0.804,0.798,0.799,299850150,3.995
2023-01-03 00:00:00+00:00,0.797,0.809,0.795,0.806,312332674,4.03
2023-01-04 00:00:00+00:00,0.801,0.805,0.8,0.804,180867708,4.0200000000000005
2023-01-05 00:00:00+00:00,0.804,0.806,0.802,0.805,362286200,4.025
2023-01-06 00:00:00+00:00,0.799,0.8,0.796,0.799,426590000,3.995
2023-01-09 00:00:00+00:00,0.805,0.809,0.805,0.809,306390300,4.045
2023-01-10 00:00:00+00:00,0.808,0.808,0.804,0.805,238440400,4.025
2023-01-11 00:00:00+00:00,0.81,0.811,0.809,0.81,231791540,4.050000000000001
2023-01-12 00:00:00+00:00,0.817,0.819,0.817,0.818,226848201,4.09
2023-01-13 00:00:00+00:00,0.819,0.819,0.814,0.815,194646300,4.074999999999999
2023-01-16 00:00:00+00:00,0.817,0.819,0.814,0.815,188586387,4.074999999999999
2023-01-17 00:00:00+00:00,0.816,0.821,0.815,0.82,240845800,4.1
2023-01-18 00:00:00+00:00,0.819,0.823,0.819,0.821,201284614,4.1049999999999995
2023-01-19 00:00:00+00:00,0.811,0.812,0.806,0.81,333704228,4.050000000000001
2023-01-20 00:00:00+00:00,0.807,0.816,0.806,0.815,262293199,4.074999999999999
2023-01-30 00:00:00+00:00,0.843,0.85,0.842,0.844,601973817,4.22
2023-01-31 00:00:00+00:00,0.835,0.837,0.832,0.832,193552000,4.16
2023-02-01 00:00:00+00:00,0.841,0.847,0.84,0.847,262315164,4.234999999999999
2023-02-02 00:00:00+00:00,0.864,0.865,0.86,0.862,294593482,4.31
2023-02-03 00:00:00+00:00,0.873,0.874,0.87,0.87,549983924,4.35
2023-02-06 00:00:00+00:00,0.87,0.873,0.863,0.865,757582264,4.325
2023-02-07 00:00:00+00:00,0.867,0.868,0.865,0.866,206473600,4.33
2023-02-08 00:00:00+00:00,0.878,0.883,0.878,0.882,349205600,4.41
2023-02-09 00:00:00+00:00,0.871,0.874,0.869,0.873,379246300,4.365
2023-02-10 00:00:00+00:00,0.863,0.864,0.859,0.86,223658784,4.3
2023-02-13 00:00:00+00:00,0.856,0.86,0.855,0.859,209100454,4.295
2023-02-14 00:00:00+00:00,0.869,0.872,0.868,0.871,287505362,4.355
2023-02-15 00:00:00+00:00,0.875,0.876,0.871,0.873,330511767,4.365
2023-02-16 00:00:00+00:00,0.888,0.891,0.888,0.89,317199635,4.45
2023-02-17 00:00:00+00:00,0.87,0.872,0.865,0.865,362997800,4.325
2023-02-20 00:00:00+00:00,0.863,0.868,0.863,0.868,389325702,4.34
2023-02-21 00:00:00+00:00,0.865,0.867,0.864,0.866,221860300,4.33
2023-02-22 00:00:00+00:00,0.851,0.854,0.85,0.85,349025600,4.25
2023-02-23 00:00:00+00:00,0.855,0.857,0.854,0.857,166931500,4.285
2023-02-24 00:00:00+00:00,0.86,0.861,0.857,0.86,178302700,4.3
2023-02-27 00:00:00+00:00,0.853,0.854,0.852,0.852,152308000,4.26
2023-02-28 00:00:00+00:00,0.857,0.858,0.854,0.855,160632000,4.275
2023-03-01 00:00:00+00:00,0.85,0.853,0.849,0.852,324083618,4.26
2023-03-02 00:00:00+00:00,0.845,0.846,0.835,0.84,509677953,4.2
2023-03-03 00:00:00+00:00,0.847,0.849,0.845,0.849,276514364,4.245
2023-03-06 00:00:00+00:00,0.865,0.874,0.864,0.871,521506400,4.355
2023-03-07 00:00:00+00:00,0.874,0.875,0.871,0.872,290657900,4.36
2023-03-08 00:00:00+00:00,0.866,0.867,0.863,0.864,176449500,4.32
2023-03-09 00:00:00+00:00,0.866,0.87,0.865,0.868,158941600,4.34
2023-03-10 00:00:00+00:00,0.851,0.853,0.847,0.848,355447800,4.24
2023-03-13 00:00:00+00:00,0.844,0.855,0.843,0.854,467437500,4.27
2023-03-14 00:00:00+00:00,0.846,0.847,0.839,0.841,628986800,4.205
2023-03-15 00:00:00+00:00,0.857,0.86,0.856,0.859,471607513,4.295
2023-03-16 00:00:00+00:00,0.864,0.867,0.862,0.863,262918300,4.3149999999999995
2023-03-17 00:00:00+00:00,0.884,0.886,0.882,0.884,426888390,4.42
2023-03-20 00:00:00+00:00,0.881,0.883,0.872,0.873,393798101,4.365
2023-03-21 00:00:00+00:00,0.88,0.882,0.879,0.882,146441902,4.41
2023-03-22 00:00:00+00:00,0.893,0.896,0.893,0.895,245124529,4.475
2023-03-23 00:00:00+00:00,0.882,0.884,0.881,0.884,362637000,4.42
2023-03-24 00:00:00+00:00,0.888,0.891,0.886,0.891,320630313,4.455
2023-03-27 00:00:00+00:00,0.897,0.901,0.896,0.899,297449103,4.495
2023-03-28 00:00:00+00:00,0.891,0.894,0.888,0.893,214767101,4.465
2023-03-29 00:00:00+00:00,0.89,0.895,0.889,0.893,191286301,4.465
2023-03-30 00:00:00+00:00,0.902,0.905,0.902,0.903,361707520,4.515000000000001
2023-03-31 00:00:00+00:00,0.912,0.913,0.907,0.908,252616000,4.54
2023-04-03 00:00:00+00:00,0.919,0.921,0.918,0.92,313958238,4.6000000000000005
2023-04-04 00:00:00+00:00,0.921,0.922,0.919,0.922,235249886,4.61
2023-04-06 00:00:00+00:00,0.907,0.908,0.905,0.906,237890875,4.53
2023-04-07 00:00:00+00:00,0.915,0.916,0.914,0.914,144865745,4.57
2023-04-10 00:00:00+00:00,0.914,0.914,0.909,0.91,152295884,4.55
2023-04-11 00:00:00+00:00,0.915,0.916,0.913,0.915,155919900,4.575
2023-04-12 00:00:00+00:00,0.91,0.911,0.907,0.908,203895091,4.54
2023-04-13 00:00:00+00:00,0.899,0.903,0.898,0.902,277289436,4.51
2023-04-14 00:00:00+00:00,0.915,0.915,0.91,0.91,197776300,4.55
2023-04-17 00:00:00+00:00,0.915,0.916,0.914,0.914,169500970,4.57
2023-04-18 00:00:00+00:00,0.914,0.915,0.913,0.914,156865900,4.57
2023-04-19 00:00:00+00:00,0.914,0.915,0.912,0.912,126508300,4.5600000000000005
2023-04-20 00:00:00+00:00,0.913,0.915,0.911,0.912,291398900,4.5600000000000005
2023-04-21 00:00:00+00:00,0.91,0.911,0.908,0.908,155952500,4.54
2023-04-24 00:00:00+00:00,0.908,0.911,0.905,0.906,249951350,4.53
2023-04-25 00:00:00+00:00,0.908,0.908,0.905,0.906,195185775,4.53
2023-04-26 00:00:00+00:00,0.907,0.908,0.904,0.904,269685900,4.5200000000000005
2023-04-27 00:00:00+00:00,0.905,0.907,0.904,0.905,183348500,4.525
2023-04-28 00:00:00+00:00,0.921,0.923,0.92,0.923,294887900,4.615
2023-05-04 00:00:00+00:00,0.916,0.919,0.914,0.918,200071600,4.59
2023-05-05 00:00:00+00:00,0.915,0.916,0.915,0.916,87818270,4.58
2023-05-08 00:00:00+00:00,0.93,0.931,0.928,0.93,254849310,4.65
2023-05-09 00:00:00+00:00,0.931,0.932,0.93,0.93,171802700,4.65
2023-05-10 00:00:00+00:00,0.927,0.93,0.926,0.93,128514170,4.65
2023-05-11 00:00:00+00:00,0.94,0.942,0.94,0.942,208651400,4.71
2023-05-12 00:00:00+00:00,0.947,0.948,0.946,0.946,180740300,4.7299999999999995
2023-05-15 00:00:00+00:00,0.943,0.944,0.941,0.944,145354400,4.72
2023-05-16 00:00:00+00:00,0.947,0.948,0.946,0.947,213231300,4.734999999999999
2023-05-17 00:00:00+00:00,0.954,0.956,0.953,0.953,234354800,4.765
2023-05-18 00:00:00+00:00,0.965,0.969,0.964,0.968,253753800,4.84
2023-05-19 00:00:00+00:00,0.992,0.996,0.989,0.99,545015004,4.95
2023-05-22 00:00:00+00:00,0.985,0.986,0.981,0.984,331928732,4.92
2023-05-23 00:00:00+00:00,0.993,0.996,0.991,0.992,311560132,4.96
2023-05-24 00:00:00+00:00,0.982,0.982,0.976,0.977,411209600,4.885
2023-05-25 00:00:00+00:00,0.987,0.993,0.986,0.993,349645900,4.965
2023-05-26 00:00:00+00:00,1.0,1.001,0.995,0.996,312378200,4.98
2023-05-29 00:00:00+00:00,1.029,1.033,1.028,1.032,353792400,5.16
2023-05-30 00:00:00+00:00,1.032,1.037,1.029,1.035,424779755,5.175
2023-05-31 00:00:00+00:00,1.034,1.036,1.029,1.031,320800538,5.154999999999999
2023-06-01 00:00:00+00:00,1.028,1.03,1.024,1.03,292423060,5.15
2023-06-02 00:00:00+00:00,1.041,1.044,1.039,1.043,435042500,5.215
2023-06-05 00:00:00+00:00,1.048,1.048,1.044,1.048,276339200,5.24
2023-06-06 00:00:00+00:00,1.05,1.052,1.048,1.049,344421473,5.244999999999999
2023-06-07 00:00:00+00:00,1.05,1.053,1.049,1.052,262282451,5.26
2023-06-08 00:00:00+00:00,1.036,1.038,1.03,1.03,473669200,5.15
2023-06-09 00:00:00+00:00,1.045,1.048,1.044,1.047,351280102,5.234999999999999
2023-06-12 00:00:00+00:00,1.055,1.06,1.054,1.059,250996433,5.295
2023-06-13 00:00:00+00:00,1.079,1.086,1.076,1.085,656003300,5.425
2023-06-14 00:00:00+00:00,1.089,1.091,1.084,1.086,303396000,5.430000000000001
2023-06-15 00:00:00+00:00,1.093,1.096,1.091,1.091,566478400,5.455
2023-06-16 00:00:00+00:00,1.098,1.101,1.096,1.1,551909131,5.5
2023-06-19 00:00:00+00:00,1.097,1.097,1.093,1.096,501878700,5.48
2023-06-20 00:00:00+00:00,1.096,1.097,1.094,1.095,287869100,5.475
2023-06-21 00:00:00+00:00,1.1,1.102,1.098,1.1,376469100,5.5
2023-06-26 00:00:00+00:00,1.091,1.093,1.09,1.091,396418900,5.455
2023-06-27 00:00:00+00:00,1.077,1.077,1.073,1.076,584611600,5.380000000000001
2023-06-28 00:00:00+00:00,1.088,1.091,1.087,1.09,347313900,5.45
2023-06-29 00:00:00+00:00,1.098,1.101,1.098,1.099,277381100,5.495
2023-06-30 00:00:00+00:00,1.099,1.1,1.098,1.1,188385900,5.5
2023-07-03 00:00:00+00:00,1.116,1.12,1.113,1.118,501474535,5.590000000000001
2023-07-04 00:00:00+00:00,1.114,1.116,1.111,1.112,390998822,5.5600000000000005
2023-07-05 00:00:00+00:00,1.112,1.114,1.11,1.11,322573100,5.550000000000001
2023-07-06 00:00:00+00:00,1.115,1.116,1.109,1.111,325735700,5.555
2023-07-07 00:00:00+00:00,1.106,1.107,1.104,1.106,341346571,5.53
2023-07-10 00:00:00+00:00,1.101,1.101,1.095,1.095,401941568,5.475
2023-07-11 00:00:00+00:00,1.1,1.102,1.096,1.101,343858714,5.505
2023-07-12 00:00:00+00:00,1.104,1.104,1.1,1.102,293074373,5.510000000000001
2023-07-13 00:00:00+00:00,1.113,1.12,1.112,1.118,511885800,5.590000000000001
2023-07-14 00:00:00+00:00,1.129,1.13,1.125,1.126,396774800,5.629999999999999
2023-07-17 00:00:00+00:00,1.126,1.132,1.125,1.132,312565100,5.659999999999999
2023-07-18 00:00:00+00:00,1.14,1.144,1.139,1.142,430085954,5.709999999999999
2023-07-19 00:00:00+00:00,1.153,1.164,1.153,1.163,543535700,5.815
2023-07-20 00:00:00+00:00,1.152,1.153,1.147,1.147,721832325,5.735
2023-07-21 00:00:00+00:00,1.124,1.128,1.122,1.128,580808061,5.64
2023-07-24 00:00:00+00:00,1.124,1.134,1.123,1.132,408726800,5.659999999999999
2023-07-25 00:00:00+00:00,1.131,1.131,1.124,1.128,480358373,5.64
2023-07-26 00:00:00+00:00,1.13,1.132,1.129,1.131,336560400,5.655
2023-07-27 00:00:00+00:00,1.131,1.143,1.13,1.141,578479673,5.705
2023-07-28 00:00:00+00:00,1.133,1.137,1.131,1.134,631041274,5.67
2023-07-31 00:00:00+00:00,1.146,1.151,1.142,1.149,598807900,5.745
2023-08-01 00:00:00+00:00,1.151,1.155,1.151,1.153,337606000,5.765000000000001
2023-08-02 00:00:00+00:00,1.149,1.149,1.137,1.137,548594898,5.6850000000000005
2023-08-03 00:00:00+00:00,1.121,1.124,1.118,1.118,578883523,5.590000000000001
2023-08-04 00:00:00+00:00,1.121,1.13,1.119,1.128,614584798,5.64
2023-08-07 00:00:00+00:00,1.121,1.122,1.116,1.118,527355000,5.590000000000001
2023-08-08 00:00:00+00:00,1.123,1.124,1.12,1.12,364620000,5.6000000000000005
2023-08-09 00:00:00+00:00,1.119,1.12,1.116,1.119,416833300,5.595
2023-08-10 00:00:00+00:00,1.107,1.11,1.104,1.109,410588923,5.545
2023-08-11 00:00:00+00:00,1.111,1.112,1.107,1.11,326562000,5.550000000000001
2023-08-14 00:00:00+00:00,1.104,1.105,1.098,1.103,504286921,5.515
2023-08-15 00:00:00+00:00,1.119,1.128,1.119,1.124,521785880,5.620000000000001
2023-08-16 00:00:00+00:00,1.113,1.114,1.11,1.112,310689200,5.5600000000000005
2023-08-17 00:00:00+00:00,1.098,1.104,1.097,1.104,495157300,5.5200000000000005
2023-08-18 00:00:00+00:00,1.086,1.087,1.08,1.083,625137666,5.415
2023-08-21 00:00:00+00:00,1.084,1.087,1.084,1.086,405742700,5.430000000000001
2023-08-22 00:00:00+00:00,1.098,1.104,1.096,1.104,402321770,5.5200000000000005
2023-08-23 00:00:00+00:00,1.104,1.106,1.102,1.104,310904551,5.5200000000000005
2023-08-24 00:00:00+00:00,1.127,1.137,1.127,1.134,808191300,5.67
2023-08-25 00:00:00+00:00,1.097,1.098,1.089,1.091,512569700,5.455
2023-08-28 00:00:00+00:00,1.102,1.106,1.101,1.105,384373403,5.525
2023-08-29 00:00:00+00:00,1.113,1.115,1.111,1.111,341034100,5.555
2023-08-30 00:00:00+00:00,1.135,1.137,1.133,1.135,526348797,5.675
2023-08-31 00:00:00+00:00,1.141,1.143,1.139,1.14,412905900,5.699999999999999
2023-09-01 00:00:00+00:00,1.138,1.141,1.137,1.139,323287420,5.695
2023-09-04 00:00:00+00:00,1.14,1.143,1.138,1.142,264596203,5.709999999999999
2023-09-05 00:00:00+00:00,1.141,1.143,1.14,1.141,151792100,5.705
2023-09-06 00:00:00+00:00,1.146,1.147,1.143,1.143,186619386,5.715
2023-09-07 00:00:00+00:00,1.137,1.138,1.133,1.134,322518362,5.67
2023-09-08 00:00:00+00:00,1.131,1.141,1.13,1.141,295158100,5.705
2023-09-11 00:00:00+00:00,1.136,1.137,1.132,1.134,403239000,5.67
2023-09-12 00:00:00+00:00,1.141,1.142,1.139,1.141,233377000,5.705
2023-09-13 00:00:00+00:00,1.128,1.13,1.126,1.128,335466200,5.64
2023-09-14 00:00:00+00:00,1.133,1.139,1.132,1.136,365659700,5.68
2023-09-15 00:00:00+00:00,1.145,1.145,1.14,1.142,333178600,5.709999999999999
2023-09-18 00:00:00+00:00,1.124,1.126,1.122,1.124,264015600,5.620000000000001
2023-09-19 00:00:00+00:00,1.126,1.127,1.122,1.123,216408500,5.615
2023-09-20 00:00:00+00:00,1.122,1.124,1.12,1.124,330712700,5.620000000000001
2023-09-21 00:00:00+00:00,1.105,1.106,1.1,1.103,523042100,5.515
2023-09-22 00:00:00+00:00,1.085,1.093,1.084,1.092,514059930,5.460000000000001
2023-09-25 00:00:00+00:00,1.089,1.095,1.089,1.094,291623200,5.470000000000001
2023-09-26 00:00:00+00:00,1.092,1.094,1.085,1.085,370313500,5.425
2023-09-27 00:00:00+00:00,1.078,1.082,1.076,1.081,493765850,5.404999999999999
2023-09-28 00:00:00+00:00,1.085,1.085,1.079,1.08,394664300,5.4
2023-10-09 00:00:00+00:00,1.099,1.1,1.092,1.096,679979921,5.48
2023-10-10 00:00:00+00:00,1.109,1.112,1.108,1.111,496692509,5.555
2023-10-11 00:00:00+00:00,1.116,1.12,1.115,1.118,376368470,5.590000000000001
2023-10-12 00:00:00+00:00,1.129,1.13,1.127,1.128,284765100,5.64
2023-10-13 00:00:00+00:00,1.122,1.124,1.119,1.122,310462400,5.61
2023-10-16 00:00:00+00:00,1.112,1.112,1.108,1.111,379949800,5.555
2023-10-17 00:00:00+00:00,1.12,1.121,1.118,1.119,271070421,5.595
2023-10-18 00:00:00+00:00,1.115,1.116,1.114,1.114,232191800,5.57
2023-10-19 00:00:00+00:00,1.104,1.105,1.097,1.1,503153393,5.5
2023-10-20 00:00:00+00:00,1.086,1.089,1.085,1.086,634007732,5.430000000000001
2023-10-23 00:00:00+00:00,1.076,1.079,1.075,1.079,370554500,5.395
2023-10-24 00:00:00+00:00,1.081,1.087,1.078,1.086,414964593,5.430000000000001
2023-10-25 00:00:00+00:00,1.088,1.089,1.082,1.082,430077800,5.41
2023-10-26 00:00:00+00:00,1.053,1.054,1.048,1.049,636909800,5.244999999999999
2023-10-27 00:00:00+00:00,1.047,1.056,1.047,1.053,540893200,5.265
2023-10-30 00:00:00+00:00,1.053,1.055,1.052,1.055,234359000,5.2749999999999995
2023-10-31 00:00:00+00:00,1.057,1.058,1.052,1.054,248581400,5.2700000000000005
2023-11-01 00:00:00+00:00,1.061,1.07,1.06,1.069,519130200,5.345
2023-11-02 00:00:00+00:00,1.09,1.094,1.089,1.091,507815400,5.455
2023-11-03 00:00:00+00:00,1.102,1.102,1.098,1.099,242342600,5.495
2023-11-06 00:00:00+00:00,1.11,1.112,1.11,1.111,293878982,5.555
2023-11-07 00:00:00+00:00,1.112,1.113,1.109,1.11,359851789,5.550000000000001
2023-11-08 00:00:00+00:00,1.122,1.123,1.12,1.12,255567954,5.6000000000000005
2023-11-09 00:00:00+00:00,1.123,1.127,1.122,1.127,307796700,5.635
2023-11-10 00:00:00+00:00,1.117,1.117,1.115,1.116,255039794,5.58
2023-11-13 00:00:00+00:00,1.14,1.141,1.137,1.14,300123000,5.699999999999999
2023-11-14 00:00:00+00:00,1.14,1.145,1.139,1.144,317177028,5.72
2023-11-15 00:00:00+00:00,1.166,1.166,1.163,1.164,433517600,5.819999999999999
2023-11-16 00:00:00+00:00,1.159,1.161,1.158,1.159,221715657,5.795
2023-11-17 00:00:00+00:00,1.16,1.163,1.16,1.161,273472400,5.805
2023-11-20 00:00:00+00:00,1.154,1.154,1.143,1.145,446698600,5.725
2023-11-21 00:00:00+00:00,1.159,1.16,1.157,1.158,235581449,5.789999999999999
2023-11-22 00:00:00+00:00,1.148,1.151,1.147,1.15,247952270,5.75
2023-11-23 00:00:00+00:00,1.158,1.159,1.155,1.156,175496031,5.779999999999999
2023-11-24 00:00:00+00:00,1.157,1.158,1.156,1.157,126372090,5.785
2023-11-27 00:00:00+00:00,1.151,1.152,1.149,1.151,145850400,5.755
2023-11-28 00:00:00+00:00,1.153,1.155,1.152,1.154,137778251,5.77
2023-11-29 00:00:00+00:00,1.155,1.156,1.153,1.154,166750244,5.77
2023-11-30 00:00:00+00:00,1.156,1.156,1.153,1.153,291833000,5.765000000000001
2023-12-01 00:00:00+00:00,1.148,1.15,1.146,1.148,244954644,5.739999999999999
2023-12-04 00:00:00+00:00,1.148,1.15,1.148,1.15,229266100,5.75
2023-12-05 00:00:00+00:00,1.141,1.142,1.136,1.137,308765200,5.6850000000000005
2023-12-06 00:00:00+00:00,1.152,1.154,1.151,1.153,268357598,5.765000000000001
2023-12-07 00:00:00+00:00,1.143,1.144,1.14,1.14,349822900,5.699999999999999
2023-12-08 00:00:00+00:00,1.156,1.157,1.154,1.157,331227400,5.785
2023-12-11 00:00:00+00:00,1.164,1.167,1.163,1.164,325904070,5.819999999999999
2023-12-12 00:00:00+00:00,1.177,1.18,1.176,1.178,368437462,5.89
2023-12-13 00:00:00+00:00,1.188,1.191,1.188,1.191,421197124,5.955
2023-12-14 00:00:00+00:00,1.202,1.205,1.2,1.204,567308048,6.02
2023-12-15 00:00:00+00:00,1.193,1.194,1.191,1.193,272183700,5.965
2023-12-18 00:00:00+00:00,1.198,1.203,1.198,1.202,476596700,6.01
2023-12-19 00:00:00+00:00,1.208,1.209,1.207,1.209,360080582,6.045
2023-12-20 00:00:00+00:00,1.213,1.216,1.213,1.216,366537976,6.08
2023-12-21 00:00:00+00:00,1.2,1.201,1.197,1.2,558566900,6.0
2023-12-22 00:00:00+00:00,1.206,1.208,1.204,1.206,410295400,6.029999999999999
2023-12-25 00:00:00+00:00,1.21,1.21,1.206,1.207,304472900,6.035
2023-12-26 00:00:00+00:00,1.21,1.215,1.209,1.215,406396000,6.075
2023-12-27 00:00:00+00:00,1.218,1.22,1.217,1.219,291439700,6.095000000000001
2023-12-28 00:00:00+00:00,1.221,1.221,1.215,1.216,370830860,6.08
2023-12-29 00:00:00+00:00,1.212,1.213,1.209,1.213,283905478,6.065
2024-01-02 00:00:00+00:00,1.21,1.212,1.209,1.21,330084796,6.05
2024-01-03 00:00:00+00:00,1.193,1.193,1.189,1.191,682674776,5.955
2024-01-04 00:00:00+00:00,1.182,1.185,1.181,1.185,430004153,5.925000000000001
2024-01-05 00:00:00+00:00,1.179,1.181,1.175,1.176,429344300,5.88
2024-01-08 00:00:00+00:00,1.18,1.181,1.177,1.179,227668702,5.8950000000000005
2024-01-09 00:00:00+00:00,1.203,1.209,1.202,1.209,817911800,6.045
2024-01-10 00:00:00+00:00,1.213,1.214,1.208,1.209,462746200,6.045
2024-01-11 00:00:00+00:00,1.221,1.224,1.22,1.223,466658734,6.115
2024-01-12 00:00:00+00:00,1.218,1.22,1.216,1.219,390818942,6.095000000000001
2024-01-15 00:00:00+00:00,1.221,1.228,1.22,1.227,482758099,6.135000000000001
2024-01-16 00:00:00+00:00,1.221,1.221,1.214,1.215,527647998,6.075
2024-01-17 00:00:00+00:00,1.224,1.224,1.213,1.214,566548500,6.07
2024-01-18 00:00:00+00:00,1.215,1.218,1.214,1.217,434179900,6.085000000000001
2024-01-19 00:00:00+00:00,1.237,1.242,1.237,1.242,683256300,6.21
2024-01-22 00:00:00+00:00,1.269,1.283,1.269,1.28,1381728546,6.4
2024-01-23 00:00:00+00:00,1.277,1.277,1.268,1.271,628692082,6.3549999999999995
2024-01-24 00:00:00+00:00,1.278,1.287,1.276,1.278,802238702,6.390000000000001
2024-01-25 00:00:00+00:00,1.276,1.277,1.269,1.271,587138299,6.3549999999999995
2024-01-26 00:00:00+00:00,1.262,1.265,1.255,1.261,637029448,6.305
2024-01-29 00:00:00+00:00,1.261,1.274,1.261,1.272,428316928,6.36
2024-01-30 00:00:00+00:00,1.286,1.296,1.283,1.292,711595700,6.46
2024-01-31 00:00:00+00:00,1.268,1.273,1.263,1.264,857565000,6.32
2024-02-01 00:00:00+00:00,1.251,1.255,1.251,1.252,325844500,6.26
2024-02-02 00:00:00+00:00,1.278,1.285,1.278,1.283,583781341,6.414999999999999
2024-02-05 00:00:00+00:00,1.295,1.296,1.286,1.289,440470605,6.444999999999999
2024-02-06 00:00:00+00:00,1.289,1.291,1.286,1.291,541262295,6.455
2024-02-07 00:00:00+00:00,1.286,1.288,1.278,1.279,364087800,6.395
2024-02-08 00:00:00+00:00,1.298,1.31,1.296,1.308,610748319,6.54
2024-02-19 00:00:00+00:00,1.296,1.303,1.292,1.301,586704856,6.505
2024-02-20 00:00:00+00:00,1.298,1.301,1.292,1.299,352708689,6.494999999999999
2024-02-21 00:00:00+00:00,1.285,1.286,1.281,1.282,536271465,6.41
2024-02-22 00:00:00+00:00,1.301,1.304,1.296,1.304,497062121,6.5200000000000005
2024-02-23 00:00:00+00:00,1.322,1.325,1.319,1.321,490800538,6.6049999999999995
2024-02-26 00:00:00+00:00,1.311,1.313,1.308,1.308,339388900,6.54
2024-02-27 00:00:00+00:00,1.308,1.311,1.303,1.306,458517945,6.53
2024-02-28 00:00:00+00:00,1.309,1.31,1.306,1.309,349453480,6.545
2024-02-29 00:00:00+00:00,1.301,1.302,1.298,1.3,439180063,6.5
2024-03-01 00:00:00+00:00,1.314,1.322,1.312,1.321,686030500,6.6049999999999995
2024-03-04 00:00:00+00:00,1.337,1.34,1.336,1.339,522364727,6.695
2024-03-05 00:00:00+00:00,1.326,1.331,1.326,1.329,479219665,6.645
2024-03-06 00:00:00+00:00,1.313,1.325,1.31,1.324,731243628,6.62
2024-03-07 00:00:00+00:00,1.321,1.323,1.314,1.315,536874100,6.574999999999999
2024-03-08 00:00:00+00:00,1.337,1.34,1.336,1.337,482551755,6.685
2024-03-11 00:00:00+00:00,1.317,1.318,1.314,1.317,585343845,6.585
2024-03-12 00:00:00+00:00,1.318,1.322,1.317,1.322,431532469,6.61
2024-03-13 00:00:00+00:00,1.335,1.335,1.327,1.33,656225900,6.65
2024-03-14 00:00:00+00:00,1.323,1.325,1.322,1.324,340340328,6.62
2024-03-15 00:00:00+00:00,1.316,1.318,1.314,1.316,347131128,6.58
2024-03-18 00:00:00+00:00,1.307,1.317,1.306,1.316,587470285,6.58
2024-03-19 00:00:00+00:00,1.311,1.312,1.308,1.309,568240400,6.545
2024-03-20 00:00:00+00:00,1.315,1.316,1.314,1.314,301790000,6.57
2024-03-21 00:00:00+00:00,1.337,1.338,1.332,1.337,652655970,6.685
2024-03-22 00:00:00+00:00,1.335,1.34,1.334,1.338,636301988,6.69
2024-03-25 00:00:00+00:00,1.34,1.341,1.334,1.334,536504072,6.67
2024-03-26 00:00:00+00:00,1.334,1.342,1.334,1.341,353079180,6.705
2024-03-27 00:00:00+00:00,1.335,1.342,1.335,1.342,276428600,6.710000000000001
2024-03-28 00:00:00+00:00,1.343,1.343,1.338,1.339,449140500,6.695
2024-03-29 00:00:00+00:00,1.338,1.338,1.335,1.337,143801100,6.685
2024-04-01 00:00:00+00:00,1.346,1.348,1.342,1.344,381485200,6.720000000000001
2024-04-02 00:00:00+00:00,1.337,1.341,1.336,1.34,291549624,6.7
2024-04-03 00:00:00+00:00,1.327,1.331,1.326,1.327,358786960,6.635
2024-04-08 00:00:00+00:00,1.327,1.331,1.326,1.326,266723200,6.630000000000001
2024-04-09 00:00:00+00:00,1.327,1.329,1.325,1.328,240444821,6.640000000000001
2024-04-10 00:00:00+00:00,1.331,1.333,1.33,1.333,216970300,6.665
2024-04-11 00:00:00+00:00,1.321,1.323,1.32,1.321,276186822,6.6049999999999995
2024-04-12 00:00:00+00:00,1.342,1.343,1.339,1.341,483653580,6.705
2024-04-15 00:00:00+00:00,1.323,1.33,1.322,1.329,428297600,6.645
2024-04-16 00:00:00+00:00,1.299,1.301,1.291,1.293,795761793,6.465
2024-04-17 00:00:00+00:00,1.297,1.301,1.29,1.292,505244660,6.46
2024-04-18 00:00:00+00:00,1.281,1.289,1.28,1.289,423515900,6.444999999999999
2024-04-19 00:00:00+00:00,1.264,1.266,1.251,1.264,985531800,6.32
2024-04-22 00:00:00+00:00,1.25,1.257,1.249,1.256,449002200,6.28
2024-04-23 00:00:00+00:00,1.26,1.261,1.256,1.259,592201200,6.295
2024-04-24 00:00:00+00:00,1.287,1.292,1.285,1.289,482176890,6.444999999999999
2024-04-25 00:00:00+00:00,1.274,1.274,1.266,1.268,428489000,6.34
2024-04-26 00:00:00+00:00,1.288,1.292,1.288,1.29,500909805,6.45
2024-04-29 00:00:00+00:00,1.301,1.302,1.297,1.298,426804500,6.49
2024-04-30 00:00:00+00:00,1.297,1.301,1.297,1.299,393013368,6.494999999999999
2024-05-06 00:00:00+00:00,1.301,1.303,1.3,1.302,338164500,6.51
2024-05-07 00:00:00+00:00,1.314,1.317,1.314,1.315,232961310,6.574999999999999
2024-05-08 00:00:00+00:00,1.319,1.319,1.315,1.317,241399910,6.585
2024-05-09 00:00:00+00:00,1.315,1.317,1.313,1.314,311227300,6.57
2024-05-10 00:00:00+00:00,1.319,1.322,1.318,1.321,258398200,6.6049999999999995
2024-05-13 00:00:00+00:00,1.323,1.328,1.322,1.326,227000500,6.630000000000001
2024-05-14 00:00:00+00:00,1.325,1.328,1.325,1.326,177443600,6.630000000000001
2024-05-15 00:00:00+00:00,1.336,1.338,1.334,1.335,310927328,6.675
2024-05-16 00:00:00+00:00,1.356,1.359,1.356,1.358,452438000,6.790000000000001
2024-05-17 00:00:00+00:00,1.355,1.356,1.354,1.355,343516959,6.775
2024-05-20 00:00:00+00:00,1.357,1.358,1.356,1.357,264668931,6.785
2024-05-21 00:00:00+00:00,1.365,1.366,1.363,1.364,298989500,6.82
2024-05-22 00:00:00+00:00,1.369,1.37,1.368,1.369,293290100,6.845
2024-05-23 00:00:00+00:00,1.375,1.382,1.374,1.381,411585772,6.905
2024-05-24 00:00:00+00:00,1.364,1.365,1.357,1.358,682183280,6.790000000000001
2024-05-27 00:00:00+00:00,1.371,1.375,1.37,1.374,380288400,6.870000000000001
2024-05-28 00:00:00+00:00,1.377,1.381,1.376,1.38,259090000,6.8999999999999995
2024-05-29 00:00:00+00:00,1.38,1.381,1.373,1.374,386641800,6.870000000000001
2024-05-30 00:00:00+00:00,1.364,1.365,1.359,1.359,341573581,6.795
2024-05-31 00:00:00+00:00,1.348,1.353,1.347,1.353,412582100,6.765
2024-06-03 00:00:00+00:00,1.359,1.361,1.356,1.359,553954200,6.795
2024-06-04 00:00:00+00:00,1.359,1.36,1.355,1.355,238751900,6.775
2024-06-05 00:00:00+00:00,1.364,1.368,1.362,1.366,320443100,6.83
2024-06-06 00:00:00+00:00,1.393,1.394,1.391,1.393,470790300,6.965
2024-06-07 00:00:00+00:00,1.392,1.395,1.392,1.394,228549060,6.97
2024-06-11 00:00:00+00:00,1.396,1.397,1.395,1.395,301305900,6.975
2024-06-12 00:00:00+00:00,1.408,1.409,1.407,1.408,318515500,7.039999999999999
2024-06-13 00:00:00+00:00,1.434,1.436,1.431,1.436,475842300,7.18
2024-06-14 00:00:00+00:00,1.434,1.437,1.434,1.435,385072072,7.175000000000001
2024-06-17 00:00:00+00:00,1.439,1.442,1.439,1.441,389770000,7.205
2024-06-18 00:00:00+00:00,1.457,1.461,1.457,1.46,599019600,7.3
2024-06-19 00:00:00+00:00,1.461,1.464,1.46,1.462,445511700,7.31
2024-06-20 00:00:00+00:00,1.465,1.473,1.464,1.472,618247680,7.359999999999999
2024-06-21 00:00:00+00:00,1.453,1.453,1.448,1.45,637573300,7.25
2024-06-24 00:00:00+00:00,1.443,1.446,1.441,1.444,391529500,7.22
2024-06-25 00:00:00+00:00,1.426,1.431,1.426,1.429,580374800,7.1450000000000005
2024-06-26 00:00:00+00:00,1.447,1.457,1.447,1.456,667922000,7.279999999999999
2024-06-27 00:00:00+00:00,1.45,1.456,1.449,1.455,438167600,7.275
2024-06-28 00:00:00+00:00,1.466,1.479,1.466,1.475,699152174,7.375
2024-07-01 00:00:00+00:00,1.467,1.475,1.463,1.473,747112200,7.365
2024-07-02 00:00:00+00:00,1.482,1.485,1.471,1.474,825247300,7.37
2024-07-03 00:00:00+00:00,1.496,1.504,1.491,1.501,846028672,7.504999999999999
2024-07-04 00:00:00+00:00,1.52,1.54,1.5,1.51,1156836100,7.55
2024-07-05 00:00:00+00:00,1.512,1.534,1.512,1.529,754103700,7.645
2024-07-08 00:00:00+00:00,1.547,1.557,1.537,1.552,550455600,7.76
2024-07-09 00:00:00+00:00,1.559,1.572,1.558,1.568,765547700,7.84
2024-07-10 00:00:00+00:00,1.57,1.571,1.542,1.548,957811300,7.74
2024-07-11 00:00:00+00:00,1.568,1.57,1.551,1.555,790337600,7.7749999999999995
2024-07-12 00:00:00+00:00,1.505,1.509,1.491,1.492,1042568599,7.46
2024-07-15 00:00:00+00:00,1.505,1.541,1.505,1.539,908223700,7.694999999999999
2024-07-16 00:00:00+00:00,1.544,1.558,1.534,1.536,688730872,7.68
2024-07-17 00:00:00+00:00,1.534,1.534,1.513,1.522,504214572,7.61
2024-07-18 00:00:00+00:00,1.466,1.497,1.464,1.495,853664094,7.4750000000000005
2024-07-19 00:00:00+00:00,1.477,1.483,1.47,1.471,499079920,7.355
2024-07-22 00:00:00+00:00,1.46,1.466,1.449,1.463,735690400,7.315
2024-07-23 00:00:00+00:00,1.483,1.488,1.469,1.477,556761100,7.385000000000001
2024-07-24 00:00:00+00:00,1.465,1.471,1.447,1.448,662058791,7.24
2024-07-25 00:00:00+00:00,1.41,1.414,1.398,1.407,1032730335,7.035
2024-07-26 00:00:00+00:00,1.396,1.411,1.396,1.409,792486715,7.045
2024-07-29 00:00:00+00:00,1.428,1.438,1.422,1.437,725155700,7.1850000000000005
2024-07-30 00:00:00+00:00,1.422,1.426,1.411,1.42,747870785,7.1
2024-07-31 00:00:00+00:00,1.412,1.432,1.409,1.429,607625262,7.1450000000000005
2024-08-01 00:00:00+00:00,1.463,1.472,1.462,1.463,675859300,7.315
2024-08-02 00:00:00+00:00,1.411,1.429,1.388,1.396,1058402500,6.9799999999999995
2024-08-05 00:00:00+00:00,1.33,1.339,1.262,1.287,2187290597,6.435
2024-08-06 00:00:00+00:00,1.335,1.342,1.324,1.332,1346569500,6.66
2024-08-07 00:00:00+00:00,1.332,1.35,1.33,1.334,993712287,6.67
2024-08-08 00:00:00+00:00,1.312,1.319,1.305,1.314,925508555,6.57
2024-08-09 00:00:00+00:00,1.355,1.355,1.341,1.35,576241448,6.75
2024-08-12 00:00:00+00:00,1.355,1.366,1.353,1.365,446492941,6.825
2024-08-13 00:00:00+00:00,1.368,1.381,1.367,1.379,387263700,6.895
2024-08-14 00:00:00+00:00,1.412,1.419,1.404,1.413,716526469,7.065
2024-08-15 00:00:00+00:00,1.417,1.425,1.414,1.422,572353300,7.109999999999999
2024-08-16 00:00:00+00:00,1.462,1.472,1.457,1.469,819191087,7.345000000000001
2024-08-19 00:00:00+00:00,1.47,1.47,1.44,1.442,730986481,7.21
2024-08-20 00:00:00+00:00,1.468,1.471,1.464,1.468,547346357,7.34
2024-08-21 00:00:00+00:00,1.462,1.47,1.455,1.469,342792700,7.345000000000001
2024-08-22 00:00:00+00:00,1.477,1.483,1.466,1.471,568427800,7.355
2024-08-23 00:00:00+00:00,1.449,1.459,1.447,1.457,557658800,7.285
2024-08-26 00:00:00+00:00,1.47,1.47,1.46,1.46,375093200,7.3
2024-08-27 00:00:00+00:00,1.447,1.449,1.44,1.442,424309226,7.21
2024-08-28 00:00:00+00:00,1.441,1.446,1.438,1.442,527279099,7.21
2024-08-29 00:00:00+00:00,1.41,1.414,1.405,1.407,722998583,7.035
2024-08-30 00:00:00+00:00,1.413,1.418,1.41,1.417,488303200,7.085
2024-09-02 00:00:00+00:00,1.429,1.43,1.427,1.429,362017400,7.1450000000000005
2024-09-03 00:00:00+00:00,1.431,1.436,1.429,1.431,287521300,7.155
2024-09-04 00:00:00+00:00,1.374,1.377,1.354,1.356,1146018600,6.78
2024-09-05 00:00:00+00:00,1.366,1.369,1.358,1.36,418078202,6.800000000000001
2024-09-06 00:00:00+00:00,1.351,1.384,1.351,1.372,833462300,6.86
2024-09-09 00:00:00+00:00,1.349,1.366,1.343,1.364,548168600,6.82
2024-09-10 00:00:00+00:00,1.375,1.377,1.367,1.368,446037240,6.840000000000001
2024-09-11 00:00:00+00:00,1.381,1.382,1.369,1.377,446167925,6.885
2024-09-12 00:00:00+00:00,1.414,1.423,1.412,1.421,653559375,7.105
2024-09-13 00:00:00+00:00,1.432,1.437,1.429,1.435,452125900,7.175000000000001
2024-09-18 00:00:00+00:00,1.433,1.433,1.423,1.424,461349400,7.119999999999999
2024-09-19 00:00:00+00:00,1.429,1.441,1.427,1.44,501183300,7.199999999999999
2024-09-20 00:00:00+00:00,1.456,1.457,1.442,1.443,445915200,7.215
2024-09-23 00:00:00+00:00,1.45,1.457,1.448,1.449,318035600,7.245
2024-09-24 00:00:00+00:00,1.45,1.45,1.429,1.441,529007650,7.205
2024-09-25 00:00:00+00:00,1.431,1.437,1.426,1.43,479609300,7.1499999999999995
2024-09-26 00:00:00+00:00,1.445,1.448,1.438,1.445,556366300,7.2250000000000005
2024-09-27 00:00:00+00:00,1.426,1.431,1.41,1.414,495059500,7.069999999999999
2024-09-30 00:00:00+00:00,1.401,1.414,1.389,1.409,1594940944,7.045
2024-10-08 00:00:00+00:00,1.39,1.41,1.382,1.403,1021480000,7.015000000000001
2024-10-09 00:00:00+00:00,1.43,1.432,1.42,1.427,775542151,7.135
2024-10-10 00:00:00+00:00,1.439,1.446,1.436,1.443,733961799,7.215
2024-10-11 00:00:00+00:00,1.445,1.447,1.442,1.445,549246400,7.2250000000000005
2024-10-14 00:00:00+00:00,1.447,1.447,1.443,1.446,385952300,7.2299999999999995
2024-10-15 00:00:00+00:00,1.46,1.477,1.459,1.476,591900900,7.38
2024-10-16 00:00:00+00:00,1.455,1.465,1.453,1.459,563418200,7.295
2024-10-17 00:00:00+00:00,1.457,1.47,1.453,1.468,524658397,7.34
2024-10-18 00:00:00+00:00,1.461,1.464,1.453,1.459,679283398,7.295
2024-10-21 00:00:00+00:00,1.464,1.465,1.459,1.461,545312500,7.305000000000001
2024-10-22 00:00:00+00:00,1.464,1.464,1.458,1.459,350487443,7.295
2024-10-23 00:00:00+00:00,1.465,1.466,1.463,1.465,385005635,7.325
2024-10-24 00:00:00+00:00,1.452,1.453,1.447,1.449,468262227,7.245
2024-10-25 00:00:00+00:00,1.456,1.457,1.453,1.455,284498104,7.275
2024-10-28 00:00:00+00:00,1.473,1.475,1.471,1.473,482418500,7.365
2024-10-29 00:00:00+00:00,1.466,1.472,1.464,1.47,363815500,7.35
2024-10-30 00:00:00+00:00,1.485,1.488,1.481,1.484,599142400,7.42
2024-10-31 00:00:00+00:00,1.463,1.467,1.457,1.459,543956601,7.295
2024-11-01 00:00:00+00:00,1.433,1.444,1.433,1.442,485435173,7.21
2024-11-04 00:00:00+00:00,1.441,1.449,1.441,1.443,423679100,7.215
2024-11-05 00:00:00+00:00,1.435,1.439,1.433,1.438,387236700,7.1899999999999995
2024-11-06 00:00:00+00:00,1.463,1.49,1.457,1.489,1408645600,7.445
2024-11-07 00:00:00+00:00,1.515,1.522,1.51,1.512,1150514691,7.5600000000000005
2024-11-08 00:00:00+00:00,1.525,1.526,1.52,1.525,621573200,7.625
2024-11-11 00:00:00+00:00,1.53,1.535,1.529,1.534,455232200,7.67
2024-11-12 00:00:00+00:00,1.535,1.538,1.534,1.536,671376500,7.68
2024-11-13 00:00:00+00:00,1.53,1.53,1.525,1.527,534654200,7.635
2024-11-14 00:00:00+00:00,1.528,1.531,1.527,1.529,450356234,7.645
2024-11-15 00:00:00+00:00,1.514,1.515,1.507,1.51,508226800,7.55
2024-11-18 00:00:00+00:00,1.491,1.499,1.49,1.499,585646900,7.495000000000001
2024-11-19 00:00:00+00:00,1.496,1.505,1.494,1.504,540145900,7.52
2024-11-20 00:00:00+00:00,1.517,1.521,1.516,1.521,489366000,7.6049999999999995
2024-11-21 00:00:00+00:00,1.51,1.512,1.508,1.51,469237200,7.55
2024-11-22 00:00:00+00:00,1.519,1.522,1.517,1.521,420789600,7.6049999999999995
2024-11-25 00:00:00+00:00,1.533,1.537,1.532,1.536,532524200,7.68
2024-11-26 00:00:00+00:00,1.529,1.537,1.526,1.536,331773700,7.68
2024-11-27 00:00:00+00:00,1.542,1.548,1.539,1.54,602773600,7.7
2024-11-28 00:00:00+00:00,1.53,1.534,1.529,1.531,306671400,7.654999999999999
2024-11-29 00:00:00+00:00,1.53,1.534,1.529,1.532,301633500,7.66
2024-12-02 00:00:00+00:00,1.54,1.542,1.537,1.54,252945605,7.7
2024-12-03 00:00:00+00:00,1.559,1.568,1.559,1.568,484422500,7.84
2024-12-04 00:00:00+00:00,1.576,1.578,1.572,1.575,445720900,7.875
2024-12-05 00:00:00+00:00,1.59,1.593,1.587,1.589,431126300,7.945
2024-12-06 00:00:00+00:00,1.581,1.585,1.58,1.584,313298200,7.92
2024-12-09 00:00:00+00:00,1.599,1.611,1.597,1.61,557709000,8.05
2024-12-10 00:00:00+00:00,1.586,1.598,1.584,1.597,660360886,7.984999999999999
2024-12-11 00:00:00+00:00,1.593,1.597,1.591,1.593,422613268,7.965
2024-12-12 00:00:00+00:00,1.621,1.622,1.614,1.617,585441853,8.085
2024-12-13 00:00:00+00:00,1.616,1.63,1.614,1.629,536946600,8.145
2024-12-16 00:00:00+00:00,1.631,1.65,1.63,1.649,611448400,8.245000000000001
2024-12-17 00:00:00+00:00,1.676,1.682,1.661,1.663,991497700,8.315
2024-12-18 00:00:00+00:00,1.658,1.675,1.657,1.674,634811799,8.37
2024-12-19 00:00:00+00:00,1.617,1.64,1.617,1.63,958164400,8.149999999999999
2024-12-20 00:00:00+00:00,1.62,1.623,1.591,1.597,866210225,7.984999999999999
2024-12-23 00:00:00+00:00,1.626,1.653,1.622,1.652,732488917,8.26
2024-12-24 00:00:00+00:00,1.673,1.675,1.63,1.648,912513930,8.24
2024-12-25 00:00:00+00:00,1.667,1.671,1.656,1.667,748298768,8.335
2024-12-26 00:00:00+00:00,1.669,1.676,1.663,1.674,555489350,8.37
2024-12-27 00:00:00+00:00,1.664,1.667,1.66,1.662,390261409,8.309999999999999
2024-12-30 00:00:00+00:00,1.634,1.651,1.632,1.639,585979764,8.195
2024-12-31 00:00:00+00:00,1.625,1.637,1.62,1.629,624473300,8.145
2025-01-02 00:00:00+00:00,1.625,1.645,1.622,1.643,656522100,8.215
2025-01-03 00:00:00+00:00,1.639,1.646,1.631,1.633,646881378,8.165
2025-01-06 00:00:00+00:00,1.66,1.669,1.65,1.669,919281560,8.345
2025-01-07 00:00:00+00:00,1.687,1.689,1.651,1.659,1130133590,8.295
2025-01-08 00:00:00+00:00,1.632,1.649,1.631,1.642,724267292,8.209999999999999
2025-01-09 00:00:00+00:00,1.64,1.64,1.635,1.636,313639700,8.18
2025-01-10 00:00:00+00:00,1.628,1.648,1.628,1.63,537598684,8.149999999999999
2025-01-13 00:00:00+00:00,1.613,1.614,1.588,1.592,606073600,7.960000000000001
2025-01-14 00:00:00+00:00,1.609,1.613,1.599,1.611,812975300,8.055
2025-01-15 00:00:00+00:00,1.603,1.607,1.599,1.601,293977000,8.004999999999999
2025-01-16 00:00:00+00:00,1.64,1.643,1.628,1.637,568660300,8.185
2025-01-17 00:00:00+00:00,1.622,1.631,1.619,1.63,437270500,8.149999999999999
2025-01-20 00:00:00+00:00,1.644,1.648,1.639,1.646,511177316,8.23
2025-01-21 00:00:00+00:00,1.641,1.65,1.638,1.647,502373500,8.235
2025-01-22 00:00:00+00:00,1.656,1.66,1.653,1.657,519465500,8.285
2025-01-23 00:00:00+00:00,1.663,1.666,1.642,1.643,599058300,8.215
2025-01-24 00:00:00+00:00,1.65,1.655,1.639,1.644,464167380,8.219999999999999
2025-01-27 00:00:00+00:00,1.612,1.621,1.61,1.615,511499900,8.075
2025-02-05 00:00:00+00:00,1.617,1.622,1.611,1.612,374346000,8.06
2025-02-06 00:00:00+00:00,1.625,1.627,1.618,1.627,490854570,8.135
2025-02-07 00:00:00+00:00,1.628,1.63,1.615,1.623,638473284,8.115
2025-02-10 00:00:00+00:00,1.611,1.612,1.602,1.606,655202300,8.030000000000001
2025-02-11 00:00:00+00:00,1.612,1.614,1.607,1.607,394783300,8.035
2025-02-12 00:00:00+00:00,1.609,1.61,1.603,1.609,276862100,8.045
2025-02-13 00:00:00+00:00,1.613,1.619,1.611,1.618,307940100,8.09
2025-02-14 00:00:00+00:00,1.629,1.631,1.625,1.629,432655268,8.145
2025-02-17 00:00:00+00:00,1.629,1.632,1.624,1.63,378669100,8.149999999999999
2025-02-18 00:00:00+00:00,1.629,1.643,1.628,1.643,414746300,8.215
2025-02-19 00:00:00+00:00,1.639,1.639,1.633,1.636,425791200,8.18
2025-02-20 00:00:00+00:00,1.63,1.63,1.621,1.622,314234300,8.110000000000001
2025-02-21 00:00:00+00:00,1.616,1.618,1.607,1.611,533298500,8.055
2025-02-24 00:00:00+00:00,1.581,1.592,1.579,1.59,513558400,7.95
2025-02-25 00:00:00+00:00,1.568,1.571,1.563,1.565,397546000,7.824999999999999
2025-02-26 00:00:00+00:00,1.555,1.563,1.548,1.561,484115138,7.805
2025-02-27 00:00:00+00:00,1.553,1.573,1.551,1.571,482647300,7.8549999999999995
2025-02-28 00:00:00+00:00,1.53,1.531,1.51,1.511,986276100,7.555
2025-03-03 00:00:00+00:00,1.528,1.544,1.527,1.542,650785902,7.71
2025-03-04 00:00:00+00:00,1.505,1.516,1.499,1.515,697073545,7.574999999999999
2025-03-05 00:00:00+00:00,1.515,1.551,1.509,1.533,1115506482,7.664999999999999
2025-03-06 00:00:00+00:00,1.536,1.542,1.534,1.534,454648100,7.67
2025-03-07 00:00:00+00:00,1.505,1.509,1.498,1.5,531224400,7.5
2025-03-10 00:00:00+00:00,1.498,1.503,1.494,1.496,354857703,7.48
2025-03-11 00:00:00+00:00,1.429,1.431,1.369,1.428,2061257480,7.14
2025-03-12 00:00:00+00:00,1.425,1.437,1.422,1.432,908138700,7.16
2025-03-13 00:00:00+00:00,1.444,1.445,1.419,1.424,984265605,7.119999999999999
2025-03-14 00:00:00+00:00,1.419,1.45,1.417,1.438,1210200066,7.1899999999999995
2025-03-17 00:00:00+00:00,1.452,1.454,1.442,1.443,349738905,7.215
2025-03-18 00:00:00+00:00,1.451,1.457,1.448,1.455,425964712,7.275
2025-03-19 00:00:00+00:00,1.442,1.448,1.441,1.443,398736900,7.215
2025-03-20 00:00:00+00:00,1.461,1.48,1.458,1.475,870511600,7.375
2025-03-21 00:00:00+00:00,1.47,1.473,1.463,1.468,323872232,7.34
2025-03-24 00:00:00+00:00,1.485,1.499,1.483,1.498,656039300,7.49
2025-03-25 00:00:00+00:00,1.524,1.528,1.504,1.513,567530007,7.5649999999999995
2025-03-26 00:00:00+00:00,1.522,1.522,1.507,1.508,393324000,7.54
2025-03-27 00:00:00+00:00,1.478,1.492,1.478,1.482,520262900,7.41
2025-03-28 00:00:00+00:00,1.477,1.479,1.472,1.475,275751800,7.375
2025-03-31 00:00:00+00:00,1.428,1.431,1.4,1.411,926174901,7.055
2025-04-01 00:00:00+00:00,1.42,1.437,1.42,1.436,498149700,7.18
2025-04-02 00:00:00+00:00,1.442,1.449,1.439,1.442,341850900,7.21
2025-04-03 00:00:00+00:00,1.409,1.427,1.407,1.413,590746500,7.065
2025-04-07 00:00:00+00:00,1.272,1.272,1.272,1.272,372858700,6.36
2025-04-08 00:00:00+00:00,1.306,1.335,1.303,1.319,1178464100,6.595
2025-04-09 00:00:00+00:00,1.271,1.313,1.26,1.3,1823609099,6.5
2025-04-10 00:00:00+00:00,1.43,1.43,1.401,1.429,1314844838,7.1450000000000005
2025-04-11 00:00:00+00:00,1.372,1.424,1.371,1.413,1129048719,7.065
2025-04-14 00:00:00+00:00,1.435,1.437,1.429,1.432,643188350,7.16
2025-04-15 00:00:00+00:00,1.425,1.425,1.415,1.416,358572300,7.08
2025-04-16 00:00:00+00:00,1.4,1.406,1.384,1.389,419437400,6.945
2025-04-17 00:00:00+00:00,1.379,1.398,1.377,1.39,523554700,6.949999999999999
2025-04-18 00:00:00+00:00,1.381,1.387,1.376,1.381,359087227,6.905
2025-04-21 00:00:00+00:00,1.374,1.376,1.367,1.369,323614600,6.845
2025-04-22 00:00:00+00:00,1.361,1.374,1.351,1.371,459990700,6.855
2025-04-23 00:00:00+00:00,1.401,1.417,1.391,1.415,717415758,7.075
2025-04-24 00:00:00+00:00,1.42,1.42,1.398,1.398,441873400,6.989999999999999
2025-04-25 00:00:00+00:00,1.436,1.446,1.436,1.444,749668579,7.22
2025-04-28 00:00:00+00:00,1.44,1.45,1.437,1.448,457968700,7.24
2025-04-29 00:00:00+00:00,1.451,1.456,1.445,1.446,368010500,7.2299999999999995
2025-04-30 00:00:00+00:00,1.448,1.452,1.444,1.446,362821899,7.2299999999999995
2025-05-06 00:00:00+00:00,1.469,1.47,1.454,1.457,644127205,7.285
2025-05-07 00:00:00+00:00,1.463,1.476,1.459,1.462,342379770,7.31
2025-05-08 00:00:00+00:00,1.477,1.486,1.47,1.485,459158900,7.425000000000001
2025-05-09 00:00:00+00:00,1.485,1.489,1.479,1.486,509520975,7.43
2025-05-12 00:00:00+00:00,1.513,1.518,1.506,1.516,558463942,7.58
2025-05-13 00:00:00+00:00,1.538,1.539,1.519,1.522,629448900,7.61
2025-05-14 00:00:00+00:00,1.546,1.567,1.546,1.566,921037700,7.83
2025-05-15 00:00:00+00:00,1.564,1.572,1.558,1.559,587213000,7.795
2025-05-16 00:00:00+00:00,1.561,1.568,1.559,1.561,317607600,7.805
2025-05-19 00:00:00+00:00,1.55,1.555,1.546,1.547,522457900,7.734999999999999
2025-05-20 00:00:00+00:00,1.565,1.569,1.562,1.564,465463000,7.82
2025-05-21 00:00:00+00:00,1.563,1.563,1.547,1.549,427642300,7.744999999999999
2025-05-22 00:00:00+00:00,1.54,1.547,1.534,1.539,558507599,7.694999999999999
2025-05-23 00:00:00+00:00,1.54,1.544,1.532,1.534,243664500,7.67
2025-05-26 00:00:00+00:00,1.54,1.543,1.536,1.543,237339700,7.715
2025-05-27 00:00:00+00:00,1.54,1.554,1.538,1.55,363293200,7.75
2025-05-28 00:00:00+00:00,1.568,1.572,1.563,1.568,319085587,7.84
2025-05-29 00:00:00+00:00,1.59,1.594,1.585,1.589,468262396,7.945
2025-05-30 00:00:00+00:00,1.554,1.562,1.553,1.556,452324693,7.78
2025-06-03 00:00:00+00:00,1.567,1.568,1.561,1.562,337650418,7.8100000000000005
2025-06-04 00:00:00+00:00,1.577,1.578,1.57,1.575,425227000,7.875
2025-06-05 00:00:00+00:00,1.575,1.577,1.571,1.571,233241300,7.8549999999999995
2025-06-06 00:00:00+00:00,1.56,1.569,1.559,1.567,387738700,7.835
2025-06-09 00:00:00+00:00,1.573,1.574,1.57,1.571,220470000,7.8549999999999995
2025-06-10 00:00:00+00:00,1.581,1.586,1.569,1.571,708625740,7.8549999999999995
2025-06-11 00:00:00+00:00,1.577,1.58,1.576,1.577,363839700,7.885
2025-06-12 00:00:00+00:00,1.57,1.574,1.568,1.571,331156200,7.8549999999999995
2025-06-13 00:00:00+00:00,1.552,1.559,1.548,1.554,641581600,7.7700000000000005
2025-06-16 00:00:00+00:00,1.561,1.568,1.56,1.567,462021846,7.835
2025-06-17 00:00:00+00:00,1.573,1.577,1.57,1.573,607435129,7.865
2025-06-18 00:00:00+00:00,1.568,1.572,1.566,1.568,322976600,7.84
2025-06-19 00:00:00+00:00,1.56,1.563,1.556,1.559,383217300,7.795
2025-06-20 00:00:00+00:00,1.559,1.566,1.557,1.562,321434200,7.8100000000000005
2025-06-23 00:00:00+00:00,1.551,1.559,1.549,1.559,303361400,7.795
2025-06-24 00:00:00+00:00,1.585,1.595,1.583,1.595,623207500,7.975
2025-06-25 00:00:00+00:00,1.596,1.598,1.594,1.595,436605609,7.975
2025-06-26 00:00:00+00:00,1.599,1.603,1.596,1.603,428729800,8.015
2025-06-27 00:00:00+00:00,1.612,1.622,1.611,1.619,514231097,8.095
2025-06-30 00:00:00+00:00,1.625,1.631,1.624,1.629,474714050,8.145
2025-07-01 00:00:00+00:00,1.631,1.631,1.621,1.622,504395200,8.110000000000001
2025-07-02 00:00:00+00:00,1.614,1.624,1.613,1.623,461535401,8.115
2025-07-03 00:00:00+00:00,1.63,1.63,1.625,1.626,498540800,8.129999999999999
2025-07-04 00:00:00+00:00,1.639,1.64,1.635,1.636,318755001,8.18
2025-07-07 00:00:00+00:00,1.633,1.638,1.632,1.635,424588231,8.175
2025-07-08 00:00:00+00:00,1.633,1.637,1.631,1.636,406049300,8.18
2025-07-09 00:00:00+00:00,1.633,1.634,1.627,1.63,446034300,8.149999999999999
2025-07-10 00:00:00+00:00,1.637,1.64,1.636,1.639,338654000,8.195
2025-07-11 00:00:00+00:00,1.634,1.636,1.632,1.633,378041700,8.165
2025-07-14 00:00:00+00:00,1.626,1.627,1.622,1.623,391132900,8.115
2025-07-15 00:00:00+00:00,1.635,1.649,1.634,1.648,766767332,8.24
2025-07-16 00:00:00+00:00,1.64,1.643,1.637,1.638,349123400,8.19
2025-07-17 00:00:00+00:00,1.644,1.652,1.642,1.65,406349369,8.25
2025-07-18 00:00:00+00:00,1.658,1.666,1.658,1.662,387766998,8.309999999999999
2025-07-21 00:00:00+00:00,1.663,1.665,1.661,1.662,231386634,8.309999999999999
2025-07-22 00:00:00+00:00,1.666,1.669,1.661,1.663,320435518,8.315
2025-07-23 00:00:00+00:00,1.657,1.66,1.655,1.66,395570328,8.299999999999999
2025-07-24 00:00:00+00:00,1.667,1.668,1.661,1.663,301682600,8.315
2025-07-25 00:00:00+00:00,1.667,1.669,1.665,1.666,289965400,8.33
2025-07-28 00:00:00+00:00,1.677,1.684,1.677,1.684,272406200,8.42
2025-07-29 00:00:00+00:00,1.683,1.685,1.68,1.683,326410325,8.415000000000001
2025-07-30 00:00:00+00:00,1.679,1.682,1.677,1.68,226949112,8.4
2025-07-31 00:00:00+00:00,1.703,1.706,1.701,1.704,385239728,8.52
2025-08-01 00:00:00+00:00,1.674,1.678,1.67,1.671,585054200,8.355
2025-08-04 00:00:00+00:00,1.643,1.649,1.643,1.648,512890500,8.24
2025-08-05 00:00:00+00:00,1.672,1.68,1.67,1.679,387061715,8.395
2025-08-06 00:00:00+00:00,1.658,1.671,1.656,1.67,530911427,8.35
2025-08-07 00:00:00+00:00,1.689,1.692,1.683,1.684,380851520,8.42
2025-08-08 00:00:00+00:00,1.691,1.693,1.688,1.691,288685465,8.455
2025-08-11 00:00:00+00:00,1.706,1.708,1.704,1.708,383149064,8.54
2025-08-12 00:00:00+00:00,1.702,1.706,1.699,1.703,440598501,8.515
2025-08-13 00:00:00+00:00,1.721,1.722,1.715,1.721,535596000,8.605
2025-08-14 00:00:00+00:00,1.718,1.719,1.714,1.717,328203900,8.585
2025-08-15 00:00:00+00:00,1.717,1.722,1.717,1.722,340334171,8.61
2025-08-18 00:00:00+00:00,1.715,1.718,1.708,1.71,445491399,8.55
2025-08-19 00:00:00+00:00,1.709,1.71,1.701,1.703,342645917,8.515
2025-08-20 00:00:00+00:00,1.678,1.686,1.675,1.684,525734200,8.42
2025-08-21 00:00:00+00:00,1.676,1.69,1.676,1.69,443889233,8.45
2025-08-22 00:00:00+00:00,1.681,1.687,1.672,1.676,489110400,8.379999999999999
2025-08-25 00:00:00+00:00,1.7,1.701,1.695,1.698,443558410,8.49
2025-08-26 00:00:00+00:00,1.691,1.692,1.688,1.69,270055126,8.45
2025-08-27 00:00:00+00:00,1.699,1.705,1.696,1.704,278475726,8.52
2025-08-28 00:00:00+00:00,1.694,1.698,1.69,1.693,383840900,8.465
2025-08-29 00:00:00+00:00,1.7,1.7,1.691,1.692,410497462,8.459999999999999
2025-09-01 00:00:00+00:00,1.679,1.68,1.667,1.673,628223463,8.365
2025-09-02 00:00:00+00:00,1.676,1.677,1.672,1.676,282884800,8.379999999999999
2025-09-03 00:00:00+00:00,1.667,1.678,1.666,1.676,409444116,8.379999999999999
2025-09-04 00:00:00+00:00,1.685,1.686,1.681,1.682,427598500,8.41
2025-09-05 00:00:00+00:00,1.698,1.701,1.696,1.701,338491569,8.505
2025-09-08 00:00:00+00:00,1.698,1.699,1.694,1.696,248990365,8.48
2025-09-09 00:00:00+00:00,1.698,1.701,1.696,1.701,319647804,8.505
2025-09-10 00:00:00+00:00,1.704,1.711,1.704,1.711,265763900,8.555
2025-09-11 00:00:00+00:00,1.707,1.709,1.703,1.708,289110400,8.54
2025-09-12 00:00:00+00:00,1.713,1.715,1.712,1.714,219130300,8.57
2025-09-15 00:00:00+00:00,1.719,1.727,1.718,1.727,321437039,8.635
2025-09-16 00:00:00+00:00,1.736,1.741,1.735,1.736,348567487,8.68
2025-09-17 00:00:00+00:00,1.732,1.733,1.726,1.729,441610530,8.645
2025-09-18 00:00:00+00:00,1.734,1.745,1.733,1.744,521469864,8.72
2025-09-19 00:00:00+00:00,1.751,1.755,1.75,1.751,421936291,8.754999999999999
2025-09-22 00:00:00+00:00,1.762,1.774,1.76,1.771,603305650,8.855
2025-09-23 00:00:00+00:00,1.788,1.8,1.786,1.8,548425994,9.0
2025-09-24 00:00:00+00:00,1.784,1.786,1.774,1.785,549078139,8.924999999999999
2025-09-25 00:00:00+00:00,1.779,1.784,1.776,1.779,241678600,8.895
2025-09-26 00:00:00+00:00,1.771,1.782,1.769,1.78,310219020,8.9
2025-09-29 00:00:00+00:00,1.793,1.805,1.792,1.8,437447847,9.0
2025-09-30 00:00:00+00:00,1.802,1.816,1.802,1.813,481868242,9.065
2025-10-09 00:00:00+00:00,1.842,1.855,1.842,1.851,459662345,9.254999999999999
2025-10-10 00:00:00+00:00,1.852,1.865,1.843,1.86,506277599,9.3
2025-10-13 00:00:00+00:00,1.807,1.834,1.806,1.829,932049165,9.145
2025-10-14 00:00:00+00:00,1.855,1.855,1.802,1.81,643516916,9.05
2025-10-15 00:00:00+00:00,1.823,1.836,1.813,1.825,613842663,9.125
2025-10-16 00:00:00+00:00,1.823,1.84,1.818,1.838,464792600,9.190000000000001
2025-10-17 00:00:00+00:00,1.825,1.83,1.806,1.807,438242902,9.035
2025-10-20 00:00:00+00:00,1.835,1.86,1.834,1.859,638088262,9.295
2025-10-21 00:00:00+00:00,1.888,1.89,1.858,1.873,451916870,9.365
2025-10-22 00:00:00+00:00,1.871,1.888,1.862,1.883,495798881,9.415
2025-10-23 00:00:00+00:00,1.868,1.886,1.866,1.883,341184400,9.415
2025-10-24 00:00:00+00:00,1.91,1.911,1.895,1.902,320422028,9.51
2025-10-27 00:00:00+00:00,1.923,1.964,1.923,1.956,713604464,9.78
2025-10-28 00:00:00+00:00,1.976,1.991,1.932,1.961,736504694,9.805
2025-10-29 00:00:00+00:00,1.984,2.0,1.969,2.0,467759781,10.0
2025-10-30 00:00:00+00:00,1.997,2.001,1.98,1.985,584649294,9.925
2025-10-31 00:00:00+00:00,1.981,1.998,1.969,1.982,469785800,9.91
2025-11-03 00:00:00+00:00,1.984,1.989,1.975,1.976,314672441,9.879999999999999
2025-11-04 00:00:00+00:00,1.977,1.979,1.918,1.94,553036645,9.7
2025-11-05 00:00:00+00:00,1.89,1.927,1.862,1.912,691138566,9.559999999999999
2025-11-06 00:00:00+00:00,1.923,1.95,1.919,1.949,359496919,9.745000000000001
2025-11-07 00:00:00+00:00,1.918,1.938,1.912,1.924,487531378,9.62
2025-11-10 00:00:00+00:00,1.946,1.953,1.936,1.951,395862628,9.755
2025-11-11 00:00:00+00:00,1.975,1.98,1.95,1.959,363748217,9.795
2025-11-12 00:00:00+00:00,1.967,1.975,1.96,1.974,345091027,9.87
2025-11-13 00:00:00+00:00,1.97,1.976,1.965,1.975,320641826,9.875
2025-11-14 00:00:00+00:00,1.935,1.946,1.92,1.923,475928886,9.615
2025-11-17 00:00:00+00:00,1.941,1.942,1.886,1.909,512944755,9.545
2025-11-18 00:00:00+00:00,1.881,1.892,1.838,1.844,878540939,9.22
2025-11-19 00:00:00+00:00,1.835,1.863,1.831,1.836,714411099,9.18
2025-11-20 00:00:00+00:00,1.879,1.909,1.879,1.907,635834786,9.535
2025-11-21 00:00:00+00:00,1.834,1.858,1.831,1.848,633153850,9.24
2025-11-24 00:00:00+00:00,1.868,1.876,1.851,1.856,539147356,9.280000000000001
2025-11-25 00:00:00+00:00,1.896,1.899,1.89,1.897,602163872,9.485
2025-11-26 00:00:00+00:00,1.911,1.93,1.911,1.927,299725291,9.635
2025-11-27 00:00:00+00:00,1.941,1.942,1.922,1.925,284643882,9.625
2025-11-28 00:00:00+00:00,1.935,1.944,1.928,1.943,238845800,9.715
2025-12-01 00:00:00+00:00,1.93,1.943,1.926,1.936,312456701,9.68
2025-12-02 00:00:00+00:00,1.945,1.946,1.933,1.94,197198994,9.7
2025-12-03 00:00:00+00:00,1.95,1.966,1.95,1.965,326145289,9.825000000000001
2025-12-04 00:00:00+00:00,1.965,1.972,1.964,1.965,239419100,9.825000000000001
2025-12-05 00:00:00+00:00,1.968,1.972,1.956,1.963,323655624,9.815000000000001
2025-12-08 00:00:00+00:00,1.963,1.969,1.951,1.952,269251231,9.76
2025-12-09 00:00:00+00:00,1.948,1.948,1.922,1.928,321090267,9.64
2025-12-10 00:00:00+00:00,1.928,1.948,1.924,1.944,291171677,9.719999999999999
2025-12-11 00:00:00+00:00,1.942,1.952,1.917,1.918,373810677,9.59
2025-12-12 00:00:00+00:00,1.932,1.932,1.918,1.921,285695782,9.605
2025-12-15 00:00:00+00:00,1.89,1.905,1.888,1.902,247052600,9.51
2025-12-16 00:00:00+00:00,1.89,1.895,1.866,1.873,329684440,9.365
2025-12-17 00:00:00+00:00,1.886,1.905,1.883,1.899,337880700,9.495000000000001
2025-12-18 00:00:00+00:00,1.873,1.88,1.87,1.878,259650400,9.389999999999999
2025-12-19 00:00:00+00:00,1.899,1.917,1.896,1.916,288444600,9.58
2025-12-22 00:00:00+00:00,1.94,1.947,1.94,1.945,254844401,9.725
2025-12-23 00:00:00+00:00,1.946,1.947,1.932,1.935,207278500,9.675
2025-12-24 00:00:00+00:00,1.943,1.944,1.93,1.933,178378135,9.665000000000001
2025-12-25 00:00:00+00:00,1.933,1.935,1.926,1.93,138509400,9.65
2025-12-26 00:00:00+00:00,1.935,1.937,1.928,1.929,106452900,9.645
2025-12-29 00:00:00+00:00,1.925,1.925,1.909,1.916,197286675,9.58
2025-12-30 00:00:00+00:00,1.903,1.916,1.898,1.914,210594493,9.57
2025-12-31 00:00:00+00:00,1.905,1.909,1.901,1.904,133582262,9.52
2026-01-05 00:00:00+00:00,1.909,1.93,1.907,1.93,274274938,9.65
2026-01-06 00:00:00+00:00,1.932,1.933,1.92,1.925,268614114,9.625
2026-01-07 00:00:00+00:00,1.93,1.931,1.917,1.919,213980600,9.595
2026-01-08 00:00:00+00:00,1.916,1.918,1.898,1.899,251838625,9.495000000000001
2026-01-09 00:00:00+00:00,1.896,1.906,1.89,1.903,183126872,9.515
2026-01-12 00:00:00+00:00,1.904,1.907,1.892,1.893,293808014,9.465
2026-01-13 00:00:00+00:00,1.895,1.917,1.893,1.915,260727300,9.575
2026-01-14 00:00:00+00:00,1.914,1.914,1.901,1.909,217081668,9.545
2026-01-15 00:00:00+00:00,1.898,1.906,1.891,1.901,223463100,9.505
2026-01-16 00:00:00+00:00,1.904,1.906,1.899,1.904,152786621,9.52
2026-01-19 00:00:00+00:00,1.886,1.896,1.883,1.887,190255560,9.435
2026-01-20 00:00:00+00:00,1.887,1.89,1.871,1.876,170040650,9.379999999999999
2026-01-21 00:00:00+00:00,1.862,1.879,1.856,1.875,233108388,9.375
2026-01-22 00:00:00+00:00,1.896,1.906,1.894,1.901,230741577,9.505
2026-01-23 00:00:00+00:00,1.908,1.91,1.89,1.891,236709800,9.455
2026-01-26 00:00:00+00:00,1.888,1.888,1.87,1.882,237202100,9.41
2026-01-27 00:00:00+00:00,1.894,1.899,1.888,1.894,210918429,9.469999999999999
2026-01-28 00:00:00+00:00,1.902,1.912,1.894,1.905,368399700,9.525
2026-01-29 00:00:00+00:00,1.895,1.898,1.886,1.891,190456230,9.455
2026-01-30 00:00:00+00:00,1.874,1.887,1.874,1.881,191224000,9.405
2026-02-02 00:00:00+00:00,1.858,1.875,1.831,1.833,339912039,9.165
2026-02-03 00:00:00+00:00,1.87,1.873,1.855,1.872,251621452,9.360000000000001
2026-02-04 00:00:00+00:00,1.849,1.855,1.841,1.853,250176751,9.265
2026-02-05 00:00:00+00:00,1.835,1.843,1.831,1.84,188489949,9.200000000000001
2026-02-06 00:00:00+00:00,1.809,1.818,1.805,1.813,279625408,9.065
2026-02-09 00:00:00+00:00,1.846,1.85,1.841,1.847,203554566,9.235
2026-02-10 00:00:00+00:00,1.851,1.854,1.842,1.844,153611567,9.22
2026-02-11 00:00:00+00:00,1.84,1.843,1.839,1.841,109413202,9.205
2026-02-12 00:00:00+00:00,1.84,1.847,1.833,1.836,157497058,9.18
2026-02-13 00:00:00+00:00,1.81,1.833,1.807,1.83,224111181,9.15
2026-02-24 00:00:00+00:00,1.821,1.824,1.81,1.823,158521100,9.115
2026-02-25 00:00:00+00:00,1.832,1.837,1.824,1.825,136757767,9.125
2026-02-26 00:00:00+00:00,1.839,1.841,1.831,1.832,156080500,9.16
2026-02-27 00:00:00+00:00,1.816,1.823,1.816,1.819,123430652,9.094999999999999
2026-03-02 00:00:00+00:00,1.804,1.818,1.8,1.802,192346534,9.01
2026-03-03 00:00:00+00:00,1.81,1.812,1.783,1.786,195769900,8.93
2026-03-04 00:00:00+00:00,1.779,1.783,1.76,1.762,231173775,8.81
2026-03-05 00:00:00+00:00,1.79,1.802,1.79,1.8,271278081,9.0
2026-03-06 00:00:00+00:00,1.794,1.804,1.79,1.801,127610110,9.004999999999999
2026-03-09 00:00:00+00:00,1.748,1.772,1.744,1.756,330994525,8.78
2026-03-10 00:00:00+00:00,1.792,1.794,1.786,1.788,229075300,8.94
2026-03-11 00:00:00+00:00,1.792,1.797,1.79,1.792,137090801,8.96
2026-03-12 00:00:00+00:00,1.786,1.793,1.778,1.784,133521000,8.92
2026-03-13 00:00:00+00:00,1.774,1.774,1.766,1.767,139943790,8.834999999999999
2026-03-16 00:00:00+00:00,1.763,1.775,1.759,1.774,183402653,8.870000000000001
2026-03-17 00:00:00+00:00,1.776,1.784,1.765,1.768,149942817,8.84
2026-03-18 00:00:00+00:00,1.785,1.8,1.781,1.789,297738416,8.945
2026-03-19 00:00:00+00:00,1.763,1.773,1.76,1.764,152405000,8.82
2026-03-20 00:00:00+00:00,1.771,1.771,1.748,1.749,97082839,8.745000000000001
2026-03-23 00:00:00+00:00,1.725,1.725,1.664,1.68,612772047,8.4
2026-03-24 00:00:00+00:00,1.699,1.729,1.687,1.717,371638055,8.585
2026-03-25 00:00:00+00:00,1.73,1.736,1.719,1.734,263435400,8.67
2026-03-26 00:00:00+00:00,1.73,1.737,1.71,1.716,205267600,8.58
2026-03-27 00:00:00+00:00,1.692,1.711,1.689,1.708,213962331,8.54
2026-03-30 00:00:00+00:00,1.672,1.685,1.666,1.683,284755714,8.415000000000001
2026-03-31 00:00:00+00:00,1.68,1.693,1.672,1.674,165562735,8.37
2026-04-01 00:00:00+00:00,1.724,1.756,1.718,1.752,396134600,8.76
2026-04-02 00:00:00+00:00,1.745,1.745,1.713,1.721,246176975,8.605
2026-04-03 00:00:00+00:00,1.737,1.74,1.728,1.731,110810550,8.655000000000001
2026-04-07 00:00:00+00:00,1.731,1.742,1.729,1.732,148158165,8.66
2026-04-08 00:00:00+00:00,1.789,1.841,1.788,1.833,522747331,9.165
2026-04-09 00:00:00+00:00,1.833,1.833,1.78,1.805,279219939,9.025
2026-04-10 00:00:00+00:00,1.824,1.84,1.801,1.809,256660674,9.045
2026-04-13 00:00:00+00:00,1.8,1.803,1.788,1.798,215060383,8.99
2026-04-14 00:00:00+00:00,1.833,1.833,1.824,1.825,172953756,9.125
2026-04-15 00:00:00+00:00,1.856,1.874,1.856,1.864,304019549,9.32
2026-04-16 00:00:00+00:00,1.9,1.912,1.896,1.907,321938433,9.535
2026-04-17 00:00:00+00:00,1.902,1.903,1.885,1.892,252215910,9.459999999999999
2026-04-20 00:00:00+00:00,1.9,1.902,1.888,1.89,228604852,9.45
2026-04-21 00:00:00+00:00,1.893,1.897,1.875,1.892,234369426,9.459999999999999
2026-04-22 00:00:00+00:00,1.89,1.898,1.884,1.896,204704591,9.48
2026-04-23 00:00:00+00:00,1.907,1.917,1.897,1.905,304649830,9.525
2026-04-24 00:00:00+00:00,1.905,1.909,1.901,1.907,194553831,9.535
2026-04-27 00:00:00+00:00,1.93,1.947,1.929,1.945,402762228,9.725
2026-04-28 00:00:00+00:00,1.945,1.967,1.943,1.963,349481480,9.815000000000001
2026-04-29 00:00:00+00:00,1.951,1.963,1.948,1.962,265878190,9.81
2026-04-30 00:00:00+00:00,1.975,1.979,1.955,1.959,310462491,9.795
2026-05-06 00:00:00+00:00,2.02,2.029,2.003,2.01,571654474,10.049999999999999
2026-05-07 00:00:00+00:00,2.03,2.058,2.03,2.054,615707931,10.27
2026-05-08 00:00:00+00:00,2.049,2.066,2.04,2.065,517135178,10.325
2026-05-11 00:00:00+00:00,2.104,2.11,2.1,2.108,476494085,10.540000000000001
2026-05-12 00:00:00+00:00,2.098,2.102,2.08,2.081,490250151,10.405
2026-05-13 00:00:00+00:00,2.076,2.098,2.07,2.093,534695166,10.465
2026-05-14 00:00:00+00:00,2.116,2.117,2.093,2.105,431416380,10.525
2026-05-15 00:00:00+00:00,2.107,2.126,2.084,2.1,691010975,10.5
2026-05-18 00:00:00+00:00,2.065,2.09,2.06,2.066,535178221,10.329999999999998
2026-05-19 00:00:00+00:00,2.058,2.068,2.034,2.047,515328813,10.235000000000001
2026-05-20 00:00:00+00:00,2.036,2.06,2.026,2.058,529847139,10.29
2026-05-21 00:00:00+00:00,2.085,2.114,2.081,2.103,630027270,10.515
2026-05-22 00:00:00+00:00,2.12,2.15,2.12,2.146,674648323,10.73
2026-05-25 00:00:00+00:00,2.211,2.27,2.188,2.231,804739172,11.155
2026-05-26 00:00:00+00:00,2.231,2.231,2.15,2.185,470561898,10.925
2026-05-27 00:00:00+00:00,2.215,2.242,2.209,2.223,4836979,11.114999999999998
2026-05-28 00:00:00+00:00,2.226,2.226,2.173,2.214,3708345,11.07
2026-05-29 00:00:00+00:00,2.235,2.266,2.235,2.262,2656458,11.31
2026-06-01 00:00:00+00:00,2.273,2.386,2.046,2.365,7489384,11.825000000000001
2026-06-02 00:00:00+00:00,2.355,2.375,2.25,2.343,5894013,11.715
2026-06-03 00:00:00+00:00,2.577,2.577,2.277,2.299,5047053,11.495
2026-06-04 00:00:00+00:00,2.31,2.31,2.229,2.24,5196540,11.200000000000001
2026-06-05 00:00:00+00:00,2.202,2.249,2.2,2.205,4916466,11.025
2026-06-08 00:00:00+00:00,2.116,2.157,2.106,2.114,712907182,10.57
2026-06-09 00:00:00+00:00,2.15,2.203,2.144,2.2,694586623,11.0
2026-06-10 00:00:00+00:00,2.156,2.165,2.131,2.143,4162059,10.715
2026-06-11 00:00:00+00:00,2.123,2.131,2.092,2.13,4859970,10.649999999999999
2026-06-12 00:00:00+00:00,2.21,2.215,2.158,2.162,4796030,10.809999999999999
2026-06-15 00:00:00+00:00,2.231,2.26,2.22,2.258,5072860,11.29
2026-06-16 00:00:00+00:00,2.264,2.383,2.264,2.28,3261065,11.399999999999999
2026-06-17 00:00:00+00:00,2.251,2.289,2.249,2.279,3241198,11.395
2026-06-18 00:00:00+00:00,2.319,2.319,2.24,2.266,3677768,11.33
2026-06-22 00:00:00+00:00,2.311,2.311,2.242,2.25,4552929,11.25
2026-06-23 00:00:00+00:00,2.22,2.227,2.169,2.174,5783018,10.87
2026-06-24 00:00:00+00:00,2.154,2.192,2.154,2.187,5309931,10.934999999999999
2026-06-25 00:00:00+00:00,2.204,2.212,2.186,2.208,3382447,11.040000000000001
2026-06-26 00:00:00+00:00,2.206,2.206,2.133,2.158,3019966,10.79
2026-06-29 00:00:00+00:00,2.161,2.18,2.147,2.178,3128648,10.89
2026-06-30 00:00:00+00:00,2.211,2.214,2.2,2.204,2897348,11.020000000000001
2026-07-01 00:00:00+00:00,2.227,2.232,2.204,2.209,3078889,11.045
2026-07-02 00:00:00+00:00,2.193,2.196,2.155,2.158,3419870,10.79
2026-07-03 00:00:00+00:00,2.15,2.175,2.144,2.167,3356138,10.834999999999999
2026-07-06 00:00:00+00:00,2.168,2.175,2.147,2.171,2044960,10.854999999999999
2026-07-07 00:00:00+00:00,2.167,2.176,2.155,2.169,2118120,10.845
2026-07-08 00:00:00+00:00,2.161,2.164,2.14,2.141,1910142,10.705
2026-07-09 00:00:00+00:00,2.157,2.169,2.147,2.166,2235309,10.83
2026-07-10 00:00:00+00:00,2.181,2.189,2.171,2.174,1842337,10.87
2026-07-13 00:00:00+00:00,2.179,2.179,2.162,2.168,1967887,10.84
2026-07-14 00:00:00+00:00,2.157,2.171,2.136,2.17,2861526,10.85
2026-07-15 00:00:00+00:00,2.186,2.192,2.176,2.188,3024353,10.940000000000001
2026-07-16 00:00:00+00:00,2.168,2.179,2.164,2.167,1902305,10.834999999999999
2026-07-17 00:00:00+00:00,2.134,2.135,2.103,2.107,3166578,10.535
2026-07-20 00:00:00+00:00,2.107,2.118,2.094,2.096,1719931,10.48
2026-07-21 00:00:00+00:00,2.105,2.133,2.1,2.13,2770344,10.649999999999999
2026-07-22 00:00:00+00:00,2.139,2.153,2.126,2.13,1818918,10.649999999999999
2026-07-23 00:00:00+00:00,2.143,2.148,2.122,2.131,1423811,10.655
2026-07-24 00:00:00+00:00,2.1,2.11,2.095,2.104,1430854,10.52
2026-07-27 00:00:00+00:00,2.105,2.122,2.104,2.118,1453596,10.59
2026-07-28 00:00:00+00:00,2.09,2.096,2.06,2.068,1237607,10.34
2026-07-29 00:00:00+00:00,2.076,2.081,2.059,2.074,1382572,10.37
2026-07-30 00:00:00+00:00,2.05,2.055,2.035,2.041,1094896,10.205
2026-07-31 00:00:00+00:00,2.111,2.119,2.107,2.112,1687804,10.56
2026-08-03 00:00:00+00:00,2.115,2.132,2.115,2.127,102227600,10.634999999999998
2026-08-04 00:00:00+00:00,2.17,2.193,2.165,2.192,178782350,10.96
2026-08-05 00:00:00+00:00,2.259,2.268,2.25,2.267,225439500,11.334999999999999
2026-08-06 00:00:00+00:00,2.243,2.246,2.234,2.244,190753692,11.22
2026-08-07 00:00:00+00:00,2.244,2.274,2.238,2.266,199149133,11.33
2026-08-10 00:00:00+00:00,2.28,2.292,2.26,2.261,192799017,11.305
