datetime,513100,159941,513300,159501,159513,159659,159632,159660,159696,513110,513390,513870
2013-04-25 00:00:00+00:00,1.0,,,,,,,,,,,
2013-04-26 00:00:00+00:00,1.0,,,,,,,,,,,
2013-05-03 00:00:00+00:00,1.0,,,,,,,,,,,
2013-05-08 00:00:00+00:00,1.0,,,,,,,,,,,
2013-05-10 00:00:00+00:00,1.001,,,,,,,,,,,
2013-05-14 00:00:00+00:00,1.001,,,,,,,,,,,
2013-05-15 00:00:00+00:00,1.001,,,,,,,,,,,
2013-05-16 00:00:00+00:00,1.003,,,,,,,,,,,
2013-05-17 00:00:00+00:00,1.004,,,,,,,,,,,
2013-05-20 00:00:00+00:00,1.006,,,,,,,,,,,
2013-05-21 00:00:00+00:00,1.006,,,,,,,,,,,
2013-05-22 00:00:00+00:00,0.999,,,,,,,,,,,
2013-05-23 00:00:00+00:00,0.998,,,,,,,,,,,
2013-05-24 00:00:00+00:00,0.997,,,,,,,,,,,
2013-05-28 00:00:00+00:00,1.002,,,,,,,,,,,
2013-05-29 00:00:00+00:00,0.998,,,,,,,,,,,
2013-05-30 00:00:00+00:00,1.002,,,,,,,,,,,
2013-05-31 00:00:00+00:00,0.994,,,,,,,,,,,
2013-06-03 00:00:00+00:00,0.996,,,,,,,,,,,
2013-06-04 00:00:00+00:00,0.99,,,,,,,,,,,
2013-06-05 00:00:00+00:00,0.98,,,,,,,,,,,
2013-06-06 00:00:00+00:00,0.983,,,,,,,,,,,
2013-06-07 00:00:00+00:00,0.993,,,,,,,,,,,
2013-06-13 00:00:00+00:00,0.985,,,,,,,,,,,
2013-06-14 00:00:00+00:00,0.979,,,,,,,,,,,
2013-06-17 00:00:00+00:00,0.987,,,,,,,,,,,
2013-06-18 00:00:00+00:00,0.996,,,,,,,,,,,
2013-06-19 00:00:00+00:00,0.985,,,,,,,,,,,
2013-06-20 00:00:00+00:00,0.961,,,,,,,,,,,
2013-06-21 00:00:00+00:00,0.958,,,,,,,,,,,
2013-06-24 00:00:00+00:00,0.949,,,,,,,,,,,
2013-06-25 00:00:00+00:00,0.955,,,,,,,,,,,
2013-06-26 00:00:00+00:00,0.964,,,,,,,,,,,
2013-06-27 00:00:00+00:00,0.968,,,,,,,,,,,
2013-06-28 00:00:00+00:00,0.969,,,,,,,,,,,
2013-06-30 00:00:00+00:00,0.969,,,,,,,,,,,
2013-07-01 00:00:00+00:00,0.975,,,,,,,,,,,
2013-07-02 00:00:00+00:00,0.975,,,,,,,,,,,
2013-07-03 00:00:00+00:00,0.98,,,,,,,,,,,
2013-07-05 00:00:00+00:00,0.987,,,,,,,,,,,
2013-07-08 00:00:00+00:00,0.988,,,,,,,,,,,
2013-07-09 00:00:00+00:00,0.993,,,,,,,,,,,
2013-07-10 00:00:00+00:00,0.997,,,,,,,,,,,
2013-07-11 00:00:00+00:00,1.016,,,,,,,,,,,
2013-07-12 00:00:00+00:00,1.022,,,,,,,,,,,
2013-07-15 00:00:00+00:00,1.024,,,,,,,,,,,
2013-07-16 00:00:00+00:00,1.024,,,,,,,,,,,
2013-07-17 00:00:00+00:00,1.026,,,,,,,,,,,
2013-07-18 00:00:00+00:00,1.024,,,,,,,,,,,
2013-07-19 00:00:00+00:00,1.013,,,,,,,,,,,
2013-07-22 00:00:00+00:00,1.016,,,,,,,,,,,
2013-07-23 00:00:00+00:00,1.008,,,,,,,,,,,
2013-07-24 00:00:00+00:00,1.011,,,,,,,,,,,
2013-07-25 00:00:00+00:00,1.019,,,,,,,,,,,
2013-07-26 00:00:00+00:00,1.023,,,,,,,,,,,
2013-07-29 00:00:00+00:00,1.021,,,,,,,,,,,
2013-07-30 00:00:00+00:00,1.027,,,,,,,,,,,
2013-07-31 00:00:00+00:00,1.029,,,,,,,,,,,
2013-08-01 00:00:00+00:00,1.04,,,,,,,,,,,
2013-08-02 00:00:00+00:00,1.046,,,,,,,,,,,
2013-08-05 00:00:00+00:00,1.046,,,,,,,,,,,
2013-08-06 00:00:00+00:00,1.039,,,,,,,,,,,
2013-08-07 00:00:00+00:00,1.037,,,,,,,,,,,
2013-08-08 00:00:00+00:00,1.042,,,,,,,,,,,
2013-08-09 00:00:00+00:00,1.037,,,,,,,,,,,
2013-08-12 00:00:00+00:00,1.039,,,,,,,,,,,
2013-08-13 00:00:00+00:00,1.045,,,,,,,,,,,
2013-08-14 00:00:00+00:00,1.041,,,,,,,,,,,
2013-08-15 00:00:00+00:00,1.023,,,,,,,,,,,
2013-08-16 00:00:00+00:00,1.021,,,,,,,,,,,
2013-08-19 00:00:00+00:00,1.02,,,,,,,,,,,
2013-08-20 00:00:00+00:00,1.025,,,,,,,,,,,
2013-08-21 00:00:00+00:00,1.021,,,,,,,,,,,
2013-08-22 00:00:00+00:00,1.031,,,,,,,,,,,
2013-08-23 00:00:00+00:00,1.039,,,,,,,,,,,
2013-08-26 00:00:00+00:00,1.037,,,,,,,,,,,
2013-08-27 00:00:00+00:00,1.017,,,,,,,,,,,
2013-08-28 00:00:00+00:00,1.02,,,,,,,,,,,
2013-08-29 00:00:00+00:00,1.027,,,,,,,,,,,
2013-08-30 00:00:00+00:00,1.021,,,,,,,,,,,
2013-09-03 00:00:00+00:00,1.027,,,,,,,,,,,
2013-09-04 00:00:00+00:00,1.038,,,,,,,,,,,
2013-09-05 00:00:00+00:00,1.039,,,,,,,,,,,
2013-09-06 00:00:00+00:00,1.041,,,,,,,,,,,
2013-09-09 00:00:00+00:00,1.052,,,,,,,,,,,
2013-09-10 00:00:00+00:00,1.057,,,,,,,,,,,
2013-09-11 00:00:00+00:00,1.055,,,,,,,,,,,
2013-09-12 00:00:00+00:00,1.053,,,,,,,,,,,
2013-09-13 00:00:00+00:00,1.054,,,,,,,,,,,
2013-09-16 00:00:00+00:00,1.051,,,,,,,,,,,
2013-09-17 00:00:00+00:00,1.059,,,,,,,,,,,
2013-09-18 00:00:00+00:00,1.072,,,,,,,,,,,
2013-09-23 00:00:00+00:00,1.067,,,,,,,,,,,
2013-09-24 00:00:00+00:00,1.067,,,,,,,,,,,
2013-09-25 00:00:00+00:00,1.063,,,,,,,,,,,
2013-09-26 00:00:00+00:00,1.071,,,,,,,,,,,
2013-09-27 00:00:00+00:00,1.07,,,,,,,,,,,
2013-09-30 00:00:00+00:00,1.066,,,,,,,,,,,
2013-10-08 00:00:00+00:00,1.045,,,,,,,,,,,
2013-10-09 00:00:00+00:00,1.042,,,,,,,,,,,
2013-10-10 00:00:00+00:00,1.064,,,,,,,,,,,
2013-10-11 00:00:00+00:00,1.072,,,,,,,,,,,
2013-10-14 00:00:00+00:00,1.079,,,,,,,,,,,
2013-10-15 00:00:00+00:00,1.075,,,,,,,,,,,
2013-10-16 00:00:00+00:00,1.087,,,,,,,,,,,
2013-10-17 00:00:00+00:00,1.093,,,,,,,,,,,
2013-10-18 00:00:00+00:00,1.109,,,,,,,,,,,
2013-10-21 00:00:00+00:00,1.111,,,,,,,,,,,
2013-10-22 00:00:00+00:00,1.113,,,,,,,,,,,
2013-10-23 00:00:00+00:00,1.106,,,,,,,,,,,
2013-10-24 00:00:00+00:00,1.111,,,,,,,,,,,
2013-10-25 00:00:00+00:00,1.118,,,,,,,,,,,
2013-10-28 00:00:00+00:00,1.118,,,,,,,,,,,
2013-10-29 00:00:00+00:00,1.121,,,,,,,,,,,
2013-10-30 00:00:00+00:00,1.12,,,,,,,,,,,
2013-10-31 00:00:00+00:00,1.118,,,,,,,,,,,
2013-11-01 00:00:00+00:00,1.119,,,,,,,,,,,
2013-11-04 00:00:00+00:00,1.121,,,,,,,,,,,
2013-11-05 00:00:00+00:00,1.122,,,,,,,,,,,
2013-11-06 00:00:00+00:00,1.122,,,,,,,,,,,
2013-11-07 00:00:00+00:00,1.101,,,,,,,,,,,
2013-11-08 00:00:00+00:00,1.114,,,,,,,,,,,
2013-11-11 00:00:00+00:00,1.112,,,,,,,,,,,
2013-11-12 00:00:00+00:00,1.113,,,,,,,,,,,
2013-11-13 00:00:00+00:00,1.126,,,,,,,,,,,
2013-11-14 00:00:00+00:00,1.129,,,,,,,,,,,
2013-11-15 00:00:00+00:00,1.131,,,,,,,,,,,
2013-11-18 00:00:00+00:00,1.12,,,,,,,,,,,
2013-11-19 00:00:00+00:00,1.117,,,,,,,,,,,
2013-11-20 00:00:00+00:00,1.113,,,,,,,,,,,
2013-11-21 00:00:00+00:00,1.128,,,,,,,,,,,
2013-11-22 00:00:00+00:00,1.134,,,,,,,,,,,
2013-11-25 00:00:00+00:00,1.135,,,,,,,,,,,
2013-11-26 00:00:00+00:00,1.142,,,,,,,,,,,
2013-11-27 00:00:00+00:00,1.146,,,,,,,,,,,
2013-11-29 00:00:00+00:00,1.152,,,,,,,,,,,
2013-12-02 00:00:00+00:00,1.149,,,,,,,,,,,
2013-12-03 00:00:00+00:00,1.149,,,,,,,,,,,
2013-12-04 00:00:00+00:00,1.15,,,,,,,,,,,
2013-12-05 00:00:00+00:00,1.148,,,,,,,,,,,
2013-12-06 00:00:00+00:00,1.155,,,,,,,,,,,
2013-12-09 00:00:00+00:00,1.157,,,,,,,,,,,
2013-12-10 00:00:00+00:00,1.156,,,,,,,,,,,
2013-12-11 00:00:00+00:00,1.141,,,,,,,,,,,
2013-12-12 00:00:00+00:00,1.138,,,,,,,,,,,
2013-12-13 00:00:00+00:00,1.137,,,,,,,,,,,
2013-12-16 00:00:00+00:00,1.143,,,,,,,,,,,
2013-12-17 00:00:00+00:00,1.141,,,,,,,,,,,
2013-12-18 00:00:00+00:00,1.154,,,,,,,,,,,
2013-12-19 00:00:00+00:00,1.152,,,,,,,,,,,
2013-12-20 00:00:00+00:00,1.164,,,,,,,,,,,
2013-12-23 00:00:00+00:00,1.175,,,,,,,,,,,
2013-12-24 00:00:00+00:00,1.176,,,,,,,,,,,
2013-12-26 00:00:00+00:00,1.18,,,,,,,,,,,
2013-12-27 00:00:00+00:00,1.174,,,,,,,,,,,
2013-12-30 00:00:00+00:00,1.172,,,,,,,,,,,
2013-12-31 00:00:00+00:00,1.178,,,,,,,,,,,
2014-01-02 00:00:00+00:00,1.17,,,,,,,,,,,
2014-01-03 00:00:00+00:00,1.163,,,,,,,,,,,
2014-01-06 00:00:00+00:00,1.16,,,,,,,,,,,
2014-01-07 00:00:00+00:00,1.17,,,,,,,,,,,
2014-01-08 00:00:00+00:00,1.173,,,,,,,,,,,
2014-01-09 00:00:00+00:00,1.169,,,,,,,,,,,
2014-01-10 00:00:00+00:00,1.171,,,,,,,,,,,
2014-01-13 00:00:00+00:00,1.153,,,,,,,,,,,
2014-01-14 00:00:00+00:00,1.174,,,,,,,,,,,
2014-01-15 00:00:00+00:00,1.184,,,,,,,,,,,
2014-01-16 00:00:00+00:00,1.186,,,,,,,,,,,
2014-01-17 00:00:00+00:00,1.179,,,,,,,,,,,
2014-01-21 00:00:00+00:00,1.188,,,,,,,,,,,
2014-01-22 00:00:00+00:00,1.191,,,,,,,,,,,
2014-01-23 00:00:00+00:00,1.187,,,,,,,,,,,
2014-01-24 00:00:00+00:00,1.163,,,,,,,,,,,
2014-01-27 00:00:00+00:00,1.153,,,,,,,,,,,
2014-01-28 00:00:00+00:00,1.151,,,,,,,,,,,
2014-01-29 00:00:00+00:00,1.139,,,,,,,,,,,
2014-01-30 00:00:00+00:00,1.16,,,,,,,,,,,
2014-02-07 00:00:00+00:00,1.169,,,,,,,,,,,
2014-02-10 00:00:00+00:00,1.176,,,,,,,,,,,
2014-02-11 00:00:00+00:00,1.188,,,,,,,,,,,
2014-02-12 00:00:00+00:00,1.19,,,,,,,,,,,
2014-02-13 00:00:00+00:00,1.2,,,,,,,,,,,
2014-02-14 00:00:00+00:00,1.201,,,,,,,,,,,
2014-02-18 00:00:00+00:00,1.206,,,,,,,,,,,
2014-02-19 00:00:00+00:00,1.199,,,,,,,,,,,
2014-02-20 00:00:00+00:00,1.205,,,,,,,,,,,
2014-02-21 00:00:00+00:00,1.203,,,,,,,,,,,
2014-02-24 00:00:00+00:00,1.21,,,,,,,,,,,
2014-02-25 00:00:00+00:00,1.208,,,,,,,,,,,
2014-02-26 00:00:00+00:00,1.207,,,,,,,,,,,
2014-02-27 00:00:00+00:00,1.215,,,,,,,,,,,
2014-02-28 00:00:00+00:00,1.214,,,,,,,,,,,
2014-03-03 00:00:00+00:00,1.205,,,,,,,,,,,
2014-03-04 00:00:00+00:00,1.221,,,,,,,,,,,
2014-03-05 00:00:00+00:00,1.224,,,,,,,,,,,
2014-03-06 00:00:00+00:00,1.222,,,,,,,,,,,
2014-03-07 00:00:00+00:00,1.216,,,,,,,,,,,
2014-03-10 00:00:00+00:00,1.219,,,,,,,,,,,
2014-03-11 00:00:00+00:00,1.215,,,,,,,,,,,
2014-03-12 00:00:00+00:00,1.22,,,,,,,,,,,
2014-03-13 00:00:00+00:00,1.202,,,,,,,,,,,
2014-03-14 00:00:00+00:00,1.195,,,,,,,,,,,
2014-03-17 00:00:00+00:00,1.205,,,,,,,,,,,
2014-03-18 00:00:00+00:00,1.219,,,,,,,,,,,
2014-03-19 00:00:00+00:00,1.212,,,,,,,,,,,
2014-03-20 00:00:00+00:00,1.217,,,,,,,,,,,
2014-03-21 00:00:00+00:00,1.204,,,,,,,,,,,
2014-03-24 00:00:00+00:00,1.193,,,,,,,,,,,
2014-03-25 00:00:00+00:00,1.196,,,,,,,,,,,
2014-03-26 00:00:00+00:00,1.182,,,,,,,,,,,
2014-03-27 00:00:00+00:00,1.176,,,,,,,,,,,
2014-03-28 00:00:00+00:00,1.178,,,,,,,,,,,
2014-03-31 00:00:00+00:00,1.186,,,,,,,,,,,
2014-04-01 00:00:00+00:00,1.207,,,,,,,,,,,
2014-04-02 00:00:00+00:00,1.209,,,,,,,,,,,
2014-04-03 00:00:00+00:00,1.2,,,,,,,,,,,
2014-04-04 00:00:00+00:00,1.169,,,,,,,,,,,
2014-04-08 00:00:00+00:00,1.168,,,,,,,,,,,
2014-04-09 00:00:00+00:00,1.187,,,,,,,,,,,
2014-04-10 00:00:00+00:00,1.151,,,,,,,,,,,
2014-04-11 00:00:00+00:00,1.138,,,,,,,,,,,
2014-04-14 00:00:00+00:00,1.147,,,,,,,,,,,
2014-04-15 00:00:00+00:00,1.152,,,,,,,,,,,
2014-04-16 00:00:00+00:00,1.167,,,,,,,,,,,
2014-04-17 00:00:00+00:00,1.167,,,,,,,,,,,
2014-04-21 00:00:00+00:00,1.176,,,,,,,,,,,
2014-04-22 00:00:00+00:00,1.185,,,,,,,,,,,
2014-04-23 00:00:00+00:00,1.175,,,,,,,,,,,
2014-04-24 00:00:00+00:00,1.185,,,,,,,,,,,
2014-04-25 00:00:00+00:00,1.166,,,,,,,,,,,
2014-04-28 00:00:00+00:00,1.17,,,,,,,,,,,
2014-04-29 00:00:00+00:00,1.179,,,,,,,,,,,
2014-04-30 00:00:00+00:00,1.182,,,,,,,,,,,
2014-05-05 00:00:00+00:00,1.189,,,,,,,,,,,
2014-05-06 00:00:00+00:00,1.173,,,,,,,,,,,
2014-05-07 00:00:00+00:00,1.17,,,,,,,,,,,
2014-05-08 00:00:00+00:00,1.169,,,,,,,,,,,
2014-05-09 00:00:00+00:00,1.174,,,,,,,,,,,
2014-05-12 00:00:00+00:00,1.194,,,,,,,,,,,
2014-05-13 00:00:00+00:00,1.194,,,,,,,,,,,
2014-05-14 00:00:00+00:00,1.189,,,,,,,,,,,
2014-05-15 00:00:00+00:00,1.179,,,,,,,,,,,
2014-05-16 00:00:00+00:00,1.186,,,,,,,,,,,
2014-05-19 00:00:00+00:00,1.196,,,,,,,,,,,
2014-05-20 00:00:00+00:00,1.191,,,,,,,,,,,
2014-05-21 00:00:00+00:00,1.202,,,,,,,,,,,
2014-05-22 00:00:00+00:00,1.208,,,,,,,,,,,
2014-05-23 00:00:00+00:00,1.217,,,,,,,,,,,
2014-05-27 00:00:00+00:00,1.232,,,,,,,,,,,
2014-05-28 00:00:00+00:00,1.229,,,,,,,,,,,
2014-05-29 00:00:00+00:00,1.236,,,,,,,,,,,
2014-05-30 00:00:00+00:00,1.237,,,,,,,,,,,
2014-06-03 00:00:00+00:00,1.235,,,,,,,,,,,
2014-06-04 00:00:00+00:00,1.238,,,,,,,,,,,
2014-06-05 00:00:00+00:00,1.25,,,,,,,,,,,
2014-06-06 00:00:00+00:00,1.254,,,,,,,,,,,
2014-06-09 00:00:00+00:00,1.252,,,,,,,,,,,
2014-06-10 00:00:00+00:00,1.253,,,,,,,,,,,
2014-06-11 00:00:00+00:00,1.253,,,,,,,,,,,
2014-06-12 00:00:00+00:00,1.243,,,,,,,,,,,
2014-06-13 00:00:00+00:00,1.246,,,,,,,,,,,
2014-06-16 00:00:00+00:00,1.248,,,,,,,,,,,
2014-06-17 00:00:00+00:00,1.248,,,,,,,,,,,
2014-06-18 00:00:00+00:00,1.256,,,,,,,,,,,
2014-06-19 00:00:00+00:00,1.254,,,,,,,,,,,
2014-06-20 00:00:00+00:00,1.255,,,,,,,,,,,
2014-06-23 00:00:00+00:00,1.256,,,,,,,,,,,
2014-06-24 00:00:00+00:00,1.254,,,,,,,,,,,
2014-06-25 00:00:00+00:00,1.263,,,,,,,,,,,
2014-06-26 00:00:00+00:00,1.262,,,,,,,,,,,
2014-06-27 00:00:00+00:00,1.268,,,,,,,,,,,
2014-06-30 00:00:00+00:00,1.269,,,,,,,,,,,
2014-07-01 00:00:00+00:00,1.284,,,,,,,,,,,
2014-07-02 00:00:00+00:00,1.286,,,,,,,,,,,
2014-07-03 00:00:00+00:00,1.295,,,,,,,,,,,
2014-07-07 00:00:00+00:00,1.292,,,,,,,,,,,
2014-07-08 00:00:00+00:00,1.276,,,,,,,,,,,
2014-07-09 00:00:00+00:00,1.285,,,,,,,,,,,
2014-07-10 00:00:00+00:00,1.278,,,,,,,,,,,
2014-07-11 00:00:00+00:00,1.286,,,,,,,,,,,
2014-07-14 00:00:00+00:00,1.294,,,,,,,,,,,
2014-07-15 00:00:00+00:00,1.289,,,,,,,,,,,
2014-07-16 00:00:00+00:00,1.295,,,,,,,,,,,
2014-07-17 00:00:00+00:00,1.279,,,,,,,,,,,
2014-07-18 00:00:00+00:00,1.298,,,,,,,,,,,
2014-07-21 00:00:00+00:00,1.296,,,,,,,,,,,
2014-07-22 00:00:00+00:00,1.305,,,,,,,,,,,
2014-07-23 00:00:00+00:00,1.313,,,,,,,,,,,
2014-07-24 00:00:00+00:00,1.312,,,,,,,,,,,
2014-07-25 00:00:00+00:00,1.307,,,,,,,,,,,
2014-07-28 00:00:00+00:00,1.308,,,,,,,,,,,
2014-07-29 00:00:00+00:00,1.305,,,,,,,,,,,
2014-07-30 00:00:00+00:00,1.311,,,,,,,,,,,
2014-07-31 00:00:00+00:00,1.286,,,,,,,,,,,
2014-08-01 00:00:00+00:00,1.282,,,,,,,,,,,
2014-08-04 00:00:00+00:00,1.29,,,,,,,,,,,
2014-08-05 00:00:00+00:00,1.279,,,,,,,,,,,
2014-08-06 00:00:00+00:00,1.28,,,,,,,,,,,
2014-08-07 00:00:00+00:00,1.275,,,,,,,,,,,
2014-08-08 00:00:00+00:00,1.283,,,,,,,,,,,
2014-08-11 00:00:00+00:00,1.289,,,,,,,,,,,
2014-08-12 00:00:00+00:00,1.287,,,,,,,,,,,
2014-08-13 00:00:00+00:00,1.302,,,,,,,,,,,
2014-08-14 00:00:00+00:00,1.309,,,,,,,,,,,
2014-08-15 00:00:00+00:00,1.315,,,,,,,,,,,
2014-08-18 00:00:00+00:00,1.325,,,,,,,,,,,
2014-08-19 00:00:00+00:00,1.332,,,,,,,,,,,
2014-08-20 00:00:00+00:00,1.333,,,,,,,,,,,
2014-08-21 00:00:00+00:00,1.336,,,,,,,,,,,
2014-08-22 00:00:00+00:00,1.338,,,,,,,,,,,
2014-08-25 00:00:00+00:00,1.344,,,,,,,,,,,
2014-08-26 00:00:00+00:00,1.345,,,,,,,,,,,
2014-08-27 00:00:00+00:00,1.346,,,,,,,,,,,
2014-08-28 00:00:00+00:00,1.343,,,,,,,,,,,
2014-08-29 00:00:00+00:00,1.349,,,,,,,,,,,
2014-09-02 00:00:00+00:00,1.354,,,,,,,,,,,
2014-09-03 00:00:00+00:00,1.346,,,,,,,,,,,
2014-09-04 00:00:00+00:00,1.343,,,,,,,,,,,
2014-09-05 00:00:00+00:00,1.352,,,,,,,,,,,
2014-09-09 00:00:00+00:00,1.339,,,,,,,,,,,
2014-09-10 00:00:00+00:00,1.348,,,,,,,,,,,
2014-09-11 00:00:00+00:00,1.348,,,,,,,,,,,
2014-09-12 00:00:00+00:00,1.34,,,,,,,,,,,
2014-09-15 00:00:00+00:00,1.327,,,,,,,,,,,
2014-09-16 00:00:00+00:00,1.339,,,,,,,,,,,
2014-09-17 00:00:00+00:00,1.341,,,,,,,,,,,
2014-09-18 00:00:00+00:00,1.351,,,,,,,,,,,
2014-09-19 00:00:00+00:00,1.349,,,,,,,,,,,
2014-09-22 00:00:00+00:00,1.337,,,,,,,,,,,
2014-09-23 00:00:00+00:00,1.334,,,,,,,,,,,
2014-09-24 00:00:00+00:00,1.348,,,,,,,,,,,
2014-09-25 00:00:00+00:00,1.32,,,,,,,,,,,
2014-09-26 00:00:00+00:00,1.335,,,,,,,,,,,
2014-09-29 00:00:00+00:00,1.334,,,,,,,,,,,
2014-09-30 00:00:00+00:00,1.335,,,,,,,,,,,
2014-10-08 00:00:00+00:00,1.331,,,,,,,,,,,
2014-10-09 00:00:00+00:00,1.307,,,,,,,,,,,
2014-10-10 00:00:00+00:00,1.275,,,,,,,,,,,
2014-10-13 00:00:00+00:00,1.255,,,,,,,,,,,
2014-10-14 00:00:00+00:00,1.255,,,,,,,,,,,
2014-10-15 00:00:00+00:00,1.248,,,,,,,,,,,
2014-10-16 00:00:00+00:00,1.239,,,,,,,,,,,
2014-10-17 00:00:00+00:00,1.256,,,,,,,,,,,
2014-10-20 00:00:00+00:00,1.273,,,,,,,,,,,
2014-10-21 00:00:00+00:00,1.304,,,,,,,,,,,
2014-10-22 00:00:00+00:00,1.297,,,,,,,,,,,
2014-10-23 00:00:00+00:00,1.317,,,,,,,,,,,
2014-10-24 00:00:00+00:00,1.326,,,,,,,,,,,
2014-10-27 00:00:00+00:00,1.326,,,,,,,,,,,
2014-10-28 00:00:00+00:00,1.344,,,,,,,,,,,
2014-10-29 00:00:00+00:00,1.339,,,,,,,,,,,
2014-10-30 00:00:00+00:00,1.343,,,,,,,,,,,
2014-10-31 00:00:00+00:00,1.361,,,,,,,,,,,
2014-11-03 00:00:00+00:00,1.366,,,,,,,,,,,
2014-11-04 00:00:00+00:00,1.363,,,,,,,,,,,
2014-11-05 00:00:00+00:00,1.361,,,,,,,,,,,
2014-11-06 00:00:00+00:00,1.367,,,,,,,,,,,
2014-11-07 00:00:00+00:00,1.366,,,,,,,,,,,
2014-11-10 00:00:00+00:00,1.366,,,,,,,,,,,
2014-11-11 00:00:00+00:00,1.37,,,,,,,,,,,
2014-11-12 00:00:00+00:00,1.373,,,,,,,,,,,
2014-11-13 00:00:00+00:00,1.379,,,,,,,,,,,
2014-11-14 00:00:00+00:00,1.383,,,,,,,,,,,
2014-11-17 00:00:00+00:00,1.379,,,,,,,,,,,
2014-11-18 00:00:00+00:00,1.389,,,,,,,,,,,
2014-11-19 00:00:00+00:00,1.382,,,,,,,,,,,
2014-11-20 00:00:00+00:00,1.389,,,,,,,,,,,
2014-11-21 00:00:00+00:00,1.391,,,,,,,,,,,
2014-11-24 00:00:00+00:00,1.402,,,,,,,,,,,
2014-11-25 00:00:00+00:00,1.402,,,,,,,,,,,
2014-11-26 00:00:00+00:00,1.411,,,,,,,,,,,
2014-11-28 00:00:00+00:00,1.417,,,,,,,,,,,
2014-12-01 00:00:00+00:00,1.401,,,,,,,,,,,
2014-12-02 00:00:00+00:00,1.406,,,,,,,,,,,
2014-12-03 00:00:00+00:00,1.41,,,,,,,,,,,
2014-12-04 00:00:00+00:00,1.41,,,,,,,,,,,
2014-12-05 00:00:00+00:00,1.409,,,,,,,,,,,
2014-12-08 00:00:00+00:00,1.395,,,,,,,,,,,
2014-12-09 00:00:00+00:00,1.4,,,,,,,,,,,
2014-12-10 00:00:00+00:00,1.376,,,,,,,,,,,
2014-12-11 00:00:00+00:00,1.381,,,,,,,,,,,
2014-12-12 00:00:00+00:00,1.367,,,,,,,,,,,
2014-12-15 00:00:00+00:00,1.352,,,,,,,,,,,
2014-12-16 00:00:00+00:00,1.331,,,,,,,,,,,
2014-12-17 00:00:00+00:00,1.354,,,,,,,,,,,
2014-12-18 00:00:00+00:00,1.39,,,,,,,,,,,
2014-12-19 00:00:00+00:00,1.394,,,,,,,,,,,
2014-12-22 00:00:00+00:00,1.398,,,,,,,,,,,
2014-12-23 00:00:00+00:00,1.394,,,,,,,,,,,
2014-12-24 00:00:00+00:00,1.396,,,,,,,,,,,
2014-12-26 00:00:00+00:00,1.405,,,,,,,,,,,
2014-12-29 00:00:00+00:00,1.405,,,,,,,,,,,
2014-12-30 00:00:00+00:00,1.395,,,,,,,,,,,
2014-12-31 00:00:00+00:00,1.38,,,,,,,,,,,
2015-01-05 00:00:00+00:00,1.357,,,,,,,,,,,
2015-01-06 00:00:00+00:00,1.341,,,,,,,,,,,
2015-01-07 00:00:00+00:00,1.358,,,,,,,,,,,
2015-01-08 00:00:00+00:00,1.384,,,,,,,,,,,
2015-01-09 00:00:00+00:00,1.375,,,,,,,,,,,
2015-01-12 00:00:00+00:00,1.359,,,,,,,,,,,
2015-01-13 00:00:00+00:00,1.356,,,,,,,,,,,
2015-01-14 00:00:00+00:00,1.35,,,,,,,,,,,
2015-01-15 00:00:00+00:00,1.332,,,,,,,,,,,
2015-01-16 00:00:00+00:00,1.349,,,,,,,,,,,
2015-01-20 00:00:00+00:00,1.359,,,,,,,,,,,
2015-01-21 00:00:00+00:00,1.367,,,,,,,,,,,
2015-01-22 00:00:00+00:00,1.392,,,,,,,,,,,
2015-01-23 00:00:00+00:00,1.396,,,,,,,,,,,
2015-01-26 00:00:00+00:00,1.396,,,,,,,,,,,
2015-01-27 00:00:00+00:00,1.36,,,,,,,,,,,
2015-01-28 00:00:00+00:00,1.349,,,,,,,,,,,
2015-01-29 00:00:00+00:00,1.362,,,,,,,,,,,
2015-01-30 00:00:00+00:00,1.353,,,,,,,,,,,
2015-02-02 00:00:00+00:00,1.366,,,,,,,,,,,
2015-02-03 00:00:00+00:00,1.379,,,,,,,,,,,
2015-02-04 00:00:00+00:00,1.377,,,,,,,,,,,
2015-02-05 00:00:00+00:00,1.39,,,,,,,,,,,
2015-02-06 00:00:00+00:00,1.379,,,,,,,,,,,
2015-02-09 00:00:00+00:00,1.376,,,,,,,,,,,
2015-02-10 00:00:00+00:00,1.396,,,,,,,,,,,
2015-02-11 00:00:00+00:00,1.402,,,,,,,,,,,
2015-02-12 00:00:00+00:00,1.419,,,,,,,,,,,
2015-02-13 00:00:00+00:00,1.429,,,,,,,,,,,
2015-02-17 00:00:00+00:00,1.431,,,,,,,,,,,
2015-02-25 00:00:00+00:00,1.45,,,,,,,,,,,
2015-02-26 00:00:00+00:00,1.456,,,,,,,,,,,
2015-02-27 00:00:00+00:00,1.452,,,,,,,,,,,
2015-03-02 00:00:00+00:00,1.467,,,,,,,,,,,
2015-03-03 00:00:00+00:00,1.459,,,,,,,,,,,
2015-03-04 00:00:00+00:00,1.454,,,,,,,,,,,
2015-03-05 00:00:00+00:00,1.457,,,,,,,,,,,
2015-03-06 00:00:00+00:00,1.439,,,,,,,,,,,
2015-03-09 00:00:00+00:00,1.444,,,,,,,,,,,
2015-03-10 00:00:00+00:00,1.417,,,,,,,,,,,
2015-03-11 00:00:00+00:00,1.412,,,,,,,,,,,
2015-03-12 00:00:00+00:00,1.422,,,,,,,,,,,
2015-03-13 00:00:00+00:00,1.414,,,,,,,,,,,
2015-03-16 00:00:00+00:00,1.432,,,,,,,,,,,
2015-03-17 00:00:00+00:00,1.433,,,,,,,,,,,
2015-03-18 00:00:00+00:00,1.448,,,,,,,,,,,
2015-03-19 00:00:00+00:00,1.447,,,,,,,,,,,
2015-03-20 00:00:00+00:00,1.459,,,,,,,,,,,
2015-03-23 00:00:00+00:00,1.453,,,,,,,,,,,
2015-03-24 00:00:00+00:00,1.447,,,,,,,,,,,
2015-03-25 00:00:00+00:00,1.413,,,,,,,,,,,
2015-03-26 00:00:00+00:00,1.407,,,,,,,,,,,
2015-03-27 00:00:00+00:00,1.414,,,,,,,,,,,
2015-03-30 00:00:00+00:00,1.431,,,,,,,,,,,
2015-03-31 00:00:00+00:00,1.416,,,,,,,,,,,
2015-04-01 00:00:00+00:00,1.409,,,,,,,,,,,
2015-04-02 00:00:00+00:00,1.41,,,,,,,,,,,
2015-04-07 00:00:00+00:00,1.416,,,,,,,,,,,
2015-04-08 00:00:00+00:00,1.427,,,,,,,,,,,
2015-04-09 00:00:00+00:00,1.436,,,,,,,,,,,
2015-04-10 00:00:00+00:00,1.442,,,,,,,,,,,
2015-04-13 00:00:00+00:00,1.439,,,,,,,,,,,
2015-04-14 00:00:00+00:00,1.435,,,,,,,,,,,
2015-04-15 00:00:00+00:00,1.443,,,,,,,,,,,
2015-04-16 00:00:00+00:00,1.438,,,,,,,,,,,
2015-04-17 00:00:00+00:00,1.414,,,,,,,,,,,
2015-04-20 00:00:00+00:00,1.436,,,,,,,,,,,
2015-04-21 00:00:00+00:00,1.442,,,,,,,,,,,
2015-04-22 00:00:00+00:00,1.45,,,,,,,,,,,
2015-04-23 00:00:00+00:00,1.457,,,,,,,,,,,
2015-04-24 00:00:00+00:00,1.476,,,,,,,,,,,
2015-04-27 00:00:00+00:00,1.471,,,,,,,,,,,
2015-04-28 00:00:00+00:00,1.467,,,,,,,,,,,
2015-04-29 00:00:00+00:00,1.457,,,,,,,,,,,
2015-04-30 00:00:00+00:00,1.431,,,,,,,,,,,
2015-05-04 00:00:00+00:00,1.455,,,,,,,,,,,
2015-05-05 00:00:00+00:00,1.432,,,,,,,,,,,
2015-05-06 00:00:00+00:00,1.422,,,,,,,,,,,
2015-05-07 00:00:00+00:00,1.429,,,,,,,,,,,
2015-05-08 00:00:00+00:00,1.448,,,,,,,,,,,
2015-05-11 00:00:00+00:00,1.441,,,,,,,,,,,
2015-05-12 00:00:00+00:00,1.436,,,,,,,,,,,
2015-05-13 00:00:00+00:00,1.437,,,,,,,,,,,
2015-05-14 00:00:00+00:00,1.458,,,,,,,,,,,
2015-05-15 00:00:00+00:00,1.458,,,,,,,,,,,
2015-05-18 00:00:00+00:00,1.465,,,,,,,,,,,
2015-05-19 00:00:00+00:00,1.462,,,,,,,,,,,
2015-05-20 00:00:00+00:00,1.463,,,,,,,,,,,
2015-05-21 00:00:00+00:00,1.471,,,,,,,,,,,
2015-05-22 00:00:00+00:00,1.47,,,,,,,,,,,
2015-05-26 00:00:00+00:00,1.453,,,,,,,,,,,
2015-05-27 00:00:00+00:00,1.477,,,,,,,,,,,
2015-05-28 00:00:00+00:00,1.472,,,,,,,,,,,
2015-05-29 00:00:00+00:00,1.463,,,,,,,,,,,
2015-06-01 00:00:00+00:00,1.466,,,,,,,,,,,
2015-06-02 00:00:00+00:00,1.461,,,,,,,,,,,
2015-06-03 00:00:00+00:00,1.464,,,,,,,,,,,
2015-06-04 00:00:00+00:00,1.455,,,,,,,,,,,
2015-06-05 00:00:00+00:00,1.453,,,,,,,,,,,
2015-06-08 00:00:00+00:00,1.441,,,,,,,,,,,
2015-06-09 00:00:00+00:00,1.44,,,,,,,,,,,
2015-06-10 00:00:00+00:00,1.458,1.0,,,,,,,,,,
2015-06-11 00:00:00+00:00,1.458,,,,,,,,,,,
2015-06-12 00:00:00+00:00,1.448,1.0,,,,,,,,,,
2015-06-15 00:00:00+00:00,1.442,,,,,,,,,,,
2015-06-16 00:00:00+00:00,1.448,,,,,,,,,,,
2015-06-17 00:00:00+00:00,1.453,,,,,,,,,,,
2015-06-18 00:00:00+00:00,1.471,,,,,,,,,,,
2015-06-19 00:00:00+00:00,1.465,0.9995,,,,,,,,,,
2015-06-23 00:00:00+00:00,1.476,,,,,,,,,,,
2015-06-24 00:00:00+00:00,1.468,,,,,,,,,,,
2015-06-25 00:00:00+00:00,1.465,,,,,,,,,,,
2015-06-26 00:00:00+00:00,1.456,0.9953,,,,,,,,,,
2015-06-29 00:00:00+00:00,1.424,,,,,,,,,,,
2015-06-30 00:00:00+00:00,1.428,0.9914,,,,,,,,,,
2015-07-01 00:00:00+00:00,1.439,,,,,,,,,,,
2015-07-02 00:00:00+00:00,1.441,,,,,,,,,,,
2015-07-06 00:00:00+00:00,1.436,,,,,,,,,,,
2015-07-07 00:00:00+00:00,1.439,,,,,,,,,,,
2015-07-08 00:00:00+00:00,1.414,,,,,,,,,,,
2015-07-09 00:00:00+00:00,1.414,0.9891,,,,,,,,,,
2015-07-10 00:00:00+00:00,1.435,0.992,,,,,,,,,,
2015-07-13 00:00:00+00:00,1.458,0.9979,,,,,,,,,,
2015-07-14 00:00:00+00:00,1.468,1.0011,,,,,,,,,,
2015-07-15 00:00:00+00:00,1.47,1.0017,,,,,,,,,,
2015-07-16 00:00:00+00:00,1.49,1.0113,,,,,,,,,,
2015-07-17 00:00:00+00:00,1.511,1.0202,,,,,,,,,,
2015-07-20 00:00:00+00:00,1.517,1.0244,,,,,,,,,,
2015-07-21 00:00:00+00:00,1.514,1.0221,,,,,,,,,,
2015-07-22 00:00:00+00:00,1.497,1.0121,,,,,,,,,,
2015-07-23 00:00:00+00:00,1.493,1.0119,,,,,,,,,,
2015-07-24 00:00:00+00:00,1.478,0.9962,,,,,,,,,,
2015-07-27 00:00:00+00:00,1.466,0.986,,,,,,,,,,
2015-07-28 00:00:00+00:00,1.479,0.9917,,,,,,,,,,
2015-07-29 00:00:00+00:00,1.485,0.9935,,,,,,,,,,
2015-07-30 00:00:00+00:00,1.492,1.0,,,,,,,,,,
2015-07-31 00:00:00+00:00,1.489,0.9972,,,,,,,,,,
2015-08-03 00:00:00+00:00,1.486,0.9943,,,,,,,,,,
2015-08-04 00:00:00+00:00,1.483,0.9881,,,,,,,,,,
2015-08-05 00:00:00+00:00,1.494,0.9976,,,,,,,,,,
2015-08-06 00:00:00+00:00,1.473,0.9822,,,,,,,,,,
2015-08-07 00:00:00+00:00,1.47,0.9806,,,,,,,,,,
2015-08-10 00:00:00+00:00,1.487,0.9912,,,,,,,,,,
2015-08-11 00:00:00+00:00,1.495,0.9849,,,,,,,,,,
2015-08-12 00:00:00+00:00,1.521,0.9951,,,,,,,,,,
2015-08-13 00:00:00+00:00,1.534,0.9945,,,,,,,,,,
2015-08-14 00:00:00+00:00,1.537,0.9976,,,,,,,,,,
2015-08-17 00:00:00+00:00,1.548,1.0049,,,,,,,,,,
2015-08-18 00:00:00+00:00,1.541,1.0,,,,,,,,,,
2015-08-19 00:00:00+00:00,1.53,0.9906,,,,,,,,,,
2015-08-20 00:00:00+00:00,1.487,0.9586,,,,,,,,,,
2015-08-21 00:00:00+00:00,1.426,0.9215,,,,,,,,,,
2015-08-24 00:00:00+00:00,1.374,0.8786,,,,,,,,,,
2015-08-25 00:00:00+00:00,1.37,0.8853,,,,,,,,,,
2015-08-26 00:00:00+00:00,1.438,0.9236,,,,,,,,,,
2015-08-27 00:00:00+00:00,1.473,0.9483,,,,,,,,,,
2015-08-28 00:00:00+00:00,1.473,0.9483,,,,,,,,,,
2015-08-31 00:00:00+00:00,1.453,0.9338,,,,,,,,,,
2015-09-01 00:00:00+00:00,1.405,0.9076,,,,,,,,,,
2015-09-02 00:00:00+00:00,1.44,0.9281,,,,,,,,,,
2015-09-07 00:00:00+00:00,,0.913,,,,,,,,,,
2015-09-08 00:00:00+00:00,1.456,0.9366,,,,,,,,,,
2015-09-09 00:00:00+00:00,1.439,0.9269,,,,,,,,,,
2015-09-10 00:00:00+00:00,1.456,0.9375,,,,,,,,,,
2015-09-11 00:00:00+00:00,1.464,0.9431,,,,,,,,,,
2015-09-14 00:00:00+00:00,1.459,0.9396,,,,,,,,,,
2015-09-15 00:00:00+00:00,1.475,0.9503,,,,,,,,,,
2015-09-16 00:00:00+00:00,1.484,0.9577,,,,,,,,,,
2015-09-17 00:00:00+00:00,1.484,0.9546,,,,,,,,,,
2015-09-18 00:00:00+00:00,1.462,0.9426,,,,,,,,,,
2015-09-21 00:00:00+00:00,1.467,0.9421,,,,,,,,,,
2015-09-22 00:00:00+00:00,1.448,0.927,,,,,,,,,,
2015-09-23 00:00:00+00:00,1.449,0.9269,,,,,,,,,,
2015-09-24 00:00:00+00:00,1.445,0.9236,,,,,,,,,,
2015-09-25 00:00:00+00:00,1.433,0.9159,,,,,,,,,,
2015-09-28 00:00:00+00:00,1.391,0.8865,,,,,,,,,,
2015-09-29 00:00:00+00:00,1.383,0.8811,,,,,,,,,,
2015-09-30 00:00:00+00:00,1.414,0.9013,,,,,,,,,,
2015-10-08 00:00:00+00:00,1.468,0.9369,,,,,,,,,,
2015-10-09 00:00:00+00:00,1.475,0.941,,,,,,,,,,
2015-10-12 00:00:00+00:00,1.477,0.9422,,,,,,,,,,
2015-10-13 00:00:00+00:00,1.463,0.9331,,,,,,,,,,
2015-10-14 00:00:00+00:00,1.465,0.9344,,,,,,,,,,
2015-10-15 00:00:00+00:00,1.488,0.9496,,,,,,,,,,
2015-10-16 00:00:00+00:00,1.496,0.9545,,,,,,,,,,
2015-10-19 00:00:00+00:00,1.505,0.9608,,,,,,,,,,
2015-10-20 00:00:00+00:00,1.5,0.9569,,,,,,,,,,
2015-10-21 00:00:00+00:00,1.488,0.9494,,,,,,,,,,
2015-10-22 00:00:00+00:00,1.517,0.9691,,,,,,,,,,
2015-10-23 00:00:00+00:00,1.558,0.9966,,,,,,,,,,
2015-10-26 00:00:00+00:00,1.559,0.997,,,,,,,,,,
2015-10-27 00:00:00+00:00,1.561,0.9978,,,,,,,,,,
2015-10-28 00:00:00+00:00,1.574,1.0068,,,,,,,,,,
2015-10-29 00:00:00+00:00,1.573,1.0059,,,,,,,,,,
2015-10-30 00:00:00+00:00,1.564,0.9994,,,,,,,,,,
2015-11-02 00:00:00+00:00,1.573,1.0052,,,,,,,,,,
2015-11-03 00:00:00+00:00,1.581,1.011,,,,,,,,,,
2015-11-04 00:00:00+00:00,1.582,1.0115,,,,,,,,,,
2015-11-05 00:00:00+00:00,1.579,1.0094,,,,,,,,,,
2015-11-06 00:00:00+00:00,1.582,1.0115,,,,,,,,,,
2015-11-09 00:00:00+00:00,1.567,1.0023,,,,,,,,,,
2015-11-10 00:00:00+00:00,1.564,0.9995,,,,,,,,,,
2015-11-11 00:00:00+00:00,1.563,0.999,,,,,,,,,,
2015-11-12 00:00:00+00:00,1.548,0.9895,,,,,,,,,,
2015-11-13 00:00:00+00:00,1.521,0.9718,,,,,,,,,,
2015-11-16 00:00:00+00:00,1.544,0.9863,,,,,,,,,,
2015-11-17 00:00:00+00:00,1.544,0.9866,,,,,,,,,,
2015-11-18 00:00:00+00:00,1.574,1.006,,,,,,,,,,
2015-11-19 00:00:00+00:00,1.574,1.0063,,,,,,,,,,
2015-11-20 00:00:00+00:00,1.584,1.0127,,,,,,,,,,
2015-11-23 00:00:00+00:00,1.582,1.0115,,,,,,,,,,
2015-11-24 00:00:00+00:00,1.581,1.0108,,,,,,,,,,
2015-11-25 00:00:00+00:00,1.582,1.0112,,,,,,,,,,
2015-11-26 00:00:00+00:00,,1.0115,,,,,,,,,,
2015-11-27 00:00:00+00:00,1.586,1.0135,,,,,,,,,,
2015-11-30 00:00:00+00:00,1.582,1.0107,,,,,,,,,,
2015-12-01 00:00:00+00:00,1.6,1.0215,,,,,,,,,,
2015-12-02 00:00:00+00:00,1.589,1.0145,,,,,,,,,,
2015-12-03 00:00:00+00:00,1.563,0.9972,,,,,,,,,,
2015-12-04 00:00:00+00:00,1.596,1.0184,,,,,,,,,,
2015-12-07 00:00:00+00:00,1.592,1.0156,,,,,,,,,,
2015-12-08 00:00:00+00:00,1.595,1.0174,,,,,,,,,,
2015-12-09 00:00:00+00:00,1.572,1.0026,,,,,,,,,,
2015-12-10 00:00:00+00:00,1.581,1.0085,,,,,,,,,,
2015-12-11 00:00:00+00:00,1.549,0.9874,,,,,,,,,,
2015-12-14 00:00:00+00:00,1.563,0.9965,,,,,,,,,,
2015-12-15 00:00:00+00:00,1.574,1.0033,,,,,,,,,,
2015-12-16 00:00:00+00:00,1.598,1.0188,,,,,,,,,,
2015-12-17 00:00:00+00:00,1.579,1.0063,,,,,,,,,,
2015-12-18 00:00:00+00:00,1.552,0.9888,,,,,,,,,,
2015-12-21 00:00:00+00:00,1.566,0.9976,,,,,,,,,,
2015-12-22 00:00:00+00:00,1.576,1.0037,,,,,,,,,,
2015-12-23 00:00:00+00:00,1.588,1.0111,,,,,,,,,,
2015-12-24 00:00:00+00:00,1.587,1.0111,,,,,,,,,,
2015-12-25 00:00:00+00:00,,1.0103,,,,,,,,,,
2015-12-28 00:00:00+00:00,1.586,1.0104,,,,,,,,,,
2015-12-29 00:00:00+00:00,1.613,1.0275,,,,,,,,,,
2015-12-30 00:00:00+00:00,1.6,1.0191,,,,,,,,,,
2015-12-31 00:00:00+00:00,1.581,1.0065,,,,,,,,,,
2016-01-04 00:00:00+00:00,1.551,0.9864,,,,,,,,,,
2016-01-05 00:00:00+00:00,1.549,0.985,,,,,,,,,,
2016-01-06 00:00:00+00:00,1.539,0.9783,,,,,,,,,,
2016-01-07 00:00:00+00:00,1.499,0.9516,,,,,,,,,,
2016-01-08 00:00:00+00:00,1.487,0.944,,,,,,,,,,
2016-01-11 00:00:00+00:00,1.491,0.9464,,,,,,,,,,
2016-01-12 00:00:00+00:00,1.508,0.9575,,,,,,,,,,
2016-01-13 00:00:00+00:00,1.457,0.9238,,,,,,,,,,
2016-01-14 00:00:00+00:00,1.486,0.944,,,,,,,,,,
2016-01-15 00:00:00+00:00,1.444,0.9147,,,,,,,,,,
2016-01-18 00:00:00+00:00,,0.9138,,,,,,,,,,
2016-01-19 00:00:00+00:00,1.443,0.9154,,,,,,,,,,
2016-01-20 00:00:00+00:00,1.439,0.9121,,,,,,,,,,
2016-01-21 00:00:00+00:00,1.441,0.9141,,,,,,,,,,
2016-01-22 00:00:00+00:00,1.482,0.94,,,,,,,,,,
2016-01-25 00:00:00+00:00,1.459,0.9254,,,,,,,,,,
2016-01-26 00:00:00+00:00,1.473,0.9331,,,,,,,,,,
2016-01-27 00:00:00+00:00,1.434,0.9096,,,,,,,,,,
2016-01-28 00:00:00+00:00,1.454,0.9227,,,,,,,,,,
2016-01-29 00:00:00+00:00,1.487,0.9429,,,,,,,,,,
2016-02-01 00:00:00+00:00,1.49,0.9446,,,,,,,,,,
2016-02-02 00:00:00+00:00,1.456,0.9235,,,,,,,,,,
2016-02-03 00:00:00+00:00,1.45,0.9195,,,,,,,,,,
2016-02-04 00:00:00+00:00,1.447,0.9174,,,,,,,,,,
2016-02-05 00:00:00+00:00,1.394,0.8846,,,,,,,,,,
2016-02-15 00:00:00+00:00,,0.8797,,,,,,,,,,
2016-02-16 00:00:00+00:00,1.419,0.8993,,,,,,,,,,
2016-02-17 00:00:00+00:00,1.455,0.9218,,,,,,,,,,
2016-02-18 00:00:00+00:00,1.436,0.9103,,,,,,,,,,
2016-02-19 00:00:00+00:00,1.441,0.9138,,,,,,,,,,
2016-02-22 00:00:00+00:00,1.464,0.9282,,,,,,,,,,
2016-02-23 00:00:00+00:00,1.442,0.914,,,,,,,,,,
2016-02-24 00:00:00+00:00,1.456,0.9226,,,,,,,,,,
2016-02-25 00:00:00+00:00,1.471,0.9313,,,,,,,,,,
2016-02-26 00:00:00+00:00,1.469,0.9303,,,,,,,,,,
2016-02-29 00:00:00+00:00,1.46,0.9247,,,,,,,,,,
2016-03-01 00:00:00+00:00,1.505,0.953,,,,,,,,,,
2016-03-02 00:00:00+00:00,1.508,0.9547,,,,,,,,,,
2016-03-03 00:00:00+00:00,1.503,0.9516,,,,,,,,,,
2016-03-04 00:00:00+00:00,1.501,0.9511,,,,,,,,,,
2016-03-07 00:00:00+00:00,1.488,0.9427,,,,,,,,,,
2016-03-08 00:00:00+00:00,1.473,0.9333,,,,,,,,,,
2016-03-09 00:00:00+00:00,1.485,0.9405,,,,,,,,,,
2016-03-10 00:00:00+00:00,1.483,0.9393,,,,,,,,,,
2016-03-11 00:00:00+00:00,1.504,0.952,,,,,,,,,,
2016-03-14 00:00:00+00:00,1.506,0.9535,,,,,,,,,,
2016-03-15 00:00:00+00:00,1.509,0.9559,,,,,,,,,,
2016-03-16 00:00:00+00:00,1.524,0.9657,,,,,,,,,,
2016-03-17 00:00:00+00:00,1.518,0.9621,,,,,,,,,,
2016-03-18 00:00:00+00:00,1.514,0.9597,,,,,,,,,,
2016-03-21 00:00:00+00:00,1.524,0.9657,,,,,,,,,,
2016-03-22 00:00:00+00:00,1.531,0.9706,,,,,,,,,,
2016-03-23 00:00:00+00:00,1.518,0.9622,,,,,,,,,,
2016-03-24 00:00:00+00:00,1.524,0.9661,,,,,,,,,,
2016-03-25 00:00:00+00:00,,0.9671,,,,,,,,,,
2016-03-28 00:00:00+00:00,1.523,0.9657,,,,,,,,,,
2016-03-29 00:00:00+00:00,1.543,0.9785,,,,,,,,,,
2016-03-30 00:00:00+00:00,1.546,0.9803,,,,,,,,,,
2016-03-31 00:00:00+00:00,1.538,0.9754,,,,,,,,,,
2016-04-01 00:00:00+00:00,1.554,0.9855,,,,,,,,,,
2016-04-05 00:00:00+00:00,1.535,0.9736,,,,,,,,,,
2016-04-06 00:00:00+00:00,1.562,0.9909,,,,,,,,,,
2016-04-07 00:00:00+00:00,1.537,0.9753,,,,,,,,,,
2016-04-08 00:00:00+00:00,1.538,0.9756,,,,,,,,,,
2016-04-11 00:00:00+00:00,1.53,0.9705,,,,,,,,,,
2016-04-12 00:00:00+00:00,1.542,0.9783,,,,,,,,,,
2016-04-13 00:00:00+00:00,1.562,0.9904,,,,,,,,,,
2016-04-14 00:00:00+00:00,1.569,0.9949,,,,,,,,,,
2016-04-15 00:00:00+00:00,1.565,0.9927,,,,,,,,,,
2016-04-18 00:00:00+00:00,1.57,0.9956,,,,,,,,,,
2016-04-19 00:00:00+00:00,1.559,0.9881,,,,,,,,,,
2016-04-20 00:00:00+00:00,1.557,0.9868,,,,,,,,,,
2016-04-21 00:00:00+00:00,1.562,0.9904,,,,,,,,,,
2016-04-22 00:00:00+00:00,1.541,0.9769,,,,,,,,,,
2016-04-25 00:00:00+00:00,1.546,0.9801,,,,,,,,,,
2016-04-26 00:00:00+00:00,1.533,0.9715,,,,,,,,,,
2016-04-27 00:00:00+00:00,1.52,0.9626,,,,,,,,,,
2016-04-28 00:00:00+00:00,1.505,0.953,,,,,,,,,,
2016-04-29 00:00:00+00:00,1.489,0.9429,,,,,,,,,,
2016-05-03 00:00:00+00:00,1.488,0.9424,,,,,,,,,,
2016-05-04 00:00:00+00:00,1.487,0.9416,,,,,,,,,,
2016-05-05 00:00:00+00:00,1.491,0.9432,,,,,,,,,,
2016-05-06 00:00:00+00:00,1.499,0.9475,,,,,,,,,,
2016-05-09 00:00:00+00:00,1.501,0.9461,,,,,,,,,,
2016-05-10 00:00:00+00:00,1.525,0.9623,,,,,,,,,,
2016-05-11 00:00:00+00:00,1.509,0.952,,,,,,,,,,
2016-05-12 00:00:00+00:00,1.497,0.9437,,,,,,,,,,
2016-05-13 00:00:00+00:00,1.498,0.9447,,,,,,,,,,
2016-05-16 00:00:00+00:00,1.519,0.958,,,,,,,,,,
2016-05-17 00:00:00+00:00,1.497,0.9436,,,,,,,,,,
2016-05-18 00:00:00+00:00,1.503,0.947,,,,,,,,,,
2016-05-19 00:00:00+00:00,1.502,0.9462,,,,,,,,,,
2016-05-20 00:00:00+00:00,1.518,0.9561,,,,,,,,,,
2016-05-23 00:00:00+00:00,1.514,0.9533,,,,,,,,,,
2016-05-24 00:00:00+00:00,1.545,0.9733,,,,,,,,,,
2016-05-25 00:00:00+00:00,1.562,0.9837,,,,,,,,,,
2016-05-26 00:00:00+00:00,1.562,0.9842,,,,,,,,,,
2016-05-27 00:00:00+00:00,1.57,0.9888,,,,,,,,,,
2016-05-30 00:00:00+00:00,,0.9931,,,,,,,,,,
2016-05-31 00:00:00+00:00,1.58,0.9957,,,,,,,,,,
2016-06-01 00:00:00+00:00,1.581,0.9964,,,,,,,,,,
2016-06-02 00:00:00+00:00,1.58,0.9956,,,,,,,,,,
2016-06-03 00:00:00+00:00,1.575,0.992,,,,,,,,,,
2016-06-06 00:00:00+00:00,1.572,0.9906,,,,,,,,,,
2016-06-07 00:00:00+00:00,1.572,0.9901,,,,,,,,,,
2016-06-08 00:00:00+00:00,1.574,0.9913,,,,,,,,,,
2016-06-13 00:00:00+00:00,1.545,0.972,,,,,,,,,,
2016-06-14 00:00:00+00:00,1.545,0.9724,,,,,,,,,,
2016-06-15 00:00:00+00:00,1.545,0.9719,,,,,,,,,,
2016-06-16 00:00:00+00:00,1.544,0.9712,,,,,,,,,,
2016-06-17 00:00:00+00:00,1.528,0.9606,,,,,,,,,,
2016-06-20 00:00:00+00:00,1.535,0.965,,,,,,,,,,
2016-06-21 00:00:00+00:00,1.538,0.9672,,,,,,,,,,
2016-06-22 00:00:00+00:00,1.541,0.9693,,,,,,,,,,
2016-06-23 00:00:00+00:00,1.557,0.9791,,,,,,,,,,
2016-06-24 00:00:00+00:00,1.496,0.9409,,,,,,,,,,
2016-06-27 00:00:00+00:00,1.479,0.9304,,,,,,,,,,
2016-06-28 00:00:00+00:00,1.514,0.9522,,,,,,,,,,
2016-06-29 00:00:00+00:00,1.535,0.9656,,,,,,,,,,
2016-06-30 00:00:00+00:00,1.554,0.9774,,,,,,,,,,
2016-07-01 00:00:00+00:00,1.565,0.9848,,,,,,,,,,
2016-07-04 00:00:00+00:00,,0.9843,,,,,,,,,,
2016-07-05 00:00:00+00:00,1.557,0.9805,,,,,,,,,,
2016-07-06 00:00:00+00:00,1.575,0.9921,,,,,,,,,,
2016-07-07 00:00:00+00:00,1.58,0.9947,,,,,,,,,,
2016-07-08 00:00:00+00:00,1.605,1.0108,,,,,,,,,,
2016-07-11 00:00:00+00:00,1.614,1.0167,,,,,,,,,,
2016-07-12 00:00:00+00:00,1.624,1.0235,,,,,,,,,,
2016-07-13 00:00:00+00:00,1.619,1.0199,,,,,,,,,,
2016-07-14 00:00:00+00:00,1.629,1.0263,,,,,,,,,,
2016-07-15 00:00:00+00:00,1.625,1.0241,,,,,,,,,,
2016-07-18 00:00:00+00:00,1.639,1.0332,,,,,,,,,,
2016-07-19 00:00:00+00:00,1.634,1.0295,,,,,,,,,,
2016-07-20 00:00:00+00:00,1.652,1.0413,,,,,,,,,,
2016-07-21 00:00:00+00:00,1.647,1.0376,,,,,,,,,,
2016-07-22 00:00:00+00:00,1.648,1.0389,,,,,,,,,,
2016-07-25 00:00:00+00:00,1.653,1.042,,,,,,,,,,
2016-07-26 00:00:00+00:00,1.653,1.0418,,,,,,,,,,
2016-07-27 00:00:00+00:00,1.661,1.0481,,,,,,,,,,
2016-07-28 00:00:00+00:00,1.666,1.0508,,,,,,,,,,
2016-07-29 00:00:00+00:00,1.667,1.0508,,,,,,,,,,
2016-08-01 00:00:00+00:00,1.67,1.053,,,,,,,,,,
2016-08-02 00:00:00+00:00,1.661,1.0475,,,,,,,,,,
2016-08-03 00:00:00+00:00,1.66,1.0471,,,,,,,,,,
2016-08-04 00:00:00+00:00,1.67,1.0536,,,,,,,,,,
2016-08-05 00:00:00+00:00,1.686,1.063,,,,,,,,,,
2016-08-08 00:00:00+00:00,1.689,1.0648,,,,,,,,,,
2016-08-09 00:00:00+00:00,1.691,1.0678,,,,,,,,,,
2016-08-10 00:00:00+00:00,1.686,1.0634,,,,,,,,,,
2016-08-11 00:00:00+00:00,1.686,1.0645,,,,,,,,,,
2016-08-12 00:00:00+00:00,1.694,1.07,,,,,,,,,,
2016-08-15 00:00:00+00:00,1.698,1.0744,,,,,,,,,,
2016-08-16 00:00:00+00:00,1.685,1.0659,,,,,,,,,,
2016-08-17 00:00:00+00:00,1.682,1.0639,,,,,,,,,,
2016-08-18 00:00:00+00:00,1.689,1.07,,,,,,,,,,
2016-08-19 00:00:00+00:00,1.686,1.067,,,,,,,,,,
2016-08-22 00:00:00+00:00,1.698,1.0748,,,,,,,,,,
2016-08-23 00:00:00+00:00,1.699,1.0764,,,,,,,,,,
2016-08-24 00:00:00+00:00,1.683,1.0643,,,,,,,,,,
2016-08-25 00:00:00+00:00,1.685,1.0656,,,,,,,,,,
2016-08-26 00:00:00+00:00,1.685,1.0664,,,,,,,,,,
2016-08-29 00:00:00+00:00,1.697,1.0737,,,,,,,,,,
2016-08-30 00:00:00+00:00,1.691,1.0696,,,,,,,,,,
2016-08-31 00:00:00+00:00,1.691,1.0714,,,,,,,,,,
2016-09-01 00:00:00+00:00,1.692,1.0724,,,,,,,,,,
2016-09-02 00:00:00+00:00,1.696,1.0756,,,,,,,,,,
2016-09-05 00:00:00+00:00,,1.0777,,,,,,,,,,
2016-09-06 00:00:00+00:00,1.706,1.0804,,,,,,,,,,
2016-09-07 00:00:00+00:00,1.704,1.0788,,,,,,,,,,
2016-09-08 00:00:00+00:00,1.695,1.074,,,,,,,,,,
2016-09-09 00:00:00+00:00,1.654,1.0473,,,,,,,,,,
2016-09-12 00:00:00+00:00,1.688,1.0696,,,,,,,,,,
2016-09-13 00:00:00+00:00,1.669,1.057,,,,,,,,,,
2016-09-14 00:00:00+00:00,1.681,1.0657,,,,,,,,,,
2016-09-19 00:00:00+00:00,1.696,1.0749,,,,,,,,,,
2016-09-20 00:00:00+00:00,1.694,1.0733,,,,,,,,,,
2016-09-21 00:00:00+00:00,1.715,1.0869,,,,,,,,,,
2016-09-22 00:00:00+00:00,1.722,1.0914,,,,,,,,,,
2016-09-23 00:00:00+00:00,1.715,1.0866,,,,,,,,,,
2016-09-26 00:00:00+00:00,1.702,1.0788,,,,,,,,,,
2016-09-27 00:00:00+00:00,1.717,1.0888,,,,,,,,,,
2016-09-28 00:00:00+00:00,1.72,1.0907,,,,,,,,,,
2016-09-29 00:00:00+00:00,1.708,1.0823,,,,,,,,,,
2016-09-30 00:00:00+00:00,1.723,1.0925,,,,,,,,,,
2016-10-10 00:00:00+00:00,1.735,1.1027,,,,,,,,,,
2016-10-11 00:00:00+00:00,1.712,1.0863,,,,,,,,,,
2016-10-12 00:00:00+00:00,1.715,1.0878,,,,,,,,,,
2016-10-13 00:00:00+00:00,1.71,1.0838,,,,,,,,,,
2016-10-14 00:00:00+00:00,1.708,1.0839,,,,,,,,,,
2016-10-17 00:00:00+00:00,1.709,1.0832,,,,,,,,,,
2016-10-18 00:00:00+00:00,1.722,1.0919,,,,,,,,,,
2016-10-19 00:00:00+00:00,1.721,1.0918,,,,,,,,,,
2016-10-20 00:00:00+00:00,1.72,1.0902,,,,,,,,,,
2016-10-21 00:00:00+00:00,1.733,1.0984,,,,,,,,,,
2016-10-24 00:00:00+00:00,1.757,1.114,,,,,,,,,,
2016-10-25 00:00:00+00:00,1.751,1.1107,,,,,,,,,,
2016-10-26 00:00:00+00:00,1.739,1.1031,,,,,,,,,,
2016-10-27 00:00:00+00:00,1.731,1.0971,,,,,,,,,,
2016-10-28 00:00:00+00:00,1.723,1.0915,,,,,,,,,,
2016-10-31 00:00:00+00:00,1.716,1.0851,,,,,,,,,,
2016-11-01 00:00:00+00:00,1.707,1.0785,,,,,,,,,,
2016-11-02 00:00:00+00:00,1.688,1.0664,,,,,,,,,,
2016-11-03 00:00:00+00:00,1.671,1.0545,,,,,,,,,,
2016-11-04 00:00:00+00:00,1.665,1.0508,,,,,,,,,,
2016-11-07 00:00:00+00:00,1.71,1.08,,,,,,,,,,
2016-11-08 00:00:00+00:00,1.723,1.0885,,,,,,,,,,
2016-11-09 00:00:00+00:00,1.731,1.0937,,,,,,,,,,
2016-11-10 00:00:00+00:00,1.705,1.0742,,,,,,,,,,
2016-11-11 00:00:00+00:00,1.711,1.079,,,,,,,,,,
2016-11-14 00:00:00+00:00,1.697,1.0699,,,,,,,,,,
2016-11-15 00:00:00+00:00,1.726,1.0877,,,,,,,,,,
2016-11-16 00:00:00+00:00,1.738,1.0954,,,,,,,,,,
2016-11-17 00:00:00+00:00,1.753,1.1054,,,,,,,,,,
2016-11-18 00:00:00+00:00,1.749,1.1023,,,,,,,,,,
2016-11-21 00:00:00+00:00,1.772,1.1168,,,,,,,,,,
2016-11-22 00:00:00+00:00,1.772,1.1172,,,,,,,,,,
2016-11-23 00:00:00+00:00,1.768,1.1143,,,,,,,,,,
2016-11-25 00:00:00+00:00,1.78,1.122,,,,,,,,,,
2016-11-28 00:00:00+00:00,1.773,1.1171,,,,,,,,,,
2016-11-29 00:00:00+00:00,1.775,1.1178,,,,,,,,,,
2016-11-30 00:00:00+00:00,1.752,1.103,,,,,,,,,,
2016-12-01 00:00:00+00:00,1.726,1.0866,,,,,,,,,,
2016-12-02 00:00:00+00:00,1.724,1.0853,,,,,,,,,,
2016-12-05 00:00:00+00:00,1.739,1.0951,,,,,,,,,,
2016-12-06 00:00:00+00:00,1.736,1.0934,,,,,,,,,,
2016-12-07 00:00:00+00:00,1.764,1.1114,,,,,,,,,,
2016-12-08 00:00:00+00:00,1.765,1.1117,,,,,,,,,,
2016-12-09 00:00:00+00:00,1.784,1.1238,,,,,,,,,,
2016-12-12 00:00:00+00:00,1.78,1.119,,,,,,,,,,
2016-12-13 00:00:00+00:00,1.799,1.1326,,,,,,,,,,
2016-12-14 00:00:00+00:00,1.796,1.1305,,,,,,,,,,
2016-12-15 00:00:00+00:00,1.806,1.1357,,,,,,,,,,
2016-12-16 00:00:00+00:00,1.805,1.1333,,,,,,,,,,
2016-12-19 00:00:00+00:00,1.807,1.1371,,,,,,,,,,
2016-12-20 00:00:00+00:00,1.817,1.1425,,,,,,,,,,
2016-12-21 00:00:00+00:00,1.816,1.1409,,,,,,,,,,
2016-12-22 00:00:00+00:00,1.809,1.1362,,,,,,,,,,
2016-12-23 00:00:00+00:00,1.812,1.1383,,,,,,,,,,
2016-12-27 00:00:00+00:00,1.82,1.144,,,,,,,,,,
2016-12-28 00:00:00+00:00,1.807,1.1349,,,,,,,,,,
2016-12-29 00:00:00+00:00,1.804,1.1331,,,,,,,,,,
2016-12-30 00:00:00+00:00,1.782,1.1176,,,,,,,,,,
2016-12-31 00:00:00+00:00,1.782,1.1175,,,,,,,,,,
2017-01-03 00:00:00+00:00,1.802,1.1305,,,,,,,,,,
2017-01-04 00:00:00+00:00,1.812,1.1373,,,,,,,,,,
2017-01-05 00:00:00+00:00,1.816,1.1402,,,,,,,,,,
2017-01-06 00:00:00+00:00,1.815,1.1396,,,,,,,,,,
2017-01-09 00:00:00+00:00,1.836,1.1534,,,,,,,,,,
2017-01-10 00:00:00+00:00,1.839,1.1553,,,,,,,,,,
2017-01-11 00:00:00+00:00,1.844,1.1588,,,,,,,,,,
2017-01-12 00:00:00+00:00,1.839,1.155,,,,,,,,,,
2017-01-13 00:00:00+00:00,1.839,1.1555,,,,,,,,,,
2017-01-17 00:00:00+00:00,1.836,1.1529,,,,,,,,,,
2017-01-18 00:00:00+00:00,1.827,1.1478,,,,,,,,,,
2017-01-19 00:00:00+00:00,1.827,1.1474,,,,,,,,,,
2017-01-20 00:00:00+00:00,1.834,1.1521,,,,,,,,,,
2017-01-23 00:00:00+00:00,1.832,1.1505,,,,,,,,,,
2017-01-24 00:00:00+00:00,1.838,1.1546,,,,,,,,,,
2017-01-25 00:00:00+00:00,1.862,1.1708,,,,,,,,,,
2017-01-26 00:00:00+00:00,1.864,1.1718,,,,,,,,,,
2017-02-03 00:00:00+00:00,1.865,1.1721,,,,,,,,,,
2017-02-06 00:00:00+00:00,1.868,1.1742,,,,,,,,,,
2017-02-07 00:00:00+00:00,1.875,1.1785,,,,,,,,,,
2017-02-08 00:00:00+00:00,1.885,1.1852,,,,,,,,,,
2017-02-09 00:00:00+00:00,1.887,1.187,,,,,,,,,,
2017-02-10 00:00:00+00:00,1.895,1.1923,,,,,,,,,,
2017-02-13 00:00:00+00:00,1.908,1.2008,,,,,,,,,,
2017-02-14 00:00:00+00:00,1.912,1.2031,,,,,,,,,,
2017-02-15 00:00:00+00:00,1.918,1.2074,,,,,,,,,,
2017-02-16 00:00:00+00:00,1.917,1.2067,,,,,,,,,,
2017-02-17 00:00:00+00:00,1.921,1.2094,,,,,,,,,,
2017-02-21 00:00:00+00:00,1.938,1.221,,,,,,,,,,
2017-02-22 00:00:00+00:00,1.94,1.2221,,,,,,,,,,
2017-02-23 00:00:00+00:00,1.93,1.215,,,,,,,,,,
2017-02-24 00:00:00+00:00,1.932,1.2168,,,,,,,,,,
2017-02-27 00:00:00+00:00,1.938,1.2206,,,,,,,,,,
2017-02-28 00:00:00+00:00,1.93,1.2154,,,,,,,,,,
2017-03-01 00:00:00+00:00,1.952,1.2305,,,,,,,,,,
2017-03-02 00:00:00+00:00,1.943,1.2242,,,,,,,,,,
2017-03-03 00:00:00+00:00,1.949,1.2281,,,,,,,,,,
2017-03-06 00:00:00+00:00,1.941,1.2229,,,,,,,,,,
2017-03-07 00:00:00+00:00,1.942,1.2236,,,,,,,,,,
2017-03-08 00:00:00+00:00,1.947,1.227,,,,,,,,,,
2017-03-09 00:00:00+00:00,1.951,1.2295,,,,,,,,,,
2017-03-10 00:00:00+00:00,1.959,1.2345,,,,,,,,,,
2017-03-13 00:00:00+00:00,1.958,1.234,,,,,,,,,,
2017-03-14 00:00:00+00:00,1.957,1.2334,,,,,,,,,,
2017-03-15 00:00:00+00:00,1.969,1.2412,,,,,,,,,,
2017-03-16 00:00:00+00:00,1.961,1.2357,,,,,,,,,,
2017-03-17 00:00:00+00:00,1.96,1.2349,,,,,,,,,,
2017-03-20 00:00:00+00:00,1.965,1.2381,,,,,,,,,,
2017-03-21 00:00:00+00:00,1.938,1.2206,,,,,,,,,,
2017-03-22 00:00:00+00:00,1.945,1.2253,,,,,,,,,,
2017-03-23 00:00:00+00:00,1.94,1.2218,,,,,,,,,,
2017-03-24 00:00:00+00:00,1.943,1.2238,,,,,,,,,,
2017-03-27 00:00:00+00:00,1.942,1.2232,,,,,,,,,,
2017-03-28 00:00:00+00:00,1.956,1.2322,,,,,,,,,,
2017-03-29 00:00:00+00:00,1.968,1.2401,,,,,,,,,,
2017-03-30 00:00:00+00:00,1.971,1.2416,,,,,,,,,,
2017-03-31 00:00:00+00:00,1.972,1.2427,,,,,,,,,,
2017-04-05 00:00:00+00:00,1.964,1.237,,,,,,,,,,
2017-04-06 00:00:00+00:00,1.965,1.238,,,,,,,,,,
2017-04-07 00:00:00+00:00,1.965,1.2378,,,,,,,,,,
2017-04-10 00:00:00+00:00,1.968,1.2399,,,,,,,,,,
2017-04-11 00:00:00+00:00,1.958,1.233,,,,,,,,,,
2017-04-12 00:00:00+00:00,1.949,1.2276,,,,,,,,,,
2017-04-13 00:00:00+00:00,1.933,1.2171,,,,,,,,,,
2017-04-17 00:00:00+00:00,1.953,1.2295,,,,,,,,,,
2017-04-18 00:00:00+00:00,1.952,1.2289,,,,,,,,,,
2017-04-19 00:00:00+00:00,1.949,1.2274,,,,,,,,,,
2017-04-20 00:00:00+00:00,1.968,1.2397,,,,,,,,,,
2017-04-21 00:00:00+00:00,1.969,1.2398,,,,,,,,,,
2017-04-24 00:00:00+00:00,1.988,1.2521,,,,,,,,,,
2017-04-25 00:00:00+00:00,2.007,1.2643,,,,,,,,,,
2017-04-26 00:00:00+00:00,2.005,1.2626,,,,,,,,,,
2017-04-27 00:00:00+00:00,2.017,1.2709,,,,,,,,,,
2017-04-28 00:00:00+00:00,2.022,1.274,,,,,,,,,,
2017-05-02 00:00:00+00:00,2.045,1.2883,,,,,,,,,,
2017-05-03 00:00:00+00:00,2.036,1.2827,,,,,,,,,,
2017-05-04 00:00:00+00:00,2.039,1.2844,,,,,,,,,,
2017-05-05 00:00:00+00:00,2.044,1.2877,,,,,,,,,,
2017-05-08 00:00:00+00:00,2.05,1.2917,,,,,,,,,,
2017-05-09 00:00:00+00:00,2.06,1.2978,,,,,,,,,,
2017-05-10 00:00:00+00:00,2.062,1.2989,,,,,,,,,,
2017-05-11 00:00:00+00:00,2.06,1.2974,,,,,,,,,,
2017-05-12 00:00:00+00:00,2.061,1.2984,,,,,,,,,,
2017-05-15 00:00:00+00:00,2.065,1.3005,,,,,,,,,,
2017-05-16 00:00:00+00:00,2.071,1.3045,,,,,,,,,,
2017-05-17 00:00:00+00:00,2.015,1.2685,,,,,,,,,,
2017-05-18 00:00:00+00:00,2.03,1.2786,,,,,,,,,,
2017-05-19 00:00:00+00:00,2.045,1.2877,,,,,,,,,,
2017-05-22 00:00:00+00:00,2.058,1.2963,,,,,,,,,,
2017-05-23 00:00:00+00:00,2.059,1.2969,,,,,,,,,,
2017-05-24 00:00:00+00:00,2.072,1.3048,,,,,,,,,,
2017-05-25 00:00:00+00:00,2.087,1.3147,,,,,,,,,,
2017-05-26 00:00:00+00:00,2.091,1.3171,,,,,,,,,,
2017-05-31 00:00:00+00:00,2.088,1.3155,,,,,,,,,,
2017-06-01 00:00:00+00:00,2.082,1.3114,,,,,,,,,,
2017-06-02 00:00:00+00:00,2.105,1.3258,,,,,,,,,,
2017-06-05 00:00:00+00:00,2.099,1.3221,,,,,,,,,,
2017-06-06 00:00:00+00:00,2.091,1.3171,,,,,,,,,,
2017-06-07 00:00:00+00:00,2.096,1.3203,,,,,,,,,,
2017-06-08 00:00:00+00:00,2.101,1.3232,,,,,,,,,,
2017-06-09 00:00:00+00:00,2.052,1.2911,,,,,,,,,,
2017-06-12 00:00:00+00:00,2.04,1.2827,,,,,,,,,,
2017-06-13 00:00:00+00:00,2.055,1.2927,,,,,,,,,,
2017-06-14 00:00:00+00:00,2.046,1.2867,,,,,,,,,,
2017-06-15 00:00:00+00:00,2.034,1.279,,,,,,,,,,
2017-06-16 00:00:00+00:00,2.03,1.2771,,,,,,,,,,
2017-06-19 00:00:00+00:00,2.062,1.2972,,,,,,,,,,
2017-06-20 00:00:00+00:00,2.049,1.289,,,,,,,,,,
2017-06-21 00:00:00+00:00,2.072,1.3038,,,,,,,,,,
2017-06-22 00:00:00+00:00,2.071,1.303,,,,,,,,,,
2017-06-23 00:00:00+00:00,2.081,1.3092,,,,,,,,,,
2017-06-26 00:00:00+00:00,2.072,1.3026,,,,,,,,,,
2017-06-27 00:00:00+00:00,2.036,1.2794,,,,,,,,,,
2017-06-28 00:00:00+00:00,2.059,1.2937,,,,,,,,,,
2017-06-29 00:00:00+00:00,2.02,1.2683,,,,,,,,,,
2017-06-30 00:00:00+00:00,2.013,1.2634,,,,,,,,,,
2017-07-03 00:00:00+00:00,1.996,1.252,,,,,,,,,,
2017-07-05 00:00:00+00:00,2.019,1.267,,,,,,,,,,
2017-07-06 00:00:00+00:00,2.001,1.2557,,,,,,,,,,
2017-07-07 00:00:00+00:00,2.021,1.2684,,,,,,,,,,
2017-07-10 00:00:00+00:00,2.036,1.2778,,,,,,,,,,
2017-07-11 00:00:00+00:00,2.042,1.2818,,,,,,,,,,
2017-07-12 00:00:00+00:00,2.064,1.2954,,,,,,,,,,
2017-07-13 00:00:00+00:00,2.067,1.2973,,,,,,,,,,
2017-07-14 00:00:00+00:00,2.082,1.307,,,,,,,,,,
2017-07-17 00:00:00+00:00,2.076,1.3028,,,,,,,,,,
2017-07-18 00:00:00+00:00,2.091,1.3127,,,,,,,,,,
2017-07-19 00:00:00+00:00,2.099,1.3175,,,,,,,,,,
2017-07-20 00:00:00+00:00,2.101,1.3188,,,,,,,,,,
2017-07-21 00:00:00+00:00,2.099,1.3178,,,,,,,,,,
2017-07-24 00:00:00+00:00,2.106,1.3219,,,,,,,,,,
2017-07-25 00:00:00+00:00,2.105,1.3211,,,,,,,,,,
2017-07-26 00:00:00+00:00,2.113,1.3263,,,,,,,,,,
2017-07-27 00:00:00+00:00,2.094,1.314,,,,,,,,,,
2017-07-28 00:00:00+00:00,2.093,1.3135,,,,,,,,,,
2017-07-31 00:00:00+00:00,2.081,1.3051,,,,,,,,,,
2017-08-01 00:00:00+00:00,2.082,1.3055,,,,,,,,,,
2017-08-02 00:00:00+00:00,2.09,1.311,,,,,,,,,,
2017-08-03 00:00:00+00:00,2.083,1.3061,,,,,,,,,,
2017-08-04 00:00:00+00:00,2.083,1.3063,,,,,,,,,,
2017-08-07 00:00:00+00:00,2.098,1.316,,,,,,,,,,
2017-08-08 00:00:00+00:00,2.094,1.3128,,,,,,,,,,
2017-08-09 00:00:00+00:00,2.088,1.3091,,,,,,,,,,
2017-08-10 00:00:00+00:00,2.034,1.2738,,,,,,,,,,
2017-08-11 00:00:00+00:00,2.045,1.2812,,,,,,,,,,
2017-08-14 00:00:00+00:00,2.07,1.2974,,,,,,,,,,
2017-08-15 00:00:00+00:00,2.074,1.2997,,,,,,,,,,
2017-08-16 00:00:00+00:00,2.08,1.3037,,,,,,,,,,
2017-08-17 00:00:00+00:00,2.036,1.2742,,,,,,,,,,
2017-08-18 00:00:00+00:00,2.035,1.2737,,,,,,,,,,
2017-08-21 00:00:00+00:00,2.032,1.2717,,,,,,,,,,
2017-08-22 00:00:00+00:00,2.059,1.2893,,,,,,,,,,
2017-08-23 00:00:00+00:00,2.052,1.2848,,,,,,,,,,
2017-08-24 00:00:00+00:00,2.043,1.2789,,,,,,,,,,
2017-08-25 00:00:00+00:00,2.041,1.277,,,,,,,,,,
2017-08-28 00:00:00+00:00,2.039,1.2761,,,,,,,,,,
2017-08-29 00:00:00+00:00,2.046,1.2804,,,,,,,,,,
2017-08-30 00:00:00+00:00,2.065,1.2925,,,,,,,,,,
2017-08-31 00:00:00+00:00,2.082,1.3033,,,,,,,,,,
2017-09-01 00:00:00+00:00,2.078,1.301,,,,,,,,,,
2017-09-05 00:00:00+00:00,2.042,1.2778,,,,,,,,,,
2017-09-06 00:00:00+00:00,2.047,1.2806,,,,,,,,,,
2017-09-07 00:00:00+00:00,2.05,1.2827,,,,,,,,,,
2017-09-08 00:00:00+00:00,2.026,1.2666,,,,,,,,,,
2017-09-11 00:00:00+00:00,2.047,1.2805,,,,,,,,,,
2017-09-12 00:00:00+00:00,2.061,1.2894,,,,,,,,,,
2017-09-13 00:00:00+00:00,2.068,1.2932,,,,,,,,,,
2017-09-14 00:00:00+00:00,2.058,1.2868,,,,,,,,,,
2017-09-15 00:00:00+00:00,2.063,1.2899,,,,,,,,,,
2017-09-18 00:00:00+00:00,2.06,1.2882,,,,,,,,,,
2017-09-19 00:00:00+00:00,2.067,1.2926,,,,,,,,,,
2017-09-20 00:00:00+00:00,2.066,1.2913,,,,,,,,,,
2017-09-21 00:00:00+00:00,2.059,1.2864,,,,,,,,,,
2017-09-22 00:00:00+00:00,2.058,1.2855,,,,,,,,,,
2017-09-25 00:00:00+00:00,2.039,1.272,,,,,,,,,,
2017-09-26 00:00:00+00:00,2.047,1.2777,,,,,,,,,,
2017-09-27 00:00:00+00:00,2.07,1.2926,,,,,,,,,,
2017-09-28 00:00:00+00:00,2.071,1.2934,,,,,,,,,,
2017-09-29 00:00:00+00:00,2.09,1.3058,,,,,,,,,,
2017-10-09 00:00:00+00:00,2.121,1.326,,,,,,,,,,
2017-10-10 00:00:00+00:00,2.116,1.323,,,,,,,,,,
2017-10-11 00:00:00+00:00,2.109,1.3179,,,,,,,,,,
2017-10-12 00:00:00+00:00,2.104,1.3146,,,,,,,,,,
2017-10-13 00:00:00+00:00,2.113,1.3209,,,,,,,,,,
2017-10-16 00:00:00+00:00,2.12,1.3248,,,,,,,,,,
2017-10-17 00:00:00+00:00,2.124,1.3273,,,,,,,,,,
2017-10-18 00:00:00+00:00,2.125,1.3275,,,,,,,,,,
2017-10-19 00:00:00+00:00,2.12,1.3242,,,,,,,,,,
2017-10-20 00:00:00+00:00,2.126,1.3284,,,,,,,,,,
2017-10-23 00:00:00+00:00,2.115,1.3208,,,,,,,,,,
2017-10-24 00:00:00+00:00,2.121,1.325,,,,,,,,,,
2017-10-25 00:00:00+00:00,2.114,1.3204,,,,,,,,,,
2017-10-26 00:00:00+00:00,2.106,1.3163,,,,,,,,,,
2017-10-27 00:00:00+00:00,2.171,1.3614,,,,,,,,,,
2017-10-30 00:00:00+00:00,2.177,1.3649,,,,,,,,,,
2017-10-31 00:00:00+00:00,2.181,1.3679,,,,,,,,,,
2017-11-01 00:00:00+00:00,2.178,1.3653,,,,,,,,,,
2017-11-02 00:00:00+00:00,2.169,1.3602,,,,,,,,,,
2017-11-03 00:00:00+00:00,2.186,1.3713,,,,,,,,,,
2017-11-06 00:00:00+00:00,2.198,1.3792,,,,,,,,,,
2017-11-07 00:00:00+00:00,2.199,1.3798,,,,,,,,,,
2017-11-08 00:00:00+00:00,2.209,1.3869,,,,,,,,,,
2017-11-09 00:00:00+00:00,2.2,1.38,,,,,,,,,,
2017-11-10 00:00:00+00:00,2.198,1.3787,,,,,,,,,,
2017-11-13 00:00:00+00:00,2.203,1.3814,,,,,,,,,,
2017-11-14 00:00:00+00:00,2.196,1.3774,,,,,,,,,,
2017-11-15 00:00:00+00:00,2.181,1.3669,,,,,,,,,,
2017-11-16 00:00:00+00:00,2.211,1.3862,,,,,,,,,,
2017-11-17 00:00:00+00:00,2.202,1.3802,,,,,,,,,,
2017-11-20 00:00:00+00:00,2.2,1.3785,,,,,,,,,,
2017-11-21 00:00:00+00:00,2.227,1.3963,,,,,,,,,,
2017-11-22 00:00:00+00:00,2.227,1.3968,,,,,,,,,,
2017-11-24 00:00:00+00:00,2.219,1.3921,,,,,,,,,,
2017-11-27 00:00:00+00:00,2.22,1.3922,,,,,,,,,,
2017-11-28 00:00:00+00:00,2.228,1.3972,,,,,,,,,,
2017-11-29 00:00:00+00:00,2.193,1.3726,,,,,,,,,,
2017-11-30 00:00:00+00:00,2.212,1.3858,,,,,,,,,,
2017-12-01 00:00:00+00:00,2.203,1.38,,,,,,,,,,
2017-12-04 00:00:00+00:00,2.179,1.3632,,,,,,,,,,
2017-12-05 00:00:00+00:00,2.18,1.3637,,,,,,,,,,
2017-12-06 00:00:00+00:00,2.191,1.3708,,,,,,,,,,
2017-12-07 00:00:00+00:00,2.2,1.3768,,,,,,,,,,
2017-12-08 00:00:00+00:00,2.211,1.3835,,,,,,,,,,
2017-12-11 00:00:00+00:00,2.226,1.3936,,,,,,,,,,
2017-12-12 00:00:00+00:00,2.223,1.3911,,,,,,,,,,
2017-12-13 00:00:00+00:00,2.229,1.3956,,,,,,,,,,
2017-12-14 00:00:00+00:00,2.221,1.3899,,,,,,,,,,
2017-12-15 00:00:00+00:00,2.25,1.4094,,,,,,,,,,
2017-12-18 00:00:00+00:00,2.269,1.4213,,,,,,,,,,
2017-12-19 00:00:00+00:00,2.255,1.4101,,,,,,,,,,
2017-12-20 00:00:00+00:00,2.251,1.4069,,,,,,,,,,
2017-12-21 00:00:00+00:00,2.243,1.4019,,,,,,,,,,
2017-12-22 00:00:00+00:00,2.241,1.4001,,,,,,,,,,
2017-12-26 00:00:00+00:00,2.216,1.3828,,,,,,,,,,
2017-12-27 00:00:00+00:00,2.217,1.3825,,,,,,,,,,
2017-12-28 00:00:00+00:00,2.218,1.3829,,,,,,,,,,
2017-12-29 00:00:00+00:00,2.201,1.369,,,,,,,,,,
2017-12-31 00:00:00+00:00,2.201,1.3687,,,,,,,,,,
2018-01-02 00:00:00+00:00,2.23,1.3911,,,,,,,,,,
2018-01-03 00:00:00+00:00,2.246,1.4047,,,,,,,,,,
2018-01-04 00:00:00+00:00,2.253,1.4103,,,,,,,,,,
2018-01-05 00:00:00+00:00,2.272,1.4249,,,,,,,,,,
2018-01-08 00:00:00+00:00,2.276,1.4287,,,,,,,,,,
2018-01-09 00:00:00+00:00,2.281,1.4317,,,,,,,,,,
2018-01-10 00:00:00+00:00,2.284,1.4331,,,,,,,,,,
2018-01-11 00:00:00+00:00,2.298,1.4438,,,,,,,,,,
2018-01-12 00:00:00+00:00,2.307,1.4519,,,,,,,,,,
2018-01-16 00:00:00+00:00,2.28,1.4343,,,,,,,,,,
2018-01-17 00:00:00+00:00,2.304,1.4494,,,,,,,,,,
2018-01-18 00:00:00+00:00,2.307,1.4506,,,,,,,,,,
2018-01-19 00:00:00+00:00,2.307,1.451,,,,,,,,,,
2018-01-22 00:00:00+00:00,2.329,1.4664,,,,,,,,,,
2018-01-23 00:00:00+00:00,2.345,1.4764,,,,,,,,,,
2018-01-24 00:00:00+00:00,2.327,1.4644,,,,,,,,,,
2018-01-25 00:00:00+00:00,2.318,1.4595,,,,,,,,,,
2018-01-26 00:00:00+00:00,2.344,1.4769,,,,,,,,,,
2018-01-29 00:00:00+00:00,2.326,1.4648,,,,,,,,,,
2018-01-30 00:00:00+00:00,2.308,1.453,,,,,,,,,,
2018-01-31 00:00:00+00:00,2.316,1.4579,,,,,,,,,,
2018-02-01 00:00:00+00:00,2.29,1.4398,,,,,,,,,,
2018-02-02 00:00:00+00:00,2.237,1.4042,,,,,,,,,,
2018-02-05 00:00:00+00:00,2.154,1.345,,,,,,,,,,
2018-02-06 00:00:00+00:00,2.213,1.3865,,,,,,,,,,
2018-02-07 00:00:00+00:00,2.179,1.363,,,,,,,,,,
2018-02-08 00:00:00+00:00,2.085,1.3008,,,,,,,,,,
2018-02-09 00:00:00+00:00,2.133,1.3326,,,,,,,,,,
2018-02-12 00:00:00+00:00,2.163,1.3536,,,,,,,,,,
2018-02-13 00:00:00+00:00,2.181,1.3654,,,,,,,,,,
2018-02-14 00:00:00+00:00,2.229,1.3977,,,,,,,,,,
2018-02-22 00:00:00+00:00,2.262,1.4201,,,,,,,,,,
2018-02-23 00:00:00+00:00,2.307,1.4495,,,,,,,,,,
2018-02-26 00:00:00+00:00,2.334,1.4682,,,,,,,,,,
2018-02-27 00:00:00+00:00,2.295,1.4425,,,,,,,,,,
2018-02-28 00:00:00+00:00,2.285,1.4356,,,,,,,,,,
2018-03-01 00:00:00+00:00,2.251,1.413,,,,,,,,,,
2018-03-02 00:00:00+00:00,2.271,1.4257,,,,,,,,,,
2018-03-05 00:00:00+00:00,2.299,1.4436,,,,,,,,,,
2018-03-06 00:00:00+00:00,2.308,1.4497,,,,,,,,,,
2018-03-07 00:00:00+00:00,2.31,1.4514,,,,,,,,,,
2018-03-08 00:00:00+00:00,2.321,1.4592,,,,,,,,,,
2018-03-09 00:00:00+00:00,2.375,1.4942,,,,,,,,,,
2018-03-12 00:00:00+00:00,2.38,1.4985,,,,,,,,,,
2018-03-13 00:00:00+00:00,2.347,1.4766,,,,,,,,,,
2018-03-14 00:00:00+00:00,2.344,1.4742,,,,,,,,,,
2018-03-15 00:00:00+00:00,2.339,1.4714,,,,,,,,,,
2018-03-16 00:00:00+00:00,2.342,1.4738,,,,,,,,,,
2018-03-19 00:00:00+00:00,2.288,1.4429,,,,,,,,,,
2018-03-20 00:00:00+00:00,2.292,1.4448,,,,,,,,,,
2018-03-21 00:00:00+00:00,2.286,1.4407,,,,,,,,,,
2018-03-22 00:00:00+00:00,2.22,1.3957,,,,,,,,,,
2018-03-23 00:00:00+00:00,2.166,1.3594,,,,,,,,,,
2018-03-26 00:00:00+00:00,2.244,1.4124,,,,,,,,,,
2018-03-27 00:00:00+00:00,2.157,1.3539,,,,,,,,,,
2018-03-28 00:00:00+00:00,2.135,1.3371,,,,,,,,,,
2018-03-29 00:00:00+00:00,2.183,1.3692,,,,,,,,,,
2018-04-02 00:00:00+00:00,2.111,1.3252,,,,,,,,,,
2018-04-03 00:00:00+00:00,2.135,1.342,,,,,,,,,,
2018-04-04 00:00:00+00:00,2.172,1.3675,,,,,,,,,,
2018-04-09 00:00:00+00:00,2.15,1.351,,,,,,,,,,
2018-04-10 00:00:00+00:00,2.196,1.382,,,,,,,,,,
2018-04-11 00:00:00+00:00,2.179,1.3711,,,,,,,,,,
2018-04-12 00:00:00+00:00,2.2,1.3861,,,,,,,,,,
2018-04-13 00:00:00+00:00,2.192,1.3809,,,,,,,,,,
2018-04-16 00:00:00+00:00,2.207,1.3919,,,,,,,,,,
2018-04-17 00:00:00+00:00,2.249,1.4204,,,,,,,,,,
2018-04-18 00:00:00+00:00,2.257,1.4251,,,,,,,,,,
2018-04-19 00:00:00+00:00,2.239,1.4118,,,,,,,,,,
2018-04-20 00:00:00+00:00,2.205,1.3889,,,,,,,,,,
2018-04-23 00:00:00+00:00,2.204,1.3875,,,,,,,,,,
2018-04-24 00:00:00+00:00,2.163,1.3597,,,,,,,,,,
2018-04-25 00:00:00+00:00,2.16,1.3582,,,,,,,,,,
2018-04-26 00:00:00+00:00,2.213,1.3952,,,,,,,,,,
2018-04-27 00:00:00+00:00,2.218,1.3959,,,,,,,,,,
2018-05-02 00:00:00+00:00,2.222,1.3976,,,,,,,,,,
2018-05-03 00:00:00+00:00,2.224,1.3999,,,,,,,,,,
2018-05-04 00:00:00+00:00,2.26,1.4239,,,,,,,,,,
2018-05-07 00:00:00+00:00,2.279,1.437,,,,,,,,,,
2018-05-08 00:00:00+00:00,2.279,1.4375,,,,,,,,,,
2018-05-09 00:00:00+00:00,2.307,1.4573,,,,,,,,,,
2018-05-10 00:00:00+00:00,2.332,1.4745,,,,,,,,,,
2018-05-11 00:00:00+00:00,2.322,1.467,,,,,,,,,,
2018-05-14 00:00:00+00:00,2.32,1.4655,,,,,,,,,,
2018-05-15 00:00:00+00:00,2.299,1.4502,,,,,,,,,,
2018-05-16 00:00:00+00:00,2.323,1.4668,,,,,,,,,,
2018-05-17 00:00:00+00:00,2.312,1.4584,,,,,,,,,,
2018-05-18 00:00:00+00:00,2.304,1.4519,,,,,,,,,,
2018-05-21 00:00:00+00:00,2.319,1.463,,,,,,,,,,
2018-05-22 00:00:00+00:00,2.313,1.4594,,,,,,,,,,
2018-05-23 00:00:00+00:00,2.331,1.4726,,,,,,,,,,
2018-05-24 00:00:00+00:00,2.33,1.4727,,,,,,,,,,
2018-05-25 00:00:00+00:00,2.335,1.4762,,,,,,,,,,
2018-05-29 00:00:00+00:00,2.329,1.4718,,,,,,,,,,
2018-05-30 00:00:00+00:00,2.352,1.4877,,,,,,,,,,
2018-05-31 00:00:00+00:00,2.347,1.4839,,,,,,,,,,
2018-06-01 00:00:00+00:00,2.382,1.5087,,,,,,,,,,
2018-06-04 00:00:00+00:00,2.407,1.5253,,,,,,,,,,
2018-06-05 00:00:00+00:00,2.413,1.5296,,,,,,,,,,
2018-06-06 00:00:00+00:00,2.424,1.5365,,,,,,,,,,
2018-06-07 00:00:00+00:00,2.4,1.5206,,,,,,,,,,
2018-06-08 00:00:00+00:00,2.404,1.5221,,,,,,,,,,
2018-06-11 00:00:00+00:00,2.412,1.5261,,,,,,,,,,
2018-06-12 00:00:00+00:00,2.428,1.5364,,,,,,,,,,
2018-06-13 00:00:00+00:00,2.427,1.5364,,,,,,,,,,
2018-06-14 00:00:00+00:00,2.447,1.5491,,,,,,,,,,
2018-06-15 00:00:00+00:00,2.452,1.5515,,,,,,,,,,
2018-06-19 00:00:00+00:00,2.439,1.5428,,,,,,,,,,
2018-06-20 00:00:00+00:00,2.47,1.5634,,,,,,,,,,
2018-06-21 00:00:00+00:00,2.453,1.551,,,,,,,,,,
2018-06-22 00:00:00+00:00,2.451,1.5487,,,,,,,,,,
2018-06-25 00:00:00+00:00,2.401,1.5137,,,,,,,,,,
2018-06-26 00:00:00+00:00,2.421,1.5273,,,,,,,,,,
2018-06-27 00:00:00+00:00,2.4,1.5127,,,,,,,,,,
2018-06-28 00:00:00+00:00,2.434,1.5362,,,,,,,,,,
2018-06-29 00:00:00+00:00,2.445,1.5432,,,,,,,,,,
2018-06-30 00:00:00+00:00,2.445,1.5431,,,,,,,,,,
2018-07-02 00:00:00+00:00,2.464,1.5555,,,,,,,,,,
2018-07-03 00:00:00+00:00,2.448,1.5431,,,,,,,,,,
2018-07-05 00:00:00+00:00,2.467,1.5569,,,,,,,,,,
2018-07-06 00:00:00+00:00,2.511,1.5857,,,,,,,,,,
2018-07-09 00:00:00+00:00,2.536,1.6012,,,,,,,,,,
2018-07-10 00:00:00+00:00,2.533,1.5991,,,,,,,,,,
2018-07-11 00:00:00+00:00,2.518,1.5906,,,,,,,,,,
2018-07-12 00:00:00+00:00,2.578,1.627,,,,,,,,,,
2018-07-13 00:00:00+00:00,2.581,1.6289,,,,,,,,,,
2018-07-16 00:00:00+00:00,2.573,1.6246,,,,,,,,,,
2018-07-17 00:00:00+00:00,2.594,1.6374,,,,,,,,,,
2018-07-18 00:00:00+00:00,2.591,1.6361,,,,,,,,,,
2018-07-19 00:00:00+00:00,2.584,1.6315,,,,,,,,,,
2018-07-20 00:00:00+00:00,2.605,1.6455,,,,,,,,,,
2018-07-23 00:00:00+00:00,2.613,1.6489,,,,,,,,,,
2018-07-24 00:00:00+00:00,2.634,1.6631,,,,,,,,,,
2018-07-25 00:00:00+00:00,2.674,1.6887,,,,,,,,,,
2018-07-26 00:00:00+00:00,2.627,1.656,,,,,,,,,,
2018-07-27 00:00:00+00:00,2.598,1.6394,,,,,,,,,,
2018-07-30 00:00:00+00:00,2.57,1.6201,,,,,,,,,,
2018-07-31 00:00:00+00:00,2.586,1.6284,,,,,,,,,,
2018-08-01 00:00:00+00:00,2.604,1.6404,,,,,,,,,,
2018-08-02 00:00:00+00:00,2.625,1.6538,,,,,,,,,,
2018-08-03 00:00:00+00:00,2.649,1.6676,,,,,,,,,,
2018-08-06 00:00:00+00:00,2.672,1.6816,,,,,,,,,,
2018-08-07 00:00:00+00:00,2.678,1.6855,,,,,,,,,,
2018-08-08 00:00:00+00:00,2.674,1.6834,,,,,,,,,,
2018-08-09 00:00:00+00:00,2.673,1.6832,,,,,,,,,,
2018-08-10 00:00:00+00:00,2.658,1.6723,,,,,,,,,,
2018-08-13 00:00:00+00:00,2.663,1.6751,,,,,,,,,,
2018-08-14 00:00:00+00:00,2.681,1.6879,,,,,,,,,,
2018-08-15 00:00:00+00:00,2.654,1.6695,,,,,,,,,,
2018-08-16 00:00:00+00:00,2.664,1.6763,,,,,,,,,,
2018-08-17 00:00:00+00:00,2.663,1.6755,,,,,,,,,,
2018-08-20 00:00:00+00:00,2.655,1.6697,,,,,,,,,,
2018-08-21 00:00:00+00:00,2.651,1.6668,,,,,,,,,,
2018-08-22 00:00:00+00:00,2.658,1.6722,,,,,,,,,,
2018-08-23 00:00:00+00:00,2.658,1.6719,,,,,,,,,,
2018-08-24 00:00:00+00:00,2.697,1.6979,,,,,,,,,,
2018-08-27 00:00:00+00:00,2.716,1.7109,,,,,,,,,,
2018-08-28 00:00:00+00:00,2.702,1.7025,,,,,,,,,,
2018-08-29 00:00:00+00:00,2.735,1.7251,,,,,,,,,,
2018-08-30 00:00:00+00:00,2.73,1.7222,,,,,,,,,,
2018-08-31 00:00:00+00:00,2.74,1.7282,,,,,,,,,,
2018-09-04 00:00:00+00:00,2.726,1.7192,,,,,,,,,,
2018-09-05 00:00:00+00:00,2.693,1.6956,,,,,,,,,,
2018-09-06 00:00:00+00:00,2.666,1.6767,,,,,,,,,,
2018-09-07 00:00:00+00:00,2.658,1.671,,,,,,,,,,
2018-09-10 00:00:00+00:00,2.671,1.6786,,,,,,,,,,
2018-09-11 00:00:00+00:00,2.696,1.6948,,,,,,,,,,
2018-09-12 00:00:00+00:00,2.691,1.6911,,,,,,,,,,
2018-09-13 00:00:00+00:00,2.715,1.7066,,,,,,,,,,
2018-09-14 00:00:00+00:00,2.705,1.6997,,,,,,,,,,
2018-09-17 00:00:00+00:00,2.671,1.6772,,,,,,,,,,
2018-09-18 00:00:00+00:00,2.694,1.6922,,,,,,,,,,
2018-09-19 00:00:00+00:00,2.693,1.6917,,,,,,,,,,
2018-09-20 00:00:00+00:00,2.721,1.7086,,,,,,,,,,
2018-09-21 00:00:00+00:00,2.699,1.6953,,,,,,,,,,
2018-09-25 00:00:00+00:00,2.715,1.7051,,,,,,,,,,
2018-09-26 00:00:00+00:00,2.719,1.7077,,,,,,,,,,
2018-09-27 00:00:00+00:00,2.746,1.7247,,,,,,,,,,
2018-09-28 00:00:00+00:00,2.751,1.7274,,,,,,,,,,
2018-10-08 00:00:00+00:00,2.66,1.6686,,,,,,,,,,
2018-10-09 00:00:00+00:00,2.668,1.6739,,,,,,,,,,
2018-10-10 00:00:00+00:00,2.55,1.6005,,,,,,,,,,
2018-10-11 00:00:00+00:00,2.524,1.5856,,,,,,,,,,
2018-10-12 00:00:00+00:00,2.592,1.6286,,,,,,,,,,
2018-10-15 00:00:00+00:00,2.561,1.6084,,,,,,,,,,
2018-10-16 00:00:00+00:00,2.637,1.6568,,,,,,,,,,
2018-10-17 00:00:00+00:00,2.636,1.6553,,,,,,,,,,
2018-10-18 00:00:00+00:00,2.583,1.6198,,,,,,,,,,
2018-10-19 00:00:00+00:00,2.583,1.619,,,,,,,,,,
2018-10-22 00:00:00+00:00,2.59,1.6242,,,,,,,,,,
2018-10-23 00:00:00+00:00,2.584,1.621,,,,,,,,,,
2018-10-24 00:00:00+00:00,2.467,1.5432,,,,,,,,,,
2018-10-25 00:00:00+00:00,2.547,1.5943,,,,,,,,,,
2018-10-26 00:00:00+00:00,2.493,1.5619,,,,,,,,,,
2018-10-29 00:00:00+00:00,2.436,1.5249,,,,,,,,,,
2018-10-30 00:00:00+00:00,2.478,1.5512,,,,,,,,,,
2018-10-31 00:00:00+00:00,2.538,1.5906,,,,,,,,,,
2018-11-01 00:00:00+00:00,2.578,1.6155,,,,,,,,,,
2018-11-02 00:00:00+00:00,2.53,1.5846,,,,,,,,,,
2018-11-05 00:00:00+00:00,2.504,1.5684,,,,,,,,,,
2018-11-06 00:00:00+00:00,2.527,1.5828,,,,,,,,,,
2018-11-07 00:00:00+00:00,2.603,1.6317,,,,,,,,,,
2018-11-08 00:00:00+00:00,2.591,1.624,,,,,,,,,,
2018-11-09 00:00:00+00:00,2.554,1.5992,,,,,,,,,,
2018-11-12 00:00:00+00:00,2.484,1.5541,,,,,,,,,,
2018-11-13 00:00:00+00:00,2.49,1.5579,,,,,,,,,,
2018-11-14 00:00:00+00:00,2.46,1.5388,,,,,,,,,,
2018-11-15 00:00:00+00:00,2.504,1.5676,,,,,,,,,,
2018-11-16 00:00:00+00:00,2.493,1.5616,,,,,,,,,,
2018-11-19 00:00:00+00:00,2.406,1.5065,,,,,,,,,,
2018-11-20 00:00:00+00:00,2.368,1.4801,,,,,,,,,,
2018-11-21 00:00:00+00:00,2.391,1.4949,,,,,,,,,,
2018-11-23 00:00:00+00:00,2.368,1.4806,,,,,,,,,,
2018-11-26 00:00:00+00:00,2.428,1.5182,,,,,,,,,,
2018-11-27 00:00:00+00:00,2.436,1.5241,,,,,,,,,,
2018-11-28 00:00:00+00:00,2.515,1.5737,,,,,,,,,,
2018-11-29 00:00:00+00:00,2.502,1.5661,,,,,,,,,,
2018-11-30 00:00:00+00:00,2.522,1.5782,,,,,,,,,,
2018-12-03 00:00:00+00:00,2.568,1.607,,,,,,,,,,
2018-12-04 00:00:00+00:00,2.453,1.5335,,,,,,,,,,
2018-12-06 00:00:00+00:00,2.456,1.5358,,,,,,,,,,
2018-12-07 00:00:00+00:00,2.378,1.4854,,,,,,,,,,
2018-12-10 00:00:00+00:00,2.404,1.5032,,,,,,,,,,
2018-12-11 00:00:00+00:00,2.422,1.5142,,,,,,,,,,
2018-12-12 00:00:00+00:00,2.446,1.5295,,,,,,,,,,
2018-12-13 00:00:00+00:00,2.437,1.5232,,,,,,,,,,
2018-12-14 00:00:00+00:00,2.375,1.4838,,,,,,,,,,
2018-12-17 00:00:00+00:00,2.329,1.4535,,,,,,,,,,
2018-12-18 00:00:00+00:00,2.342,1.4617,,,,,,,,,,
2018-12-19 00:00:00+00:00,2.29,1.4283,,,,,,,,,,
2018-12-20 00:00:00+00:00,2.258,1.4076,,,,,,,,,,
2018-12-21 00:00:00+00:00,2.184,1.3625,,,,,,,,,,
2018-12-24 00:00:00+00:00,2.137,1.3326,,,,,,,,,,
2018-12-26 00:00:00+00:00,2.261,1.415,,,,,,,,,,
2018-12-27 00:00:00+00:00,2.272,1.4217,,,,,,,,,,
2018-12-28 00:00:00+00:00,2.261,1.4148,,,,,,,,,,
2018-12-31 00:00:00+00:00,2.277,1.4248,,,,,,,,,,
2019-01-02 00:00:00+00:00,2.284,1.4292,,,,,,,,,,
2019-01-03 00:00:00+00:00,2.21,1.3832,,,,,,,,,,
2019-01-04 00:00:00+00:00,2.305,1.4444,,,,,,,,,,
2019-01-07 00:00:00+00:00,2.325,1.4572,,,,,,,,,,
2019-01-08 00:00:00+00:00,2.343,1.4691,,,,,,,,,,
2019-01-09 00:00:00+00:00,2.364,1.4838,,,,,,,,,,
2019-01-10 00:00:00+00:00,2.358,1.4802,,,,,,,,,,
2019-01-11 00:00:00+00:00,2.342,1.4701,,,,,,,,,,
2019-01-14 00:00:00+00:00,2.309,1.4484,,,,,,,,,,
2019-01-15 00:00:00+00:00,2.353,1.4768,,,,,,,,,,
2019-01-16 00:00:00+00:00,2.355,1.4781,,,,,,,,,,
2019-01-17 00:00:00+00:00,2.372,1.4881,,,,,,,,,,
2019-01-18 00:00:00+00:00,2.398,1.5043,,,,,,,,,,
2019-01-21 00:00:00+00:00,2.401,,,,,,,,,,,
2019-01-22 00:00:00+00:00,2.356,1.477,,,,,,,,,,
2019-01-23 00:00:00+00:00,2.363,1.482,,,,,,,,,,
2019-01-24 00:00:00+00:00,2.373,1.4868,,,,,,,,,,
2019-01-25 00:00:00+00:00,2.408,1.5099,,,,,,,,,,
2019-01-28 00:00:00+00:00,2.36,1.479,,,,,,,,,,
2019-01-29 00:00:00+00:00,2.333,1.4615,,,,,,,,,,
2019-01-30 00:00:00+00:00,2.395,1.5011,,,,,,,,,,
2019-01-31 00:00:00+00:00,2.418,1.5151,,,,,,,,,,
2019-02-01 00:00:00+00:00,2.409,1.5082,,,,,,,,,,
2019-02-11 00:00:00+00:00,2.436,1.5246,,,,,,,,,,
2019-02-12 00:00:00+00:00,2.483,1.554,,,,,,,,,,
2019-02-13 00:00:00+00:00,2.48,1.552,,,,,,,,,,
2019-02-14 00:00:00+00:00,2.486,1.5558,,,,,,,,,,
2019-02-15 00:00:00+00:00,2.493,1.5595,,,,,,,,,,
2019-02-18 00:00:00+00:00,2.494,,,,,,,,,,,
2019-02-19 00:00:00+00:00,2.497,1.5621,,,,,,,,,,
2019-02-20 00:00:00+00:00,2.494,1.5596,,,,,,,,,,
2019-02-21 00:00:00+00:00,2.472,1.5454,,,,,,,,,,
2019-02-22 00:00:00+00:00,2.488,1.5562,,,,,,,,,,
2019-02-25 00:00:00+00:00,2.496,1.5614,,,,,,,,,,
2019-02-26 00:00:00+00:00,2.492,1.5589,,,,,,,,,,
2019-02-27 00:00:00+00:00,2.486,1.5557,,,,,,,,,,
2019-02-28 00:00:00+00:00,2.481,1.5519,,,,,,,,,,
2019-03-01 00:00:00+00:00,2.502,1.5655,,,,,,,,,,
2019-03-04 00:00:00+00:00,2.504,1.5679,,,,,,,,,,
2019-03-05 00:00:00+00:00,2.504,1.5678,,,,,,,,,,
2019-03-06 00:00:00+00:00,2.491,1.5594,,,,,,,,,,
2019-03-07 00:00:00+00:00,2.463,1.5414,,,,,,,,,,
2019-03-08 00:00:00+00:00,2.464,1.5424,,,,,,,,,,
2019-03-11 00:00:00+00:00,2.515,1.5741,,,,,,,,,,
2019-03-12 00:00:00+00:00,2.525,1.581,,,,,,,,,,
2019-03-13 00:00:00+00:00,2.544,1.5932,,,,,,,,,,
2019-03-14 00:00:00+00:00,2.535,1.586,,,,,,,,,,
2019-03-15 00:00:00+00:00,2.564,1.6049,,,,,,,,,,
2019-03-18 00:00:00+00:00,2.567,1.6067,,,,,,,,,,
2019-03-19 00:00:00+00:00,2.574,1.6105,,,,,,,,,,
2019-03-20 00:00:00+00:00,2.586,1.6191,,,,,,,,,,
2019-03-21 00:00:00+00:00,2.615,1.6368,,,,,,,,,,
2019-03-22 00:00:00+00:00,2.561,1.6014,,,,,,,,,,
2019-03-25 00:00:00+00:00,2.563,1.6023,,,,,,,,,,
2019-03-26 00:00:00+00:00,2.573,1.6081,,,,,,,,,,
2019-03-27 00:00:00+00:00,2.562,1.6008,,,,,,,,,,
2019-03-28 00:00:00+00:00,2.571,1.6059,,,,,,,,,,
2019-03-29 00:00:00+00:00,2.594,1.6203,,,,,,,,,,
2019-04-01 00:00:00+00:00,2.623,1.6386,,,,,,,,,,
2019-04-02 00:00:00+00:00,2.629,1.6428,,,,,,,,,,
2019-04-03 00:00:00+00:00,2.647,1.6535,,,,,,,,,,
2019-04-04 00:00:00+00:00,2.64,1.6493,,,,,,,,,,
2019-04-08 00:00:00+00:00,2.666,1.6657,,,,,,,,,,
2019-04-09 00:00:00+00:00,2.653,1.6577,,,,,,,,,,
2019-04-10 00:00:00+00:00,2.666,1.6664,,,,,,,,,,
2019-04-11 00:00:00+00:00,2.659,1.6614,,,,,,,,,,
2019-04-12 00:00:00+00:00,2.678,1.6737,,,,,,,,,,
2019-04-15 00:00:00+00:00,2.673,1.6704,,,,,,,,,,
2019-04-16 00:00:00+00:00,2.682,1.6757,,,,,,,,,,
2019-04-17 00:00:00+00:00,2.691,1.6805,,,,,,,,,,
2019-04-18 00:00:00+00:00,2.687,1.6782,,,,,,,,,,
2019-04-19 00:00:00+00:00,2.692,1.6813,,,,,,,,,,
2019-04-22 00:00:00+00:00,2.699,1.6864,,,,,,,,,,
2019-04-23 00:00:00+00:00,2.735,1.7102,,,,,,,,,,
2019-04-24 00:00:00+00:00,2.732,1.7083,,,,,,,,,,
2019-04-25 00:00:00+00:00,2.745,1.7167,,,,,,,,,,
2019-04-26 00:00:00+00:00,2.749,1.7202,,,,,,,,,,
2019-04-29 00:00:00+00:00,2.752,1.7215,,,,,,,,,,
2019-04-30 00:00:00+00:00,2.733,1.7078,,,,,,,,,,
2019-05-06 00:00:00+00:00,2.74,1.7109,,,,,,,,,,
2019-05-07 00:00:00+00:00,2.698,1.6842,,,,,,,,,,
2019-05-08 00:00:00+00:00,2.69,1.6786,,,,,,,,,,
2019-05-09 00:00:00+00:00,2.68,1.6704,,,,,,,,,,
2019-05-10 00:00:00+00:00,2.692,1.6763,,,,,,,,,,
2019-05-13 00:00:00+00:00,2.597,1.6158,,,,,,,,,,
2019-05-14 00:00:00+00:00,2.639,1.6407,,,,,,,,,,
2019-05-15 00:00:00+00:00,2.686,1.6693,,,,,,,,,,
2019-05-16 00:00:00+00:00,2.714,1.6868,,,,,,,,,,
2019-05-17 00:00:00+00:00,2.692,1.6718,,,,,,,,,,
2019-05-20 00:00:00+00:00,2.651,1.6445,,,,,,,,,,
2019-05-21 00:00:00+00:00,2.677,1.6621,,,,,,,,,,
2019-05-22 00:00:00+00:00,2.666,1.6539,,,,,,,,,,
2019-05-23 00:00:00+00:00,2.626,1.6263,,,,,,,,,,
2019-05-24 00:00:00+00:00,2.624,1.6254,,,,,,,,,,
2019-05-27 00:00:00+00:00,2.621,1.623,,,,,,,,,,
2019-05-28 00:00:00+00:00,2.615,1.6187,,,,,,,,,,
2019-05-29 00:00:00+00:00,2.593,1.602,,,,,,,,,,
2019-05-30 00:00:00+00:00,2.604,1.6101,,,,,,,,,,
2019-05-31 00:00:00+00:00,2.562,1.5791,,,,,,,,,,
2019-06-03 00:00:00+00:00,2.504,1.5367,,,,,,,,,,
2019-06-04 00:00:00+00:00,2.567,1.584,,,,,,,,,,
2019-06-05 00:00:00+00:00,2.589,1.5991,,,,,,,,,,
2019-06-06 00:00:00+00:00,2.611,1.6141,,,,,,,,,,
2019-06-10 00:00:00+00:00,2.691,1.6733,,,,,,,,,,
2019-06-11 00:00:00+00:00,2.695,1.6761,,,,,,,,,,
2019-06-12 00:00:00+00:00,2.68,1.6655,,,,,,,,,,
2019-06-13 00:00:00+00:00,2.695,1.6762,,,,,,,,,,
2019-06-14 00:00:00+00:00,2.683,1.6681,,,,,,,,,,
2019-06-17 00:00:00+00:00,2.7,1.6801,,,,,,,,,,
2019-06-18 00:00:00+00:00,2.739,1.7062,,,,,,,,,,
2019-06-19 00:00:00+00:00,2.749,1.712,,,,,,,,,,
2019-06-20 00:00:00+00:00,2.771,1.7265,,,,,,,,,,
2019-06-21 00:00:00+00:00,2.754,1.7156,,,,,,,,,,
2019-06-24 00:00:00+00:00,2.753,1.7146,,,,,,,,,,
2019-06-25 00:00:00+00:00,2.709,1.6836,,,,,,,,,,
2019-06-26 00:00:00+00:00,2.726,1.6956,,,,,,,,,,
2019-06-27 00:00:00+00:00,2.74,1.7045,,,,,,,,,,
2019-06-28 00:00:00+00:00,2.743,1.7062,,,,,,,,,,
2019-06-30 00:00:00+00:00,2.743,1.7059,,,,,,,,,,
2019-07-01 00:00:00+00:00,2.776,1.7259,,,,,,,,,,
2019-07-02 00:00:00+00:00,2.78,1.7285,,,,,,,,,,
2019-07-03 00:00:00+00:00,2.806,1.7442,,,,,,,,,,
2019-07-04 00:00:00+00:00,2.809,1.7456,,,,,,,,,,
2019-07-05 00:00:00+00:00,2.802,1.7416,,,,,,,,,,
2019-07-08 00:00:00+00:00,2.789,1.7329,,,,,,,,,,
2019-07-09 00:00:00+00:00,2.803,1.7415,,,,,,,,,,
2019-07-10 00:00:00+00:00,2.83,1.7584,,,,,,,,,,
2019-07-11 00:00:00+00:00,2.821,1.7525,,,,,,,,,,
2019-07-12 00:00:00+00:00,2.836,1.7627,,,,,,,,,,
2019-07-15 00:00:00+00:00,2.845,1.7675,,,,,,,,,,
2019-07-16 00:00:00+00:00,2.832,1.7593,,,,,,,,,,
2019-07-17 00:00:00+00:00,2.823,1.7528,,,,,,,,,,
2019-07-18 00:00:00+00:00,2.826,1.7555,,,,,,,,,,
2019-07-19 00:00:00+00:00,2.796,1.7385,,,,,,,,,,
2019-07-22 00:00:00+00:00,2.826,1.7576,,,,,,,,,,
2019-07-23 00:00:00+00:00,2.846,1.7699,,,,,,,,,,
2019-07-24 00:00:00+00:00,2.867,1.7824,,,,,,,,,,
2019-07-25 00:00:00+00:00,2.834,1.762,,,,,,,,,,
2019-07-26 00:00:00+00:00,2.866,1.782,,,,,,,,,,
2019-07-29 00:00:00+00:00,2.857,1.7763,,,,,,,,,,
2019-07-30 00:00:00+00:00,2.846,1.7691,,,,,,,,,,
2019-07-31 00:00:00+00:00,2.808,1.7475,,,,,,,,,,
2019-08-01 00:00:00+00:00,2.794,1.7392,,,,,,,,,,
2019-08-02 00:00:00+00:00,2.758,1.7168,,,,,,,,,,
2019-08-05 00:00:00+00:00,2.666,1.6607,,,,,,,,,,
2019-08-06 00:00:00+00:00,2.722,1.6951,,,,,,,,,,
2019-08-07 00:00:00+00:00,2.745,1.7083,,,,,,,,,,
2019-08-08 00:00:00+00:00,2.81,1.7471,,,,,,,,,,
2019-08-09 00:00:00+00:00,2.786,1.7329,,,,,,,,,,
2019-08-12 00:00:00+00:00,2.758,1.7155,,,,,,,,,,
2019-08-13 00:00:00+00:00,2.823,1.7559,,,,,,,,,,
2019-08-14 00:00:00+00:00,2.736,1.7023,,,,,,,,,,
2019-08-15 00:00:00+00:00,2.733,1.6994,,,,,,,,,,
2019-08-16 00:00:00+00:00,2.778,1.7265,,,,,,,,,,
2019-08-19 00:00:00+00:00,2.822,1.7532,,,,,,,,,,
2019-08-20 00:00:00+00:00,2.805,1.7432,,,,,,,,,,
2019-08-21 00:00:00+00:00,2.83,1.758,,,,,,,,,,
2019-08-22 00:00:00+00:00,2.822,1.7528,,,,,,,,,,
2019-08-23 00:00:00+00:00,2.737,1.7008,,,,,,,,,,
2019-08-26 00:00:00+00:00,2.777,1.7238,,,,,,,,,,
2019-08-27 00:00:00+00:00,2.782,1.7265,,,,,,,,,,
2019-08-28 00:00:00+00:00,2.791,1.7322,,,,,,,,,,
2019-08-29 00:00:00+00:00,2.834,1.7585,,,,,,,,,,
2019-08-30 00:00:00+00:00,2.831,1.7561,,,,,,,,,,
2019-09-02 00:00:00+00:00,2.831,1.7556,,,,,,,,,,
2019-09-03 00:00:00+00:00,2.801,1.7369,,,,,,,,,,
2019-09-04 00:00:00+00:00,2.841,1.7611,,,,,,,,,,
2019-09-05 00:00:00+00:00,2.892,1.7932,,,,,,,,,,
2019-09-06 00:00:00+00:00,2.889,1.7904,,,,,,,,,,
2019-09-09 00:00:00+00:00,2.881,1.7859,,,,,,,,,,
2019-09-10 00:00:00+00:00,2.874,1.7823,,,,,,,,,,
2019-09-11 00:00:00+00:00,2.901,1.7992,,,,,,,,,,
2019-09-12 00:00:00+00:00,2.912,1.8054,,,,,,,,,,
2019-09-16 00:00:00+00:00,2.881,1.7856,,,,,,,,,,
2019-09-17 00:00:00+00:00,2.897,1.7948,,,,,,,,,,
2019-09-18 00:00:00+00:00,2.897,1.795,,,,,,,,,,
2019-09-19 00:00:00+00:00,2.901,1.7974,,,,,,,,,,
2019-09-20 00:00:00+00:00,2.872,1.7797,,,,,,,,,,
2019-09-23 00:00:00+00:00,2.871,1.778,,,,,,,,,,
2019-09-24 00:00:00+00:00,2.831,1.7534,,,,,,,,,,
2019-09-25 00:00:00+00:00,2.865,1.7744,,,,,,,,,,
2019-09-26 00:00:00+00:00,2.853,1.7663,,,,,,,,,,
2019-09-27 00:00:00+00:00,2.821,1.7462,,,,,,,,,,
2019-09-30 00:00:00+00:00,2.845,1.7608,,,,,,,,,,
2019-10-08 00:00:00+00:00,2.792,1.7271,,,,,,,,,,
2019-10-09 00:00:00+00:00,2.824,1.7463,,,,,,,,,,
2019-10-10 00:00:00+00:00,2.842,1.7575,,,,,,,,,,
2019-10-11 00:00:00+00:00,2.88,1.7807,,,,,,,,,,
2019-10-14 00:00:00+00:00,2.879,1.7793,,,,,,,,,,
2019-10-15 00:00:00+00:00,2.915,1.8019,,,,,,,,,,
2019-10-16 00:00:00+00:00,2.909,1.7976,,,,,,,,,,
2019-10-17 00:00:00+00:00,2.918,1.8034,,,,,,,,,,
2019-10-18 00:00:00+00:00,2.887,1.7841,,,,,,,,,,
2019-10-21 00:00:00+00:00,2.912,1.7992,,,,,,,,,,
2019-10-22 00:00:00+00:00,2.887,1.7846,,,,,,,,,,
2019-10-23 00:00:00+00:00,2.897,1.7906,,,,,,,,,,
2019-10-24 00:00:00+00:00,2.923,1.8054,,,,,,,,,,
2019-10-25 00:00:00+00:00,2.948,1.8208,,,,,,,,,,
2019-10-28 00:00:00+00:00,2.978,1.839,,,,,,,,,,
2019-10-29 00:00:00+00:00,2.949,1.8203,,,,,,,,,,
2019-10-30 00:00:00+00:00,2.961,1.8269,,,,,,,,,,
2019-10-31 00:00:00+00:00,2.96,1.826,,,,,,,,,,
2019-11-01 00:00:00+00:00,2.984,1.8412,,,,,,,,,,
2019-11-04 00:00:00+00:00,2.999,1.8512,,,,,,,,,,
2019-11-05 00:00:00+00:00,2.999,1.8512,,,,,,,,,,
2019-11-06 00:00:00+00:00,2.982,1.8399,,,,,,,,,,
2019-11-07 00:00:00+00:00,2.988,1.844,,,,,,,,,,
2019-11-08 00:00:00+00:00,2.999,1.8511,,,,,,,,,,
2019-11-11 00:00:00+00:00,2.993,1.847,,,,,,,,,,
2019-11-12 00:00:00+00:00,3.004,1.8536,,,,,,,,,,
2019-11-13 00:00:00+00:00,3.004,1.8539,,,,,,,,,,
2019-11-14 00:00:00+00:00,3.006,1.854,,,,,,,,,,
2019-11-15 00:00:00+00:00,3.027,1.8672,,,,,,,,,,
2019-11-18 00:00:00+00:00,3.029,1.868,,,,,,,,,,
2019-11-19 00:00:00+00:00,3.032,1.8692,,,,,,,,,,
2019-11-20 00:00:00+00:00,3.017,1.8597,,,,,,,,,,
2019-11-21 00:00:00+00:00,3.015,1.8588,,,,,,,,,,
2019-11-22 00:00:00+00:00,3.021,1.8626,,,,,,,,,,
2019-11-25 00:00:00+00:00,3.061,1.8869,,,,,,,,,,
2019-11-26 00:00:00+00:00,3.064,1.8881,,,,,,,,,,
2019-11-27 00:00:00+00:00,3.086,1.9011,,,,,,,,,,
2019-11-28 00:00:00+00:00,3.083,1.8988,,,,,,,,,,
2019-11-29 00:00:00+00:00,3.069,1.8902,,,,,,,,,,
2019-12-02 00:00:00+00:00,3.032,1.8675,,,,,,,,,,
2019-12-03 00:00:00+00:00,3.01,1.8552,,,,,,,,,,
2019-12-04 00:00:00+00:00,3.032,1.8675,,,,,,,,,,
2019-12-05 00:00:00+00:00,3.043,1.8737,,,,,,,,,,
2019-12-06 00:00:00+00:00,3.069,1.8889,,,,,,,,,,
2019-12-09 00:00:00+00:00,3.057,1.8807,,,,,,,,,,
2019-12-10 00:00:00+00:00,3.054,1.8793,,,,,,,,,,
2019-12-11 00:00:00+00:00,3.071,1.8892,,,,,,,,,,
2019-12-12 00:00:00+00:00,3.089,1.8994,,,,,,,,,,
2019-12-13 00:00:00+00:00,3.093,1.9017,,,,,,,,,,
2019-12-16 00:00:00+00:00,3.112,1.9133,,,,,,,,,,
2019-12-17 00:00:00+00:00,3.116,1.9156,,,,,,,,,,
2019-12-18 00:00:00+00:00,3.118,1.9165,,,,,,,,,,
2019-12-19 00:00:00+00:00,3.142,1.9306,,,,,,,,,,
2019-12-20 00:00:00+00:00,3.156,1.9378,,,,,,,,,,
2019-12-23 00:00:00+00:00,3.167,1.9449,,,,,,,,,,
2019-12-24 00:00:00+00:00,3.168,1.945,,,,,,,,,,
2019-12-25 00:00:00+00:00,3.166,1.9434,,,,,,,,,,
2019-12-26 00:00:00+00:00,3.184,1.9552,,,,,,,,,,
2019-12-27 00:00:00+00:00,3.185,1.9551,,,,,,,,,,
2019-12-30 00:00:00+00:00,3.16,1.9397,,,,,,,,,,
2019-12-31 00:00:00+00:00,3.166,1.9435,,,,,,,,,,
2020-01-02 00:00:00+00:00,3.21,1.9717,,,,,,,,,,
2020-01-03 00:00:00+00:00,3.185,1.9551,,,,,,,,,,
2020-01-06 00:00:00+00:00,3.206,1.9671,,,,,,,,,,
2020-01-07 00:00:00+00:00,3.204,1.9662,,,,,,,,,,
2020-01-08 00:00:00+00:00,3.218,1.9741,,,,,,,,,,
2020-01-09 00:00:00+00:00,3.247,1.9923,,,,,,,,,,
2020-01-10 00:00:00+00:00,3.232,1.9834,,,,,,,,,,
2020-01-13 00:00:00+00:00,3.266,2.0012,,,,,,,,,,
2020-01-14 00:00:00+00:00,3.239,1.9862,,,,,,,,,,
2020-01-15 00:00:00+00:00,3.235,1.9821,,,,,,,,,,
2020-01-16 00:00:00+00:00,3.265,1.9986,,,,,,,,,,
2020-01-17 00:00:00+00:00,3.285,2.01,,,,,,,,,,
2020-01-20 00:00:00+00:00,3.275,2.0038,,,,,,,,,,
2020-01-21 00:00:00+00:00,3.271,2.0021,,,,,,,,,,
2020-01-22 00:00:00+00:00,3.29,2.0111,,,,,,,,,,
2020-01-23 00:00:00+00:00,3.302,2.0186,,,,,,,,,,
2020-02-03 00:00:00+00:00,3.284,2.0079,,,,,,,,,,
2020-02-04 00:00:00+00:00,3.38,2.0686,,,,,,,,,,
2020-02-05 00:00:00+00:00,3.394,2.0771,,,,,,,,,,
2020-02-06 00:00:00+00:00,3.43,2.0992,,,,,,,,,,
2020-02-07 00:00:00+00:00,3.405,2.0842,,,,,,,,,,
2020-02-10 00:00:00+00:00,3.452,2.112,,,,,,,,,,
2020-02-11 00:00:00+00:00,3.453,2.112,,,,,,,,,,
2020-02-12 00:00:00+00:00,3.48,2.128,,,,,,,,,,
2020-02-13 00:00:00+00:00,3.477,2.1257,,,,,,,,,,
2020-02-14 00:00:00+00:00,3.489,2.1331,,,,,,,,,,
2020-02-17 00:00:00+00:00,3.487,2.1316,,,,,,,,,,
2020-02-18 00:00:00+00:00,3.49,2.1339,,,,,,,,,,
2020-02-19 00:00:00+00:00,3.532,2.1589,,,,,,,,,,
2020-02-20 00:00:00+00:00,3.499,2.139,,,,,,,,,,
2020-02-21 00:00:00+00:00,3.442,2.1043,,,,,,,,,,
2020-02-24 00:00:00+00:00,3.309,2.0238,,,,,,,,,,
2020-02-25 00:00:00+00:00,3.22,1.9701,,,,,,,,,,
2020-02-26 00:00:00+00:00,3.228,1.9754,,,,,,,,,,
2020-02-27 00:00:00+00:00,3.071,1.8817,,,,,,,,,,
2020-02-28 00:00:00+00:00,3.075,1.8883,,,,,,,,,,
2020-03-02 00:00:00+00:00,3.208,1.9728,,,,,,,,,,
2020-03-03 00:00:00+00:00,3.096,1.902,,,,,,,,,,
2020-03-04 00:00:00+00:00,3.223,1.9797,,,,,,,,,,
2020-03-05 00:00:00+00:00,3.119,1.9153,,,,,,,,,,
2020-03-06 00:00:00+00:00,3.065,1.8811,,,,,,,,,,
2020-03-09 00:00:00+00:00,2.856,1.7519,,,,,,,,,,
2020-03-10 00:00:00+00:00,3.007,1.8482,,,,,,,,,,
2020-03-11 00:00:00+00:00,2.889,1.7736,,,,,,,,,,
2020-03-12 00:00:00+00:00,2.628,1.609,,,,,,,,,,
2020-03-13 00:00:00+00:00,2.903,1.7831,,,,,,,,,,
2020-03-16 00:00:00+00:00,2.548,1.5611,,,,,,,,,,
2020-03-17 00:00:00+00:00,2.71,1.6603,,,,,,,,,,
2020-03-18 00:00:00+00:00,2.615,1.6064,,,,,,,,,,
2020-03-19 00:00:00+00:00,2.661,1.633,,,,,,,,,,
2020-03-20 00:00:00+00:00,2.574,1.5777,,,,,,,,,,
2020-03-23 00:00:00+00:00,2.575,1.5782,,,,,,,,,,
2020-03-24 00:00:00+00:00,2.769,1.6984,,,,,,,,,,
2020-03-25 00:00:00+00:00,2.729,1.6754,,,,,,,,,,
2020-03-26 00:00:00+00:00,2.878,1.7638,,,,,,,,,,
2020-03-27 00:00:00+00:00,2.759,1.6939,,,,,,,,,,
2020-03-30 00:00:00+00:00,2.867,1.7554,,,,,,,,,,
2020-03-31 00:00:00+00:00,2.856,1.7508,,,,,,,,,,
2020-04-01 00:00:00+00:00,2.733,1.6766,,,,,,,,,,
2020-04-02 00:00:00+00:00,2.796,1.7156,,,,,,,,,,
2020-04-03 00:00:00+00:00,2.761,1.6945,,,,,,,,,,
2020-04-07 00:00:00+00:00,2.945,1.8039,,,,,,,,,,
2020-04-08 00:00:00+00:00,2.992,1.8316,,,,,,,,,,
2020-04-09 00:00:00+00:00,2.997,1.8348,,,,,,,,,,
2020-04-10 00:00:00+00:00,2.99,1.8302,,,,,,,,,,
2020-04-13 00:00:00+00:00,3.022,1.8491,,,,,,,,,,
2020-04-14 00:00:00+00:00,3.158,1.9269,,,,,,,,,,
2020-04-15 00:00:00+00:00,3.121,1.9061,,,,,,,,,,
2020-04-16 00:00:00+00:00,3.195,1.9485,,,,,,,,,,
2020-04-17 00:00:00+00:00,3.221,1.9636,,,,,,,,,,
2020-04-20 00:00:00+00:00,3.18,1.9395,,,,,,,,,,
2020-04-21 00:00:00+00:00,3.066,1.8742,,,,,,,,,,
2020-04-22 00:00:00+00:00,3.167,1.9324,,,,,,,,,,
2020-04-23 00:00:00+00:00,3.158,1.9268,,,,,,,,,,
2020-04-24 00:00:00+00:00,3.207,1.9557,,,,,,,,,,
2020-04-27 00:00:00+00:00,3.22,1.964,,,,,,,,,,
2020-04-28 00:00:00+00:00,3.162,1.9304,,,,,,,,,,
2020-04-29 00:00:00+00:00,3.273,1.9948,,,,,,,,,,
2020-04-30 00:00:00+00:00,3.275,1.9952,,,,,,,,,,
2020-05-06 00:00:00+00:00,3.274,1.9943,,,,,,,,,,
2020-05-07 00:00:00+00:00,3.328,2.0255,,,,,,,,,,
2020-05-08 00:00:00+00:00,3.365,2.0477,,,,,,,,,,
2020-05-11 00:00:00+00:00,3.393,2.0632,,,,,,,,,,
2020-05-12 00:00:00+00:00,3.331,2.0272,,,,,,,,,,
2020-05-13 00:00:00+00:00,3.288,2.0021,,,,,,,,,,
2020-05-14 00:00:00+00:00,3.326,2.0237,,,,,,,,,,
2020-05-15 00:00:00+00:00,3.347,2.0351,,,,,,,,,,
2020-05-18 00:00:00+00:00,3.416,2.0762,,,,,,,,,,
2020-05-19 00:00:00+00:00,3.399,2.0656,,,,,,,,,,
2020-05-20 00:00:00+00:00,3.47,2.1074,,,,,,,,,,
2020-05-21 00:00:00+00:00,3.427,2.0821,,,,,,,,,,
2020-05-22 00:00:00+00:00,3.444,2.0909,,,,,,,,,,
2020-05-25 00:00:00+00:00,3.456,2.0987,,,,,,,,,,
2020-05-26 00:00:00+00:00,3.451,2.0965,,,,,,,,,,
2020-05-27 00:00:00+00:00,3.46,2.1022,,,,,,,,,,
2020-05-28 00:00:00+00:00,3.459,2.1023,,,,,,,,,,
2020-05-29 00:00:00+00:00,3.511,2.1324,,,,,,,,,,
2020-06-01 00:00:00+00:00,3.527,2.1412,,,,,,,,,,
2020-06-02 00:00:00+00:00,3.541,2.1492,,,,,,,,,,
2020-06-03 00:00:00+00:00,3.553,2.1561,,,,,,,,,,
2020-06-04 00:00:00+00:00,3.524,2.1389,,,,,,,,,,
2020-06-05 00:00:00+00:00,3.592,2.1794,,,,,,,,,,
2020-06-08 00:00:00+00:00,3.616,2.193,,,,,,,,,,
2020-06-09 00:00:00+00:00,3.633,2.2023,,,,,,,,,,
2020-06-10 00:00:00+00:00,3.678,2.2291,,,,,,,,,,
2020-06-11 00:00:00+00:00,3.49,2.1172,,,,,,,,,,
2020-06-12 00:00:00+00:00,3.529,2.1409,,,,,,,,,,
2020-06-15 00:00:00+00:00,3.571,2.1654,,,,,,,,,,
2020-06-16 00:00:00+00:00,3.627,2.1984,,,,,,,,,,
2020-06-17 00:00:00+00:00,3.645,2.209,,,,,,,,,,
2020-06-18 00:00:00+00:00,3.656,2.216,,,,,,,,,,
2020-06-19 00:00:00+00:00,3.656,2.2154,,,,,,,,,,
2020-06-22 00:00:00+00:00,3.697,2.2399,,,,,,,,,,
2020-06-23 00:00:00+00:00,3.717,2.2511,,,,,,,,,,
2020-06-24 00:00:00+00:00,3.636,2.2023,,,,,,,,,,
2020-06-29 00:00:00+00:00,3.632,2.201,,,,,,,,,,
2020-06-30 00:00:00+00:00,3.703,2.2432,,,,,,,,,,
2020-07-01 00:00:00+00:00,3.743,2.2669,,,,,,,,,,
2020-07-02 00:00:00+00:00,3.758,2.2761,,,,,,,,,,
2020-07-03 00:00:00+00:00,3.762,2.2784,,,,,,,,,,
2020-07-06 00:00:00+00:00,3.858,2.3364,,,,,,,,,,
2020-07-07 00:00:00+00:00,3.811,2.307,,,,,,,,,,
2020-07-08 00:00:00+00:00,3.857,2.3345,,,,,,,,,,
2020-07-09 00:00:00+00:00,3.883,2.349,,,,,,,,,,
2020-07-10 00:00:00+00:00,3.904,2.3618,,,,,,,,,,
2020-07-13 00:00:00+00:00,3.821,2.312,,,,,,,,,,
2020-07-14 00:00:00+00:00,3.854,2.3315,,,,,,,,,,
2020-07-15 00:00:00+00:00,3.857,2.3339,,,,,,,,,,
2020-07-16 00:00:00+00:00,3.826,2.3148,,,,,,,,,,
2020-07-17 00:00:00+00:00,3.84,2.3232,,,,,,,,,,
2020-07-20 00:00:00+00:00,3.945,2.3858,,,,,,,,,,
2020-07-21 00:00:00+00:00,3.899,2.3581,,,,,,,,,,
2020-07-22 00:00:00+00:00,3.904,2.3607,,,,,,,,,,
2020-07-23 00:00:00+00:00,3.81,2.3057,,,,,,,,,,
2020-07-24 00:00:00+00:00,3.776,2.2854,,,,,,,,,,
2020-07-27 00:00:00+00:00,3.849,2.3288,,,,,,,,,,
2020-07-28 00:00:00+00:00,3.791,2.2939,,,,,,,,,,
2020-07-29 00:00:00+00:00,3.841,2.3251,,,,,,,,,,
2020-07-30 00:00:00+00:00,3.857,2.3347,,,,,,,,,,
2020-07-31 00:00:00+00:00,3.923,2.3744,,,,,,,,,,
2020-08-03 00:00:00+00:00,3.984,2.4106,,,,,,,,,,
2020-08-04 00:00:00+00:00,3.989,2.4129,,,,,,,,,,
2020-08-05 00:00:00+00:00,3.996,2.4174,,,,,,,,,,
2020-08-06 00:00:00+00:00,4.03,2.4377,,,,,,,,,,
2020-08-07 00:00:00+00:00,3.983,2.4094,,,,,,,,,,
2020-08-10 00:00:00+00:00,3.977,2.4069,,,,,,,,,,
2020-08-11 00:00:00+00:00,3.906,2.3638,,,,,,,,,,
2020-08-12 00:00:00+00:00,4.0,2.42,,,,,,,,,,
2020-08-13 00:00:00+00:00,3.998,2.4194,,,,,,,,,,
2020-08-14 00:00:00+00:00,3.992,2.4155,,,,,,,,,,
2020-08-17 00:00:00+00:00,4.034,2.4394,,,,,,,,,,
2020-08-18 00:00:00+00:00,4.072,2.4621,,,,,,,,,,
2020-08-19 00:00:00+00:00,4.035,2.4403,,,,,,,,,,
2020-08-20 00:00:00+00:00,4.097,2.4783,,,,,,,,,,
2020-08-21 00:00:00+00:00,4.115,2.4899,,,,,,,,,,
2020-08-24 00:00:00+00:00,4.146,2.5087,,,,,,,,,,
2020-08-25 00:00:00+00:00,4.179,2.5278,,,,,,,,,,
2020-08-26 00:00:00+00:00,4.262,2.5767,,,,,,,,,,
2020-08-27 00:00:00+00:00,4.235,2.5612,,,,,,,,,,
2020-08-28 00:00:00+00:00,4.259,2.5749,,,,,,,,,,
2020-08-31 00:00:00+00:00,4.281,2.5887,,,,,,,,,,
2020-09-01 00:00:00+00:00,4.339,2.6236,,,,,,,,,,
2020-09-02 00:00:00+00:00,4.377,2.6454,,,,,,,,,,
2020-09-03 00:00:00+00:00,4.145,2.5071,,,,,,,,,,
2020-09-04 00:00:00+00:00,4.095,2.4766,,,,,,,,,,
2020-09-07 00:00:00+00:00,4.097,2.4773,,,,,,,,,,
2020-09-08 00:00:00+00:00,3.902,2.3604,,,,,,,,,,
2020-09-09 00:00:00+00:00,4.018,2.4313,,,,,,,,,,
2020-09-10 00:00:00+00:00,3.93,2.3771,,,,,,,,,,
2020-09-11 00:00:00+00:00,3.909,2.3633,,,,,,,,,,
2020-09-14 00:00:00+00:00,3.974,2.4026,,,,,,,,,,
2020-09-15 00:00:00+00:00,4.022,2.4324,,,,,,,,,,
2020-09-16 00:00:00+00:00,3.932,2.3787,,,,,,,,,,
2020-09-17 00:00:00+00:00,3.865,2.3387,,,,,,,,,,
2020-09-18 00:00:00+00:00,3.81,2.3052,,,,,,,,,,
2020-09-21 00:00:00+00:00,3.825,2.3152,,,,,,,,,,
2020-09-22 00:00:00+00:00,3.912,2.3663,,,,,,,,,,
2020-09-23 00:00:00+00:00,3.795,2.2952,,,,,,,,,,
2020-09-24 00:00:00+00:00,3.82,2.31,,,,,,,,,,
2020-09-25 00:00:00+00:00,3.914,2.3663,,,,,,,,,,
2020-09-28 00:00:00+00:00,3.996,2.4164,,,,,,,,,,
2020-09-29 00:00:00+00:00,3.977,2.4048,,,,,,,,,,
2020-09-30 00:00:00+00:00,4.006,2.4215,,,,,,,,,,
2020-10-09 00:00:00+00:00,4.094,2.476,,,,,,,,,,
2020-10-12 00:00:00+00:00,4.18,2.5298,,,,,,,,,,
2020-10-13 00:00:00+00:00,4.188,2.5337,,,,,,,,,,
2020-10-14 00:00:00+00:00,4.165,2.5191,,,,,,,,,,
2020-10-15 00:00:00+00:00,4.129,2.4976,,,,,,,,,,
2020-10-16 00:00:00+00:00,4.109,2.4854,,,,,,,,,,
2020-10-19 00:00:00+00:00,4.015,2.4293,,,,,,,,,,
2020-10-20 00:00:00+00:00,4.025,2.4348,,,,,,,,,,
2020-10-21 00:00:00+00:00,4.012,2.4279,,,,,,,,,,
2020-10-22 00:00:00+00:00,3.997,2.4186,1.0,,,,,,,,,
2020-10-23 00:00:00+00:00,4.016,2.4298,1.0002,,,,,,,,,
2020-10-26 00:00:00+00:00,3.953,2.392,,,,,,,,,,
2020-10-27 00:00:00+00:00,4.001,2.4203,,,,,,,,,,
2020-10-28 00:00:00+00:00,3.854,2.33,,,,,,,,,,
2020-10-29 00:00:00+00:00,3.93,2.3754,1.0002,,,,,,,,,
2020-10-30 00:00:00+00:00,3.826,2.3136,1.0001,,,,,,,,,
2020-11-02 00:00:00+00:00,3.825,2.3128,,,,,,,,,,
2020-11-03 00:00:00+00:00,3.887,2.3498,,,,,,,,,,
2020-11-04 00:00:00+00:00,4.047,2.4478,0.9998,,,,,,,,,
2020-11-05 00:00:00+00:00,4.159,2.5167,1.0191,,,,,,,,,
2020-11-06 00:00:00+00:00,4.127,2.4969,1.0181,,,,,,,,,
2020-11-09 00:00:00+00:00,4.028,2.4384,0.9872,,,,,,,,,
2020-11-10 00:00:00+00:00,3.944,2.3882,0.977,,,,,,,,,
2020-11-11 00:00:00+00:00,4.045,2.4478,0.9984,,,,,,,,,
2020-11-12 00:00:00+00:00,4.032,2.439,0.9966,,,,,,,,,
2020-11-13 00:00:00+00:00,4.073,2.4626,1.0036,,,,,,,,,
2020-11-16 00:00:00+00:00,4.085,2.4695,1.0042,,,,,,,,,
2020-11-17 00:00:00+00:00,4.056,2.4525,0.9993,,,,,,,,,
2020-11-18 00:00:00+00:00,4.019,2.4302,0.9896,,,,,,,,,
2020-11-19 00:00:00+00:00,4.043,2.4438,1.0021,,,,,,,,,
2020-11-20 00:00:00+00:00,4.034,2.4381,0.9949,,,,,,,,,
2020-11-23 00:00:00+00:00,4.029,2.4348,0.9945,,,,,,,,,
2020-11-24 00:00:00+00:00,4.092,2.4728,1.01,,,,,,,,,
2020-11-25 00:00:00+00:00,4.114,2.4852,1.0161,,,,,,,,,
2020-11-26 00:00:00+00:00,4.115,2.4862,1.0155,,,,,,,,,
2020-11-27 00:00:00+00:00,4.15,2.5057,1.0255,,,,,,,,,
2020-11-30 00:00:00+00:00,4.155,2.5084,1.0267,,,,,,,,,
2020-12-01 00:00:00+00:00,4.226,2.551,1.0387,,,,,,,,,
2020-12-02 00:00:00+00:00,4.207,2.54,1.0395,,,,,,,,,
2020-12-03 00:00:00+00:00,4.21,2.5411,1.0393,,,,,,,,,
2020-12-04 00:00:00+00:00,4.225,2.5498,1.0409,,,,,,,,,
2020-12-07 00:00:00+00:00,4.239,2.5576,1.0461,,,,,,,,,
2020-12-08 00:00:00+00:00,4.249,2.5633,1.0504,,,,,,,,,
2020-12-09 00:00:00+00:00,4.157,2.5084,1.027,,,,,,,,,
2020-12-10 00:00:00+00:00,4.18,2.522,1.0331,,,,,,,,,
2020-12-11 00:00:00+00:00,4.167,2.5139,1.0287,,,,,,,,,
2020-12-14 00:00:00+00:00,4.193,2.5296,1.0361,,,,,,,,,
2020-12-15 00:00:00+00:00,4.243,2.56,1.0487,,,,,,,,,
2020-12-16 00:00:00+00:00,4.262,2.5712,1.0535,,,,,,,,,
2020-12-17 00:00:00+00:00,4.29,2.5877,1.0591,,,,,,,,,
2020-12-18 00:00:00+00:00,4.282,2.5827,1.0588,,,,,,,,,
2020-12-21 00:00:00+00:00,4.279,2.5817,1.0558,,,,,,,,,
2020-12-22 00:00:00+00:00,4.281,2.5829,1.0582,,,,,,,,,
2020-12-23 00:00:00+00:00,4.269,2.5768,1.0507,,,,,,,,,
2020-12-24 00:00:00+00:00,4.276,2.5806,1.0551,,,,,,,,,
2020-12-25 00:00:00+00:00,4.274,2.5794,1.0534,,,,,,,,,
2020-12-28 00:00:00+00:00,4.312,2.6064,1.0655,,,,,,,,,
2020-12-29 00:00:00+00:00,4.327,2.6143,1.0658,,,,,,,,,
2020-12-30 00:00:00+00:00,4.319,2.6073,1.0663,,,,,,,,,
2020-12-31 00:00:00+00:00,4.329,2.6121,1.0698,,,,,,,,,
2021-01-04 00:00:00+00:00,4.273,2.5792,1.0437,,,,,,,,,
2021-01-05 00:00:00+00:00,4.268,2.575,1.0517,,,,,,,,,
2021-01-06 00:00:00+00:00,4.198,2.5316,1.0358,,,,,,,,,
2021-01-07 00:00:00+00:00,4.303,2.5957,1.0622,,,,,,,,,
2021-01-08 00:00:00+00:00,4.364,2.6336,1.0775,,,,,,,,,
2021-01-11 00:00:00+00:00,4.3,2.5925,1.0623,,,,,,,,,
2021-01-12 00:00:00+00:00,4.299,2.5932,1.0589,,,,,,,,,
2021-01-13 00:00:00+00:00,4.313,2.6014,1.0654,,,,,,,,,
2021-01-14 00:00:00+00:00,4.297,2.5902,1.0598,,,,,,,,,
2021-01-15 00:00:00+00:00,4.258,2.5664,1.0525,,,,,,,,,
2021-01-18 00:00:00+00:00,4.271,2.5746,1.0551,,,,,,,,,
2021-01-19 00:00:00+00:00,4.337,2.6146,1.0715,,,,,,,,,
2021-01-20 00:00:00+00:00,4.435,2.6762,1.0923,,,,,,,,,
2021-01-21 00:00:00+00:00,4.462,2.6941,1.1008,,,,,,,,,
2021-01-22 00:00:00+00:00,4.443,2.6852,1.0994,,,,,,,,,
2021-01-25 00:00:00+00:00,4.496,2.7196,1.1087,,,,,,,,,
2021-01-26 00:00:00+00:00,4.5,2.7236,1.1099,,,,,,,,,
2021-01-27 00:00:00+00:00,4.362,2.6416,1.0767,,,,,,,,,
2021-01-28 00:00:00+00:00,4.403,2.6625,1.0868,,,,,,,,,
2021-01-29 00:00:00+00:00,4.303,2.5983,1.0606,,,,,,,,,
2021-02-01 00:00:00+00:00,4.404,2.6622,1.087,,,,,,,,,
2021-02-02 00:00:00+00:00,4.48,2.7072,1.104,,,,,,,,,
2021-02-03 00:00:00+00:00,4.458,2.6956,1.0992,,,,,,,,,
2021-02-04 00:00:00+00:00,4.507,2.7233,1.1125,,,,,,,,,
2021-02-05 00:00:00+00:00,4.529,2.7369,1.1189,,,,,,,,,
2021-02-08 00:00:00+00:00,4.557,2.7519,1.1232,,,,,,,,,
2021-02-09 00:00:00+00:00,4.545,2.7432,1.1213,,,,,,,,,
2021-02-10 00:00:00+00:00,4.524,2.7286,1.1167,,,,,,,,,
2021-02-18 00:00:00+00:00,4.529,2.7291,1.1202,,,,,,,,,
2021-02-19 00:00:00+00:00,4.516,2.7196,1.1146,,,,,,,,,
2021-02-22 00:00:00+00:00,4.393,2.6443,1.0863,,,,,,,,,
2021-02-23 00:00:00+00:00,4.379,2.6366,1.0827,,,,,,,,,
2021-02-24 00:00:00+00:00,4.422,2.6615,1.0914,,,,,,,,,
2021-02-25 00:00:00+00:00,4.258,2.5629,1.0511,,,,,,,,,
2021-02-26 00:00:00+00:00,4.297,2.5863,1.0601,,,,,,,,,
2021-03-01 00:00:00+00:00,4.423,2.6643,1.0903,,,,,,,,,
2021-03-02 00:00:00+00:00,4.34,2.6142,1.0734,,,,,,,,,
2021-03-03 00:00:00+00:00,4.212,2.5368,1.0404,,,,,,,,,
2021-03-04 00:00:00+00:00,4.152,2.5025,1.0237,,,,,,,,,
2021-03-05 00:00:00+00:00,4.229,2.5486,1.0417,,,,,,,,,
2021-03-08 00:00:00+00:00,4.099,2.4686,1.0181,,,,,,,,,
2021-03-09 00:00:00+00:00,4.296,2.5913,1.0586,,,,,,,,,
2021-03-10 00:00:00+00:00,4.267,2.5732,1.0532,,,,,,,,,
2021-03-11 00:00:00+00:00,4.358,2.629,1.0763,,,,,,,,,
2021-03-12 00:00:00+00:00,4.312,2.5992,1.0674,,,,,,,,,
2021-03-15 00:00:00+00:00,4.37,2.6351,1.0802,,,,,,,,,
2021-03-16 00:00:00+00:00,4.395,2.6502,1.0855,,,,,,,,,
2021-03-17 00:00:00+00:00,4.409,2.6583,1.0896,,,,,,,,,
2021-03-18 00:00:00+00:00,4.262,2.5677,1.0555,,,,,,,,,
2021-03-19 00:00:00+00:00,4.303,2.5916,1.0618,,,,,,,,,
2021-03-22 00:00:00+00:00,4.382,2.6411,1.0811,,,,,,,,,
2021-03-23 00:00:00+00:00,4.35,2.623,1.0758,,,,,,,,,
2021-03-24 00:00:00+00:00,4.289,2.5861,1.0601,,,,,,,,,
2021-03-25 00:00:00+00:00,4.286,2.5833,1.06,,,,,,,,,
2021-03-26 00:00:00+00:00,4.358,2.6239,1.0779,,,,,,,,,
2021-03-29 00:00:00+00:00,4.356,2.6237,1.0784,,,,,,,,,
2021-03-30 00:00:00+00:00,4.347,2.6183,1.0751,,,,,,,,,
2021-03-31 00:00:00+00:00,4.417,2.6621,1.0896,,,,,,,,,
2021-04-01 00:00:00+00:00,4.488,2.7049,1.1112,,,,,,,,,
2021-04-02 00:00:00+00:00,4.492,2.7074,1.1094,,,,,,,,,
2021-04-06 00:00:00+00:00,4.569,2.757,1.1279,,,,,,,,,
2021-04-07 00:00:00+00:00,4.573,2.7613,1.1301,,,,,,,,,
2021-04-08 00:00:00+00:00,4.625,2.7942,1.143,,,,,,,,,
2021-04-09 00:00:00+00:00,4.651,2.8125,1.1518,,,,,,,,,
2021-04-12 00:00:00+00:00,4.654,2.8137,1.1489,,,,,,,,,
2021-04-13 00:00:00+00:00,4.7,2.845,1.162,,,,,,,,,
2021-04-14 00:00:00+00:00,4.633,2.8021,1.145,,,,,,,,,
2021-04-15 00:00:00+00:00,4.703,2.8446,1.1626,,,,,,,,,
2021-04-16 00:00:00+00:00,4.708,2.8475,1.1616,,,,,,,,,
2021-04-19 00:00:00+00:00,4.658,2.8198,1.1481,,,,,,,,,
2021-04-20 00:00:00+00:00,4.616,2.7946,1.1379,,,,,,,,,
2021-04-21 00:00:00+00:00,4.654,2.8168,1.1484,,,,,,,,,
2021-04-22 00:00:00+00:00,4.586,2.7743,1.1326,,,,,,,,,
2021-04-23 00:00:00+00:00,4.647,2.8127,1.1487,,,,,,,,,
2021-04-26 00:00:00+00:00,4.674,2.8287,1.1543,,,,,,,,,
2021-04-27 00:00:00+00:00,4.653,2.8155,1.1484,,,,,,,,,
2021-04-28 00:00:00+00:00,4.628,2.8008,1.1439,,,,,,,,,
2021-04-29 00:00:00+00:00,4.641,2.8075,1.1463,,,,,,,,,
2021-04-30 00:00:00+00:00,4.602,2.7852,1.1387,,,,,,,,,
2021-05-06 00:00:00+00:00,4.535,2.7435,1.1184,,,,,,,,,
2021-05-07 00:00:00+00:00,4.556,2.7552,1.125,,,,,,,,,
2021-05-10 00:00:00+00:00,4.419,2.6711,1.0899,,,,,,,,,
2021-05-11 00:00:00+00:00,4.405,2.6603,1.089,,,,,,,,,
2021-05-12 00:00:00+00:00,4.291,2.5901,1.0629,,,,,,,,,
2021-05-13 00:00:00+00:00,4.349,2.6266,1.0736,,,,,,,,,
2021-05-14 00:00:00+00:00,4.436,2.6801,1.0934,,,,,,,,,
2021-05-17 00:00:00+00:00,4.395,2.6556,1.0881,,,,,,,,,
2021-05-18 00:00:00+00:00,4.367,2.6374,1.0783,,,,,,,,,
2021-05-19 00:00:00+00:00,4.368,2.6365,1.0808,,,,,,,,,
2021-05-20 00:00:00+00:00,4.466,2.695,1.1022,,,,,,,,,
2021-05-21 00:00:00+00:00,4.428,2.6705,1.0955,,,,,,,,,
2021-05-24 00:00:00+00:00,4.511,2.7216,1.1134,,,,,,,,,
2021-05-25 00:00:00+00:00,4.508,2.7199,1.1107,,,,,,,,,
2021-05-26 00:00:00+00:00,4.51,2.7211,1.1123,,,,,,,,,
2021-05-27 00:00:00+00:00,4.49,2.7081,1.1059,,,,,,,,,
2021-05-28 00:00:00+00:00,4.488,2.7049,1.1071,,,,,,,,,
2021-05-31 00:00:00+00:00,4.476,2.6975,1.1059,,,,,,,,,
2021-06-01 00:00:00+00:00,4.458,2.6862,1.1047,,,,,,,,,
2021-06-02 00:00:00+00:00,4.478,2.6979,1.1092,,,,,,,,,
2021-06-03 00:00:00+00:00,4.433,2.67,1.0987,,,,,,,,,
2021-06-04 00:00:00+00:00,4.53,2.7291,1.12,,,,,,,,,
2021-06-07 00:00:00+00:00,4.533,2.7314,1.1205,,,,,,,,,
2021-06-08 00:00:00+00:00,4.532,2.7322,1.1211,,,,,,,,,
2021-06-09 00:00:00+00:00,4.536,2.7358,1.1212,,,,,,,,,
2021-06-10 00:00:00+00:00,4.585,2.7647,1.1325,,,,,,,,,
2021-06-11 00:00:00+00:00,4.589,2.767,1.1353,,,,,,,,,
2021-06-15 00:00:00+00:00,4.615,2.7846,1.1401,,,,,,,,,
2021-06-16 00:00:00+00:00,4.6,2.7773,1.1351,,,,,,,,,
2021-06-17 00:00:00+00:00,4.674,2.823,1.1551,,,,,,,,,
2021-06-18 00:00:00+00:00,4.641,2.8033,1.1481,,,,,,,,,
2021-06-21 00:00:00+00:00,4.683,2.8295,1.1595,,,,,,,,,
2021-06-22 00:00:00+00:00,4.732,2.8594,1.1712,,,,,,,,,
2021-06-23 00:00:00+00:00,4.734,2.8611,1.1728,,,,,,,,,
2021-06-24 00:00:00+00:00,4.779,2.8858,1.1795,,,,,,,,,
2021-06-25 00:00:00+00:00,4.766,2.8764,1.1736,,,,,,,,,
2021-06-28 00:00:00+00:00,4.813,2.9049,1.1892,,,,,,,,,
2021-06-29 00:00:00+00:00,4.828,2.9141,1.193,,,,,,,,,
2021-06-30 00:00:00+00:00,4.825,2.9128,1.192,,,,,,,,,
2021-07-01 00:00:00+00:00,4.834,2.9193,1.193,,,,,,,,,
2021-07-02 00:00:00+00:00,4.891,2.9561,1.2109,,,,,,,,,
2021-07-05 00:00:00+00:00,4.889,2.955,1.2061,,,,,,,,,
2021-07-06 00:00:00+00:00,4.903,2.9663,1.2111,,,,,,,,,
2021-07-07 00:00:00+00:00,4.922,2.9806,1.2141,,,,,,,,,
2021-07-08 00:00:00+00:00,4.888,2.9606,1.2095,,,,,,,,,
2021-07-09 00:00:00+00:00,4.926,2.9829,1.219,,,,,,,,,
2021-07-12 00:00:00+00:00,4.945,2.9942,1.2212,,,,,,,,,
2021-07-13 00:00:00+00:00,4.942,2.9933,1.219,,,,,,,,,
2021-07-14 00:00:00+00:00,4.954,3.0032,1.2232,,,,,,,,,
2021-07-15 00:00:00+00:00,4.907,2.9742,1.2117,,,,,,,,,
2021-07-16 00:00:00+00:00,4.874,2.9533,1.204,,,,,,,,,
2021-07-19 00:00:00+00:00,4.83,2.9227,1.1955,,,,,,,,,
2021-07-20 00:00:00+00:00,4.9,2.9658,1.2103,,,,,,,,,
2021-07-21 00:00:00+00:00,4.936,2.9878,1.2176,,,,,,,,,
2021-07-22 00:00:00+00:00,4.955,2.9991,1.2242,,,,,,,,,
2021-07-23 00:00:00+00:00,5.013,3.0346,1.2405,,,,,,,,,
2021-07-26 00:00:00+00:00,5.026,3.0426,1.2427,,,,,,,,,
2021-07-27 00:00:00+00:00,4.968,3.0065,1.2329,,,,,,,,,
2021-07-28 00:00:00+00:00,5.002,3.0279,1.2375,,,,,,,,,
2021-07-29 00:00:00+00:00,5.013,3.0343,1.2327,,,,,,,,,
2021-07-30 00:00:00+00:00,4.959,3.0004,1.2242,,,,,,,,,
2021-08-02 00:00:00+00:00,4.963,3.0036,1.2251,,,,,,,,,
2021-08-03 00:00:00+00:00,4.992,3.021,1.2338,,,,,,,,,
2021-08-04 00:00:00+00:00,5.003,3.0279,1.2347,,,,,,,,,
2021-08-05 00:00:00+00:00,5.039,3.0498,1.2431,,,,,,,,,
2021-08-06 00:00:00+00:00,5.01,3.0322,1.2379,,,,,,,,,
2021-08-09 00:00:00+00:00,5.035,3.0472,1.2419,,,,,,,,,
2021-08-10 00:00:00+00:00,5.008,3.0305,1.2362,,,,,,,,,
2021-08-11 00:00:00+00:00,4.999,3.0244,1.2349,,,,,,,,,
2021-08-12 00:00:00+00:00,5.013,3.0336,1.2384,,,,,,,,,
2021-08-13 00:00:00+00:00,5.033,3.0455,1.2428,,,,,,,,,
2021-08-16 00:00:00+00:00,5.028,3.0423,1.2429,,,,,,,,,
2021-08-17 00:00:00+00:00,4.986,3.0166,1.2321,,,,,,,,,
2021-08-18 00:00:00+00:00,4.95,2.9946,1.2202,,,,,,,,,
2021-08-19 00:00:00+00:00,4.97,3.0074,1.2285,,,,,,,,,
2021-08-20 00:00:00+00:00,5.033,3.0459,1.2427,,,,,,,,,
2021-08-23 00:00:00+00:00,5.105,3.0899,1.2591,,,,,,,,,
2021-08-24 00:00:00+00:00,5.107,3.0912,1.2604,,,,,,,,,
2021-08-25 00:00:00+00:00,5.104,3.0897,1.2609,,,,,,,,,
2021-08-26 00:00:00+00:00,5.074,3.071,1.2547,,,,,,,,,
2021-08-27 00:00:00+00:00,5.135,3.1086,1.2665,,,,,,,,,
2021-08-30 00:00:00+00:00,5.178,3.1345,1.2785,,,,,,,,,
2021-08-31 00:00:00+00:00,5.171,3.1302,1.2753,,,,,,,,,
2021-09-01 00:00:00+00:00,5.18,3.1368,1.2785,,,,,,,,,
2021-09-02 00:00:00+00:00,5.171,3.1313,1.2773,,,,,,,,,
2021-09-03 00:00:00+00:00,5.186,3.1405,1.2809,,,,,,,,,
2021-09-06 00:00:00+00:00,5.181,3.138,1.28,,,,,,,,,
2021-09-07 00:00:00+00:00,5.189,3.1436,1.2826,,,,,,,,,
2021-09-08 00:00:00+00:00,5.182,3.1388,1.2788,,,,,,,,,
2021-09-09 00:00:00+00:00,5.157,3.1242,1.2729,,,,,,,,,
2021-09-10 00:00:00+00:00,5.113,3.0977,1.2599,,,,,,,,,
2021-09-13 00:00:00+00:00,5.106,3.0932,1.2616,,,,,,,,,
2021-09-14 00:00:00+00:00,5.089,3.0834,1.2553,,,,,,,,,
2021-09-15 00:00:00+00:00,5.128,3.1063,1.264,,,,,,,,,
2021-09-16 00:00:00+00:00,5.119,3.1014,1.2664,,,,,,,,,
2021-09-17 00:00:00+00:00,5.074,3.0736,1.2529,,,,,,,,,
2021-09-22 00:00:00+00:00,5.035,3.0497,1.2429,,,,,,,,,
2021-09-23 00:00:00+00:00,5.085,3.0798,1.2537,,,,,,,,,
2021-09-24 00:00:00+00:00,5.078,3.0756,1.2543,,,,,,,,,
2021-09-27 00:00:00+00:00,5.043,3.0549,1.2436,,,,,,,,,
2021-09-28 00:00:00+00:00,4.893,2.9645,1.2073,,,,,,,,,
2021-09-29 00:00:00+00:00,4.891,2.9634,1.208,,,,,,,,,
2021-09-30 00:00:00+00:00,4.884,2.9592,1.202,,,,,,,,,
2021-10-08 00:00:00+00:00,4.908,2.9737,1.2099,,,,,,,,,
2021-10-11 00:00:00+00:00,4.863,2.9468,1.1989,,,,,,,,,
2021-10-12 00:00:00+00:00,4.843,2.9347,1.1983,,,,,,,,,
2021-10-13 00:00:00+00:00,4.893,2.9636,1.2057,,,,,,,,,
2021-10-14 00:00:00+00:00,4.969,3.0106,1.2264,,,,,,,,,
2021-10-15 00:00:00+00:00,4.999,3.0283,1.2326,,,,,,,,,
2021-10-18 00:00:00+00:00,5.043,3.0549,1.246,,,,,,,,,
2021-10-19 00:00:00+00:00,5.079,3.0769,1.2488,,,,,,,,,
2021-10-20 00:00:00+00:00,5.054,3.0621,1.2456,,,,,,,,,
2021-10-21 00:00:00+00:00,5.072,3.0738,1.2548,,,,,,,,,
2021-10-22 00:00:00+00:00,5.038,3.0538,1.2424,,,,,,,,,
2021-10-25 00:00:00+00:00,5.083,3.0797,1.2531,,,,,,,,,
2021-10-26 00:00:00+00:00,5.096,3.087,1.2573,,,,,,,,,
2021-10-27 00:00:00+00:00,5.106,3.0931,1.2608,,,,,,,,,
2021-10-28 00:00:00+00:00,5.173,3.1331,1.2771,,,,,,,,,
2021-10-29 00:00:00+00:00,5.193,3.145,1.2822,,,,,,,,,
2021-11-01 00:00:00+00:00,5.234,3.1692,1.289,,,,,,,,,
2021-11-02 00:00:00+00:00,5.241,3.174,1.2938,,,,,,,,,
2021-11-03 00:00:00+00:00,5.303,3.2114,1.3076,,,,,,,,,
2021-11-04 00:00:00+00:00,5.358,3.245,1.3232,,,,,,,,,
2021-11-05 00:00:00+00:00,5.367,3.2499,1.3254,,,,,,,,,
2021-11-08 00:00:00+00:00,5.357,3.2439,1.323,,,,,,,,,
2021-11-09 00:00:00+00:00,5.314,3.2179,1.3132,,,,,,,,,
2021-11-10 00:00:00+00:00,5.241,3.1733,1.2937,,,,,,,,,
2021-11-11 00:00:00+00:00,5.272,3.1921,1.2996,,,,,,,,,
2021-11-12 00:00:00+00:00,5.321,3.2218,1.3109,,,,,,,,,
2021-11-15 00:00:00+00:00,5.303,3.2129,1.3078,,,,,,,,,
2021-11-16 00:00:00+00:00,5.345,3.2377,1.3172,,,,,,,,,
2021-11-17 00:00:00+00:00,5.346,3.2381,1.3187,,,,,,,,,
2021-11-18 00:00:00+00:00,5.392,3.2666,1.331,,,,,,,,,
2021-11-19 00:00:00+00:00,5.424,3.2858,1.3395,,,,,,,,,
2021-11-22 00:00:00+00:00,5.371,3.2536,1.3237,,,,,,,,,
2021-11-23 00:00:00+00:00,5.345,3.2382,1.3179,,,,,,,,,
2021-11-24 00:00:00+00:00,5.362,3.2488,1.3237,,,,,,,,,
2021-11-25 00:00:00+00:00,5.369,3.2526,1.3233,,,,,,,,,
2021-11-26 00:00:00+00:00,5.253,3.1826,1.2967,,,,,,,,,
2021-11-29 00:00:00+00:00,5.369,3.2528,1.3253,,,,,,,,,
2021-11-30 00:00:00+00:00,5.277,3.1979,1.3015,,,,,,,,,
2021-12-01 00:00:00+00:00,5.183,3.1424,1.2795,,,,,,,,,
2021-12-02 00:00:00+00:00,5.222,3.1654,1.2906,,,,,,,,,
2021-12-03 00:00:00+00:00,5.133,3.1119,1.2669,,,,,,,,,
2021-12-06 00:00:00+00:00,5.173,3.1368,1.2781,,,,,,,,,
2021-12-07 00:00:00+00:00,5.333,3.2334,1.3158,,,,,,,,,
2021-12-08 00:00:00+00:00,5.35,3.2442,1.319,,,,,,,,,
2021-12-09 00:00:00+00:00,5.256,3.1868,1.2969,,,,,,,,,
2021-12-10 00:00:00+00:00,5.331,3.2323,1.3162,,,,,,,,,
2021-12-13 00:00:00+00:00,5.247,3.1806,1.2952,,,,,,,,,
2021-12-14 00:00:00+00:00,5.193,3.1478,1.2818,,,,,,,,,
2021-12-15 00:00:00+00:00,5.318,3.2238,1.3121,,,,,,,,,
2021-12-16 00:00:00+00:00,5.172,3.1351,1.2782,,,,,,,,,
2021-12-17 00:00:00+00:00,5.152,3.1231,1.2741,,,,,,,,,
2021-12-20 00:00:00+00:00,5.119,3.1024,1.2611,,,,,,,,,
2021-12-21 00:00:00+00:00,5.221,3.1642,1.2889,,,,,,,,,
2021-12-22 00:00:00+00:00,5.283,3.204,1.3048,,,,,,,,,
2021-12-23 00:00:00+00:00,5.32,3.2283,1.3145,,,,,,,,,
2021-12-24 00:00:00+00:00,5.324,3.2302,1.3143,,,,,,,,,
2021-12-27 00:00:00+00:00,5.408,3.281,1.3355,,,,,,,,,
2021-12-28 00:00:00+00:00,5.386,3.268,1.3291,,,,,,,,,
2021-12-29 00:00:00+00:00,5.387,3.2687,1.3294,,,,,,,,,
2021-12-30 00:00:00+00:00,5.362,3.2518,1.3241,,,,,,,,,
2021-12-31 00:00:00+00:00,5.333,3.2339,1.3164,,,,,,,,,
2022-01-04 00:00:00+00:00,5.323,3.2329,1.313,,,,,,,,,
2022-01-05 00:00:00+00:00,5.156,3.1296,1.2714,,,,,,,,,
2022-01-06 00:00:00+00:00,5.15,3.1238,1.2713,,,,,,,,,
2022-01-07 00:00:00+00:00,5.094,3.0887,1.2571,,,,,,,,,
2022-01-10 00:00:00+00:00,5.094,3.0898,1.2587,,,,,,,,,
2022-01-11 00:00:00+00:00,5.172,3.1359,1.2771,,,,,,,,,
2022-01-12 00:00:00+00:00,5.189,3.1484,1.2804,,,,,,,,,
2022-01-13 00:00:00+00:00,1.009,3.0598,1.2467,,,,,,,,,
2022-01-14 00:00:00+00:00,1.019,3.0887,1.2532,,,,,,,,,
2022-01-17 00:00:00+00:00,1.017,3.0849,1.2534,,,,,,,,,
2022-01-18 00:00:00+00:00,0.99,3.0027,1.2217,,,,,,,,,
2022-01-19 00:00:00+00:00,0.981,2.9726,1.209,,,,,,,,,
2022-01-20 00:00:00+00:00,0.966,2.9261,1.191,,,,,,,,,
2022-01-21 00:00:00+00:00,0.939,2.8445,1.1578,,,,,,,,,
2022-01-24 00:00:00+00:00,0.943,2.8532,1.1619,,,,,,,,,
2022-01-25 00:00:00+00:00,0.919,2.7827,1.1325,,,,,,,,,
2022-01-26 00:00:00+00:00,0.918,2.7819,1.1333,,,,,,,,,
2022-01-27 00:00:00+00:00,0.909,2.7521,1.1261,,,,,,,,,
2022-01-28 00:00:00+00:00,0.944,2.8577,1.163,,,,,,,,,
2022-02-07 00:00:00+00:00,0.949,2.8768,1.1712,,,,,,,,,
2022-02-08 00:00:00+00:00,0.96,2.9119,1.1879,,,,,,,,,
2022-02-09 00:00:00+00:00,0.982,2.9768,1.2112,,,,,,,,,
2022-02-10 00:00:00+00:00,0.958,2.903,1.1822,,,,,,,,,
2022-02-11 00:00:00+00:00,0.93,2.8146,1.1464,,,,,,,,,
2022-02-14 00:00:00+00:00,0.93,2.8176,1.1471,,,,,,,,,
2022-02-15 00:00:00+00:00,0.952,2.8866,1.1742,,,,,,,,,
2022-02-16 00:00:00+00:00,0.949,2.8775,1.1702,,,,,,,,,
2022-02-17 00:00:00+00:00,0.919,2.7852,1.1354,,,,,,,,,
2022-02-18 00:00:00+00:00,0.909,2.754,1.1211,,,,,,,,,
2022-02-21 00:00:00+00:00,0.91,2.7561,1.122,,,,,,,,,
2022-02-22 00:00:00+00:00,0.902,2.7314,1.1115,,,,,,,,,
2022-02-23 00:00:00+00:00,0.877,2.6522,1.08,,,,,,,,,
2022-02-24 00:00:00+00:00,0.906,2.7421,1.1166,,,,,,,,,
2022-02-25 00:00:00+00:00,0.92,2.7865,1.1328,,,,,,,,,
2022-02-28 00:00:00+00:00,0.922,2.7922,1.136,,,,,,,,,
2022-03-01 00:00:00+00:00,0.904,2.7387,1.1179,,,,,,,,,
2022-03-02 00:00:00+00:00,0.924,2.7986,1.1367,,,,,,,,,
2022-03-03 00:00:00+00:00,0.906,2.7437,1.1214,,,,,,,,,
2022-03-04 00:00:00+00:00,0.897,2.7162,1.1059,,,,,,,,,
2022-03-07 00:00:00+00:00,0.866,2.6219,1.064,,,,,,,,,
2022-03-08 00:00:00+00:00,0.858,2.6,1.0596,,,,,,,,,
2022-03-09 00:00:00+00:00,0.889,2.6935,1.0975,,,,,,,,,
2022-03-10 00:00:00+00:00,0.878,2.6605,1.086,,,,,,,,,
2022-03-11 00:00:00+00:00,0.862,2.6111,1.0628,,,,,,,,,
2022-03-14 00:00:00+00:00,0.848,2.5681,1.049,,,,,,,,,
2022-03-15 00:00:00+00:00,0.878,2.6609,1.0853,,,,,,,,,
2022-03-16 00:00:00+00:00,0.911,2.7613,1.1199,,,,,,,,,
2022-03-17 00:00:00+00:00,0.916,2.7768,1.1328,,,,,,,,,
2022-03-18 00:00:00+00:00,0.936,2.8386,1.1596,,,,,,,,,
2022-03-21 00:00:00+00:00,0.937,2.8426,1.1563,,,,,,,,,
2022-03-22 00:00:00+00:00,0.955,2.8989,1.1782,,,,,,,,,
2022-03-23 00:00:00+00:00,0.94,2.8536,1.1643,,,,,,,,,
2022-03-24 00:00:00+00:00,0.962,2.9211,1.1887,,,,,,,,,
2022-03-25 00:00:00+00:00,0.962,2.9236,1.1866,,,,,,,,,
2022-03-28 00:00:00+00:00,0.977,2.9719,1.2072,,,,,,,,,
2022-03-29 00:00:00+00:00,0.993,3.0174,1.227,,,,,,,,,
2022-03-30 00:00:00+00:00,0.981,2.9803,1.2105,,,,,,,,,
2022-03-31 00:00:00+00:00,0.964,2.9295,1.1897,,,,,,,,,
2022-04-01 00:00:00+00:00,0.966,2.9348,1.1943,,,,,,,,,
2022-04-06 00:00:00+00:00,0.947,2.8742,1.1662,,,,,,,,,
2022-04-07 00:00:00+00:00,0.947,2.8739,1.1686,,,,,,,,,
2022-04-08 00:00:00+00:00,0.933,2.8318,1.152,,,,,,,,,
2022-04-11 00:00:00+00:00,0.911,2.7622,1.1262,,,,,,,,,
2022-04-12 00:00:00+00:00,0.91,2.7588,1.1219,,,,,,,,,
2022-04-13 00:00:00+00:00,0.927,2.8116,1.1436,,,,,,,,,
2022-04-14 00:00:00+00:00,0.903,2.7371,1.1181,,,,,,,,,
2022-04-15 00:00:00+00:00,0.908,2.752,1.1187,,,,,,,,,
2022-04-18 00:00:00+00:00,0.908,2.7508,1.12,,,,,,,,,
2022-04-19 00:00:00+00:00,0.926,2.808,1.145,,,,,,,,,
2022-04-20 00:00:00+00:00,0.916,2.7774,1.1346,,,,,,,,,
2022-04-21 00:00:00+00:00,0.899,2.7272,1.1171,,,,,,,,,
2022-04-22 00:00:00+00:00,0.882,2.6755,1.0917,,,,,,,,,
2022-04-25 00:00:00+00:00,0.898,2.7241,1.1188,,,,,,,,,
2022-04-26 00:00:00+00:00,0.872,2.6437,1.0761,,,,,,,,,
2022-04-27 00:00:00+00:00,0.872,2.6428,1.0761,,,,,,,,,
2022-04-28 00:00:00+00:00,0.902,2.7361,1.1215,,,,,,,,,
2022-04-29 00:00:00+00:00,0.869,2.6352,1.0681,,,,,,,,,
2022-05-05 00:00:00+00:00,0.862,2.6137,1.0726,,,,,,,,,
2022-05-06 00:00:00+00:00,0.86,2.6092,1.0695,,,,,,,,,
2022-05-09 00:00:00+00:00,0.833,2.5256,1.0336,,,,,,,,,
2022-05-10 00:00:00+00:00,0.846,2.5671,1.0468,,,,,,,,,
2022-05-11 00:00:00+00:00,0.823,2.4936,1.0151,,,,,,,,,
2022-05-12 00:00:00+00:00,0.821,2.4886,1.0215,,,,,,,,,
2022-05-13 00:00:00+00:00,0.859,2.6034,1.0592,,,,,,,,,
2022-05-16 00:00:00+00:00,0.848,2.572,1.0498,,,,,,,,,
2022-05-17 00:00:00+00:00,0.87,2.6383,1.0698,,,,,,,,,
2022-05-18 00:00:00+00:00,0.82,2.4888,1.0154,,,,,,,,,
2022-05-19 00:00:00+00:00,0.817,2.4798,1.0127,,,,,,,,,
2022-05-20 00:00:00+00:00,0.814,2.4683,0.9961,,,,,,,,,
2022-05-23 00:00:00+00:00,0.819,2.4809,1.0119,,,,,,,,,
2022-05-24 00:00:00+00:00,0.799,2.4185,0.9893,,,,,,,,,
2022-05-25 00:00:00+00:00,0.811,2.4542,1.0043,,,,,,,,,
2022-05-26 00:00:00+00:00,0.836,2.5302,1.0421,,,,,,,,,
2022-05-27 00:00:00+00:00,0.871,2.6373,1.076,,,,,,,,,
2022-05-30 00:00:00+00:00,0.867,2.6242,1.0651,,,,,,,,,
2022-05-31 00:00:00+00:00,0.859,2.5995,1.0619,,,,,,,,,
2022-06-01 00:00:00+00:00,0.853,2.5819,1.0585,,,,,,,,,
2022-06-02 00:00:00+00:00,0.882,2.6696,1.0856,,,,,,,,,
2022-06-06 00:00:00+00:00,0.857,2.5931,1.056,,,,,,,,,
2022-06-07 00:00:00+00:00,0.864,2.6146,1.0684,,,,,,,,,
2022-06-08 00:00:00+00:00,0.857,2.5944,1.0622,,,,,,,,,
2022-06-09 00:00:00+00:00,0.836,2.5302,1.0345,,,,,,,,,
2022-06-10 00:00:00+00:00,0.809,2.4473,0.9978,,,,,,,,,
2022-06-13 00:00:00+00:00,0.774,2.3416,0.9581,,,,,,,,,
2022-06-14 00:00:00+00:00,0.779,2.3568,0.9598,,,,,,,,,
2022-06-15 00:00:00+00:00,0.798,2.4162,0.9821,,,,,,,,,
2022-06-16 00:00:00+00:00,0.762,2.3047,0.9416,,,,,,,,,
2022-06-17 00:00:00+00:00,0.769,2.327,0.9516,,,,,,,,,
2022-06-20 00:00:00+00:00,0.771,2.334,0.9493,,,,,,,,,
2022-06-21 00:00:00+00:00,0.787,2.3817,0.9747,,,,,,,,,
2022-06-22 00:00:00+00:00,0.789,2.3868,0.9765,,,,,,,,,
2022-06-23 00:00:00+00:00,0.8,2.4206,0.9891,,,,,,,,,
2022-06-24 00:00:00+00:00,0.827,2.5014,1.0217,,,,,,,,,
2022-06-27 00:00:00+00:00,0.819,2.4758,1.012,,,,,,,,,
2022-06-28 00:00:00+00:00,0.794,2.4027,0.9809,,,,,,,,,
2022-06-29 00:00:00+00:00,0.796,2.4106,0.9848,,,,,,,,,
2022-06-30 00:00:00+00:00,0.787,2.3819,0.9707,,,,,,,,,
2022-07-01 00:00:00+00:00,0.79,2.3898,0.9788,,,,,,,,,
2022-07-04 00:00:00+00:00,0.792,0.5992,0.9777,,,,,,,,,
2022-07-05 00:00:00+00:00,0.804,0.6086,0.9945,,,,,,,,,
2022-07-06 00:00:00+00:00,0.812,0.6146,1.0019,,,,,,,,,
2022-07-07 00:00:00+00:00,0.828,0.6269,1.0239,,,,,,,,,
2022-07-08 00:00:00+00:00,0.829,0.6273,1.0246,,,,,,,,,
2022-07-11 00:00:00+00:00,0.809,0.6123,1.0027,,,,,,,,,
2022-07-12 00:00:00+00:00,0.805,0.6093,0.9968,,,,,,,,,
2022-07-13 00:00:00+00:00,0.804,0.6084,0.9931,,,,,,,,,
2022-07-14 00:00:00+00:00,0.806,0.6103,0.9991,,,,,,,,,
2022-07-15 00:00:00+00:00,0.824,0.6236,1.0214,,,,,,,,,
2022-07-18 00:00:00+00:00,0.816,0.6175,1.0089,,,,,,,,,
2022-07-19 00:00:00+00:00,0.841,0.6367,1.0407,,,,,,,,,
2022-07-20 00:00:00+00:00,0.855,0.6467,1.0583,,,,,,,,,
2022-07-21 00:00:00+00:00,0.869,0.6576,1.0753,,,,1.0,,,,,
2022-07-22 00:00:00+00:00,0.852,0.6451,1.057,,,,0.998,,,,,
2022-07-25 00:00:00+00:00,0.848,0.6417,1.0489,,,,,,,,,
2022-07-26 00:00:00+00:00,0.831,0.6286,1.0287,,,,,,,,,
2022-07-27 00:00:00+00:00,0.869,0.6574,1.0728,,,,1.0068,,,,,
2022-07-28 00:00:00+00:00,0.873,0.6603,1.0802,,,,,,,,,
2022-07-29 00:00:00+00:00,0.889,0.6725,1.0975,,,,1.018,,,,,
2022-08-01 00:00:00+00:00,0.889,0.6724,1.1006,,,,1.019,,,,,
2022-08-02 00:00:00+00:00,0.886,0.6702,1.0986,,,,1.0161,,,,,
2022-08-03 00:00:00+00:00,0.915,0.692,1.1273,,,,1.0488,,,,,
2022-08-04 00:00:00+00:00,0.916,0.6934,1.1325,,,,1.0507,,,,,
2022-08-05 00:00:00+00:00,0.906,0.6858,1.1227,,,,1.0387,,,,,
2022-08-08 00:00:00+00:00,0.907,0.6861,1.1202,,,,1.0402,,,,,
2022-08-09 00:00:00+00:00,0.895,0.6771,1.107,,,,1.026,,,,,
2022-08-10 00:00:00+00:00,0.921,0.6965,1.1388,,,,1.0558,,,,,
2022-08-11 00:00:00+00:00,0.911,0.6893,1.1284,,,,1.0438,,,,,
2022-08-12 00:00:00+00:00,0.931,0.7043,1.1511,,,,1.0666,,,,,
2022-08-15 00:00:00+00:00,0.938,0.7094,1.1652,,,,1.0742,,,,,
2022-08-16 00:00:00+00:00,0.94,0.711,1.1662,,,,1.0775,,,,,
2022-08-17 00:00:00+00:00,0.931,0.704,1.1503,,,,1.0671,,,,,
2022-08-18 00:00:00+00:00,0.932,0.7051,1.1561,,,,1.0686,,,,,
2022-08-19 00:00:00+00:00,0.918,0.694,1.1366,,,,1.0523,,,,,
2022-08-22 00:00:00+00:00,0.895,0.6769,1.1102,,,,1.0265,,,,,
2022-08-23 00:00:00+00:00,0.898,0.6796,1.1132,,,,1.0311,,,,,
2022-08-24 00:00:00+00:00,0.899,0.6801,1.1169,,,,1.0318,,,,,
2022-08-25 00:00:00+00:00,0.917,0.6934,1.1345,,,,1.0519,,,,,
2022-08-26 00:00:00+00:00,0.879,0.6646,1.0895,,,,1.0081,,,,,
2022-08-29 00:00:00+00:00,0.873,0.6602,1.0882,,,,1.0021,,,,,
2022-08-30 00:00:00+00:00,0.864,0.6537,1.0748,,,,0.9923,,,,,
2022-08-31 00:00:00+00:00,0.861,0.6509,1.0657,,,,0.9881,,,,,
2022-09-01 00:00:00+00:00,0.86,0.6503,1.0675,,,,0.987,,,,,
2022-09-02 00:00:00+00:00,0.849,0.6418,1.0519,,,,0.9743,,,,,
2022-09-05 00:00:00+00:00,0.85,0.6425,1.058,,,,0.9754,,,,,
2022-09-06 00:00:00+00:00,0.845,0.6388,1.0505,,,,0.9698,,,,,
2022-09-07 00:00:00+00:00,0.863,0.6523,1.0758,,,,0.9915,,,,,
2022-09-08 00:00:00+00:00,0.867,0.6556,1.0806,,,,0.9969,,,,,
2022-09-09 00:00:00+00:00,0.885,0.6693,1.0973,,,,1.0179,,,,,
2022-09-13 00:00:00+00:00,0.844,0.6382,1.0494,,,,0.9707,,,,,
2022-09-14 00:00:00+00:00,0.853,0.6452,1.0645,,,,0.9814,,,,,
2022-09-15 00:00:00+00:00,0.839,0.6341,1.0474,,,,0.9644,,,,,
2022-09-16 00:00:00+00:00,0.836,0.6323,1.0486,,,,0.9615,,,,,
2022-09-19 00:00:00+00:00,0.844,0.638,1.0565,,,,0.9699,,,,,
2022-09-20 00:00:00+00:00,0.838,0.6332,1.0461,,,,0.9625,,,,,
2022-09-21 00:00:00+00:00,0.823,0.6224,1.0337,,,,0.946,,,,,
2022-09-22 00:00:00+00:00,0.817,0.6174,1.0273,,,,0.9382,,,,,
2022-09-23 00:00:00+00:00,0.805,0.6082,1.0124,,,,0.9245,,,,,
2022-09-26 00:00:00+00:00,0.805,0.6085,1.0137,,,,0.9242,,,,,
2022-09-27 00:00:00+00:00,0.811,0.6131,1.0151,,,,0.9308,,,,,
2022-09-28 00:00:00+00:00,0.831,0.6287,1.0477,,,,0.9546,,,,,
2022-09-29 00:00:00+00:00,0.807,0.6106,1.013,,,,0.927,,,,,
2022-09-30 00:00:00+00:00,0.792,0.5992,0.9802,,,,0.9097,,,,,
2022-10-10 00:00:00+00:00,0.789,0.5965,0.9819,,,,0.9056,,,,,
2022-10-11 00:00:00+00:00,0.78,0.5898,0.9762,,,,0.8953,,,,,
2022-10-12 00:00:00+00:00,0.78,0.5897,0.9737,,,,0.8952,,,,,
2022-10-13 00:00:00+00:00,0.798,0.603,0.9988,,,,0.9157,,,,,
2022-10-14 00:00:00+00:00,0.773,0.5843,0.9667,,,,0.8873,,,,,
2022-10-17 00:00:00+00:00,0.8,0.6044,1.003,,,,0.9179,,,,,
2022-10-18 00:00:00+00:00,0.806,0.609,1.0091,,,,0.9248,,,,,
2022-10-19 00:00:00+00:00,0.803,0.6066,1.0089,,,,0.9214,,,,,
2022-10-20 00:00:00+00:00,0.8,0.6042,1.0058,,,,0.9177,,,,,
2022-10-21 00:00:00+00:00,0.818,0.6185,1.0319,,,,0.94,,,,,
2022-10-24 00:00:00+00:00,0.827,0.6253,1.0444,,,,0.9501,,,,,
2022-10-25 00:00:00+00:00,0.85,0.6422,1.0734,,,,0.9759,,,,,
2022-10-26 00:00:00+00:00,0.83,0.6274,1.0363,,,,0.953,,,,,
2022-10-27 00:00:00+00:00,0.814,0.6152,1.019,,,,0.9341,,,,,
2022-10-28 00:00:00+00:00,0.841,0.6356,1.0534,,,,0.9655,,,,,
2022-10-31 00:00:00+00:00,0.831,0.6285,1.047,,,,0.9545,,,,,
2022-11-01 00:00:00+00:00,0.826,0.6247,1.0336,,,,0.9486,,,,,
2022-11-02 00:00:00+00:00,0.8,0.6044,0.999,,,,0.9179,,,,,
2022-11-03 00:00:00+00:00,0.787,0.5948,0.9843,,,,0.9029,,,,,
2022-11-04 00:00:00+00:00,0.8,0.6048,0.9933,,,,0.9182,,,,,
2022-11-07 00:00:00+00:00,0.806,0.6092,1.0017,,,,0.9233,,,,,
2022-11-08 00:00:00+00:00,0.811,0.6126,1.0105,,,,0.9281,,,,,
2022-11-09 00:00:00+00:00,0.792,0.5986,0.9853,,,,0.9068,,,,,
2022-11-10 00:00:00+00:00,0.854,0.6447,1.0596,,,,0.9778,,,,,
2022-11-11 00:00:00+00:00,0.864,0.6521,1.0574,,,,0.9885,,,,,
2022-11-14 00:00:00+00:00,0.844,0.6373,1.0368,,,,0.9654,,,,,
2022-11-15 00:00:00+00:00,0.851,0.6425,1.0511,,,,0.9727,,,,,
2022-11-16 00:00:00+00:00,0.838,0.6329,1.042,,,,0.9574,,,,,
2022-11-17 00:00:00+00:00,0.84,0.6341,1.0476,,,,0.9591,,,,,
2022-11-18 00:00:00+00:00,0.845,0.6377,1.0476,,,,0.9659,,,,,
2022-11-21 00:00:00+00:00,0.838,0.6323,1.0424,,,,0.9586,,,,,
2022-11-22 00:00:00+00:00,0.854,0.6448,1.0568,,,,0.98,,,,,
2022-11-23 00:00:00+00:00,0.858,0.6479,1.0659,,,,0.9829,,,,,
2022-11-24 00:00:00+00:00,0.857,0.6472,1.0658,,,,0.982,,,,,
2022-11-25 00:00:00+00:00,0.853,0.6438,1.0597,,,,0.9771,,,,,
2022-11-28 00:00:00+00:00,0.844,0.637,1.0505,,,,0.9663,,,,,
2022-11-29 00:00:00+00:00,0.842,0.6354,1.0378,,,,0.9649,,,,,
2022-11-30 00:00:00+00:00,0.878,0.6621,1.0818,,,,1.0052,,,,,
2022-12-01 00:00:00+00:00,0.873,0.6585,1.0731,,,,0.9965,,,,,
2022-12-02 00:00:00+00:00,0.861,0.6499,1.0638,,,,0.9834,,,,,
2022-12-05 00:00:00+00:00,0.845,0.6373,1.0335,,,,0.9644,,,,,
2022-12-06 00:00:00+00:00,0.821,0.6196,1.0172,,,,0.9365,,,,,
2022-12-07 00:00:00+00:00,0.819,0.6186,1.0106,,,,0.9352,,,,,
2022-12-08 00:00:00+00:00,0.825,0.623,1.0215,,,,0.9416,,,,,
2022-12-09 00:00:00+00:00,0.82,0.6189,1.0119,,,,0.9351,,,,,
2022-12-12 00:00:00+00:00,0.83,0.6262,1.028,,,,0.9462,,,,,
2022-12-13 00:00:00+00:00,0.841,0.6344,1.0398,,,,0.9587,,,,,
2022-12-14 00:00:00+00:00,0.832,0.6276,1.0275,,,,0.9484,,,,,
2022-12-15 00:00:00+00:00,0.802,0.6051,0.9949,,,,0.9141,,,,,
2022-12-16 00:00:00+00:00,0.799,0.6033,0.9875,,,,0.9114,,,,,
2022-12-19 00:00:00+00:00,0.788,0.5949,0.9745,,,,0.8983,,,,,
2022-12-20 00:00:00+00:00,0.789,0.5953,0.9726,,,,0.8976,,,,,
2022-12-21 00:00:00+00:00,0.798,0.6025,0.9857,,,,0.9086,,,,,
2022-12-22 00:00:00+00:00,0.78,0.5887,0.963,,,,0.8875,,,,,
2022-12-23 00:00:00+00:00,0.783,0.5908,0.9662,,,,0.8909,,,,,
2022-12-26 00:00:00+00:00,0.783,0.5909,0.963,,,,0.8907,,,,,
2022-12-27 00:00:00+00:00,0.77,0.5803,0.9492,,,,0.8735,,,,,
2022-12-28 00:00:00+00:00,0.761,0.5736,0.9371,,,,0.8636,,,,,
2022-12-29 00:00:00+00:00,0.781,0.5888,0.9607,,,,0.8865,,,,,
2022-12-30 00:00:00+00:00,0.778,0.5871,0.9576,,,,0.8828,,,,,
2022-12-31 00:00:00+00:00,0.778,0.587,0.9576,,,,0.8828,,,,,
2023-01-03 00:00:00+00:00,0.771,0.5816,0.9426,,,,0.8742,,,,,
2023-01-04 00:00:00+00:00,0.773,0.5822,0.9469,,,,0.8742,,,,,
2023-01-05 00:00:00+00:00,0.759,0.5715,0.9296,,,,0.8576,,,,,
2023-01-06 00:00:00+00:00,0.78,0.5873,0.9539,,,,0.8813,,,,,
2023-01-09 00:00:00+00:00,0.777,0.5855,0.948,,,,0.8784,,,,,
2023-01-10 00:00:00+00:00,0.777,0.5853,0.9569,,,,0.8778,,,,,
2023-01-11 00:00:00+00:00,0.791,0.5965,0.9721,,,,0.8951,,,,,
2023-01-12 00:00:00+00:00,0.794,0.5987,0.9747,,,,0.8985,,,,,
2023-01-13 00:00:00+00:00,0.795,0.5997,0.9754,,,,0.8997,,,,,
2023-01-16 00:00:00+00:00,0.793,0.5983,0.9749,,,,0.8977,,,,,
2023-01-17 00:00:00+00:00,0.795,0.5998,0.9845,,,,0.9003,,,,,
2023-01-18 00:00:00+00:00,0.789,0.5953,0.9727,,,,0.8937,,,,,
2023-01-19 00:00:00+00:00,0.782,0.5901,0.9636,,,,0.8856,,,,,
2023-01-20 00:00:00+00:00,0.804,0.6068,0.9906,,,,0.9113,,,,,
2023-01-30 00:00:00+00:00,0.822,0.6213,1.0121,,,,0.9331,,,,,
2023-01-31 00:00:00+00:00,0.835,0.6307,1.0282,,,,0.9476,,,,,
2023-02-01 00:00:00+00:00,0.851,0.643,1.0493,,,,0.9665,,,,,
2023-02-02 00:00:00+00:00,0.876,0.6621,1.0829,,,,0.9956,,,,,
2023-02-03 00:00:00+00:00,0.865,0.6529,1.0669,,,,0.9813,,,,,
2023-02-06 00:00:00+00:00,0.861,0.6503,1.0635,,,,0.9779,,,,,
2023-02-07 00:00:00+00:00,0.882,0.6656,1.0869,,,,1.0018,,,,,
2023-02-08 00:00:00+00:00,0.863,0.6517,1.0659,,,,0.9805,,,,,
2023-02-09 00:00:00+00:00,0.857,0.6471,1.057,,,,0.9737,,,,,
2023-02-10 00:00:00+00:00,0.852,0.6431,1.0527,,,,0.9675,,,,,
2023-02-13 00:00:00+00:00,0.868,0.6555,1.0736,,,,0.9868,,,,,
2023-02-14 00:00:00+00:00,0.874,0.6598,1.0804,,,,0.9936,,,,,
2023-02-15 00:00:00+00:00,0.881,0.6656,1.0934,,,,1.0023,,,,,
2023-02-16 00:00:00+00:00,0.869,0.6561,1.0737,,,,0.9876,,,,,
2023-02-17 00:00:00+00:00,0.865,0.653,1.0699,,,,0.9828,,,,,
2023-02-20 00:00:00+00:00,0.865,0.6528,1.0667,,,,0.9825,,,,,
2023-02-21 00:00:00+00:00,0.843,0.6365,1.0435,,,,0.9576,,,,,
2023-02-22 00:00:00+00:00,0.846,0.6385,1.047,,,,0.9608,,,,,
2023-02-23 00:00:00+00:00,0.856,0.6465,1.0564,,,,0.9738,,,,,
2023-02-24 00:00:00+00:00,0.841,0.6347,1.0451,,,,0.9558,,,,,
2023-02-27 00:00:00+00:00,0.854,0.6447,1.0571,,,,0.9717,,,,,
2023-02-28 00:00:00+00:00,0.852,0.6434,1.0526,,,,0.9697,,,,,
2023-03-01 00:00:00+00:00,0.844,0.6369,1.0353,,,,0.9597,,,1.0,,
2023-03-02 00:00:00+00:00,0.845,0.6374,1.0476,,,,0.9601,,,,,
2023-03-03 00:00:00+00:00,0.866,0.653,1.0676,,,,0.9841,,,1.0004,,
2023-03-06 00:00:00+00:00,0.865,0.6521,1.0712,,,,0.9826,,,,,
2023-03-07 00:00:00+00:00,0.856,0.6459,1.0592,,,,0.9734,,,,,
2023-03-08 00:00:00+00:00,0.865,0.6525,1.0716,,,,0.9835,,,,,
2023-03-09 00:00:00+00:00,0.852,0.642,1.0527,,,,0.9678,,,,,
2023-03-10 00:00:00+00:00,0.84,0.6331,1.0371,,,,0.9543,,,0.9966,,
2023-03-13 00:00:00+00:00,0.843,0.6356,1.0356,,,,0.9579,,,0.9969,,
2023-03-14 00:00:00+00:00,0.857,0.6464,1.0549,,,,0.9744,,,,,
2023-03-15 00:00:00+00:00,0.858,0.6466,1.0629,,,,0.9747,,,,,
2023-03-16 00:00:00+00:00,0.886,0.668,1.093,,,,1.0075,,,1.0131,,
2023-03-17 00:00:00+00:00,0.88,0.6637,1.0821,,,,1.0012,,,1.009,,
2023-03-20 00:00:00+00:00,0.879,0.663,1.0894,,,,0.9995,,,1.0072,,
2023-03-21 00:00:00+00:00,0.892,0.673,1.1022,,,,1.0149,,,1.0225,,
2023-03-22 00:00:00+00:00,0.879,0.6633,1.0897,,,,1.0003,,,1.0078,,
2023-03-23 00:00:00+00:00,0.89,0.6716,1.0939,,,,1.013,,,1.0211,,
2023-03-24 00:00:00+00:00,0.889,0.6705,1.1007,,,,1.011,,,1.0174,,
2023-03-27 00:00:00+00:00,0.887,0.6687,1.0981,,,,1.0084,,,1.0171,,
2023-03-28 00:00:00+00:00,0.883,0.6658,1.0927,,,,1.004,,,1.013,,
2023-03-29 00:00:00+00:00,0.899,0.6783,1.1133,,,,1.023,,,1.0319,,
2023-03-30 00:00:00+00:00,0.909,0.6856,1.1217,,,,1.0341,1.0,,1.0432,,
2023-03-31 00:00:00+00:00,0.922,0.6954,1.1392,,,,1.0489,0.9996,,1.0571,,
2023-04-03 00:00:00+00:00,0.921,0.6945,1.1396,,,,1.0476,,,1.056,,
2023-04-04 00:00:00+00:00,0.916,0.6911,1.1342,,,,1.0423,,,1.0504,,
2023-04-06 00:00:00+00:00,0.914,0.6894,1.1306,,,,1.04,,,1.0481,,
2023-04-07 00:00:00+00:00,0.915,0.6902,1.1302,,,,1.0413,1.0001,,1.0496,,
2023-04-10 00:00:00+00:00,0.913,0.6888,1.1287,,,,1.0393,0.9986,,1.0473,,
2023-04-11 00:00:00+00:00,0.909,0.6855,1.1233,,,,1.0341,,,1.0423,,
2023-04-12 00:00:00+00:00,0.901,0.679,1.1129,,,1.0,1.0244,,,1.0326,,
2023-04-13 00:00:00+00:00,0.916,0.6909,1.1338,,,,1.0422,1.0033,,1.0501,,
2023-04-14 00:00:00+00:00,0.913,0.6888,1.1262,,,0.9991,1.039,1.0005,,1.047,,
2023-04-17 00:00:00+00:00,0.915,0.6898,1.1309,,,,1.0407,1.002,,1.0487,,
2023-04-18 00:00:00+00:00,0.917,0.6913,1.1327,,,0.9999,1.0431,1.0041,,1.051,,
2023-04-19 00:00:00+00:00,0.915,0.6902,1.1355,,,,1.0415,1.0026,,1.0495,1.0,
2023-04-20 00:00:00+00:00,0.912,0.6873,1.1247,,,,1.0371,0.9994,,1.0452,,
2023-04-21 00:00:00+00:00,0.91,0.6858,1.127,,,0.9929,1.0347,0.9959,,1.0428,1.0001,
2023-04-24 00:00:00+00:00,0.909,0.685,1.1252,,,0.9918,1.0334,0.9951,,1.0413,,
2023-04-25 00:00:00+00:00,0.892,0.6723,1.1073,,,0.9739,1.0141,0.9771,,1.0226,,
2023-04-26 00:00:00+00:00,0.902,0.6798,1.1147,,,0.9857,1.0262,0.9889,,1.0348,1.0017,
2023-04-27 00:00:00+00:00,0.926,0.698,1.1462,,,1.0114,1.0539,1.015,,1.0623,,
2023-04-28 00:00:00+00:00,0.933,0.7029,1.1534,,,1.0186,1.0613,1.022,,1.0696,1.0034,
2023-05-04 00:00:00+00:00,0.912,0.687,1.1288,,,0.9945,1.0373,0.9973,,1.0458,,
2023-05-05 00:00:00+00:00,0.932,0.7022,1.1527,,,1.0156,1.0603,1.0194,,1.0686,1.0198,
2023-05-08 00:00:00+00:00,0.934,0.7044,1.1557,,,1.0189,1.0635,1.0224,,1.0718,1.0228,
2023-05-09 00:00:00+00:00,0.929,0.7007,1.1499,,,1.0141,1.0578,1.017,,1.0661,1.0182,
2023-05-10 00:00:00+00:00,0.94,0.7088,1.163,,,1.0254,1.0702,1.0289,,1.0784,1.0308,
2023-05-11 00:00:00+00:00,0.94,0.709,1.1685,,,1.0241,1.0706,1.0283,,1.0788,1.031,
2023-05-12 00:00:00+00:00,0.941,0.7104,1.166,,,1.0284,1.0726,1.031,,1.0809,1.0373,
2023-05-15 00:00:00+00:00,0.949,0.716,1.1726,,,1.0366,1.0811,1.0395,,1.0893,1.0465,
2023-05-16 00:00:00+00:00,0.947,0.715,1.1759,,,1.0348,1.0798,1.0378,,1.088,1.0452,
2023-05-17 00:00:00+00:00,0.962,0.7263,1.1973,,,1.0519,1.0969,1.0551,,1.1051,1.0619,
2023-05-18 00:00:00+00:00,0.982,0.7418,1.2236,,,1.0754,1.1202,1.0766,,1.1283,1.0847,
2023-05-19 00:00:00+00:00,0.985,0.7442,1.2197,,,1.0791,1.1239,1.0806,,1.132,1.0881,
2023-05-22 00:00:00+00:00,0.986,0.7444,1.2247,,,1.0795,1.1244,1.0807,,1.1324,1.0887,
2023-05-23 00:00:00+00:00,0.975,0.7366,1.2129,,,1.0686,1.1127,1.0701,,1.1208,1.0773,
2023-05-24 00:00:00+00:00,0.974,0.7353,1.2071,,,1.0669,1.1107,1.0682,,1.119,1.0754,
2023-05-25 00:00:00+00:00,0.997,0.7521,1.2397,,,1.0917,1.1374,1.0917,,1.1455,1.1012,
2023-05-26 00:00:00+00:00,1.026,0.7739,1.2674,,,1.1229,1.1705,1.1233,,1.1784,1.1335,
2023-05-29 00:00:00+00:00,1.023,0.7719,1.2727,,,1.12,1.1675,1.1199,,1.1753,1.1303,
2023-05-30 00:00:00+00:00,1.031,0.7775,1.2806,,,1.128,1.1761,1.1286,,1.1839,1.1391,
2023-05-31 00:00:00+00:00,1.024,0.7723,1.2748,1.0,,1.1204,1.168,1.1208,,1.1758,1.1312,
2023-06-01 00:00:00+00:00,1.039,0.7839,1.2941,,,1.1374,1.1857,1.1378,,1.1935,1.1483,
2023-06-02 00:00:00+00:00,1.046,0.7892,1.2946,1.0,,1.145,1.1939,1.1455,,1.2016,1.1563,
2023-06-05 00:00:00+00:00,1.046,0.7893,1.3036,,,1.1451,1.1941,1.1458,,1.2017,1.1565,
2023-06-06 00:00:00+00:00,1.049,0.7913,1.3039,,,1.1479,1.197,1.1476,,1.2047,1.1593,
2023-06-07 00:00:00+00:00,1.032,0.7791,1.282,0.9915,,1.1307,1.1782,1.1301,,1.1861,1.141,
2023-06-08 00:00:00+00:00,1.047,0.7899,1.299,,,1.1459,1.1944,1.1458,,1.2023,1.1568,
2023-06-09 00:00:00+00:00,1.047,0.7906,1.3014,1.0003,,1.1466,1.1954,1.1467,,1.2031,1.1578,
2023-06-12 00:00:00+00:00,1.067,0.8054,1.328,,,1.1674,1.2179,1.1685,,1.2256,1.1796,
2023-06-13 00:00:00+00:00,1.08,0.8148,1.3399,1.0303,,1.181,1.2322,1.1812,,1.24,1.1933,
2023-06-14 00:00:00+00:00,1.088,0.8211,1.3514,1.0383,,1.1903,1.2416,1.1905,,1.2499,1.2028,
2023-06-15 00:00:00+00:00,1.1,0.8297,1.3661,1.0491,,1.2026,1.2551,1.2035,,1.2633,1.2159,
2023-06-16 00:00:00+00:00,1.09,0.8219,1.3513,1.0388,,1.1914,1.2432,1.1924,,1.2515,1.2045,
2023-06-19 00:00:00+00:00,1.088,0.8208,1.3574,1.037,,1.1899,1.2417,1.1908,,1.2498,1.2029,
2023-06-20 00:00:00+00:00,1.093,0.8244,1.3592,1.0441,,1.1954,1.2473,1.1964,,1.2559,1.2083,
2023-06-21 00:00:00+00:00,1.081,0.8155,1.345,1.0348,,1.1829,1.2339,1.1834,,1.2422,1.1946,
2023-06-26 00:00:00+00:00,1.072,0.8087,1.3364,1.0273,,1.173,1.2233,1.1729,,1.2317,1.186,
2023-06-27 00:00:00+00:00,1.091,0.8232,1.3549,1.0459,,1.1937,1.2453,1.1934,,1.2534,1.2083,
2023-06-28 00:00:00+00:00,1.093,0.8243,1.3616,1.0472,,1.1951,1.2469,1.1952,,1.2548,1.2099,
2023-06-29 00:00:00+00:00,1.092,0.8242,1.3599,1.0473,,1.1949,1.2466,1.1948,,1.2548,1.2096,
2023-06-30 00:00:00+00:00,1.111,0.8379,1.3857,1.0649,,1.2145,1.2673,1.2142,,1.2764,1.2297,
2023-07-03 00:00:00+00:00,1.111,0.8383,1.387,1.0655,,1.2154,1.2681,1.215,,1.2754,1.2308,
2023-07-04 00:00:00+00:00,1.11,0.837,1.3788,1.0638,,1.2136,1.2661,1.213,,1.2731,1.229,
2023-07-05 00:00:00+00:00,1.108,0.8358,1.3846,1.0624,,1.212,1.2643,1.2116,,1.2712,1.2276,
2023-07-06 00:00:00+00:00,1.102,0.8309,1.3752,1.0565,,1.2049,1.2572,1.2025,,1.2644,1.2201,
2023-07-07 00:00:00+00:00,1.097,0.8274,1.3695,1.0522,,1.2001,1.2519,1.1976,,1.2595,1.2147,
2023-07-10 00:00:00+00:00,1.096,0.8266,1.3682,1.0509,,1.1971,1.2504,1.1961,,1.2583,1.2132,
2023-07-11 00:00:00+00:00,1.101,0.8302,1.3693,1.0553,,1.2021,1.2558,1.2013,,1.2637,1.2184,
2023-07-12 00:00:00+00:00,1.112,0.8389,1.3835,1.067,1.0,1.2149,1.2692,1.214,,1.277,1.2315,
2023-07-13 00:00:00+00:00,1.128,0.8504,1.4015,1.0812,,1.2313,1.2869,1.2305,,1.2946,1.2488,
2023-07-14 00:00:00+00:00,1.124,0.8475,1.3964,1.0771,0.9986,1.2272,1.2826,1.226,,1.2902,1.2446,
2023-07-17 00:00:00+00:00,1.135,0.8556,1.4167,1.0878,,1.2387,1.2949,1.2376,,1.3024,1.2566,
2023-07-18 00:00:00+00:00,1.146,0.8639,1.4285,1.0986,,1.2502,1.3078,1.2493,,1.3153,1.269,
2023-07-19 00:00:00+00:00,1.146,0.8636,1.4359,1.0986,,1.2482,1.3069,1.2486,,1.3155,1.2686,
2023-07-20 00:00:00+00:00,1.119,0.8442,1.3972,1.072,,1.2223,1.2768,1.2191,,1.2857,1.2393,
2023-07-21 00:00:00+00:00,1.116,0.8419,1.3914,1.0687,0.9871,1.2208,1.2733,1.2155,,1.2815,1.2357,
2023-07-24 00:00:00+00:00,1.118,0.8435,1.3984,1.0701,,1.2226,1.276,1.2169,,1.2832,1.2375,
2023-07-25 00:00:00+00:00,1.125,0.8492,1.3967,1.077,,1.2308,1.2845,1.2245,,1.2917,1.2457,
2023-07-26 00:00:00+00:00,1.119,0.845,1.3923,1.0709,0.9881,1.224,1.2775,1.2177,,1.2845,1.2389,
2023-07-27 00:00:00+00:00,1.116,0.8424,1.387,1.0681,0.9857,1.2208,1.2741,1.2145,,1.2812,1.2356,
2023-07-28 00:00:00+00:00,1.138,0.859,1.4176,1.0893,1.0034,1.2444,1.2989,1.2384,,1.306,1.2597,
2023-07-31 00:00:00+00:00,1.138,0.8587,1.4152,1.0891,1.0032,1.2442,1.2988,1.2383,,1.3057,1.2596,
2023-08-01 00:00:00+00:00,1.134,0.8559,1.4152,1.0854,1.0008,1.2408,1.2949,1.2349,,1.3021,1.2561,
2023-08-02 00:00:00+00:00,1.111,0.8381,1.3874,1.0618,0.9802,1.2148,1.2677,1.2084,,1.2751,1.2297,
2023-08-03 00:00:00+00:00,1.111,0.8385,1.3869,1.0613,0.9808,1.2157,1.2683,1.2083,,1.2759,1.2302,
2023-08-04 00:00:00+00:00,1.105,0.8337,1.3783,1.0545,0.9748,1.2083,1.2605,1.2009,,1.2681,1.2227,
2023-08-07 00:00:00+00:00,1.113,0.8402,1.3922,1.0622,0.9825,1.2176,1.2707,1.2107,,1.2782,1.2326,
2023-08-08 00:00:00+00:00,1.106,0.8352,1.3841,1.0543,0.9765,1.2086,1.2626,1.2024,,1.2704,1.2252,
2023-08-09 00:00:00+00:00,1.094,0.8258,1.366,1.0418,0.9661,1.1955,1.2485,1.1888,,1.2567,1.2114,
2023-08-10 00:00:00+00:00,1.096,0.8272,1.3707,1.0428,0.9677,1.1975,1.2506,1.1908,,1.259,1.2134,
2023-08-11 00:00:00+00:00,1.089,0.822,1.3665,1.0362,0.9616,1.1897,1.2425,1.1831,,1.2508,1.2056,
2023-08-14 00:00:00+00:00,1.103,0.8329,1.386,1.0499,0.9741,1.2024,1.2595,1.1987,,1.2661,1.2214,
2023-08-15 00:00:00+00:00,1.093,0.8247,1.3766,1.0394,0.9646,1.1884,1.2463,1.1867,,1.2538,1.2092,
2023-08-16 00:00:00+00:00,1.084,0.8184,1.3628,1.0311,0.9577,1.1796,1.2371,1.1766,,1.2448,1.1998,
2023-08-17 00:00:00+00:00,1.074,0.8109,1.3514,1.0208,0.9502,1.1682,1.2264,1.1654,1.0,1.2344,1.1883,
2023-08-18 00:00:00+00:00,1.071,0.8085,1.3457,1.0179,0.948,1.1655,1.2234,1.1626,0.9999,1.2315,1.1855,
2023-08-21 00:00:00+00:00,1.088,0.822,1.372,1.0339,0.9631,1.1841,1.2431,1.1812,1.0,1.2511,1.2046,
2023-08-22 00:00:00+00:00,1.086,0.8205,1.3656,1.0321,0.9614,1.182,1.2408,1.1792,0.9969,1.2489,1.2025,
2023-08-23 00:00:00+00:00,1.104,0.8338,1.3878,1.0486,0.9764,1.2006,1.2597,1.1978,1.0037,1.2686,1.2216,
2023-08-24 00:00:00+00:00,1.078,0.8145,1.3558,1.0243,0.9541,1.1728,1.2303,1.1699,0.978,1.2394,1.1933,
2023-08-25 00:00:00+00:00,1.087,0.821,1.3685,1.0328,0.9619,1.1824,1.2409,1.1796,0.9853,1.2505,1.2033,
2023-08-28 00:00:00+00:00,1.094,0.8265,1.3798,1.04,0.9685,1.1906,1.2499,1.1878,0.9907,1.2582,1.2117,
2023-08-29 00:00:00+00:00,1.118,0.8448,1.4086,1.0623,0.9888,1.2159,1.277,1.2132,1.0091,1.285,1.2379,
2023-08-30 00:00:00+00:00,1.124,0.8493,1.4169,1.0678,0.9938,1.2221,1.2836,1.2195,1.0139,1.2916,1.2438,
2023-08-31 00:00:00+00:00,1.127,0.8514,1.4201,1.0705,0.996,1.2252,1.287,1.2226,1.0117,1.295,1.247,
2023-09-01 00:00:00+00:00,1.125,0.8503,1.4136,1.0695,0.995,1.2241,1.2858,1.2214,1.0129,1.2937,1.2458,
2023-09-04 00:00:00+00:00,1.125,0.8502,1.4154,1.0694,0.9949,1.224,1.2856,1.2213,1.0137,1.2935,1.2456,
2023-09-05 00:00:00+00:00,1.127,0.8514,1.4226,1.0705,0.9959,1.2253,1.287,1.2226,1.0106,1.2935,1.247,
2023-09-06 00:00:00+00:00,1.119,0.8453,1.412,1.0637,0.9899,1.2179,1.2789,1.2148,1.02,1.2857,1.239,
2023-09-07 00:00:00+00:00,1.111,0.8392,1.4049,1.0562,0.9828,1.2094,1.2698,1.2061,1.0126,1.2766,1.2302,
2023-09-08 00:00:00+00:00,1.115,0.8422,1.4104,1.0599,0.9856,1.2149,1.2744,1.2104,1.0233,1.2829,1.2345,
2023-09-11 00:00:00+00:00,1.128,0.8527,1.4166,1.0724,0.9932,1.229,1.2894,1.2241,1.0356,1.2979,1.2491,
2023-09-12 00:00:00+00:00,1.113,0.8411,1.4015,1.0581,0.9798,1.2128,1.2722,1.2079,1.0216,1.2807,1.2325,
2023-09-13 00:00:00+00:00,1.116,0.8437,1.4045,1.0608,0.9802,1.2158,1.2755,1.2109,1.0239,1.284,1.2356,
2023-09-14 00:00:00+00:00,1.125,0.8507,1.4147,1.0692,0.9866,1.2255,1.2856,1.2205,1.0321,1.2941,1.2455,
2023-09-15 00:00:00+00:00,1.104,0.8346,1.388,1.0492,0.968,1.2028,1.2615,1.1976,1.0131,1.27,1.2221,
2023-09-18 00:00:00+00:00,1.105,0.8352,1.3946,1.05,0.9669,1.2037,1.2626,1.1986,1.0138,1.2719,1.2231,
2023-09-19 00:00:00+00:00,1.102,0.8333,1.3923,1.0476,0.9615,1.2009,1.2597,1.1958,1.0115,1.2686,1.2211,
2023-09-20 00:00:00+00:00,1.087,0.8207,1.3728,1.0325,0.946,1.1838,1.2416,1.1787,0.9972,1.2496,1.2033,
2023-09-21 00:00:00+00:00,1.067,0.8055,1.3483,1.0134,0.9272,1.1625,1.2185,1.157,0.9788,1.2268,1.1811,
2023-09-22 00:00:00+00:00,1.067,0.8055,1.3483,1.0139,0.926,1.163,1.2191,1.156,0.9798,1.2274,1.1815,
2023-09-25 00:00:00+00:00,1.072,0.8093,1.3564,1.0178,0.9294,1.1682,1.2246,1.1618,0.9844,1.2321,1.1864,
2023-09-26 00:00:00+00:00,1.056,0.7967,1.3361,1.0025,0.9135,1.1498,1.2061,1.1445,0.969,1.2135,1.1734,
2023-09-27 00:00:00+00:00,1.058,0.7982,1.3385,1.0047,0.9151,1.1523,1.2087,1.1472,0.9708,1.2163,1.1715,
2023-09-28 00:00:00+00:00,1.068,0.8057,1.3489,1.0138,0.9237,1.163,1.2203,1.1573,0.9801,1.2284,1.1829,
2023-10-09 00:00:00+00:00,1.093,0.8252,1.379,1.0374,0.9448,1.1897,1.2482,1.1838,1.0024,1.2567,1.2124,
2023-10-10 00:00:00+00:00,1.099,0.8297,1.3866,1.0431,0.9493,1.1962,1.2551,1.1896,1.0077,1.261,1.2151,
2023-10-11 00:00:00+00:00,1.107,0.8358,1.3973,1.0505,0.955,1.2047,1.2641,1.1975,1.0149,1.27,1.224,
2023-10-12 00:00:00+00:00,1.102,0.8323,1.3922,1.0465,0.9507,1.2002,1.2592,1.1928,1.0113,1.2652,1.2194,
2023-10-13 00:00:00+00:00,1.089,0.8218,1.3762,1.0335,0.9378,1.1854,1.2435,1.1772,0.9987,1.2495,1.2124,
2023-10-16 00:00:00+00:00,1.102,0.8318,1.3932,1.046,0.9485,1.1998,1.2578,1.1928,1.0079,1.2676,1.2222,
2023-10-17 00:00:00+00:00,1.098,0.8289,1.3891,1.0424,0.9445,1.1957,1.2536,1.189,1.0012,1.2633,1.2262,
2023-10-18 00:00:00+00:00,1.083,0.8169,1.3689,1.0278,0.9307,1.179,1.236,1.1714,0.9874,1.2456,1.2014,
2023-10-19 00:00:00+00:00,1.073,0.8098,1.3582,1.0191,0.9222,1.1692,1.2255,1.161,0.9837,1.2351,1.1948,
2023-10-20 00:00:00+00:00,1.057,0.7974,1.338,1.0038,0.9084,1.1517,1.2068,1.1448,0.9722,1.2167,1.1768,
2023-10-23 00:00:00+00:00,1.06,0.7998,1.342,1.0071,0.9099,1.1558,1.2107,1.1488,0.9747,1.2202,1.1803,
2023-10-24 00:00:00+00:00,1.07,0.8075,1.3528,1.0167,0.9185,1.1667,1.2219,1.1592,0.9845,1.2317,1.1915,
2023-10-25 00:00:00+00:00,1.044,0.7872,1.3211,0.9917,0.8949,1.1383,1.1919,1.1304,0.9608,1.2015,1.1621,
2023-10-26 00:00:00+00:00,1.024,0.7714,1.2966,0.9729,0.8776,1.117,1.1692,1.1103,0.943,1.1789,1.1399,
2023-10-27 00:00:00+00:00,1.029,0.7754,1.3029,0.9777,0.881,1.1225,1.175,1.1153,0.9479,1.1847,1.1456,
2023-10-30 00:00:00+00:00,1.04,0.7846,1.3173,0.9884,0.8901,1.1346,1.1883,1.127,0.9584,1.1971,1.1581,
2023-10-31 00:00:00+00:00,1.046,0.7884,1.3241,0.9935,0.894,1.1403,1.1944,1.1329,0.9632,1.2031,1.1641,
2023-11-01 00:00:00+00:00,1.064,0.8029,1.3477,1.011,0.9089,1.1602,1.2155,1.1529,0.9803,1.2242,1.1846,
2023-11-02 00:00:00+00:00,1.083,0.8172,1.3711,1.0288,0.9242,1.1805,1.2371,1.1725,0.9976,1.2463,1.2055,
2023-11-03 00:00:00+00:00,1.096,0.8271,1.3868,1.0412,0.9347,1.1945,1.2519,1.1867,1.0099,1.2611,1.22,
2023-11-06 00:00:00+00:00,1.1,0.8304,1.3855,1.0448,0.9379,1.1985,1.2562,1.1902,1.0134,1.2654,1.2242,
2023-11-07 00:00:00+00:00,1.11,0.8382,1.3989,1.0546,0.9465,1.2095,1.2677,1.2023,1.0229,1.277,1.2356,
2023-11-08 00:00:00+00:00,1.111,0.8391,1.3994,1.0557,0.9474,1.2107,1.2684,1.2031,1.0239,1.2783,1.2368,
2023-11-09 00:00:00+00:00,1.102,0.832,1.3894,1.0476,0.9397,1.2028,1.2588,1.1929,1.0157,1.2668,1.2268,
2023-11-10 00:00:00+00:00,1.126,0.8509,1.4221,1.0714,0.9606,1.2319,1.287,1.2213,1.0386,1.2952,1.2544,
2023-11-13 00:00:00+00:00,1.123,0.8484,1.4182,1.0681,0.9577,1.2291,1.2833,1.2171,1.0356,1.2913,1.2506,
2023-11-14 00:00:00+00:00,1.147,0.8661,1.4484,1.0912,0.978,1.2564,1.3107,1.2431,1.0573,1.3186,1.2773,
2023-11-15 00:00:00+00:00,1.147,0.8663,1.4384,1.0915,0.9782,1.2579,1.3111,1.2432,1.0575,1.3197,1.2777,
2023-11-16 00:00:00+00:00,1.148,0.8674,1.4431,1.0924,0.9788,1.2588,1.312,1.244,1.0581,1.3206,1.2786,
2023-11-17 00:00:00+00:00,1.148,0.8673,1.4415,1.0927,0.9787,1.2602,1.3124,1.244,1.0585,1.321,1.2789,
2023-11-20 00:00:00+00:00,1.16,0.8762,1.445,1.104,0.9885,1.2727,1.3259,1.2571,1.0691,1.3344,1.2922,
2023-11-21 00:00:00+00:00,1.15,0.8687,1.4275,1.0944,0.9801,1.2606,1.3144,1.2463,1.06,1.3229,1.2811,
2023-11-22 00:00:00+00:00,1.152,0.8706,1.436,1.0967,0.9822,1.2629,1.3172,1.2488,1.0624,1.3256,1.2839,
2023-11-23 00:00:00+00:00,1.152,0.8701,1.4343,1.096,0.9816,1.2621,1.3164,1.2481,1.0618,1.3248,1.2832,
2023-11-24 00:00:00+00:00,1.149,0.8679,1.4359,1.0937,0.9795,1.2599,1.3136,1.2453,1.0597,1.3217,1.2805,
2023-11-27 00:00:00+00:00,1.148,0.8669,1.4338,1.0925,0.9784,1.2584,1.312,1.2439,1.0584,1.3201,1.279,
2023-11-28 00:00:00+00:00,1.151,0.8696,1.4383,1.0953,0.9809,1.2619,1.3154,1.2469,1.0612,1.3235,1.2824,
2023-11-29 00:00:00+00:00,1.148,0.8663,1.4305,1.0923,0.9782,1.2584,1.3118,1.2434,1.0583,1.3198,1.279,
2023-11-30 00:00:00+00:00,1.145,0.8639,1.4285,1.0896,0.9758,1.2553,1.3086,1.2407,1.0557,1.3168,1.2758,
2023-12-01 00:00:00+00:00,1.15,0.8672,1.4358,1.0943,0.98,1.2608,1.3141,1.2458,1.0602,1.3224,1.2811,
2023-12-04 00:00:00+00:00,1.137,0.8574,1.4201,1.0821,0.9691,1.2468,1.2995,1.232,1.0484,1.3074,1.2669,
2023-12-05 00:00:00+00:00,1.142,0.8615,1.4253,1.0864,0.9729,1.2515,1.3047,1.2369,1.0525,1.3127,1.2719,
2023-12-06 00:00:00+00:00,1.135,0.8566,1.4192,1.0805,0.9676,1.2447,1.2975,1.2301,1.0467,1.3056,1.2645,
2023-12-07 00:00:00+00:00,1.153,0.87,1.44,1.097,0.9823,1.2634,1.3174,1.2487,1.0626,1.3259,1.2836,
2023-12-08 00:00:00+00:00,1.156,0.8727,1.4464,1.1005,0.9853,1.2656,1.3216,1.2526,1.0659,1.3299,1.2875,
2023-12-11 00:00:00+00:00,1.167,0.8786,1.4633,1.1103,0.9941,1.2714,1.3335,1.2636,1.0754,1.3418,1.2992,
2023-12-12 00:00:00+00:00,1.176,0.8858,1.4739,1.1196,1.0021,1.282,1.3447,1.2742,1.0843,1.3529,1.31,
2023-12-13 00:00:00+00:00,1.19,0.8962,1.4943,1.133,1.014,1.2971,1.3609,1.2893,1.0973,1.369,1.3257,
2023-12-14 00:00:00+00:00,1.188,0.8944,1.4825,1.1308,1.012,1.2943,1.3583,1.287,1.0952,1.3663,1.3232,
2023-12-15 00:00:00+00:00,1.192,0.8971,1.4836,1.1343,1.0152,1.2985,1.3627,1.2911,1.0987,1.3708,1.3275,
2023-12-18 00:00:00+00:00,1.199,0.9029,1.4982,1.1411,1.0217,1.3068,1.3714,1.2993,1.1052,1.3789,1.3352,
2023-12-19 00:00:00+00:00,1.206,0.9081,1.5089,1.1475,1.0275,1.3143,1.3793,1.3067,1.1115,1.3867,1.343,
2023-12-20 00:00:00+00:00,1.188,0.894,1.4834,1.1293,1.0119,1.2947,1.3579,1.2864,1.0943,1.3654,1.3221,
2023-12-21 00:00:00+00:00,1.203,0.9055,1.5037,1.1435,1.0248,1.3111,1.3752,1.3026,1.1082,1.3828,1.3392,
2023-12-22 00:00:00+00:00,1.203,0.9058,1.5051,1.1437,1.0252,1.311,1.3758,1.3033,1.1086,1.3832,1.3395,
2023-12-25 00:00:00+00:00,1.204,0.9064,1.5035,1.1445,1.0259,1.312,1.3767,1.3036,1.1094,1.3842,1.3405,
2023-12-26 00:00:00+00:00,1.21,0.9113,1.5146,1.1505,1.0314,1.3189,1.384,1.3107,1.1153,1.3916,1.3478,
2023-12-27 00:00:00+00:00,1.213,0.9132,1.5166,1.1527,1.0336,1.3217,1.3869,1.313,1.1177,1.3945,1.3508,
2023-12-28 00:00:00+00:00,1.212,0.9124,1.5076,1.1516,1.0326,1.3206,1.3856,1.3116,1.1167,1.3933,1.3495,
2023-12-29 00:00:00+00:00,1.204,0.9066,1.499,1.1443,1.0262,1.3122,1.377,1.3035,1.1097,1.3845,1.341,
2023-12-31 00:00:00+00:00,1.204,0.9066,1.499,1.1442,1.0262,1.3121,1.3769,1.3035,1.1097,1.3844,1.3409,
2024-01-02 00:00:00+00:00,1.183,0.8906,1.4815,1.1242,1.0082,1.2894,1.3528,1.2807,1.0903,1.3603,1.3175,
2024-01-03 00:00:00+00:00,1.174,0.8841,1.4689,1.1158,1.0007,1.2802,1.3428,1.2713,1.0824,1.3505,1.3082,
2024-01-04 00:00:00+00:00,1.168,0.8793,1.4622,1.1099,0.9953,1.2733,1.3356,1.2645,1.0766,1.3427,1.3009,
2024-01-05 00:00:00+00:00,1.17,0.881,1.4667,1.112,0.9971,1.2755,1.3381,1.2666,1.0787,1.3453,1.3033,
2024-01-08 00:00:00+00:00,1.195,0.8992,1.4967,1.135,1.0175,1.3015,1.3658,1.2929,1.1009,1.3729,1.3303,
2024-01-09 00:00:00+00:00,1.197,0.9008,1.4991,1.1369,1.0193,1.3035,1.3682,1.2951,1.1029,1.3753,1.3328,
2024-01-10 00:00:00+00:00,1.206,0.9077,1.5124,1.145,1.0269,1.3125,1.3782,1.3048,1.1111,1.3863,1.3433,
2024-01-11 00:00:00+00:00,1.208,0.9095,1.5128,1.1471,1.0288,1.3148,1.3811,1.3074,1.1134,1.3892,1.346,
2024-01-12 00:00:00+00:00,1.208,0.9096,1.5141,1.1472,1.029,1.3147,1.381,1.3075,1.1136,1.3895,1.3461,
2024-01-15 00:00:00+00:00,1.209,0.91,1.5163,1.1477,1.0294,1.3153,1.3816,1.308,1.1141,1.39,1.3466,
2024-01-16 00:00:00+00:00,1.21,0.9105,1.5178,1.1479,1.0299,1.3153,1.3825,1.3087,1.1147,1.391,1.3467,
2024-01-17 00:00:00+00:00,1.203,0.9058,1.512,1.1417,1.0246,1.3076,1.3754,1.302,1.1089,1.3846,1.3398,
2024-01-18 00:00:00+00:00,1.221,0.919,1.5342,1.1583,1.0393,1.3267,1.3956,1.3209,1.1253,1.4051,1.3598,
2024-01-19 00:00:00+00:00,1.245,0.9367,1.5634,1.1806,1.0593,1.3514,1.4224,1.3463,1.147,1.4308,1.386,
2024-01-22 00:00:00+00:00,1.245,0.9367,1.5653,1.1805,1.0594,1.3467,1.4223,1.3467,1.1472,1.4317,1.3867,
2024-01-23 00:00:00+00:00,1.25,0.9407,1.5665,1.1841,1.064,1.3474,1.4291,1.3529,1.1522,1.4377,1.3927,
2024-01-24 00:00:00+00:00,1.256,0.9451,1.5746,1.1891,1.0687,1.3463,1.4353,1.3699,1.1575,1.4437,1.3988,
2024-01-25 00:00:00+00:00,1.257,0.9459,1.575,1.1891,1.0696,1.3474,1.4368,1.3662,1.1585,1.445,1.4,
2024-01-26 00:00:00+00:00,1.251,0.9411,1.5701,1.1826,1.0641,1.3406,1.4297,1.3571,1.1526,1.438,1.3924,
2024-01-29 00:00:00+00:00,1.263,0.9508,1.5855,1.1944,1.075,1.3544,1.4443,1.3709,1.1645,1.4529,1.4068,
2024-01-30 00:00:00+00:00,1.254,0.944,1.5743,1.1857,1.0673,1.3437,1.4337,1.3607,1.156,1.4426,1.3966,
2024-01-31 00:00:00+00:00,1.23,0.9254,1.5444,1.161,1.0464,1.317,1.4055,1.3341,1.1334,1.4147,1.3693,
2024-02-01 00:00:00+00:00,1.245,0.9366,1.5637,1.1747,1.0589,1.333,1.4227,1.3502,1.1472,1.4317,1.3861,
2024-02-02 00:00:00+00:00,1.265,0.9525,1.5898,1.1938,1.0761,1.3543,1.4463,1.372,1.1661,1.4549,1.4091,
2024-02-05 00:00:00+00:00,1.264,0.9517,1.5909,1.1923,1.0749,1.3519,1.445,1.371,1.1651,1.4537,1.4079,
2024-02-06 00:00:00+00:00,1.262,0.9497,1.5861,1.1892,1.0723,1.3491,1.442,1.3684,1.1627,1.4506,1.4048,
2024-02-07 00:00:00+00:00,1.274,0.9592,1.6024,1.2005,1.0823,1.3623,1.4563,1.3815,1.1741,1.4648,1.4188,
2024-02-08 00:00:00+00:00,1.276,0.9607,1.606,1.2023,1.0842,1.3642,1.459,1.3839,1.1763,1.4674,1.421,
2024-02-19 00:00:00+00:00,1.269,0.9552,1.5978,1.1946,1.0777,1.3565,1.4504,1.3758,1.1696,1.4588,1.4128,
2024-02-20 00:00:00+00:00,1.26,0.948,1.5853,1.1859,1.0699,1.3461,1.4396,1.367,1.1609,1.4481,1.4037,
2024-02-21 00:00:00+00:00,1.254,0.944,1.5767,1.1798,1.0654,1.3402,1.4335,1.3611,1.156,1.442,1.3977,
2024-02-22 00:00:00+00:00,1.292,0.9722,1.6249,1.2148,1.0957,1.3795,1.4763,1.4022,1.1905,1.4848,1.4385,
2024-02-23 00:00:00+00:00,1.288,0.9692,1.6206,1.2107,1.0923,1.3747,1.4717,1.3981,1.1869,1.4802,1.4337,
2024-02-26 00:00:00+00:00,1.287,0.969,1.6202,1.2097,1.092,1.3746,1.4715,1.398,1.1868,1.4799,1.4339,
2024-02-27 00:00:00+00:00,1.29,0.9707,1.6236,1.2117,1.0939,1.3769,1.4742,1.4004,1.1889,1.4825,1.4363,
2024-02-28 00:00:00+00:00,1.283,0.9657,1.6151,1.2054,1.0886,1.37,1.4667,1.3932,1.1829,1.4749,1.4291,
2024-02-29 00:00:00+00:00,1.295,0.9744,1.6296,1.2164,1.0979,1.3824,1.48,1.4058,1.1937,1.4883,1.4421,
2024-03-01 00:00:00+00:00,1.314,0.9884,1.654,1.2341,1.1132,1.4023,1.5017,1.4262,1.2111,1.5099,1.4633,
2024-03-04 00:00:00+00:00,1.308,0.9837,1.6472,1.2283,1.1082,1.3954,1.4939,1.4196,1.2055,1.5021,1.4566,
2024-03-05 00:00:00+00:00,1.284,0.9664,1.6175,1.2061,1.0891,1.3705,1.4671,1.3944,1.1839,1.4752,1.4297,
2024-03-06 00:00:00+00:00,1.292,0.9726,1.6283,1.2138,1.0958,1.3792,1.4767,1.4033,1.1916,1.4852,1.4391,
2024-03-07 00:00:00+00:00,1.312,0.9875,1.6536,1.231,1.1118,1.4004,1.4994,1.4248,1.2099,1.5079,1.4614,
2024-03-08 00:00:00+00:00,1.292,0.9724,1.6261,1.2106,1.0953,1.3787,1.4761,1.4029,1.1912,1.4847,1.4387,
2024-03-11 00:00:00+00:00,1.287,0.9685,1.6184,1.2055,1.0909,1.3733,1.4699,1.3973,1.1865,1.4795,1.4332,
2024-03-12 00:00:00+00:00,1.306,0.9828,1.6408,1.2231,1.1062,1.3931,1.4917,1.4178,1.204,1.5007,1.4545,
2024-03-13 00:00:00+00:00,1.294,0.9745,1.6313,1.2124,1.097,1.381,1.4787,1.4055,1.1935,1.4879,1.4413,
2024-03-14 00:00:00+00:00,1.291,0.9723,1.6265,1.2091,1.0946,1.3777,1.4753,1.4023,1.1907,1.4836,1.4381,
2024-03-15 00:00:00+00:00,1.277,0.9612,1.6086,1.1944,1.0825,1.3624,1.4585,1.3864,1.1771,1.4666,1.4217,
2024-03-18 00:00:00+00:00,1.289,0.9704,1.6249,1.2053,1.0924,1.3747,1.4725,1.3995,1.1882,1.4806,1.4355,
2024-03-19 00:00:00+00:00,1.293,0.9734,1.6293,1.2088,1.0955,1.3776,1.4772,1.4029,1.1919,1.4852,1.4402,
2024-03-20 00:00:00+00:00,1.308,0.9845,1.6483,1.2226,1.1075,1.3924,1.494,1.4187,1.2055,1.502,1.4566,
2024-03-21 00:00:00+00:00,1.313,0.9883,1.6556,1.2276,1.1118,1.3973,1.5,1.4242,1.2104,1.5075,1.4625,
2024-03-22 00:00:00+00:00,1.315,0.9902,1.6636,1.2298,1.1136,1.4012,1.5027,1.4271,1.2126,1.5103,1.4651,
2024-03-25 00:00:00+00:00,1.311,0.9867,1.6532,1.2253,1.1098,1.3997,1.4974,1.4221,1.2083,1.5049,1.4601,
2024-03-26 00:00:00+00:00,1.305,0.9823,1.65,1.2199,1.1052,1.3941,1.4909,1.4158,1.2031,1.4984,1.4537,
2024-03-27 00:00:00+00:00,1.31,0.986,1.6585,1.2246,1.1093,1.3996,1.4963,1.4213,1.2077,1.5042,1.4594,
2024-03-28 00:00:00+00:00,1.308,0.9846,1.6556,1.2226,1.1077,1.398,1.4942,1.4194,1.206,1.5021,1.4573,
2024-03-29 00:00:00+00:00,1.308,0.9846,1.6551,1.2226,1.1077,1.398,1.4942,1.4201,1.206,1.5021,1.4573,
2024-04-01 00:00:00+00:00,1.31,0.9865,1.6598,1.2247,1.1096,1.4006,1.4969,1.4222,1.2082,1.505,1.4607,
2024-04-02 00:00:00+00:00,1.299,0.9777,1.6455,1.2134,1.1,1.3881,1.4834,1.4094,1.1973,1.4916,1.4466,
2024-04-03 00:00:00+00:00,1.301,0.9797,1.6492,1.2156,1.1022,1.3909,1.4865,1.4126,1.1999,1.4948,1.4498,
2024-04-08 00:00:00+00:00,1.297,0.9764,1.6431,1.2114,1.0984,1.3861,1.4813,1.4077,1.1957,1.4897,1.4445,
2024-04-09 00:00:00+00:00,1.302,0.9803,1.6494,1.216,1.1025,1.3915,1.4872,1.4134,1.2004,1.4958,1.4501,
2024-04-10 00:00:00+00:00,1.291,0.9722,1.6348,1.2052,1.0931,1.3794,1.4743,1.4012,1.19,1.4829,1.4381,
2024-04-11 00:00:00+00:00,1.312,0.9882,1.6625,1.2251,1.1105,1.4024,1.4986,1.4243,1.2095,1.5073,1.4621,
2024-04-12 00:00:00+00:00,1.29,0.972,1.635,1.2045,1.0926,1.3789,1.4737,1.4004,1.1894,1.4823,1.4381,
2024-04-15 00:00:00+00:00,1.269,0.9561,1.6082,1.1848,1.0752,1.3567,1.4495,1.3775,1.1699,1.4583,1.4144,
2024-04-16 00:00:00+00:00,1.27,0.957,1.609,1.1863,1.0761,1.3576,1.4509,1.3793,1.1711,1.4597,1.4159,
2024-04-17 00:00:00+00:00,1.254,0.9451,1.5886,1.1715,1.0631,1.3403,1.4327,1.3624,1.1565,1.4414,1.3983,
2024-04-18 00:00:00+00:00,1.247,0.9397,1.5798,1.1647,1.0571,1.3321,1.4243,1.3547,1.1498,1.4331,1.3902,
2024-04-19 00:00:00+00:00,1.222,0.9205,1.5476,1.1413,1.0363,1.3048,1.3955,1.3275,1.1266,1.4043,1.3623,
2024-04-22 00:00:00+00:00,1.234,0.9297,1.5638,1.1527,1.0462,1.318,1.4095,1.3409,1.1379,1.4173,1.3755,
2024-04-23 00:00:00+00:00,1.253,0.944,1.5881,1.1704,1.0616,1.3393,1.4308,1.3616,1.1552,1.4386,1.3961,
2024-04-24 00:00:00+00:00,1.257,0.9467,1.593,1.1739,1.0648,1.3431,1.4349,1.3657,1.1587,1.4429,1.4003,
2024-04-25 00:00:00+00:00,1.25,0.9415,1.5846,1.1676,1.0591,1.3366,1.4273,1.3586,1.1524,1.4352,1.3929,
2024-04-26 00:00:00+00:00,1.271,0.9572,1.6104,1.1868,1.0761,1.3587,1.4506,1.3805,1.1712,1.4588,1.4157,
2024-04-29 00:00:00+00:00,1.275,0.9605,1.6163,1.1912,1.0799,1.3639,1.4558,1.3861,1.1755,1.4641,1.4209,
2024-04-30 00:00:00+00:00,1.251,0.9421,1.5842,1.168,1.0596,1.3381,1.4285,1.3586,1.153,1.4361,1.3937,
2024-05-06 00:00:00+00:00,1.296,0.977,1.6372,1.2107,1.0972,1.3862,1.48,1.4077,1.1947,1.4875,1.444,
2024-05-07 00:00:00+00:00,1.296,0.9769,1.6371,1.2108,1.0972,1.3861,1.4801,1.4079,1.1947,1.4878,1.4441,
2024-05-08 00:00:00+00:00,1.296,0.9767,1.6389,1.2109,1.097,1.3858,1.4798,1.4074,1.1945,1.4875,1.4438,
2024-05-09 00:00:00+00:00,1.298,0.9784,1.6415,1.2126,1.0989,1.3883,1.4825,1.4101,1.1966,1.4893,1.4464,
2024-05-10 00:00:00+00:00,1.301,0.9806,1.6458,1.2158,1.1015,1.3917,1.4861,1.4134,1.1996,1.4929,1.45,
2024-05-13 00:00:00+00:00,1.304,0.9825,1.6513,1.2177,1.1039,1.3953,1.4895,1.4164,1.2023,1.4963,1.4533,
2024-05-14 00:00:00+00:00,1.313,0.9896,1.6632,1.2268,1.1116,1.405,1.4996,1.4263,1.2109,1.507,1.4636,
2024-05-15 00:00:00+00:00,1.333,1.0044,1.685,1.2451,1.128,1.4258,1.5225,1.4477,1.2289,1.5296,1.4855,
2024-05-16 00:00:00+00:00,1.33,1.0021,1.6804,1.2426,1.1254,1.4226,1.5189,1.4445,1.2261,1.526,1.482,
2024-05-17 00:00:00+00:00,1.329,1.0016,1.6804,1.2421,1.125,1.4224,1.5185,1.4441,1.2257,1.5246,1.4815,
2024-05-20 00:00:00+00:00,1.338,1.0084,1.6942,1.2504,1.1324,1.432,1.5288,1.4541,1.234,1.5356,1.4915,
2024-05-21 00:00:00+00:00,1.342,1.0108,1.6994,1.2538,1.1351,1.4354,1.5325,1.4578,1.237,1.5394,1.4952,
2024-05-22 00:00:00+00:00,1.341,1.0104,1.6988,1.2533,1.1346,1.4349,1.5319,1.4574,1.2366,1.5377,1.4947,
2024-05-23 00:00:00+00:00,1.336,1.0065,1.6925,1.2482,1.1297,1.4291,1.525,1.4516,1.2315,1.5326,1.4885,
2024-05-24 00:00:00+00:00,1.349,1.0165,1.7093,1.2606,1.1405,1.4433,1.5407,1.466,1.2437,1.5479,1.5032,
2024-05-27 00:00:00+00:00,1.349,1.0163,1.7092,1.2603,1.1403,1.443,1.5404,1.4657,1.2435,1.5475,1.5029,
2024-05-28 00:00:00+00:00,1.353,1.0202,1.7153,1.2646,1.144,1.4478,1.5456,1.4706,1.2477,1.5527,1.508,
2024-05-29 00:00:00+00:00,1.344,1.0133,1.7036,1.2556,1.1359,1.4378,1.5348,1.4604,1.239,1.5431,1.4975,
2024-05-30 00:00:00+00:00,1.329,1.0023,1.685,1.2427,1.1242,1.4229,1.5182,1.4452,1.2261,1.527,1.4819,
2024-05-31 00:00:00+00:00,1.329,1.0017,1.6841,1.2418,1.1237,1.4224,1.5175,1.4446,1.2255,1.5263,1.4813,
2024-06-03 00:00:00+00:00,1.333,1.0053,1.6906,1.2462,1.1273,1.4272,1.5226,1.4494,1.2297,1.5315,1.4851,
2024-06-04 00:00:00+00:00,1.337,1.0083,1.6954,1.2499,1.1304,1.4313,1.5269,1.4531,1.2332,1.5359,1.4894,
2024-06-05 00:00:00+00:00,1.364,1.0289,1.73,1.2754,1.1533,1.4604,1.558,1.4828,1.2585,1.5674,1.52,
2024-06-06 00:00:00+00:00,1.363,1.0285,1.729,1.2747,1.1526,1.4596,1.5571,1.4818,1.2578,1.5665,1.5192,
2024-06-07 00:00:00+00:00,1.362,1.0274,1.7265,1.2735,1.1514,1.4582,1.5556,1.4803,1.2565,1.5651,1.5177,
2024-06-11 00:00:00+00:00,1.377,1.039,1.7481,1.2879,1.1642,1.4746,1.5736,1.4973,1.2708,1.5828,1.535,
2024-06-12 00:00:00+00:00,1.396,1.0529,1.7711,1.305,1.1792,1.4939,1.5945,1.5168,1.2876,1.6035,1.5552,
2024-06-13 00:00:00+00:00,1.403,1.0584,1.7808,1.312,1.1856,1.5021,1.6037,1.5253,1.2948,1.6123,1.5639,
2024-06-14 00:00:00+00:00,1.41,1.0633,1.7896,1.3185,1.1913,1.5092,1.6108,1.5324,1.3008,1.6199,1.5714,
2024-06-17 00:00:00+00:00,1.427,1.076,1.8116,1.3346,1.2054,1.5275,1.6308,1.5511,1.3167,1.6396,1.5907,
2024-06-18 00:00:00+00:00,1.427,1.0764,1.8122,1.3349,1.2051,1.5279,1.6314,1.5518,1.317,1.64,1.5911,
2024-06-19 00:00:00+00:00,1.427,1.0764,1.8124,1.3351,1.2052,1.5281,1.6317,1.552,1.3172,1.6402,1.5913,
2024-06-20 00:00:00+00:00,1.417,1.0684,1.7989,1.3253,1.1962,1.5165,1.6194,1.5405,1.3074,1.6293,1.5794,
2024-06-21 00:00:00+00:00,1.413,1.0655,1.7943,1.3218,1.1932,1.5126,1.6156,1.5368,1.304,1.6241,1.5754,
2024-06-24 00:00:00+00:00,1.397,1.0532,1.7741,1.3069,1.1797,1.4956,1.5972,1.5196,1.2893,1.6056,1.5577,
2024-06-25 00:00:00+00:00,1.414,1.0661,1.7949,1.3224,1.1933,1.5133,1.6163,1.5371,1.3046,1.6249,1.5755,
2024-06-26 00:00:00+00:00,1.418,1.0692,1.8003,1.326,1.1964,1.5175,1.6209,1.541,1.3082,1.6303,1.5801,
2024-06-27 00:00:00+00:00,1.421,1.0714,1.8043,1.3288,1.1986,1.5208,1.6245,1.545,1.311,1.6343,1.5837,
2024-06-28 00:00:00+00:00,1.413,1.0654,1.794,1.3215,1.1922,1.5127,1.6158,1.5368,1.304,1.6254,1.5754,
2024-06-30 00:00:00+00:00,1.413,1.0654,1.7939,1.3215,1.1922,1.5126,1.6157,1.5368,1.3039,1.6253,1.5754,
2024-07-01 00:00:00+00:00,1.422,1.0723,1.8061,1.3299,1.1998,1.5224,1.6263,1.5466,1.3124,1.6357,1.5857,
2024-07-02 00:00:00+00:00,1.437,1.0834,1.8252,1.3436,1.2122,1.538,1.6433,1.5625,1.326,1.6525,1.6023,
2024-07-03 00:00:00+00:00,1.45,1.0933,1.8417,1.3556,1.2228,1.5517,1.6581,1.576,1.338,1.6671,1.6169,
2024-07-04 00:00:00+00:00,1.45,1.0932,1.841,1.3554,1.2226,1.5515,1.6579,1.5759,1.3378,1.6669,1.6167,
2024-07-05 00:00:00+00:00,1.464,1.1042,1.8589,1.3688,1.2349,1.5667,1.6745,1.5909,1.3512,1.6834,1.632,
2024-07-08 00:00:00+00:00,1.468,1.1065,1.8637,1.3717,1.2375,1.5701,1.6782,1.5942,1.3544,1.687,1.6358,
2024-07-09 00:00:00+00:00,1.469,1.1077,1.8654,1.3729,1.2387,1.5711,1.6799,1.5957,1.3558,1.6884,1.6375,
2024-07-10 00:00:00+00:00,1.485,1.1203,1.8868,1.3883,1.2525,1.5885,1.6988,1.6137,1.3711,1.7073,1.6562,
2024-07-11 00:00:00+00:00,1.452,1.0949,1.8431,1.357,1.2247,1.5527,1.6607,1.5776,1.3404,1.6691,1.6184,
2024-07-12 00:00:00+00:00,1.46,1.1008,1.8512,1.3646,1.2311,1.5611,1.6697,1.5863,1.3478,1.6782,1.6272,
2024-07-15 00:00:00+00:00,1.464,1.1037,1.8571,1.3684,1.2342,1.5647,1.6742,1.5907,1.3514,1.6823,1.6315,
2024-07-16 00:00:00+00:00,1.465,1.1044,1.8587,1.3695,1.2351,1.5659,1.6755,1.5922,1.3525,1.6835,1.6327,
2024-07-17 00:00:00+00:00,1.422,1.0719,1.804,1.3292,1.1989,1.5198,1.626,1.5457,1.3127,1.634,1.5847,
2024-07-18 00:00:00+00:00,1.415,1.0665,1.7935,1.3224,1.1928,1.5117,1.6176,1.5379,1.3059,1.6261,1.5766,
2024-07-19 00:00:00+00:00,1.402,1.057,1.7791,1.3108,1.1822,1.4983,1.6032,1.5245,1.2944,1.6116,1.5627,
2024-07-22 00:00:00+00:00,1.424,1.0736,1.8079,1.3313,1.2004,1.5216,1.6282,1.5482,1.3145,1.6367,1.5871,
2024-07-23 00:00:00+00:00,1.419,1.0698,1.8017,1.3267,1.1962,1.5163,1.6225,1.5429,1.3099,1.6309,1.5816,
2024-07-24 00:00:00+00:00,1.368,1.0314,1.7361,1.2788,1.1536,1.4619,1.5637,1.4875,1.2626,1.5721,1.5244,
2024-07-25 00:00:00+00:00,1.353,1.02,1.706,1.2646,1.141,1.4458,1.5464,1.4711,1.2486,1.5544,1.5074,
2024-07-26 00:00:00+00:00,1.365,1.0296,1.7291,1.2767,1.1515,1.4594,1.5611,1.4851,1.2605,1.5692,1.5218,
2024-07-29 00:00:00+00:00,1.369,1.0322,1.7339,1.2798,1.1542,1.4629,1.5649,1.4886,1.2636,1.5728,1.5255,
2024-07-30 00:00:00+00:00,1.351,1.0187,1.7093,1.2629,1.1389,1.4438,1.5442,1.4691,1.247,1.552,1.5055,
2024-07-31 00:00:00+00:00,1.391,1.0488,1.7532,1.3006,1.1727,1.4866,1.5904,1.5128,1.2842,1.5982,1.5503,
2024-08-01 00:00:00+00:00,1.357,1.0234,1.7152,1.2685,1.144,1.4502,1.5512,1.4757,1.2526,1.5592,1.5123,
2024-08-02 00:00:00+00:00,1.325,1.0001,1.6679,1.2392,1.1176,1.4171,1.5152,1.4416,1.2237,1.5232,1.4772,
2024-08-05 00:00:00+00:00,1.286,0.97,1.6025,1.202,1.0846,1.3749,1.4684,1.3985,1.1871,1.4777,1.4332,
2024-08-06 00:00:00+00:00,1.298,0.9794,1.6193,1.2138,1.0949,1.3883,1.4823,1.4121,1.1987,1.492,1.4471,
2024-08-07 00:00:00+00:00,1.284,0.9695,1.6091,1.2007,1.0832,1.3735,1.4669,1.397,1.1859,1.4762,1.4317,
2024-08-08 00:00:00+00:00,1.325,0.9999,1.6529,1.2387,1.1168,1.4166,1.5117,1.4409,1.2231,1.5225,1.477,
2024-08-09 00:00:00+00:00,1.332,1.0051,1.6649,1.2451,1.1225,1.424,1.5193,1.4484,1.2294,1.5305,1.4847,
2024-08-12 00:00:00+00:00,1.334,1.0069,1.6684,1.2473,1.1243,1.4265,1.5218,1.4508,1.2315,1.533,1.4873,
2024-08-13 00:00:00+00:00,1.368,1.0322,1.7088,1.2787,1.1523,1.4623,1.5592,1.4873,1.2624,1.5716,1.5248,
2024-08-14 00:00:00+00:00,1.368,1.0321,1.7041,1.2786,1.1523,1.4621,1.5592,1.4872,1.2624,1.5715,1.5247,
2024-08-15 00:00:00+00:00,1.401,1.0571,1.749,1.3099,1.18,1.4976,1.5969,1.5235,1.2931,1.6098,1.5619,
2024-08-16 00:00:00+00:00,1.404,1.0592,1.7544,1.3125,1.1822,1.5006,1.6,1.5265,1.2956,1.613,1.565,
2024-08-19 00:00:00+00:00,1.421,1.0725,1.7697,1.3288,1.1967,1.5191,1.6198,1.5455,1.3116,1.6329,1.5846,
2024-08-20 00:00:00+00:00,1.416,1.0687,1.7658,1.324,1.1926,1.5136,1.6141,1.54,1.307,1.627,1.5788,
2024-08-21 00:00:00+00:00,1.423,1.074,1.7738,1.3307,1.1985,1.5211,1.6221,1.5477,1.3136,1.6351,1.5868,
2024-08-22 00:00:00+00:00,1.398,1.0549,1.7433,1.307,1.1776,1.4942,1.5935,1.5202,1.2904,1.6061,1.5585,
2024-08-23 00:00:00+00:00,1.417,1.0691,1.7647,1.3246,1.1928,1.5143,1.6147,1.5405,1.3075,1.6276,1.5795,
2024-08-26 00:00:00+00:00,1.398,1.0552,1.7422,1.3069,1.1776,1.4941,1.5933,1.5202,1.2903,1.6059,1.5584,
2024-08-27 00:00:00+00:00,1.405,1.0602,1.7503,1.3132,1.1829,1.5013,1.6009,1.5274,1.2964,1.6136,1.5659,
2024-08-28 00:00:00+00:00,1.387,1.0477,1.7292,1.2971,1.1687,1.4831,1.5813,1.5087,1.2806,1.5939,1.5467,
2024-08-29 00:00:00+00:00,1.387,1.0471,1.7218,1.2968,1.1683,1.4829,1.5809,1.5084,1.2803,1.5936,1.5465,
2024-08-30 00:00:00+00:00,1.402,1.058,1.7387,1.3104,1.1806,1.4982,1.5975,1.5242,1.2937,1.6102,1.5626,
2024-09-02 00:00:00+00:00,1.4,1.0565,1.7441,1.3086,1.1792,1.4961,1.5954,1.5221,1.292,1.608,1.5604,
2024-09-03 00:00:00+00:00,1.358,1.0244,1.6912,1.269,1.1435,1.4513,1.5471,1.4761,1.253,1.5594,1.5133,
2024-09-04 00:00:00+00:00,1.356,1.0229,1.6869,1.2671,1.1416,1.4492,1.5447,1.4738,1.2511,1.5571,1.5111,
2024-09-05 00:00:00+00:00,1.353,1.0215,1.685,1.265,1.14,1.4467,1.5422,1.4714,1.2491,1.5545,1.5084,
2024-09-06 00:00:00+00:00,1.316,0.9936,1.6364,1.2301,1.1089,1.4071,1.4997,1.4309,1.2149,1.5116,1.4668,
2024-09-09 00:00:00+00:00,1.334,1.0071,1.664,1.2471,1.124,1.4264,1.5204,1.4506,1.2316,1.5325,1.4872,
2024-09-10 00:00:00+00:00,1.349,1.018,1.6809,1.2609,1.136,1.4424,1.5371,1.4666,1.245,1.5495,1.5037,
2024-09-11 00:00:00+00:00,1.379,1.0405,1.7156,1.2889,1.1609,1.4742,1.5713,1.4991,1.2725,1.5838,1.5371,
2024-09-12 00:00:00+00:00,1.393,1.051,1.7347,1.3018,1.1723,1.489,1.5871,1.5142,1.2852,1.5997,1.5526,
2024-09-13 00:00:00+00:00,1.396,1.0532,1.7363,1.3047,1.1751,1.4922,1.5907,1.5175,1.2882,1.6031,1.556,
2024-09-18 00:00:00+00:00,1.381,1.0419,1.7196,1.2905,1.1626,1.4759,1.5733,1.5009,1.2742,1.5855,1.5389,
2024-09-19 00:00:00+00:00,1.418,1.0702,1.7587,1.3257,1.1937,1.516,1.6162,1.5419,1.3087,1.6287,1.5811,
2024-09-20 00:00:00+00:00,1.408,1.0626,1.75,1.3163,1.1859,1.5051,1.6049,1.5309,1.2996,1.617,1.5696,
2024-09-23 00:00:00+00:00,1.41,1.064,1.7566,1.3181,1.1876,1.5071,1.6072,1.533,1.3015,1.6191,1.5718,
2024-09-24 00:00:00+00:00,1.416,1.0688,1.7595,1.3238,1.1927,1.5137,1.6142,1.5397,1.3072,1.6262,1.5786,
2024-09-25 00:00:00+00:00,1.413,1.0659,1.7576,1.32,1.1898,1.5089,1.6096,1.5351,1.3036,1.6212,1.5739,
2024-09-26 00:00:00+00:00,1.426,1.0757,1.7703,1.3323,1.2005,1.5231,1.6245,1.5494,1.3156,1.6364,1.5885,
2024-09-27 00:00:00+00:00,1.413,1.0664,1.7589,1.3205,1.1904,1.5091,1.6103,1.5357,1.3041,1.6216,1.5744,
2024-09-30 00:00:00+00:00,1.416,1.0687,1.7634,1.3234,1.1928,1.5123,1.6138,1.5389,1.3069,1.625,1.5778,
2024-10-08 00:00:00+00:00,1.432,1.0802,1.7765,1.3386,1.2048,1.5309,1.6314,1.5567,1.3216,1.6444,1.5963,
2024-10-09 00:00:00+00:00,1.44,1.0865,1.7948,1.3465,1.2121,1.5398,1.6412,1.5659,1.3295,1.654,1.6057,
2024-10-10 00:00:00+00:00,1.442,1.0876,1.7945,1.348,1.2131,1.5418,1.6428,1.5678,1.3309,1.6561,1.6077,
2024-10-11 00:00:00+00:00,1.444,1.0889,1.7959,1.3498,1.2146,1.5439,1.6449,1.5699,1.3326,1.6582,1.6098,
2024-10-14 00:00:00+00:00,1.455,1.0978,1.8139,1.3607,1.2242,1.5562,1.6581,1.5825,1.3434,1.6715,1.6228,
2024-10-15 00:00:00+00:00,1.437,1.0845,1.7989,1.3442,1.2093,1.5389,1.6378,1.5635,1.327,1.6516,1.6033,
2024-10-16 00:00:00+00:00,1.445,1.0905,1.7997,1.3519,1.2156,1.5483,1.6472,1.5729,1.3347,1.662,1.6128,
2024-10-17 00:00:00+00:00,1.447,1.0918,1.8034,1.3535,1.217,1.5501,1.6492,1.5749,1.3363,1.664,1.6147,
2024-10-18 00:00:00+00:00,1.457,1.0997,1.8106,1.3634,1.2256,1.5614,1.6611,1.5863,1.3461,1.6762,1.6265,
2024-10-21 00:00:00+00:00,1.454,1.0976,1.8154,1.3602,1.2231,1.5578,1.6574,1.5827,1.343,1.6718,1.6227,
2024-10-22 00:00:00+00:00,1.46,1.1025,1.8191,1.3663,1.2282,1.5647,1.6646,1.5897,1.3491,1.6794,1.63,
2024-10-23 00:00:00+00:00,1.438,1.0856,1.792,1.3455,1.2096,1.5411,1.6394,1.5656,1.3285,1.654,1.6051,
2024-10-24 00:00:00+00:00,1.451,1.0951,1.803,1.3574,1.22,1.5546,1.6537,1.5793,1.3402,1.6685,1.6193,
2024-10-25 00:00:00+00:00,1.455,1.0987,1.8167,1.3616,1.224,1.5593,1.6589,1.5842,1.3444,1.6735,1.6243,
2024-10-28 00:00:00+00:00,1.459,1.1017,1.8179,1.3656,1.2273,1.5639,1.6636,1.5888,1.3484,1.6785,1.6291,
2024-10-29 00:00:00+00:00,1.473,1.112,1.8389,1.3785,1.2388,1.5786,1.6792,1.6038,1.3612,1.6943,1.6445,
2024-10-30 00:00:00+00:00,1.464,1.1049,1.8204,1.3696,1.2308,1.5685,1.6684,1.5935,1.3524,1.6834,1.6339,
2024-10-31 00:00:00+00:00,1.425,1.0759,1.7744,1.3338,1.1987,1.5277,1.6242,1.5517,1.317,1.6393,1.591,
2024-11-01 00:00:00+00:00,1.433,1.082,1.7882,1.3412,1.2053,1.5361,1.6333,1.5603,1.3243,1.6483,1.5999,
2024-11-04 00:00:00+00:00,1.43,1.0791,1.7756,1.3378,1.2022,1.5323,1.6291,1.5563,1.3209,1.6441,1.5958,
2024-11-05 00:00:00+00:00,1.445,1.0906,1.8008,1.3518,1.2148,1.5482,1.6463,1.5727,1.3348,1.6613,1.6126,
2024-11-06 00:00:00+00:00,1.484,1.1199,1.8637,1.3882,1.2476,1.5897,1.6909,1.6151,1.3708,1.706,1.6562,
2024-11-07 00:00:00+00:00,1.52,1.1472,1.8939,1.4225,1.2781,1.6288,1.7325,1.6549,1.405,1.7484,1.6972,
2024-11-08 00:00:00+00:00,1.517,1.1446,1.8929,1.4193,1.2752,1.6251,1.7286,1.6511,1.4017,1.7444,1.6934,
2024-11-11 00:00:00+00:00,1.523,1.1493,1.9006,1.4254,1.2804,1.6322,1.7359,1.6581,1.4079,1.7519,1.7006,
2024-11-12 00:00:00+00:00,1.523,1.1498,1.9097,1.4258,1.2806,1.6326,1.7363,1.6584,1.4082,1.7522,1.701,
2024-11-13 00:00:00+00:00,1.522,1.1488,1.9041,1.4247,1.2795,1.6314,1.735,1.6571,1.4071,1.7509,1.6997,
2024-11-14 00:00:00+00:00,1.511,1.1408,1.8948,1.4148,1.2706,1.6201,1.7229,1.6455,1.3973,1.7386,1.6879,
2024-11-15 00:00:00+00:00,1.475,1.114,1.8473,1.3814,1.2406,1.5821,1.6822,1.6067,1.3644,1.6977,1.6482,
2024-11-18 00:00:00+00:00,1.484,1.1204,1.8641,1.3896,1.2477,1.591,1.6922,1.6163,1.3725,1.7076,1.6579,
2024-11-19 00:00:00+00:00,1.495,1.1282,1.8767,1.3995,1.2559,1.602,1.7035,1.6277,1.3823,1.7197,1.6696,
2024-11-20 00:00:00+00:00,1.494,1.1274,1.8749,1.3987,1.255,1.6011,1.7024,1.6269,1.3816,1.7188,1.6687,
2024-11-21 00:00:00+00:00,1.499,1.1315,1.8817,1.4039,1.2599,1.6072,1.709,1.6329,1.3867,1.7251,1.6749,
2024-11-22 00:00:00+00:00,1.502,1.1329,1.8864,1.4064,1.2617,1.6098,1.7117,1.6357,1.3892,1.728,1.6779,
2024-11-25 00:00:00+00:00,1.504,1.1341,1.8888,1.4078,1.2633,1.6113,1.7135,1.6373,1.3906,1.7296,1.6796,
2024-11-26 00:00:00+00:00,1.512,1.1403,1.9023,1.4155,1.2701,1.6202,1.723,1.6464,1.3983,1.7393,1.6889,
2024-11-27 00:00:00+00:00,1.5,1.1319,1.8846,1.4049,1.2606,1.608,1.7096,1.634,1.3878,1.7267,1.6762,
2024-11-28 00:00:00+00:00,1.499,1.1305,1.8847,1.4031,1.259,1.6061,1.7075,1.6321,1.3861,1.7246,1.6742,
2024-11-29 00:00:00+00:00,1.512,1.1402,1.8955,1.4153,1.2699,1.6199,1.7226,1.6461,1.3982,1.7394,1.6888,
2024-12-02 00:00:00+00:00,1.528,1.1526,1.927,1.4307,1.2838,1.6375,1.7416,1.664,1.4135,1.7582,1.7073,
2024-12-03 00:00:00+00:00,1.535,1.1578,1.9366,1.4377,1.2898,1.6455,1.7501,1.6721,1.4204,1.7668,1.7156,
2024-12-04 00:00:00+00:00,1.553,1.1711,1.9579,1.4541,1.3046,1.6642,1.7702,1.6913,1.4367,1.787,1.7353,
2024-12-05 00:00:00+00:00,1.547,1.1668,1.9503,1.4485,1.2996,1.6579,1.7636,1.6848,1.4311,1.7801,1.7288,
2024-12-06 00:00:00+00:00,1.561,1.1765,1.9662,1.4612,1.3109,1.6724,1.7788,1.6996,1.4438,1.7958,1.744,
2024-12-09 00:00:00+00:00,1.548,1.168,1.9539,1.4495,1.3007,1.6589,1.7645,1.686,1.4322,1.7815,1.73,
2024-12-10 00:00:00+00:00,1.544,1.165,1.9399,1.4451,1.2968,1.6538,1.7586,1.6809,1.4278,1.776,1.7248,
2024-12-11 00:00:00+00:00,1.571,1.1855,1.9812,1.4707,1.3195,1.6829,1.7899,1.7106,1.4531,1.8074,1.7553,
2024-12-12 00:00:00+00:00,1.56,1.1777,1.9667,1.4607,1.3109,1.6717,1.7781,1.6991,1.4434,1.7952,1.7436,
2024-12-13 00:00:00+00:00,1.573,1.1862,1.9858,1.4723,1.3211,1.6849,1.7924,1.7125,1.4549,1.8097,1.7574,
2024-12-16 00:00:00+00:00,1.595,1.2028,2.0155,1.4936,1.34,1.7092,1.8186,1.7373,1.4762,1.8365,1.7829,
2024-12-17 00:00:00+00:00,1.589,1.198,2.007,1.4873,1.3344,1.7019,1.8106,1.7298,1.4699,1.8288,1.7754,
2024-12-18 00:00:00+00:00,1.531,1.1551,1.9352,1.4335,1.2865,1.6404,1.7452,1.6669,1.4168,1.763,1.7113,
2024-12-19 00:00:00+00:00,1.524,1.1503,1.9297,1.4273,1.2808,1.6331,1.7377,1.6598,1.4107,1.756,1.704,
2024-12-20 00:00:00+00:00,1.537,1.1595,1.9457,1.4391,1.2913,1.6467,1.7521,1.6736,1.4228,1.7712,1.7181,
2024-12-23 00:00:00+00:00,1.552,1.171,1.9654,1.4528,1.3054,1.6642,1.7717,1.6897,1.4366,1.7917,1.7374,
2024-12-24 00:00:00+00:00,1.573,1.1869,1.9922,1.4726,1.3229,1.6882,1.7957,1.7128,1.4564,1.8159,1.7611,
2024-12-25 00:00:00+00:00,1.573,1.1867,1.992,1.4725,1.3228,1.688,1.7955,1.7126,1.4562,1.8157,1.7609,
2024-12-26 00:00:00+00:00,1.571,1.1858,1.9895,1.4713,1.3216,1.6867,1.7939,1.711,1.455,1.8139,1.7592,
2024-12-27 00:00:00+00:00,1.55,1.1698,1.9624,1.4515,1.3038,1.6634,1.7693,1.6877,1.4352,1.7889,1.7353,
2024-12-30 00:00:00+00:00,1.53,1.1549,1.9371,1.4328,1.287,1.6415,1.7464,1.6659,1.4166,1.7659,1.713,
2024-12-31 00:00:00+00:00,1.516,1.145,1.9203,1.4202,1.2758,1.6271,1.7311,1.6513,1.4041,1.7504,1.698,
2025-01-02 00:00:00+00:00,1.513,1.1426,1.9168,1.4176,1.2733,1.6243,1.7278,1.6482,1.4015,1.747,1.6948,
2025-01-03 00:00:00+00:00,1.539,1.1613,1.9514,1.4413,1.2945,1.6512,1.7567,1.6758,1.425,1.776,1.7231,
2025-01-06 00:00:00+00:00,1.555,1.1743,1.978,1.457,1.3084,1.6691,1.7756,1.6939,1.4404,1.7951,1.7417,
2025-01-07 00:00:00+00:00,1.528,1.1538,1.942,1.431,1.2853,1.6395,1.744,1.6637,1.4146,1.7636,1.7107,
2025-01-08 00:00:00+00:00,1.528,1.1545,1.944,1.4318,1.2859,1.6403,1.7449,1.6646,1.4153,1.7649,1.7116,
2025-01-09 00:00:00+00:00,1.528,1.1544,1.9439,1.4317,1.2858,1.6402,1.7448,1.6645,1.4153,1.7635,1.7115,
2025-01-10 00:00:00+00:00,1.504,1.1365,1.9135,1.4094,1.2659,1.6148,1.7174,1.6385,1.3931,1.7366,1.6848,
2025-01-13 00:00:00+00:00,1.5,1.1331,1.9073,1.405,1.262,1.6098,1.712,1.6334,1.3888,1.7311,1.6795,
2025-01-14 00:00:00+00:00,1.498,1.1313,1.9045,1.403,1.2602,1.6074,1.7096,1.631,1.3868,1.7285,1.6771,
2025-01-15 00:00:00+00:00,1.532,1.1573,1.9488,1.4355,1.289,1.6444,1.7491,1.6687,1.4189,1.7682,1.7158,
2025-01-16 00:00:00+00:00,1.521,1.1491,1.9352,1.4255,1.2802,1.633,1.737,1.6572,1.4091,1.7558,1.7039,
2025-01-17 00:00:00+00:00,1.547,1.1679,1.9664,1.4492,1.3012,1.66,1.7658,1.6847,1.4326,1.7849,1.7322,
2025-01-20 00:00:00+00:00,1.547,1.1677,1.963,1.4491,1.3011,1.6599,1.7656,1.6845,1.4324,1.7847,1.732,
2025-01-21 00:00:00+00:00,1.552,1.1716,1.9637,1.4539,1.3054,1.6652,1.7715,1.69,1.4372,1.7904,1.7377,
2025-01-22 00:00:00+00:00,1.572,1.1866,1.9915,1.473,1.3226,1.687,1.795,1.7123,1.4561,1.8138,1.7605,
2025-01-23 00:00:00+00:00,1.576,1.1892,1.9966,1.4764,1.3256,1.691,1.7991,1.7163,1.4594,1.8181,1.7646,
2025-01-24 00:00:00+00:00,1.567,1.1824,1.9754,1.4678,1.318,1.6813,1.7887,1.7062,1.4508,1.8074,1.7544,
2025-01-27 00:00:00+00:00,1.52,1.1476,1.9206,1.4242,1.2789,1.6315,1.7353,1.6554,1.4077,1.7535,1.702,
2025-02-05 00:00:00+00:00,1.558,1.1733,1.9707,1.4595,1.3103,1.6721,1.7782,1.6966,1.4427,1.7969,1.7442,
2025-02-06 00:00:00+00:00,1.566,1.1787,1.9844,1.4672,1.3171,1.681,1.7876,1.7056,1.4503,1.8064,1.7535,
2025-02-07 00:00:00+00:00,1.546,1.1634,1.9591,1.4485,1.3004,1.6596,1.7641,1.6837,1.4312,1.7832,1.731,
2025-02-10 00:00:00+00:00,1.565,1.1774,1.9887,1.4665,1.3164,1.6803,1.7861,1.7047,1.4491,1.8053,1.7525,
2025-02-11 00:00:00+00:00,1.561,1.1742,1.983,1.4625,1.3128,1.6757,1.7812,1.7,1.4451,1.8004,1.7478,
2025-02-12 00:00:00+00:00,1.562,1.1753,1.9854,1.464,1.3143,1.6775,1.7828,1.7018,1.4467,1.8023,1.7496,
2025-02-13 00:00:00+00:00,1.585,1.1922,2.0096,1.4851,1.333,1.7015,1.8086,1.7263,1.4675,1.8281,1.7748,
2025-02-14 00:00:00+00:00,1.591,1.1965,2.0121,1.4907,1.3379,1.7078,1.8153,1.7327,1.473,1.8348,1.7813,
2025-02-17 00:00:00+00:00,1.59,1.1963,2.0071,1.4905,1.3378,1.7076,1.8151,1.7325,1.4728,1.8346,1.7811,
2025-02-18 00:00:00+00:00,1.594,1.1985,2.019,1.4937,1.3405,1.7112,1.8189,1.7363,1.4759,1.8384,1.7849,
2025-02-19 00:00:00+00:00,1.595,1.1998,2.0208,1.4946,1.3414,1.7121,1.8201,1.7373,1.4768,1.8395,1.786,
2025-02-20 00:00:00+00:00,1.587,1.1946,2.0074,1.4877,1.3352,1.7042,1.8117,1.7293,1.47,1.831,1.7775,
2025-02-21 00:00:00+00:00,1.554,1.1699,1.9599,1.4568,1.3077,1.6691,1.7743,1.6934,1.4395,1.7931,1.7407,
2025-02-24 00:00:00+00:00,1.536,1.1565,1.9359,1.4396,1.2924,1.6495,1.7535,1.6734,1.4224,1.772,1.7201,
2025-02-25 00:00:00+00:00,1.517,1.1421,1.9163,1.4219,1.2767,1.6294,1.7321,1.6529,1.4049,1.7502,1.6991,
2025-02-26 00:00:00+00:00,1.521,1.1445,1.9186,1.4251,1.2794,1.633,1.7358,1.6565,1.408,1.7539,1.7028,
2025-02-27 00:00:00+00:00,1.479,1.1134,1.8685,1.386,1.245,1.5886,1.6882,1.6112,1.3694,1.7062,1.6563,
2025-02-28 00:00:00+00:00,1.503,1.1313,1.9033,1.4085,1.2647,1.6143,1.7155,1.6373,1.3917,1.7336,1.6831,
2025-03-03 00:00:00+00:00,1.47,1.1067,1.8633,1.3777,1.2373,1.5792,1.6777,1.6015,1.3612,1.6957,1.6464,
2025-03-04 00:00:00+00:00,1.465,1.1027,1.854,1.3727,1.2329,1.5734,1.6716,1.5957,1.3563,1.6891,1.6404,
2025-03-05 00:00:00+00:00,1.484,1.1171,1.8732,1.3908,1.2489,1.594,1.6938,1.6166,1.3741,1.7115,1.662,
2025-03-06 00:00:00+00:00,1.442,1.0861,1.8167,1.3518,1.2144,1.5495,1.6464,1.5712,1.3355,1.6637,1.6153,
2025-03-07 00:00:00+00:00,1.453,1.0942,1.831,1.3622,1.2235,1.5614,1.659,1.5833,1.3458,1.6765,1.6278,
2025-03-10 00:00:00+00:00,1.399,1.0531,1.7658,1.3108,1.1781,1.503,1.5966,1.5236,1.2951,1.6133,1.5666,
2025-03-11 00:00:00+00:00,1.395,1.0503,1.7528,1.3073,1.175,1.499,1.5923,1.5194,1.2916,1.6088,1.5624,
2025-03-12 00:00:00+00:00,1.41,1.0615,1.7759,1.3212,1.1873,1.5149,1.6092,1.5356,1.3054,1.6259,1.5789,
2025-03-13 00:00:00+00:00,1.384,1.042,1.7419,1.2969,1.166,1.4871,1.5796,1.5073,1.2814,1.596,1.5499,
2025-03-14 00:00:00+00:00,1.418,1.068,1.7834,1.3294,1.1945,1.5243,1.6191,1.5452,1.3135,1.6355,1.5888,
2025-03-17 00:00:00+00:00,1.425,1.073,1.7946,1.3357,1.2003,1.5313,1.6268,1.5524,1.3197,1.6432,1.5963,
2025-03-18 00:00:00+00:00,1.402,1.0558,1.7615,1.3144,1.1814,1.507,1.6008,1.5276,1.2987,1.617,1.5708,
2025-03-19 00:00:00+00:00,1.42,1.069,1.787,1.3307,1.1958,1.5257,1.6208,1.5466,1.3148,1.6372,1.5904,
2025-03-20 00:00:00+00:00,1.417,1.0666,1.7819,1.3278,1.193,1.5225,1.6173,1.5434,1.312,1.6336,1.587,
2025-03-21 00:00:00+00:00,1.422,1.071,1.7909,1.333,1.1976,1.5285,1.6236,1.5495,1.3174,1.64,1.5932,
2025-03-24 00:00:00+00:00,1.453,1.0942,1.831,1.362,1.2222,1.5615,1.6587,1.583,1.3458,1.6752,1.6277,
2025-03-25 00:00:00+00:00,1.461,1.1001,1.843,1.3693,1.2286,1.5699,1.6677,1.5916,1.353,1.6843,1.6373,
2025-03-26 00:00:00+00:00,1.434,1.0796,1.8096,1.3437,1.2063,1.5407,1.6367,1.5618,1.3277,1.6529,1.6058,
2025-03-27 00:00:00+00:00,1.425,1.0734,1.7989,1.3358,1.1993,1.5318,1.6272,1.5527,1.3199,1.6433,1.5968,
2025-03-28 00:00:00+00:00,1.388,1.0452,1.7514,1.3007,1.1681,1.4919,1.5845,1.512,1.2854,1.6003,1.555,
2025-03-31 00:00:00+00:00,1.388,1.0454,1.7484,1.301,1.1682,1.4923,1.5848,1.5123,1.2857,1.6005,1.5556,
2025-04-01 00:00:00+00:00,1.399,1.0538,1.7667,1.3115,1.1774,1.5043,1.5976,1.5245,1.2961,1.6134,1.5671,
2025-04-02 00:00:00+00:00,1.41,1.062,1.7809,1.3217,1.187,1.5159,1.61,1.5364,1.306,1.6259,1.5793,
2025-04-03 00:00:00+00:00,1.336,1.0061,1.6917,1.2519,1.1247,1.4366,1.5249,1.4555,1.2372,1.5402,1.4963,
2025-04-07 00:00:00+00:00,1.259,0.9483,1.594,1.1795,1.0598,1.3544,1.4331,1.3716,1.166,1.4518,1.4111,
2025-04-08 00:00:00+00:00,1.235,0.9307,1.568,1.1569,1.0404,1.3292,1.4075,1.346,1.1443,1.4245,1.3817,
2025-04-09 00:00:00+00:00,1.383,1.0417,1.7594,1.2962,1.1627,1.488,1.5681,1.5078,1.282,1.5956,1.5484,
2025-04-10 00:00:00+00:00,1.326,0.9988,1.6846,1.2424,1.1145,1.4268,1.5059,1.4455,1.2289,1.5302,1.4845,
2025-04-11 00:00:00+00:00,1.351,1.0173,1.7106,1.2657,1.1351,1.4534,1.5337,1.4725,1.2519,1.5584,1.5127,
2025-04-14 00:00:00+00:00,1.359,1.0234,1.7163,1.2733,1.1422,1.4619,1.5427,1.4812,1.2594,1.5677,1.5217,
2025-04-15 00:00:00+00:00,1.361,1.0252,1.7214,1.2753,1.1438,1.4643,1.5452,1.4835,1.2614,1.5701,1.524,
2025-04-16 00:00:00+00:00,1.32,0.9947,1.6718,1.2372,1.1097,1.4208,1.4991,1.4394,1.2237,1.5233,1.4784,
2025-04-17 00:00:00+00:00,1.32,0.9941,1.6662,1.2363,1.109,1.4199,1.4982,1.4384,1.2229,1.5223,1.4773,
2025-04-18 00:00:00+00:00,1.319,0.9939,1.6659,1.236,1.1088,1.4195,1.4979,1.4381,1.2226,1.5219,1.477,
2025-04-21 00:00:00+00:00,1.287,0.9695,1.6221,1.2053,1.0812,1.3845,1.4608,1.4025,1.1923,1.4841,1.4403,
2025-04-22 00:00:00+00:00,1.321,0.9948,1.6707,1.2372,1.1096,1.4209,1.499,1.4395,1.2239,1.5232,1.4784,
2025-04-23 00:00:00+00:00,1.351,1.0177,1.7045,1.2661,1.1353,1.4539,1.5339,1.473,1.2523,1.5586,1.5128,
2025-04-24 00:00:00+00:00,1.388,1.0455,1.7524,1.301,1.1664,1.4937,1.5759,1.5135,1.2868,1.6013,1.5545,
2025-04-25 00:00:00+00:00,1.404,1.0569,1.7699,1.3151,1.1789,1.5098,1.593,1.53,1.3008,1.6187,1.5714,
2025-04-28 00:00:00+00:00,1.403,1.0563,1.7724,1.3142,1.1781,1.5088,1.592,1.529,1.3,1.6176,1.5703,
2025-04-29 00:00:00+00:00,1.411,1.0624,1.774,1.3219,1.185,1.5176,1.6012,1.5379,1.3076,1.627,1.5795,
2025-04-30 00:00:00+00:00,1.412,1.0636,1.7768,1.3234,1.1863,1.5193,1.6031,1.5397,1.3091,1.6288,1.5813,
2025-05-06 00:00:00+00:00,1.428,1.0749,1.7846,1.3381,1.1993,1.5361,1.6206,1.5568,1.3237,1.6467,1.5988,
2025-05-07 00:00:00+00:00,1.433,1.079,1.7946,1.3432,1.204,1.5419,1.6268,1.5627,1.3287,1.653,1.6049,
2025-05-08 00:00:00+00:00,1.449,1.0905,1.8144,1.3576,1.2166,1.5584,1.6441,1.5795,1.343,1.6706,1.622,
2025-05-09 00:00:00+00:00,1.449,1.0906,1.8166,1.3579,1.2166,1.5587,1.6444,1.5798,1.3433,1.6709,1.6226,
2025-05-12 00:00:00+00:00,1.507,1.1335,1.8814,1.412,1.2649,1.6203,1.7095,1.6426,1.3967,1.7372,1.6872,
2025-05-13 00:00:00+00:00,1.529,1.1502,1.9069,1.4327,1.2835,1.6439,1.7345,1.6667,1.4172,1.7627,1.712,
2025-05-14 00:00:00+00:00,1.537,1.1563,1.9211,1.4402,1.2902,1.6524,1.7435,1.6754,1.4246,1.7719,1.7209,
2025-05-15 00:00:00+00:00,1.538,1.1573,1.9227,1.4417,1.2913,1.6541,1.7452,1.6771,1.4261,1.7736,1.7227,
2025-05-16 00:00:00+00:00,1.545,1.1621,1.9291,1.4476,1.2968,1.6609,1.7525,1.684,1.432,1.781,1.7298,
2025-05-19 00:00:00+00:00,1.546,1.1627,1.9342,1.4486,1.2977,1.662,1.7535,1.6852,1.4328,1.7821,1.731,
2025-05-20 00:00:00+00:00,1.54,1.1588,1.9283,1.4435,1.2933,1.6561,1.7477,1.6793,1.4277,1.7757,1.7251,
2025-05-21 00:00:00+00:00,1.52,1.1436,1.899,1.4242,1.2763,1.6342,1.7243,1.657,1.4087,1.752,1.7021,
2025-05-22 00:00:00+00:00,1.521,1.1448,1.9015,1.4256,1.2775,1.6359,1.7261,1.6587,1.4102,1.7538,1.7038,
2025-05-23 00:00:00+00:00,1.507,1.1345,1.8794,1.4127,1.2659,1.6211,1.7104,1.6436,1.3973,1.7378,1.6884,
2025-05-26 00:00:00+00:00,1.506,1.1331,1.8782,1.4109,1.2645,1.6191,1.7082,1.6416,1.3956,1.7356,1.6863,
2025-05-27 00:00:00+00:00,1.542,1.1601,1.9257,1.4453,1.2947,1.6584,1.7499,1.6816,1.4297,1.7778,1.7274,
2025-05-28 00:00:00+00:00,1.536,1.1552,1.9162,1.4392,1.2892,1.6513,1.7425,1.6744,1.4236,1.7703,1.7201,
2025-05-29 00:00:00+00:00,1.539,1.1577,1.9196,1.4425,1.2919,1.6551,1.7464,1.6782,1.4269,1.7743,1.724,
2025-05-30 00:00:00+00:00,1.536,1.1558,1.9197,1.4398,1.2896,1.6521,1.7431,1.6752,1.4243,1.7709,1.7209,
2025-06-03 00:00:00+00:00,1.56,1.1735,1.9468,1.4618,1.3095,1.6772,1.7698,1.7007,1.4461,1.7979,1.7471,
2025-06-04 00:00:00+00:00,1.564,1.1769,1.9521,1.4663,1.3136,1.6822,1.7751,1.7058,1.4504,1.8032,1.7524,
2025-06-05 00:00:00+00:00,1.551,1.1668,1.9347,1.4541,1.3026,1.6684,1.7604,1.6917,1.4384,1.7883,1.7379,
2025-06-06 00:00:00+00:00,1.566,1.1779,1.9544,1.4683,1.3147,1.6846,1.7775,1.7082,1.4525,1.8057,1.7548,
2025-06-09 00:00:00+00:00,1.569,1.1805,1.9573,1.4709,1.3172,1.6875,1.7807,1.7112,1.4551,1.8089,1.758,
2025-06-10 00:00:00+00:00,1.579,1.1878,1.9717,1.4803,1.3255,1.6982,1.792,1.7221,1.4644,1.8203,1.7692,
2025-06-11 00:00:00+00:00,1.573,1.1828,1.9636,1.4743,1.3202,1.6914,1.7848,1.7151,1.4585,1.8129,1.762,
2025-06-12 00:00:00+00:00,1.576,1.1857,1.9674,1.4775,1.3231,1.6951,1.7886,1.7189,1.4617,1.8169,1.7659,
2025-06-13 00:00:00+00:00,1.555,1.1705,1.9419,1.458,1.3056,1.6728,1.765,1.6961,1.4424,1.7929,1.7426,
2025-06-16 00:00:00+00:00,1.578,1.187,1.9689,1.4789,1.324,1.6967,1.7903,1.7205,1.4631,1.8185,1.7676,
2025-06-17 00:00:00+00:00,1.561,1.1746,1.9499,1.4633,1.3103,1.6789,1.7714,1.7023,1.4477,1.7993,1.749,
2025-06-18 00:00:00+00:00,1.561,1.1749,1.9509,1.4636,1.3105,1.6793,1.7717,1.7027,1.448,1.7997,1.7494,
2025-06-19 00:00:00+00:00,1.561,1.1744,1.9523,1.4629,1.3099,1.6785,1.7709,1.7019,1.4473,1.7988,1.7486,
2025-06-20 00:00:00+00:00,1.553,1.1697,1.9422,1.456,1.3038,1.6707,1.7626,1.6939,1.4405,1.7904,1.7404,
2025-06-23 00:00:00+00:00,1.57,1.1814,1.963,1.4717,1.3177,1.6886,1.7816,1.7122,1.4561,1.8095,1.7591,
2025-06-24 00:00:00+00:00,1.593,1.1976,1.9908,1.493,1.3368,1.7128,1.8074,1.7369,1.4772,1.8356,1.7846,
2025-06-25 00:00:00+00:00,1.596,1.2004,1.9933,1.4964,1.3398,1.7167,1.8115,1.7408,1.4806,1.8398,1.7887,
2025-06-26 00:00:00+00:00,1.61,1.2107,2.0109,1.5094,1.3516,1.7315,1.8273,1.7559,1.4935,1.8556,1.8043,
2025-06-27 00:00:00+00:00,1.617,1.215,2.0191,1.5154,1.3568,1.7384,1.8346,1.7629,1.4995,1.863,1.8114,
2025-06-30 00:00:00+00:00,1.626,1.222,2.0309,1.5242,1.3647,1.7484,1.8452,1.7731,1.5082,1.8736,1.822,
2025-07-01 00:00:00+00:00,1.611,1.2105,2.0122,1.5096,1.3519,1.7317,1.8277,1.7561,1.4937,1.8557,1.8045,
2025-07-02 00:00:00+00:00,1.623,1.2194,2.0282,1.5209,1.3617,1.7446,1.8412,1.7693,1.5049,1.8695,1.818,
2025-07-03 00:00:00+00:00,1.638,1.231,2.0468,1.5355,1.3747,1.7614,1.8589,1.7863,1.5195,1.8875,1.8356,
2025-07-04 00:00:00+00:00,1.638,1.2312,2.0476,1.5358,1.3749,1.7616,1.8592,1.7866,1.5197,1.8877,1.8358,
2025-07-07 00:00:00+00:00,1.625,1.2209,2.0336,1.5229,1.3635,1.747,1.8436,1.7717,1.507,1.872,1.8204,
2025-07-08 00:00:00+00:00,1.626,1.2223,2.0347,1.5246,1.3649,1.7489,1.8457,1.7735,1.5087,1.874,1.8224,
2025-07-09 00:00:00+00:00,1.638,1.231,2.0524,1.5356,1.3745,1.7615,1.8589,1.7863,1.5196,1.8874,1.8356,
2025-07-10 00:00:00+00:00,1.635,1.2287,2.0478,1.5326,1.3718,1.758,1.8552,1.7828,1.5166,1.8835,1.832,
2025-07-11 00:00:00+00:00,1.631,1.2256,2.0412,1.5285,1.3682,1.7534,1.8499,1.7781,1.5126,1.8785,1.8272,
2025-07-14 00:00:00+00:00,1.636,1.2296,2.0474,1.5338,1.3729,1.7594,1.8563,1.7842,1.5178,1.8849,1.8334,
2025-07-15 00:00:00+00:00,1.638,1.2312,2.0514,1.5358,1.3746,1.7617,1.8587,1.7866,1.5199,1.8874,1.8358,
2025-07-16 00:00:00+00:00,1.641,1.2327,2.0547,1.5379,1.3764,1.7642,1.8619,1.7891,1.522,1.89,1.8384,
2025-07-17 00:00:00+00:00,1.651,1.2405,2.0705,1.5479,1.3854,1.7755,1.874,1.8007,1.5319,1.9023,1.8503,
2025-07-18 00:00:00+00:00,1.651,1.2403,2.069,1.5478,1.3851,1.7755,1.8737,1.8006,1.5318,1.9022,1.8501,
2025-07-21 00:00:00+00:00,1.66,1.2468,2.0781,1.556,1.3924,1.7847,1.8835,1.8101,1.5399,1.9121,1.8599,
2025-07-22 00:00:00+00:00,1.65,1.2397,2.068,1.5468,1.3843,1.7743,1.8725,1.7995,1.5308,1.9009,1.8489,
2025-07-23 00:00:00+00:00,1.656,1.2442,2.0729,1.5524,1.3892,1.7806,1.8791,1.806,1.5364,1.9077,1.8556,
2025-07-24 00:00:00+00:00,1.659,1.2468,2.0751,1.5556,1.3922,1.7843,1.883,1.8097,1.5395,1.9116,1.8594,
2025-07-25 00:00:00+00:00,1.664,1.25,2.0836,1.5598,1.3958,1.7891,1.8881,1.8145,1.5437,1.9167,1.8645,
2025-07-28 00:00:00+00:00,1.671,1.2552,2.0933,1.5664,1.4015,1.7967,1.8961,1.8221,1.5502,1.9249,1.8724,
2025-07-29 00:00:00+00:00,1.668,1.2535,2.0897,1.5642,1.3995,1.7942,1.8934,1.8195,1.548,1.9222,1.8698,
2025-07-30 00:00:00+00:00,1.669,1.2543,2.0938,1.5651,1.4003,1.7952,1.8945,1.8206,1.5489,1.9233,1.8709,
2025-07-31 00:00:00+00:00,1.662,1.2484,2.0862,1.5579,1.3938,1.7869,1.8858,1.8121,1.5417,1.9144,1.8621,
2025-08-01 00:00:00+00:00,1.629,1.224,2.0504,1.5275,1.3664,1.7522,1.8489,1.7768,1.5116,1.877,1.8257,
2025-08-04 00:00:00+00:00,1.657,1.2447,2.0789,1.5536,1.3899,1.7821,1.8806,1.8072,1.5376,1.909,1.857,
2025-08-05 00:00:00+00:00,1.644,1.2352,2.0666,1.5416,1.3792,1.7684,1.8661,1.7933,1.5257,1.8943,1.8427,
2025-08-06 00:00:00+00:00,1.666,1.2514,2.0937,1.5623,1.3976,1.792,1.8911,1.8173,1.5462,1.9197,1.8674,
2025-08-07 00:00:00+00:00,1.67,1.2543,2.0968,1.5659,1.4009,1.7961,1.8954,1.8214,1.5497,1.9239,1.8717,
2025-08-08 00:00:00+00:00,1.687,1.267,2.1182,1.5816,1.4147,1.8139,1.9144,1.8396,1.5652,1.9431,1.8904,
2025-08-11 00:00:00+00:00,1.681,1.2631,2.1106,1.5765,1.4102,1.8081,1.9082,1.8338,1.5602,1.9368,1.8844,
2025-08-12 00:00:00+00:00,1.704,1.2801,2.1408,1.5976,1.4288,1.8323,1.9338,1.8585,1.5812,1.9627,1.9096,
2025-08-13 00:00:00+00:00,1.703,1.2794,2.1378,1.5967,1.4281,1.8312,1.9327,1.8575,1.5803,1.9616,1.9086,
2025-08-14 00:00:00+00:00,1.702,1.2785,2.1356,1.5954,1.4267,1.8296,1.931,1.8559,1.5789,1.9599,1.9069,
2025-08-15 00:00:00+00:00,1.694,1.2726,2.1274,1.5881,1.4201,1.8214,1.9223,1.8475,1.5718,1.951,1.8983,
2025-08-18 00:00:00+00:00,1.693,1.2717,2.1268,1.5871,1.4191,1.8203,1.921,1.8463,1.5708,1.9498,1.8971,
2025-08-19 00:00:00+00:00,1.67,1.2547,2.0979,1.5659,1.4002,1.7961,1.8953,1.8216,1.5498,1.9238,1.8717,
2025-08-20 00:00:00+00:00,1.661,1.2479,2.0844,1.5574,1.3925,1.7864,1.885,1.8117,1.5414,1.9133,1.8615,
2025-08-21 00:00:00+00:00,1.651,1.2407,2.0749,1.5483,1.3846,1.7761,1.874,1.8012,1.5324,1.9023,1.8507,
2025-08-22 00:00:00+00:00,1.677,1.2601,2.108,1.5728,1.4063,1.8041,1.9038,1.8297,1.5567,1.9324,1.88,
2025-08-25 00:00:00+00:00,1.669,1.2536,2.0924,1.5644,1.399,1.7944,1.8936,1.8199,1.5484,1.9221,1.87,
2025-08-26 00:00:00+00:00,1.676,1.2593,2.1046,1.5715,1.4054,1.8026,1.9023,1.8283,1.5555,1.9309,1.8786,
2025-08-27 00:00:00+00:00,1.677,1.2601,2.1075,1.5724,1.4063,1.8036,1.9034,1.8294,1.5564,1.9321,1.8797,
2025-08-28 00:00:00+00:00,1.686,1.2665,2.1135,1.5805,1.4136,1.8129,1.9133,1.8389,1.5644,1.9422,1.8894,
2025-08-29 00:00:00+00:00,1.665,1.2507,2.0854,1.5606,1.3959,1.7903,1.8892,1.8159,1.5449,1.9178,1.8657,
2025-09-01 00:00:00+00:00,1.666,1.2513,2.086,1.5614,1.3966,1.7913,1.8901,1.8168,1.5457,1.9188,1.8667,
2025-09-02 00:00:00+00:00,1.653,1.2417,2.0743,1.5496,1.3861,1.7777,1.8757,1.803,1.5339,1.9042,1.8524,
2025-09-03 00:00:00+00:00,1.666,1.2518,2.09,1.5622,1.3972,1.7921,1.8909,1.8176,1.5464,1.9196,1.8675,
2025-09-04 00:00:00+00:00,1.681,1.2624,2.1076,1.5756,1.4092,1.8074,1.9072,1.8332,1.5596,1.936,1.8835,
2025-09-05 00:00:00+00:00,1.683,1.2638,2.1087,1.5773,1.4106,1.8094,1.9092,1.8351,1.5613,1.938,1.8855,
2025-09-08 00:00:00+00:00,1.69,1.269,2.117,1.5838,1.4166,1.8168,1.9171,1.8425,1.5678,1.9459,1.8934,
2025-09-09 00:00:00+00:00,1.694,1.2726,2.1218,1.5885,1.4207,1.8221,1.9227,1.8479,1.5724,1.9516,1.899,
2025-09-10 00:00:00+00:00,1.696,1.2741,2.1215,1.5903,1.4221,1.8242,1.9248,1.85,1.5742,1.9538,1.9011,
2025-09-11 00:00:00+00:00,1.706,1.2811,2.1346,1.5992,1.4301,1.8343,1.9355,1.8603,1.583,1.9647,1.9117,
2025-09-12 00:00:00+00:00,1.712,1.2863,2.1428,1.6054,1.4357,1.8415,1.9431,1.8676,1.5892,1.9724,1.9192,
2025-09-15 00:00:00+00:00,1.728,1.2977,2.1615,1.6197,1.4476,1.8577,1.9603,1.8842,1.6033,1.9894,1.9363,
2025-09-16 00:00:00+00:00,1.725,1.2961,2.1572,1.6177,1.4458,1.8555,1.9578,1.8818,1.6014,1.9869,1.9339,
2025-09-17 00:00:00+00:00,1.721,1.2931,2.1508,1.614,1.4424,1.8512,1.9533,1.8775,1.5977,1.9824,1.9293,
2025-09-18 00:00:00+00:00,1.739,1.3065,2.1709,1.631,1.4575,1.8706,1.974,1.8973,1.6145,2.0032,1.9496,
2025-09-19 00:00:00+00:00,1.752,1.3163,2.1875,1.6434,1.4683,1.8848,1.9889,1.9116,1.6267,2.0183,1.9644,
2025-09-22 00:00:00+00:00,1.761,1.3232,2.2009,1.6519,1.476,1.8946,1.9994,1.9217,1.6352,2.0288,1.9747,
2025-09-23 00:00:00+00:00,1.747,1.3128,2.1843,1.6387,1.4644,1.8795,1.9835,1.9064,1.6221,2.0127,1.959,
2025-09-24 00:00:00+00:00,1.742,1.3091,2.1787,1.634,1.4601,1.8742,1.9777,1.901,1.6175,2.0069,1.9534,
2025-09-25 00:00:00+00:00,1.736,1.3041,2.1716,1.6277,1.4545,1.8672,1.9703,1.8938,1.6114,1.9994,1.946,
2025-09-26 00:00:00+00:00,1.744,1.3104,2.1834,1.6355,1.4613,1.8761,1.9798,1.9029,1.6191,2.0089,1.9553,
2025-09-29 00:00:00+00:00,1.75,1.3147,2.1877,1.6411,1.4664,1.8825,1.9866,1.9095,1.6248,2.0157,1.9621,
2025-09-30 00:00:00+00:00,1.754,1.3177,2.195,1.6448,1.4699,1.8868,1.9912,1.9139,1.6285,2.0204,1.9666,
2025-10-09 00:00:00+00:00,1.785,1.3404,2.2338,1.6737,1.495,1.9198,2.0259,1.9474,1.6571,2.0555,2.0011,
2025-10-10 00:00:00+00:00,1.721,1.2927,2.1551,1.614,1.4419,1.8514,1.9537,1.8782,1.5981,1.9826,1.9298,
2025-10-13 00:00:00+00:00,1.757,1.3199,2.2039,1.6481,1.4723,1.8903,1.9949,1.9178,1.6319,2.0244,1.9706,
2025-10-14 00:00:00+00:00,1.746,1.3111,2.1918,1.637,1.4625,1.8777,1.9816,1.905,1.6209,2.0108,1.9574,
2025-10-15 00:00:00+00:00,1.757,1.3194,2.2015,1.6474,1.4719,1.8899,1.9942,1.9171,1.6312,2.0235,1.9698,
2025-10-16 00:00:00+00:00,1.75,1.3142,2.1936,1.6408,1.4661,1.8825,1.9863,1.9095,1.6248,2.0155,1.962,
2025-10-17 00:00:00+00:00,1.761,1.3223,2.2082,1.651,1.4753,1.894,1.9986,1.9214,1.6349,2.028,1.9742,
2025-10-20 00:00:00+00:00,1.784,1.3397,2.2357,1.6729,1.4947,1.9191,2.0252,1.9468,1.6566,2.0547,2.0004,
2025-10-21 00:00:00+00:00,1.782,1.3382,2.2328,1.6709,1.4931,1.9168,2.0228,1.9446,1.6547,2.0523,1.9981,
2025-10-22 00:00:00+00:00,1.765,1.3255,2.2126,1.6549,1.4787,1.8985,2.0034,1.9261,1.6389,2.0327,1.979,
2025-10-23 00:00:00+00:00,1.779,1.3363,2.2317,1.6685,1.491,1.9141,2.0199,1.9419,1.6524,2.0493,1.9953,
2025-10-24 00:00:00+00:00,1.798,1.3501,2.2547,1.6859,1.5065,1.9342,2.0411,1.9622,1.6697,2.0707,2.0162,
2025-10-27 00:00:00+00:00,1.829,1.3738,2.2923,1.7154,1.5328,1.9679,2.0769,1.9965,1.6989,2.1068,2.0515,
2025-10-28 00:00:00+00:00,1.842,1.3835,2.3054,1.7274,1.5437,1.9816,2.0916,2.0105,1.7109,2.1216,2.0659,
2025-10-29 00:00:00+00:00,1.85,1.389,2.3143,1.7342,1.5497,1.9894,2.0998,2.0184,1.7176,2.1299,2.074,
2025-10-30 00:00:00+00:00,1.823,1.3689,2.2832,1.7091,1.5274,1.9608,2.0696,1.9893,1.6928,2.0992,2.0441,
2025-10-31 00:00:00+00:00,1.832,1.3757,2.2962,1.7178,1.535,1.9706,2.0801,1.9994,1.7014,2.1098,2.0545,
2025-11-03 00:00:00+00:00,1.84,1.3815,2.3073,1.725,1.5412,1.9789,2.0887,2.0077,1.7085,2.1184,2.063,
2025-11-04 00:00:00+00:00,1.802,1.3533,2.2622,1.6898,1.5099,1.9387,2.0461,1.9668,1.6737,2.0753,2.021,
2025-11-05 00:00:00+00:00,1.816,1.3633,2.2792,1.7024,1.5209,1.9531,2.0612,1.9814,1.6861,2.0907,2.036,
2025-11-06 00:00:00+00:00,1.78,1.3367,2.2341,1.669,1.4911,1.9149,2.0208,1.9426,1.6531,2.0498,1.9959,
2025-11-07 00:00:00+00:00,1.774,1.3323,2.2278,1.6637,1.4863,1.9088,2.0143,1.9364,1.6478,2.0433,1.9895,
2025-11-10 00:00:00+00:00,1.814,1.3619,2.2756,1.7008,1.5193,1.9512,2.0593,1.9795,1.6845,2.0887,2.0339,
2025-11-11 00:00:00+00:00,1.808,1.358,2.2694,1.6959,1.5148,1.9455,2.0533,1.9737,1.6796,2.0825,2.028,
2025-11-12 00:00:00+00:00,1.806,1.3565,2.2669,1.694,1.5133,1.9434,2.0511,1.9716,1.6778,2.0802,2.0258,
2025-11-13 00:00:00+00:00,1.77,1.3294,2.2135,1.66,1.4828,1.9046,2.0099,1.9321,1.6442,2.0385,1.9851,
2025-11-14 00:00:00+00:00,1.77,1.3295,2.2158,1.6602,1.4828,1.9048,2.01,1.9323,1.6444,2.0387,1.9853,
2025-11-17 00:00:00+00:00,1.755,1.3183,2.199,1.6461,1.4702,1.8888,1.9928,1.9159,1.6304,2.0214,1.9684,
2025-11-18 00:00:00+00:00,1.735,1.3034,2.1753,1.6274,1.4535,1.8674,1.9702,1.8941,1.6119,1.9985,1.946,
2025-11-19 00:00:00+00:00,1.745,1.3109,2.1864,1.6368,1.4618,1.8782,1.9817,1.9051,1.6212,2.01,1.9573,
2025-11-20 00:00:00+00:00,1.705,1.2808,2.1367,1.5989,1.4278,1.8349,1.9357,1.861,1.5837,1.9635,1.9119,
2025-11-21 00:00:00+00:00,1.717,1.2901,2.1522,1.6106,1.4382,1.8483,1.9499,1.8745,1.5953,1.9778,1.9258,
2025-11-24 00:00:00+00:00,1.761,1.3229,2.2066,1.652,1.4752,1.8954,2.0,1.9227,1.6362,2.0283,1.9754,
2025-11-25 00:00:00+00:00,1.771,1.3302,2.2157,1.661,1.4832,1.9058,2.011,1.9332,1.6451,2.0394,1.9862,
2025-11-26 00:00:00+00:00,1.786,1.3412,2.2304,1.6749,1.4956,1.9215,2.0277,1.9493,1.6588,2.0563,2.0027,
2025-11-27 00:00:00+00:00,1.785,1.3409,2.2306,1.6745,1.4952,1.9211,2.0272,1.9488,1.6584,2.0558,2.0022,
2025-11-28 00:00:00+00:00,1.799,1.3515,2.247,1.6878,1.5069,1.9363,2.0433,1.9643,1.6715,2.072,2.0181,
2025-12-01 00:00:00+00:00,1.792,1.346,2.2368,1.6809,1.5008,1.9284,2.035,1.9563,1.6648,2.0636,2.0099,
2025-12-02 00:00:00+00:00,1.808,1.3579,2.2549,1.6958,1.5139,1.9455,2.053,1.9736,1.6795,2.0818,2.0277,
2025-12-03 00:00:00+00:00,1.811,1.3599,2.2577,1.6983,1.5162,1.9483,2.056,1.9765,1.682,2.0848,2.0307,
2025-12-04 00:00:00+00:00,1.808,1.3582,2.2569,1.6962,1.5142,1.9459,2.0534,1.974,1.6799,2.0822,2.0281,
2025-12-05 00:00:00+00:00,1.817,1.3644,2.267,1.704,1.5211,1.9548,2.0628,1.9831,1.6876,2.0917,2.0375,
2025-12-08 00:00:00+00:00,1.813,1.3612,2.2616,1.7001,1.5174,1.9504,2.0581,1.9786,1.6838,2.0869,2.0329,
2025-12-09 00:00:00+00:00,1.816,1.3634,2.2654,1.703,1.5198,1.9537,2.0616,1.9819,1.6866,2.0904,2.0363,
2025-12-10 00:00:00+00:00,1.823,1.3687,2.2722,1.7096,1.5256,1.9613,2.0696,1.9896,1.6931,2.0984,2.0442,
2025-12-11 00:00:00+00:00,1.815,1.3627,2.2632,1.7021,1.5192,1.9526,2.0605,1.9808,1.6858,2.0892,2.0352,
2025-12-12 00:00:00+00:00,1.779,1.3359,2.2189,1.6686,1.4894,1.9144,2.0198,1.9419,1.6526,2.0481,1.995,
2025-12-15 00:00:00+00:00,1.77,1.3294,2.2053,1.6605,1.4821,1.9051,2.01,1.9325,1.6447,2.0382,1.9854,
2025-12-16 00:00:00+00:00,1.773,1.3318,2.2089,1.6635,1.4846,1.9086,2.0136,1.936,1.6476,2.0417,1.9889,
2025-12-17 00:00:00+00:00,1.739,1.3058,2.1672,1.6308,1.4556,1.8712,1.9739,1.8979,1.6154,2.0016,1.9498,
2025-12-18 00:00:00+00:00,1.765,1.3254,2.1987,1.6555,1.4775,1.8994,2.0038,1.9266,1.6398,2.0319,1.9794,
2025-12-19 00:00:00+00:00,1.787,1.3419,2.2272,1.6762,1.4959,1.9231,2.0289,1.9507,1.6603,2.0563,2.0042,
2025-12-22 00:00:00+00:00,1.7955,1.3486,2.2362,1.6843,1.5033,1.9327,2.0382,1.9602,1.6683,2.0664,2.0137,
2025-12-23 00:00:00+00:00,1.8032,1.3554,2.2443,1.6915,1.5107,1.9423,2.0468,1.9685,1.6754,2.0752,2.0222,
2025-12-24 00:00:00+00:00,1.8067,1.3579,2.246,1.6947,1.5138,1.9459,2.0507,1.9723,1.6787,2.0791,2.0261,
2025-12-25 00:00:00+00:00,1.8047,1.3564,2.2434,1.6929,1.5123,1.9437,2.0484,1.9701,1.6769,2.0768,2.0238,
2025-12-26 00:00:00+00:00,1.803,1.3551,2.243,1.6913,1.5109,1.9422,2.0465,1.9682,1.6753,2.0748,2.0219,
2025-12-29 00:00:00+00:00,1.7938,1.3482,2.2323,1.6828,1.5033,1.9323,2.0361,1.9583,1.6669,2.0643,2.0116,
2025-12-30 00:00:00+00:00,1.7898,1.3452,2.2209,1.679,1.4999,1.9282,2.0315,1.9539,1.6632,2.0597,2.0071,
2025-12-31 00:00:00+00:00,1.7735,1.3329,2.203,1.6636,1.4863,1.9105,2.0129,1.936,1.648,2.0409,1.9887,
2026-01-05 00:00:00+00:00,1.7825,1.3396,2.2124,1.6721,1.4938,1.9197,2.023,1.946,1.6565,2.0512,1.9989,
2026-01-06 00:00:00+00:00,1.7978,1.3508,2.233,1.6865,1.5067,1.9356,2.0404,1.9626,1.6707,2.0687,2.016,
2026-01-07 00:00:00+00:00,1.7991,1.3519,2.2377,1.6877,1.5077,1.937,2.0418,1.9641,1.6719,2.0702,2.0174,
2026-01-08 00:00:00+00:00,1.789,1.3444,2.2222,1.6783,1.4992,1.9253,2.0304,1.9531,1.6626,2.0586,2.0061,
2026-01-09 00:00:00+00:00,1.8054,1.3566,2.2445,1.6936,1.513,1.9437,2.0489,1.971,1.6778,2.0774,2.0245,
2026-01-12 00:00:00+00:00,1.8063,1.3572,2.2438,1.6945,1.5138,1.9454,2.0499,1.9719,1.6787,2.0783,2.0255,
2026-01-13 00:00:00+00:00,1.8029,1.3547,2.2404,1.6913,1.5109,1.9421,2.0461,1.9683,1.6755,2.0745,2.0217,
2026-01-14 00:00:00+00:00,1.7841,1.3405,2.2154,1.6737,1.4951,1.9208,2.0248,1.9478,1.6581,2.0529,2.0006,
2026-01-15 00:00:00+00:00,1.7884,1.3437,2.2218,1.6776,1.4987,1.9255,2.0295,1.9524,1.662,2.0577,2.0053,
2026-01-16 00:00:00+00:00,1.7874,1.3429,2.2193,1.6767,1.4979,1.9255,2.0285,1.9514,1.6612,2.0566,2.0043,
2026-01-19 00:00:00+00:00,1.7866,1.3423,2.2175,1.676,1.4973,1.9246,2.0276,1.9505,1.6605,2.0557,2.0034,
2026-01-20 00:00:00+00:00,1.7476,1.3124,2.1689,1.6394,1.4641,1.8807,1.9823,1.9071,1.6242,2.0099,1.9587,
2026-01-21 00:00:00+00:00,1.7714,1.3304,2.1993,1.6618,1.4843,1.9059,2.0098,1.9335,1.6464,2.0372,1.9857,
2026-01-22 00:00:00+00:00,1.7849,1.3411,2.2157,1.6744,1.4961,1.9205,2.0257,1.9494,1.659,2.0526,2.0008,
2026-01-23 00:00:00+00:00,1.7887,1.3439,2.2237,1.678,1.4994,1.9245,2.03,1.9539,1.6626,2.0569,2.005,
2026-01-26 00:00:00+00:00,1.794,1.3479,2.2306,1.683,1.5041,1.93,2.036,1.96,1.6675,2.0629,2.0109,
2026-01-27 00:00:00+00:00,1.8101,1.36,2.25,1.6981,1.5175,1.9473,2.0543,1.9784,1.6825,2.0814,2.029,
2026-01-28 00:00:00+00:00,1.8133,1.3625,2.2535,1.7011,1.5204,1.9506,2.0579,1.9821,1.6855,2.085,2.0325,
2026-01-29 00:00:00+00:00,1.804,1.3554,2.2419,1.6924,1.5124,1.9408,2.0473,1.9712,1.6768,2.0743,2.0221,
2026-01-30 00:00:00+00:00,1.7788,1.3365,2.2139,1.6687,1.4916,1.9136,2.0186,1.9422,1.6534,2.0453,1.9937,
2026-02-02 00:00:00+00:00,1.792,1.3464,2.2308,1.6811,1.5025,1.9278,2.0336,1.9561,1.6657,2.0605,2.0086,
2026-02-03 00:00:00+00:00,1.7621,1.3239,2.1913,1.653,1.4778,1.8957,1.9995,1.9234,1.638,2.0261,1.9749,
2026-02-04 00:00:00+00:00,1.7292,1.2994,2.1527,1.6222,1.4505,1.8604,1.962,1.8875,1.6075,1.9883,1.9381,
2026-02-05 00:00:00+00:00,1.7063,1.2822,2.1246,1.6007,1.4311,1.8359,1.936,1.8626,1.5862,1.962,1.9124,
2026-02-06 00:00:00+00:00,1.7432,1.3096,2.1696,1.6353,1.4618,1.8755,1.9779,1.9029,1.6204,2.0044,1.9538,
2026-02-09 00:00:00+00:00,1.7549,1.3184,2.1825,1.6463,1.4717,1.888,1.9911,1.9156,1.6314,2.0177,1.9669,
2026-02-10 00:00:00+00:00,1.7437,1.31,2.1655,1.6358,1.4625,1.8759,1.9783,1.9033,1.6209,2.0048,1.9541,
2026-02-11 00:00:00+00:00,1.7482,1.3134,2.1713,1.6401,1.4663,1.8807,1.9834,1.9083,1.6252,2.0099,1.9592,
2026-02-12 00:00:00+00:00,1.7131,1.287,2.1243,1.6071,1.4368,1.8431,1.9436,1.87,1.5925,1.9696,1.9198,
2026-02-13 00:00:00+00:00,1.7149,1.2883,2.1307,1.6088,1.4383,1.8451,1.9456,1.872,1.5943,1.9717,1.9218,
2026-02-24 00:00:00+00:00,1.732,1.3012,2.1453,1.6249,1.4525,1.8638,1.9652,1.8911,1.6103,1.9912,1.9412,
2026-02-25 00:00:00+00:00,1.7541,1.3177,2.1685,1.6456,1.4711,1.8873,1.9902,1.9151,1.6308,2.0165,1.9658,
2026-02-26 00:00:00+00:00,1.7314,1.3008,2.1342,1.6244,1.4524,1.8629,1.9645,1.8904,1.6097,1.9904,1.9403,
2026-02-27 00:00:00+00:00,1.7264,1.2969,2.133,1.6197,1.4482,1.8576,1.9589,1.8849,1.6051,1.9847,1.9348,
2026-03-02 00:00:00+00:00,1.7287,1.2987,2.1445,1.6219,1.45,1.8602,1.9615,1.8875,1.6073,1.9873,1.9374,
2026-03-03 00:00:00+00:00,1.7065,1.282,2.1255,1.601,1.4316,1.8361,1.9362,1.8631,1.5866,1.9617,1.9123,
2026-03-04 00:00:00+00:00,1.7331,1.3018,2.1622,1.6259,1.4538,1.8646,1.9663,1.8922,1.6112,1.9922,1.942,
2026-03-05 00:00:00+00:00,1.7253,1.2959,2.151,1.6186,1.4475,1.8561,1.9573,1.8836,1.604,1.9832,1.933,
2026-03-06 00:00:00+00:00,1.6999,1.277,2.1195,1.5948,1.4261,1.8289,1.9285,1.856,1.5804,1.9541,1.9047,
2026-03-09 00:00:00+00:00,1.7253,1.2959,2.1527,1.6187,1.4471,1.8564,1.9576,1.8838,1.6041,1.9833,1.9335,
2026-03-10 00:00:00+00:00,1.7204,1.2923,2.1382,1.6141,1.4433,1.8509,1.9519,1.8783,1.5996,1.9775,1.9277,
2026-03-11 00:00:00+00:00,1.7194,1.2915,2.1375,1.6132,1.4426,1.8498,1.9508,1.8772,1.5987,1.9763,1.9265,
2026-03-12 00:00:00+00:00,1.6908,1.2701,2.1032,1.5863,1.4185,1.819,1.9182,1.846,1.572,1.9434,1.8944,
2026-03-13 00:00:00+00:00,1.6815,1.2631,2.0968,1.5776,1.4105,1.8092,1.9076,1.8359,1.5634,1.9328,1.8841,
2026-03-16 00:00:00+00:00,1.7015,1.278,2.1221,1.5964,1.4273,1.8307,1.9304,1.8578,1.582,1.9557,1.9066,
2026-03-17 00:00:00+00:00,1.7078,1.2827,2.1283,1.6023,1.4327,1.8374,1.9375,1.8646,1.5879,1.9629,1.9135,
2026-03-18 00:00:00+00:00,1.6821,1.2635,2.0938,1.5782,1.4112,1.8097,1.9083,1.8366,1.564,1.9334,1.8846,
2026-03-19 00:00:00+00:00,1.6788,1.2611,2.0958,1.5751,1.4083,1.8063,1.9046,1.833,1.561,1.9296,1.8812,
2026-03-20 00:00:00+00:00,1.6456,1.2365,2.0509,1.544,1.3804,1.7706,1.8669,1.7968,1.5301,1.8915,1.8442,
2026-03-23 00:00:00+00:00,1.6688,1.2536,2.0827,1.5659,1.3997,1.7957,1.8933,1.8222,1.5518,1.9182,1.8705,
2026-03-24 00:00:00+00:00,1.6537,1.2424,2.0603,1.5517,1.3871,1.7794,1.8762,1.8058,1.5378,1.9008,1.8534,
2026-03-25 00:00:00+00:00,1.664,1.2499,2.0786,1.5614,1.3957,1.7904,1.8877,1.8169,1.5473,1.9126,1.8649,
2026-03-26 00:00:00+00:00,1.6276,1.2228,2.0302,1.5273,1.3651,1.7516,1.8467,1.7774,1.5135,1.871,1.8243,
2026-03-27 00:00:00+00:00,1.5981,1.2008,1.9935,1.4997,1.3403,1.7201,1.8134,1.7454,1.4861,1.8372,1.7914,
2026-03-30 00:00:00+00:00,1.5874,1.1929,1.9777,1.4897,1.3312,1.7087,1.8014,1.7339,1.4762,1.8249,1.7795,
2026-03-31 00:00:00+00:00,1.641,1.2327,2.044,1.54,1.3759,1.7664,1.862,1.7921,1.526,1.8864,1.8396,
2026-04-01 00:00:00+00:00,1.6565,1.2443,2.0597,1.5545,1.3892,1.7829,1.8793,1.8089,1.5404,1.904,1.8568,
2026-04-02 00:00:00+00:00,1.6551,1.2432,2.0658,1.5531,1.3879,1.7811,1.8775,1.8072,1.5391,1.9023,1.855,
2026-04-03 00:00:00+00:00,1.6561,1.244,2.062,1.5541,1.3888,1.7823,1.8788,1.8084,1.5401,1.9035,1.8563,
2026-04-07 00:00:00+00:00,1.665,1.2505,2.0722,1.5625,1.3963,1.7919,1.8888,1.8181,1.5484,1.9136,1.8662,
2026-04-08 00:00:00+00:00,1.709,1.2832,2.119,1.6037,1.4332,1.8389,1.9386,1.866,1.5893,1.9638,1.9153,
2026-04-09 00:00:00+00:00,1.7205,1.2918,2.1381,1.6145,1.4428,1.8512,1.9517,1.8786,1.5999,1.977,1.9281,
2026-04-10 00:00:00+00:00,1.7229,1.2937,2.14,1.6168,1.4448,1.8538,1.9544,1.8812,1.6022,1.9797,1.9308,
2026-04-13 00:00:00+00:00,1.7411,1.3073,2.1624,1.6339,1.4601,1.8735,1.9751,1.9011,1.6191,2.0006,1.9513,
2026-04-14 00:00:00+00:00,1.7708,1.3297,2.1958,1.6619,1.485,1.9054,2.0088,1.9335,1.6467,2.0346,1.9846,
2026-04-15 00:00:00+00:00,1.7953,1.3482,2.2271,1.6849,1.5056,1.9317,2.0366,1.9603,1.6695,2.0627,2.012,
2026-04-16 00:00:00+00:00,1.8049,1.3553,2.2377,1.6939,1.5136,1.942,2.0474,1.9707,1.6784,2.0738,2.0228,
2026-04-17 00:00:00+00:00,1.8282,1.3729,2.2699,1.7158,1.5331,1.9671,2.0739,1.9962,1.7002,2.1006,2.049,
2026-04-20 00:00:00+00:00,1.8232,1.3693,2.2602,1.7111,1.529,1.9619,2.0684,1.9905,1.6955,2.0948,2.0434,
2026-04-21 00:00:00+00:00,1.8142,1.3625,2.2493,1.7026,1.5215,1.9522,2.0582,1.9807,1.6871,2.0844,2.0333,
2026-04-22 00:00:00+00:00,1.8464,1.3862,2.29,1.7329,1.5479,1.9867,2.094,2.016,1.7172,2.1214,2.0696,
2026-04-23 00:00:00+00:00,1.8362,1.3788,2.2809,1.7233,1.5397,1.9759,2.0829,2.0048,1.7077,2.1097,2.0581,
2026-04-24 00:00:00+00:00,1.8723,1.4054,2.3254,1.7573,1.5695,2.0148,2.1239,2.0443,1.7413,2.1511,2.0988,
2026-04-27 00:00:00+00:00,1.8699,1.403,2.3223,1.755,1.5667,2.0119,2.1211,2.0417,1.7391,2.1482,2.096,
2026-04-28 00:00:00+00:00,1.8513,1.3892,2.3025,1.7375,1.5517,1.9919,2.0999,2.0213,1.7218,2.1269,2.075,
2026-04-29 00:00:00+00:00,1.8625,1.3974,2.3141,1.7481,1.5605,2.004,2.1127,2.0336,1.7323,2.1398,2.0877,
2026-04-30 00:00:00+00:00,1.8812,1.4112,2.338,1.7656,1.5759,2.0241,2.1339,2.0539,1.7496,2.1611,2.1086,
2026-05-06 00:00:00+00:00,1.9576,1.4685,2.4289,1.8374,1.6376,2.1065,2.2207,2.1375,1.8209,2.2485,2.1945,
2026-05-07 00:00:00+00:00,1.9531,1.4652,2.421,1.8332,1.6345,2.1016,2.2155,2.1326,1.8167,2.2433,2.1894,
2026-05-08 00:00:00+00:00,1.9993,1.4999,2.4783,1.8766,1.6713,2.1515,2.268,2.1831,1.8597,2.2963,2.2413,
2026-05-11 00:00:00+00:00,2.0042,1.5035,2.4829,1.8811,1.6755,2.1567,2.2735,2.1884,1.8643,2.3018,2.2468,
2026-05-12 00:00:00+00:00,1.9856,1.4895,2.461,1.8636,1.6607,2.1366,2.2523,2.168,1.847,2.2804,2.2258,
2026-05-13 00:00:00+00:00,2.0063,1.5051,2.4851,1.8832,1.6782,2.1589,2.2759,2.1907,1.8663,2.3042,2.2492,
2026-05-14 00:00:00+00:00,2.02,1.5155,2.5019,1.896,1.6903,2.1736,2.2914,2.2056,1.879,2.3198,2.2645,
2026-05-15 00:00:00+00:00,1.9896,1.4926,2.4694,1.8675,1.6644,2.1409,2.2569,2.1725,1.8508,2.285,2.2304,
2026-05-18 00:00:00+00:00,1.9811,1.4864,2.4578,1.8595,1.6583,2.1325,2.2478,2.1633,1.8429,2.2754,2.2215,
2026-05-19 00:00:00+00:00,1.9675,1.476,2.4434,1.8467,1.6464,2.1177,2.2323,2.1484,1.8303,2.2598,2.2061,
2026-05-20 00:00:00+00:00,2.0006,1.5008,2.4847,1.8779,1.6742,2.1536,2.2702,2.1846,1.8611,2.2978,2.2437,
2026-05-21 00:00:00+00:00,2.0035,1.5029,2.489,1.8806,1.6748,2.1566,2.2734,2.1877,1.8638,2.3011,2.2462,
2026-05-22 00:00:00+00:00,2.0126,1.5097,2.4964,1.8892,1.683,2.1665,2.2837,2.1977,1.8722,2.3115,2.2566,
2026-05-25 00:00:00+00:00,,,,,,,,,1.8707,,,
2026-05-26 00:00:00+00:00,2.0453,1.5342,2.5371,1.9199,1.7098,2.2018,2.3209,2.2334,1.9027,2.3489,,
2026-05-27 00:00:00+00:00,2.0435,1.5328,2.5333,1.9182,1.7083,2.1998,2.3188,2.2314,1.901,,,
2026-05-28 00:00:00+00:00,,1.5445,2.5536,,1.7213,2.2164,2.3365,,,2.3645,2.3094,
2026-05-29 00:00:00+00:00,2.0646,1.5488,2.5584,1.9381,1.7257,2.2224,2.3428,2.2544,1.9207,2.3709,2.3156,1.9657
2026-06-01 00:00:00+00:00,2.0764,,2.5724,1.9492,1.7349,2.2352,2.3561,2.2674,1.9317,2.3844,2.3287,1.977
2026-06-02 00:00:00+00:00,2.087,1.5657,2.5835,1.9591,1.7436,2.2466,2.3681,2.2789,1.9415,2.3965,2.3406,1.987
2026-06-03 00:00:00+00:00,,1.5609,2.5794,,,2.24,2.3611,2.2722,1.9358,2.3894,2.3336,1.9812
2026-06-04 00:00:00+00:00,2.0707,1.5531,2.5678,,1.73,2.229,2.3496,2.261,1.9264,,2.3222,1.9715
2026-06-05 00:00:00+00:00,1.971,1.4782,2.4444,1.8502,1.6466,2.1216,2.2363,2.1523,1.8337,2.2634,2.2102,
2026-06-08 00:00:00+00:00,,1.5019,2.4868,,1.6731,2.1563,2.2726,2.1873,1.8635,2.3001,2.2463,1.907
2026-06-09 00:00:00+00:00,1.979,,2.4547,1.8578,1.6531,2.1305,2.2454,2.1612,1.8413,2.2727,2.2194,1.8842
2026-06-10 00:00:00+00:00,1.9394,1.4542,2.4074,1.8206,1.6201,2.0878,2.2004,2.118,1.8045,2.2273,2.1749,1.8466
2026-06-11 00:00:00+00:00,2.0035,1.502,2.4868,,1.6732,2.157,2.2733,2.188,1.864,2.3007,2.247,1.9076
2026-06-12 00:00:00+00:00,2.0152,1.5107,2.4974,1.8919,1.683,2.1696,2.2866,2.2008,1.875,2.3142,,1.9188
2026-06-15 00:00:00+00:00,2.0754,1.5562,2.5718,1.9487,1.7328,2.2353,2.3551,2.2673,1.9317,2.384,2.3286,1.9767
2026-06-16 00:00:00+00:00,2.037,1.5271,2.5238,1.9127,1.7003,2.1939,2.3115,2.2252,1.896,2.3399,2.2854,1.9396
2026-06-17 00:00:00+00:00,2.0164,1.5118,,1.8933,,2.1723,2.288,2.2026,1.8762,2.3163,2.2618,1.9199
2026-06-18 00:00:00+00:00,2.0671,1.5502,2.5617,1.941,1.7252,2.2278,2.3458,2.2581,1.9234,2.3739,2.3189,1.9683
2026-06-22 00:00:00+00:00,,1.5476,2.5626,1.9377,1.7225,2.2247,2.3424,2.2543,1.9201,2.3693,2.3142,1.9649
2026-06-23 00:00:00+00:00,,,2.4815,1.8745,1.6672,,2.266,2.1808,,2.2923,2.2387,1.9008
2026-06-24 00:00:00+00:00,,,,1.8669,1.6601,2.1459,2.2568,2.172,,2.2831,2.2297,1.8931
2026-06-25 00:00:00+00:00,,,,1.8813,1.6737,2.1624,2.2742,,1.8641,2.3005,2.2469,1.9076
2026-06-26 00:00:00+00:00,1.9801,1.4844,2.4677,1.8594,1.6541,2.1375,2.2477,2.1633,1.8425,2.274,2.2208,1.8855
2026-06-29 00:00:00+00:00,,1.5182,,1.9016,1.6916,2.1855,2.2986,2.2122,1.8843,2.3252,,1.9282
2026-06-30 00:00:00+00:00,,1.5424,2.5588,1.9317,1.7182,2.2199,2.3349,,1.9141,2.3619,2.3069,1.9586
2026-07-01 00:00:00+00:00,,,,1.901,1.6912,2.184,2.2979,2.2114,1.8837,2.3244,2.2702,1.9276
2026-07-02 00:00:00+00:00,,,,1.8707,1.6639,2.1502,2.2612,2.1763,1.8537,2.2876,2.2342,1.8967
2026-07-03 00:00:00+00:00,1.9908,1.4921,2.4774,1.8696,1.663,2.1489,2.2599,2.175,1.8526,2.2862,2.2328,1.8956
2026-07-06 00:00:00+00:00,,,2.5124,1.8937,,2.1761,2.2889,2.2029,1.8765,2.3159,2.2615,1.92
2026-07-07 00:00:00+00:00,,,,1.8598,,,2.2494,2.1637,1.8429,2.2747,2.2226,
2026-07-08 00:00:00+00:00,,,2.4766,1.8654,1.6602,2.1445,2.2562,,1.8485,2.2816,2.2293,1.8914
2026-07-09 00:00:00+00:00,,1.5121,2.5161,1.8945,1.686,,2.2913,2.204,1.8773,2.317,2.264,1.9208
2026-07-10 00:00:00+00:00,,1.516,2.5185,1.8994,1.6905,2.1836,2.2973,2.2097,1.8822,2.3229,2.2699,1.9258
2026-07-13 00:00:00+00:00,,,,1.8632,,,2.2535,,,2.2787,2.2265,1.8891
2026-07-14 00:00:00+00:00,,,,1.8841,,,2.2786,,1.8671,2.3042,2.2516,
2026-07-15 00:00:00+00:00,,,,1.8765,,,2.2695,2.1831,1.8596,2.295,2.2425,
2026-07-16 00:00:00+00:00,,,2.4465,1.8462,,,2.2328,,1.8295,2.258,2.2063,1.8719
2026-07-17 00:00:00+00:00,,,2.4132,1.8192,1.6191,2.0917,2.2002,2.1166,1.8028,2.2251,2.1741,1.8446
2026-07-20 00:00:00+00:00,,,2.4106,1.8202,,2.0929,2.2014,2.1178,1.8038,2.2262,2.1753,1.8455
2026-07-21 00:00:00+00:00,,,2.4566,1.8543,,2.1321,2.2426,2.1574,1.8376,2.2678,2.216,1.8801
