datetime,open,high,low,close,volume
2024-04-18T09:00:00Z,423.063111698,423.448334115,422.26303437,422.470461825,65403
2024-04-18T10:00:00Z,422.421074336,422.648256787,421.42344705,422.114871901,52106
2024-04-18T11:00:00Z,422.055606914,422.391441842,421.601242012,422.203769382,58833
2024-04-18T12:00:00Z,422.144504395,422.490216821,421.838301961,422.134626897,155838
2024-04-18T13:00:00Z,422.124749399,422.193891884,421.067857126,421.383937058,636054
2024-04-18T13:30:00Z,421.522222029,421.779432073,421.176509603,421.206142096,174074
2024-04-18T14:30:00Z,421.265407084,421.383937058,418.341667711,420.77153219,10861482
2024-04-18T15:30:00Z,420.791287185,422.993969213,420.756715943,422.030913169,5920654
2024-04-18T16:30:00Z,422.035851918,422.253156872,421.166632105,421.551261872,3773489
2024-04-18T17:30:00Z,421.551854522,421.611119509,418.015710281,419.202392876,5561077
2024-04-18T18:30:00Z,419.210887525,419.41831498,417.65024286,418.618237652,4991263
2024-04-18T19:30:00Z,418.62811515,419.275091261,417.679875353,418.588605158,5668286
2024-04-18T20:00:00Z,418.618237652,419.339294997,417.828037821,418.223137737,6336628
2024-04-18T21:00:00Z,418.213260239,419.596109942,417.344040425,417.818160324,1997051
2024-04-18T22:00:00Z,417.798405328,417.867152713,417.620610366,417.778650332,138100
2024-04-18T23:00:00Z,417.808282826,418.11448526,417.620610366,417.689654076,65026
2024-04-19T00:00:00Z,417.660120357,417.669997855,416.603228084,416.850165531,94101
2024-04-19T09:00:00Z,415.556213309,416.316780646,414.538831027,415.042583419,161535
2024-04-19T10:00:00Z,415.111725904,416.306903148,415.091970909,415.615478296,149268
2024-04-19T11:00:00Z,415.684620781,416.356290637,415.121603402,415.803150756,101790
2024-04-19T12:00:00Z,415.901925735,417.372685169,415.595723301,417.285763188,507836
2024-04-19T13:00:00Z,417.304530434,418.410810196,416.781023046,417.620610366,773204
2024-04-19T13:30:00Z,417.561345379,417.719385345,416.415555625,416.998327999,607962
2024-04-19T14:30:00Z,417.047715489,417.571222877,413.393041273,414.241222016,13516653
2024-04-19T15:30:00Z,414.222751095,415.31915336,412.909043877,413.225123809,10114569
2024-04-19T16:30:00Z,413.205368814,413.669611214,410.212486956,410.251996947,9179795
2024-04-19T17:30:00Z,410.271751943,412.810268898,410.143344471,411.49656168,7980796
2024-04-19T18:30:00Z,411.486684182,413.393041273,410.291506939,410.291506939,6522598
2024-04-19T19:30:00Z,410.291506939,410.795259331,408.197477388,409.590204589,11039864
2024-04-19T20:00:00Z,409.590204589,409.906284522,408.009804929,409.570449594,12807090
2024-04-19T21:00:00Z,409.600082087,409.718612062,409.037064708,409.521062104,2394781
2024-04-19T22:00:00Z,409.530939602,409.570449594,409.125962189,409.313634649,92464
2024-04-19T23:00:00Z,409.323512147,409.363022138,408.987677219,408.990344143,46229
2024-04-20T00:00:00Z,408.987677219,409.02718721,408.730862274,408.780249763,65077
2024-04-22T09:00:00Z,411.466929187,411.802764115,410.933544301,411.585459161,78773
2024-04-22T10:00:00Z,411.575581663,412.464556473,411.555826668,412.336149,54382
2024-04-22T11:00:00Z,412.405291485,412.830023894,411.901539093,411.990436574,73143
2024-04-22T12:00:00Z,411.990436574,412.464556473,411.457051689,411.990436574,374728
2024-04-22T13:00:00Z,411.980559076,412.583086447,411.229869238,412.375658992,576205
2024-04-22T13:30:00Z,412.424058731,412.583086447,412.128721545,412.47443397,267984
2024-04-22T14:30:00Z,412.19786403,413.205368814,409.659347075,409.91616202,11867455
2024-04-22T15:30:00Z,409.911223271,410.953299297,408.869147244,410.232241952,6686217
2024-04-22T16:30:00Z,410.251996947,412.375560217,410.143344471,411.481745433,5655514
2024-04-22T17:30:00Z,411.486684182,413.532215218,410.928704327,413.532215218,3786483
2024-04-22T18:30:00Z,413.511571248,415.78339576,413.472061256,415.556213309,5424407
2024-04-22T19:30:00Z,415.571029556,416.020455709,414.312932651,414.636321931,5242358
2024-04-22T20:00:00Z,414.61785101,414.73628221,413.106593835,413.68936621,5593606
2024-04-22T21:00:00Z,413.699243708,413.807896184,413.076961341,413.541203741,1949683
2024-04-22T22:00:00Z,413.531326244,414.035078635,413.521448746,413.857283674,156766
2024-04-22T23:00:00Z,413.82765118,414.183241104,413.225123809,413.373286278,107360
2024-04-23T00:00:00Z,413.452306261,413.50169375,412.257129017,412.978186362,83607
2024-04-23T09:00:00Z,414.123976116,414.914175947,413.393041273,414.519076032,90549
2024-04-23T10:00:00Z,414.47956604,415.032705921,414.232628593,414.370913563,35154
2024-04-23T11:00:00Z,414.34128107,415.338908356,414.272138585,415.141358398,88523
2024-04-23T12:00:00Z,415.240133377,415.654988288,414.627728508,414.756135981,209087
2024-04-23T13:00:00Z,414.80552347,415.595723301,414.01532364,415.447560832,441852
2024-04-23T13:30:00Z,415.447560832,415.822905752,415.250010875,415.753763267,201165
2024-04-23T14:30:00Z,415.615478296,419.013337567,415.26976587,418.90468509,10655063
2024-04-23T15:30:00Z,418.90468509,419.872679883,418.321912715,419.408536257,7519615
2024-04-23T16:30:00Z,419.413376231,420.07022984,418.756522622,419.862802385,3955153
2024-04-23T17:30:00Z,419.862802385,420.060352342,419.052847559,419.704762419,3289451
2024-04-23T18:30:00Z,419.704762419,420.939449654,419.447947474,420.870307168,3170056
2024-04-23T19:30:00Z,420.890062164,421.057979628,419.981332359,420.317167287,4589417
2024-04-23T20:00:00Z,420.317167287,420.58385973,419.566477448,419.862802385,5965564
2024-04-23T21:00:00Z,419.941822368,421.285162079,419.566477448,421.087612122,3354624
2024-04-23T22:00:00Z,421.117244615,422.302544361,421.038224632,422.017973647,350677
2024-04-23T23:00:00Z,422.016096923,422.164259391,421.334549569,421.602229761,303099
2024-04-24T00:00:00Z,421.640752003,422.490216821,421.502467033,422.154381893,169384
2024-04-24T09:00:00Z,422.816174251,422.885316736,421.976586931,422.114871901,100597
2024-04-24T10:00:00Z,422.154381893,422.40131934,421.482712037,421.788914471,69943
2024-04-24T11:00:00Z,421.739526982,422.470461825,421.709894488,422.095116906,139958
2024-04-24T12:00:00Z,422.114871901,422.895194234,422.035851918,422.875439238,367827
2024-04-24T13:00:00Z,422.875439238,423.477966609,422.134626897,422.312421859,720375
2024-04-24T13:30:00Z,422.302544361,423.003846711,421.927199442,422.905071732,264902
2024-04-24T14:30:00Z,422.954459221,424.465716397,422.470461825,422.826051749,11785349
2024-04-24T15:30:00Z,422.845806744,423.181641672,420.638185968,421.186387101,6779667
2024-04-24T16:30:00Z,421.206142096,421.749305705,419.349172495,419.981332359,5541921
2024-04-24T17:30:00Z,419.981332359,421.196264598,419.003460069,421.077734624,4506763
2024-04-24T18:30:00Z,421.087612122,422.322299357,420.603614726,420.712267202,4904436
2024-04-24T19:30:00Z,420.702389704,421.805409893,419.961577363,421.462957041,4644355
2024-04-24T20:00:00Z,421.482712037,421.877811952,421.196264598,421.285162079,4449220
2024-04-24T21:00:00Z,421.23577459,421.581487016,416.790900544,417.541590383,4352746
2024-04-24T22:00:00Z,417.531712885,417.551467881,415.329030858,415.743885769,773108
2024-04-24T23:00:00Z,415.773518262,417.047715489,415.743885769,416.613105582,544293
2024-04-25T00:00:00Z,416.692125565,416.94894051,416.15874068,416.524208101,194858
2024-04-25T09:00:00Z,416.464943114,417.818160324,416.464943114,417.521835387,141962
2024-04-25T10:00:00Z,417.531712885,418.203382741,417.531712885,418.005832783,63980
2024-04-25T11:00:00Z,417.97620029,418.055220273,417.027960493,417.27489794,89124
2024-04-25T12:00:00Z,417.255142944,417.669997855,416.731635557,417.640365362,254275
2024-04-25T13:00:00Z,417.511957889,417.946567796,414.47956604,414.756135981,1178519
2024-04-25T13:30:00Z,414.775890976,415.022828423,413.610346227,413.906671163,758262
2024-04-25T14:30:00Z,414.104221121,416.366168135,413.017696354,416.005639463,13257478
2024-04-25T15:30:00Z,416.010578211,416.129108186,413.847406176,415.398173343,7523811
2024-04-25T16:30:00Z,415.398173343,416.771145548,414.262261087,416.653208224,6193583
2024-04-25T17:30:00Z,416.682248067,418.074975268,416.29702565,417.502080391,5466428
2024-04-25T18:30:00Z,417.492202893,419.60598744,417.373969244,417.916935302,5133150
2024-04-25T19:30:00Z,417.887302809,420.109739832,417.452692902,419.951699866,4560246
2024-04-25T20:00:00Z,419.956638615,419.981332359,418.420687694,419.250397516,6331993
2024-04-25T21:00:00Z,419.23064252,425.433711189,418.687380137,425.05836627,5354298
2024-04-25T22:00:00Z,425.087998763,425.087998763,423.952086507,424.781796329,448398
2024-04-25T23:00:00Z,424.831183818,425.236161231,423.744659052,424.248411443,518081
2024-04-26T00:00:00Z,424.248411443,424.248411443,423.547109094,423.813801537,119079
2024-04-26T09:00:00Z,423.853311528,424.129881469,423.181641672,423.270539153,133228
2024-04-26T10:00:00Z,423.211274166,423.339681638,422.756909264,423.092744191,108150
2024-04-26T11:00:00Z,423.152009179,423.537231596,422.91494923,423.063111698,41430
2024-04-26T12:00:00Z,423.112499187,423.942209009,423.112499187,423.497721605,138936
2024-04-26T13:00:00Z,423.527354098,425.226283734,422.371686846,423.112499187,1018488
2024-04-26T13:30:00Z,423.161886677,423.645884073,421.976586931,422.381564344,462124
2024-04-26T14:30:00Z,422.381564344,425.818933606,421.690139492,424.722531342,13948542
2024-04-26T15:30:00Z,424.742286337,426.875825879,424.376818916,425.700403632,5708454
2024-04-26T16:30:00Z,425.720158628,426.63876593,425.404078695,425.947341079,3039539
2024-04-26T17:30:00Z,425.967096075,427.172150816,425.680648636,426.984478356,2726757
2024-04-26T18:30:00Z,426.994355854,427.251170799,425.8485661,426.028336561,2857994
2024-04-26T19:30:00Z,426.03623856,426.949907114,425.690526134,426.925213369,3701629
2024-04-26T20:00:00Z,426.915335871,426.944968365,425.700403632,425.720158628,6720848
2024-04-26T21:00:00Z,425.779423615,425.967096075,425.571996159,425.739913623,1130936
2024-04-26T22:00:00Z,425.730036125,425.907831087,425.641138644,425.720158628,59681
2024-04-26T23:00:00Z,425.670771138,425.779423615,425.611506151,425.739913623,59901
2024-04-27T00:00:00Z,425.670771138,425.858443598,425.670771138,425.838688602,18517
2024-04-29T09:00:00Z,427.448720757,427.636393216,427.053620841,427.191905812,60316
2024-04-29T10:00:00Z,427.191905812,427.379578271,426.530113454,426.619010935,45255
2024-04-29T11:00:00Z,426.63876593,427.488230748,426.63876593,427.241293301,43823
2024-04-29T12:00:00Z,427.251170799,427.764800689,426.915335871,427.635405466,125303
2024-04-29T13:00:00Z,427.626515718,427.952473148,427.419088263,427.824065676,251283
2024-04-29T13:30:00Z,427.833943174,427.912963157,427.399333267,427.893208161,269321
2024-04-29T14:30:00Z,427.824065676,428.446348042,425.621383649,427.169286341,7603913
2024-04-29T15:30:00Z,427.15239582,427.685780706,426.342440994,426.757295905,3568753
2024-04-29T16:30:00Z,426.767173403,427.478254475,425.977368672,427.478254475,2470894
2024-04-29T17:30:00Z,427.468475752,427.893208161,426.68815342,427.873453165,2477658
2024-04-29T18:30:00Z,427.873453165,428.036728205,426.895580875,426.999590928,2668170
2024-04-29T19:30:00Z,426.96472336,427.103008331,424.712653844,426.051054806,5068970
2024-04-29T20:00:00Z,426.055993555,427.557373233,425.947341079,427.448720757,3916216
2024-04-29T21:00:00Z,427.438843259,428.021615634,427.438843259,427.606760723,1361419
2024-04-29T22:00:00Z,427.61663822,427.764800689,427.567250731,427.61663822,31899
2024-04-29T23:00:00Z,427.685780706,427.695658204,427.448720757,427.507985744,31201
2024-04-30T00:00:00Z,427.547495735,427.596883225,427.448720757,427.517863242,27791
2024-04-30T09:00:00Z,427.448720757,427.488230748,426.707908416,426.707908416,47924
2024-04-30T10:00:00Z,426.609133437,427.023988348,426.50048096,426.63876593,18029
2024-04-30T11:00:00Z,426.767173403,427.251170799,426.668398424,427.211660807,33143
2024-04-30T12:00:00Z,427.162273318,427.261048297,426.707908416,426.786928399,128142
2024-04-30T13:00:00Z,426.796805896,427.043743343,424.801551325,425.621383649,520457
2024-04-30T13:30:00Z,425.66089364,425.98685107,425.315181214,425.670771138,167363
2024-04-30T14:30:00Z,425.868321096,427.261048297,425.591751155,425.601628653,5071638
2024-04-30T15:30:00Z,425.591751155,426.875825879,423.873066524,424.327431426,4775702
2024-04-30T16:30:00Z,424.337308924,424.435590028,423.398946626,424.189146456,3625516
2024-04-30T17:30:00Z,424.189146456,424.189146456,422.065484412,422.574175553,4387003
2024-04-30T18:30:00Z,422.559359306,423.715026558,422.342054353,422.361908123,2999706
2024-04-30T19:30:00Z,422.391441842,423.142131681,421.680261995,422.411196838,5221001
2024-04-30T20:00:00Z,422.430951833,422.806296753,419.309662503,419.388682486,12762379
2024-04-30T21:00:00Z,419.329417499,420.939449654,417.304530434,418.035465277,3286371
2024-04-30T22:00:00Z,418.055220273,418.11448526,416.94894051,417.067470485,293202
2024-04-30T23:00:00Z,416.958818008,417.897081532,416.820533038,417.73914034,240030
2024-05-01T00:00:00Z,417.73914034,418.084852766,417.423060408,417.986077787,83818
2024-05-01T09:00:00Z,417.156367966,417.60085537,416.978573004,417.294652936,34989
2024-05-01T10:00:00Z,417.284775438,417.294652936,415.931558228,416.366168135,60588
2024-05-01T11:00:00Z,416.376045633,416.94894051,415.842660748,416.94894051,54839
2024-05-01T12:00:00Z,416.958818008,417.265020442,416.48469811,416.642738076,147391
2024-05-01T13:00:00Z,416.613105582,418.233015234,416.563718093,417.857670315,397045
2024-05-01T13:30:00Z,417.847792817,418.351347659,417.679875353,417.689752851,187433
2024-05-01T14:30:00Z,417.966322792,418.331790213,416.138985684,417.156367966,7903990
2024-05-01T15:30:00Z,417.166245463,418.065097771,415.813028254,416.771145548,3820680
2024-05-01T16:30:00Z,416.771145548,417.491807794,415.50682582,417.018082995,3767284
2024-05-01T17:30:00Z,417.028158043,417.04277674,415.842660748,416.680173793,2838099
2024-05-01T18:30:00Z,416.711880561,419.487457465,416.524208101,419.349172495,5907029
2024-05-01T19:30:00Z,419.349172495,424.87069381,417.097201753,423.110622463,13269251
2024-05-01T20:00:00Z,423.102621689,423.112499187,416.138985684,416.356290637,10661842
2024-05-01T21:00:00Z,416.29702565,417.571222877,416.287148152,417.32428543,2334469
2024-05-01T22:00:00Z,417.353917923,417.9268128,417.205755455,417.916935302,272809
2024-05-01T23:00:00Z,417.916935302,418.262647728,417.620610366,417.97620029,375761
2024-05-02T00:00:00Z,417.946567796,418.707135133,417.847792817,418.667625141,350036
2024-05-02T09:00:00Z,419.843047389,420.465329755,419.398559984,419.586232444,71486
2024-05-02T10:00:00Z,419.645497431,420.218392308,419.635619933,420.218392308,22752
2024-05-02T11:00:00Z,420.287534794,420.603614726,419.951699866,420.455452257,65611
2024-05-02T12:00:00Z,420.386309772,420.820919679,419.754149908,419.862802385,174184
2024-05-02T13:00:00Z,419.892434878,420.939449654,419.517089959,419.93194487,466732
2024-05-02T13:30:00Z,419.941822368,420.178882317,419.546722453,420.178882317,207435
2024-05-02T14:30:00Z,420.089984836,420.544349738,415.477193326,418.11448526,10058180
2024-05-02T15:30:00Z,418.094730264,419.635619933,416.830410536,418.637992648,4613212
2024-05-02T16:30:00Z,418.647870145,419.843047389,417.897180307,419.102235048,2975010
2024-05-02T17:30:00Z,419.072602554,420.702389704,417.997535685,420.623369721,2793030
2024-05-02T18:30:00Z,420.643124717,421.37405956,419.951699866,421.186387101,2656794
2024-05-02T19:30:00Z,421.225897092,422.569236804,421.136999611,422.193891884,4222124
2024-05-02T20:00:00Z,422.164259391,422.312421859,420.830797177,421.670384497,5604520
2024-05-02T21:00:00Z,421.690139492,424.179268958,421.413569552,423.912576515,2065517
2024-05-02T22:00:00Z,423.912576515,424.436083903,423.468089111,423.84343403,278392
2024-05-02T23:00:00Z,423.84343403,425.315181214,423.468089111,424.011351494,300836
2024-05-03T00:00:00Z,424.03110649,424.258288941,423.873066524,424.189146456,41694
2024-05-03T09:00:00Z,424.060738984,424.623756363,423.981719001,424.445961401,44733
2024-05-03T10:00:00Z,424.445961401,424.445961401,424.050861486,424.317553929,14630
2024-05-03T11:00:00Z,424.465716397,424.850938814,424.258288941,424.258288941,59796
2024-05-03T12:00:00Z,424.238533946,424.712653844,423.991596499,424.110126473,75839
2024-05-03T13:00:00Z,424.139758967,429.216792877,424.090371477,428.288308076,917030
2024-05-03T13:30:00Z,428.308063072,429.305690358,428.120390612,429.197037881,335186
2024-05-03T14:30:00Z,429.118017898,431.133027466,427.320313284,428.722917983,14280360
2024-05-03T15:30:00Z,428.752550477,429.829197746,427.587005727,428.801937966,6046141
2024-05-03T16:30:00Z,428.806876715,430.204542665,428.806876715,429.779810256,5601193
2024-05-03T17:30:00Z,429.762919735,430.253930154,429.187160383,429.80944275,3359920
2024-05-03T18:30:00Z,429.829197746,430.688540061,429.315567856,430.471235108,2992672
2024-05-03T19:30:00Z,430.46135761,430.728050053,430.056380197,430.486051355,6150336
2024-05-03T20:00:00Z,430.481112606,430.500867601,429.819320248,430.145277678,6464727
2024-05-03T21:00:00Z,430.13540018,430.747805048,430.105767686,430.688540061,2076304
2024-05-03T22:00:00Z,430.678662563,430.757682546,430.540377593,430.757682546,55294
2024-05-03T23:00:00Z,430.757682546,430.935477508,430.707998732,430.78731504,17795
2024-05-04T00:00:00Z,430.718172555,430.856457525,430.698417559,430.807070036,23298
2024-05-06T09:00:00Z,430.194665167,431.044129985,430.194665167,430.886090019,41559
2024-05-06T10:00:00Z,430.816947534,431.241679942,430.807070036,431.212047449,20235
2024-05-06T11:00:00Z,431.291067432,431.57751487,431.202169951,431.547882377,54718
2024-05-06T12:00:00Z,431.389842411,431.399719909,431.11327247,431.192292453,62644
2024-05-06T13:00:00Z,431.192292453,431.883717305,431.103394972,431.57751487,173469
2024-05-06T13:30:00Z,431.547882377,431.992369781,431.478739892,431.95285979,82865
2024-05-06T14:30:00Z,431.942982292,432.950487076,431.172537457,432.41710219,6237556
2024-05-06T15:30:00Z,432.426979688,432.822079603,432.051634769,432.505999671,3227213
2024-05-06T16:30:00Z,432.515877169,433.128282038,431.814574819,432.328204709,3236993
2024-05-06T17:30:00Z,432.328204709,433.167792029,432.249184726,432.881344591,3129558
2024-05-06T18:30:00Z,432.861589595,433.898726872,432.747998369,433.696238166,3545247
2024-05-06T19:30:00Z,433.696238166,433.839461885,433.286322004,433.533259451,3535003
2024-05-06T20:00:00Z,433.533259451,434.945741647,433.315954497,434.856844167,5439282
2024-05-06T21:00:00Z,434.896354158,434.975374141,434.471621749,434.60990672,1299726
2024-05-06T22:00:00Z,434.629661715,434.718559196,434.540764234,434.56051923,70722
2024-05-06T23:00:00Z,434.540764234,434.776836434,434.432111758,434.776836434,31055
2024-05-07T00:00:00Z,434.787701681,434.88647666,434.511131741,434.580274226,75521
2024-05-07T09:00:00Z,434.214806804,434.906231656,433.948114362,434.906231656,53345
2024-05-07T10:00:00Z,434.88647666,434.995129137,434.204929306,434.441989256,27559
2024-05-07T11:00:00Z,434.412356762,434.511131741,434.224684302,434.511131741,15065
2024-05-07T12:00:00Z,434.570396728,434.629661715,433.878971876,434.165419315,170388
2024-05-07T13:00:00Z,434.195051809,434.88647666,434.09627683,434.817334175,143836
2024-05-07T13:30:00Z,434.837089171,435.340841563,434.758069188,435.281576575,188461
2024-05-07T14:30:00Z,435.301331571,435.885486796,434.590151724,434.758069188,6527427
2024-05-07T15:30:00Z,434.738314192,436.506386312,434.659294209,436.101408899,4602123
2024-05-07T16:30:00Z,436.101408899,436.526141308,435.834716457,436.348346346,2238960
2024-05-07T17:30:00Z,436.348346346,436.44702255,435.696431486,436.328492576,5567869
2024-05-07T18:30:00Z,436.318713853,436.555773802,434.441989256,434.674110456,3825197
2024-05-07T19:30:00Z,434.669171707,435.187740345,434.195051809,434.995129137,2947683
2024-05-07T20:00:00Z,434.995129137,435.489004031,434.6988042,434.925986652,3892426
2024-05-07T21:00:00Z,434.906231656,435.360596558,434.856844167,434.925986652,1374739
2024-05-07T22:00:00Z,434.906231656,434.906231656,434.669171707,434.767946686,34150
2024-05-07T23:00:00Z,434.827211673,435.054394124,434.590151724,435.044516626,54281
2024-05-08T00:00:00Z,435.103781614,435.182801597,434.955619145,435.07414912,33544
2024-05-08T09:00:00Z,435.103781614,435.429739044,434.906231656,434.906231656,13621
2024-05-08T10:00:00Z,434.827211673,435.163046601,434.827211673,434.93586415,8742
2024-05-08T11:00:00Z,434.797579179,435.064271622,434.649416711,434.649416711,15916
2024-05-08T12:00:00Z,434.639539213,434.639539213,433.829584387,433.957991859,127162
2024-05-08T13:00:00Z,433.948114362,433.948114362,432.071389764,432.486244675,365523
2024-05-08T13:30:00Z,432.535632165,432.575142156,432.268939722,432.367714701,110031
2024-05-08T14:30:00Z,432.308449713,435.33066774,432.189919739,435.163046601,5536942
2024-05-08T15:30:00Z,435.16798535,436.071776406,434.392601766,434.74819169,3202696
2024-05-08T16:30:00Z,434.767946686,434.906231656,434.224684302,434.570396728,2356818
2024-05-08T17:30:00Z,434.580274226,434.679049205,433.632034429,433.778221398,3056079
2024-05-08T18:30:00Z,433.750564404,434.906231656,433.671544421,434.756982663,2709328
2024-05-08T19:30:00Z,434.758069188,434.925986652,434.007379349,434.683987954,2041768
2024-05-08T20:00:00Z,434.679049205,435.084026618,434.610894469,434.669171707,3599279
2024-05-08T21:00:00Z,434.679049205,434.708681698,433.977746855,434.136774571,1672097
2024-05-08T22:00:00Z,434.135786821,434.185075536,433.977746855,434.017256847,33869
2024-05-08T23:00:00Z,434.09627683,434.491376745,434.037011842,434.254316796,41762
2024-05-09T00:00:00Z,434.264194294,434.353091775,434.125909323,434.165419315,20092
2024-05-09T09:00:00Z,433.533259451,433.869094379,433.414729476,433.473994463,21191
2024-05-09T10:00:00Z,433.562891944,433.562891944,433.029507059,433.533259451,7357
2024-05-09T11:00:00Z,433.632034429,434.165419315,433.632034429,433.711054412,28051
2024-05-09T12:00:00Z,433.7703194,434.42223426,433.543136948,434.264194294,52185
2024-05-09T13:00:00Z,434.264194294,435.251944082,433.888849374,435.103781614,256647
2024-05-09T13:30:00Z,434.975374141,435.498881529,434.807456677,434.925986652,190331
2024-05-09T14:30:00Z,434.93586415,435.360596558,433.088772046,434.125909323,5838525
2024-05-09T15:30:00Z,434.125909323,436.012511418,434.116031826,435.973001427,3712600
2024-05-09T16:30:00Z,435.982878925,436.14585764,434.570396728,435.185666071,2291909
2024-05-09T17:30:00Z,435.202556592,436.042143912,434.832150422,435.765573971,3211129
2024-05-09T18:30:00Z,435.775451469,435.834716457,435.045010501,435.656921495,2188528
2024-05-09T19:30:00Z,435.666798993,436.19030638,435.40010655,435.469249035,2557789
2024-05-09T20:00:00Z,435.459371537,435.755696474,435.177862848,435.617411503,3456402
2024-05-09T21:00:00Z,435.627289001,436.200183878,435.518636524,435.745818976,646573
2024-05-09T22:00:00Z,435.745818976,435.745818976,435.676676491,435.716186482,39218
2024-05-09T23:00:00Z,435.745818976,436.139931141,435.745818976,436.070788656,35725
2024-05-10T00:00:00Z,436.042143912,436.259448865,435.982878925,436.042143912,45964
2024-05-10T09:00:00Z,436.407611334,437.345973632,436.121163895,437.336096134,23915
2024-05-10T10:00:00Z,437.4941361,437.810216033,437.434871113,437.73119605,23631
2024-05-10T11:00:00Z,437.583033581,437.701563556,437.415116117,437.415116117,30428
2024-05-10T12:00:00Z,437.464503607,437.73119605,437.237321156,437.395361122,74595
2024-05-10T13:00:00Z,437.375606126,437.73119605,436.536216356,436.624916287,222143
2024-05-10T13:30:00Z,436.595283793,437.187933666,436.506386312,437.138546177,118229
2024-05-10T14:30:00Z,437.118791181,438.867108306,435.963123929,436.106347648,7070446
2024-05-10T15:30:00Z,436.140918891,436.728630015,435.102793864,436.269326363,4684375
2024-05-10T16:30:00Z,436.274265112,436.407512559,435.21243409,436.200183878,2825542
2024-05-10T17:30:00Z,436.181120307,436.615038789,435.834716457,435.972902652,1821426
2024-05-10T18:30:00Z,435.963123929,436.84222124,435.53839152,436.5656513,2081264
2024-05-10T19:30:00Z,436.555773802,436.921241223,436.032266414,436.792833751,2532946
2024-05-10T20:00:00Z,436.802711249,437.020016202,436.417488832,436.644671283,4414809
2024-05-10T21:00:00Z,436.624916287,436.634793785,436.279203861,436.348346346,1097655
2024-05-10T22:00:00Z,436.338468849,436.387856338,436.071776406,436.150796389,42059
2024-05-10T23:00:00Z,436.091531402,436.160673887,435.992756423,436.042143912,10832
2024-05-11T00:00:00Z,436.091531402,436.091531402,435.735941478,435.844593955,42298
2024-05-13T09:00:00Z,437.296586143,437.691686058,437.16817867,437.326218637,33068
2024-05-13T10:00:00Z,437.266953649,437.849726024,437.266953649,437.513891096,20157
2024-05-13T11:00:00Z,437.504013598,437.829971028,437.4941361,437.829971028,25432
2024-05-13T12:00:00Z,437.889236016,438.265568685,437.741073547,438.225070944,47836
2024-05-13T13:00:00Z,438.205315948,438.472008391,437.750951045,438.432498399,152550
2024-05-13T13:30:00Z,438.412743403,438.65968085,437.889236016,438.590538365,103349
2024-05-13T14:30:00Z,438.551028374,438.649803352,436.664426279,437.908991011,4732780
2024-05-13T15:30:00Z,437.879358518,437.978133497,437.178056168,437.306463641,4610228
2024-05-13T16:30:00Z,437.276831147,437.928844782,436.822466245,437.834909777,2631858
2024-05-13T17:30:00Z,437.839848526,438.00776599,436.23969387,437.612666075,2605414
2024-05-13T18:30:00Z,437.632421071,437.652176067,437.015077453,437.381137525,1898725
2024-05-13T19:30:00Z,437.365728628,437.696624807,437.138546177,437.499074849,2042725
2024-05-13T20:00:00Z,437.513891096,437.80023976,437.410177368,437.652176067,2815316
2024-05-13T21:00:00Z,437.671931062,437.800338535,437.375606126,437.434871113,1234443
2024-05-13T22:00:00Z,437.444748611,437.573156084,437.424993615,437.553401088,17443
2024-05-13T23:00:00Z,437.454626109,437.533646092,437.237321156,437.395361122,28593
2024-05-14T00:00:00Z,437.335799809,437.4941361,437.306463641,437.424993615,48063
2024-05-14T09:00:00Z,437.583033581,437.997888492,437.583033581,437.997888492,17012
2024-05-14T10:00:00Z,437.938623505,437.997888492,437.592911079,437.86948102,12418
2024-05-14T11:00:00Z,437.86948102,437.928746007,437.612666075,437.879358518,17517
2024-05-14T12:00:00Z,437.86948102,437.918868509,437.395361122,437.513891096,48728
2024-05-14T13:00:00Z,437.503914823,437.948501003,434.669171707,436.970628713,599657
2024-05-14T13:30:00Z,436.980506211,437.603776327,436.684181274,437.286708645,199454
2024-05-14T14:30:00Z,437.227443658,439.519023166,437.039771198,439.365921949,8382763
2024-05-14T15:30:00Z,439.370860698,439.489390672,437.454626109,439.242453225,4424795
2024-05-14T16:30:00Z,439.247391974,439.252330723,437.968255999,438.146050961,2591043
2024-05-14T17:30:00Z,438.136173463,438.422620901,437.810216033,438.38311091,2081440
2024-05-14T18:30:00Z,438.392988408,439.884490587,438.338662169,439.686841855,3338180
2024-05-14T19:30:00Z,439.68694063,440.951260358,439.489390672,440.669751669,5234317
2024-05-14T20:00:00Z,440.66481292,440.995709099,440.457385464,440.467262962,5793659
2024-05-14T21:00:00Z,440.496895456,440.645057924,440.289468001,440.467262962,1750145
2024-05-14T22:00:00Z,440.467262962,440.487017958,440.15118303,440.33786774,40648
2024-05-14T23:00:00Z,440.33885549,440.85248538,440.328977992,440.821865136,41597
2024-05-15T00:00:00Z,440.832730384,440.832730384,440.595670435,440.66481292,36969
2024-05-15T09:00:00Z,440.388242979,440.704322911,440.299345498,440.704322911,24319
2024-05-15T10:00:00Z,440.714200409,440.793220392,440.536405448,440.645057924,12745
2024-05-15T11:00:00Z,440.635180426,440.654935422,440.398120477,440.398120477,35772
2024-05-15T12:00:00Z,440.457385464,440.714200409,440.437630469,440.575915439,57404
2024-05-15T13:00:00Z,440.556160443,443.845367237,440.161060528,442.907004939,1346438
2024-05-15T13:30:00Z,442.94651493,443.084799901,442.561292513,443.035412411,198798
2024-05-15T14:30:00Z,442.936637432,443.707082267,441.425380257,443.41569608,8157344
2024-05-15T15:30:00Z,443.450267322,445.267726932,443.341614845,444.961524498,5230558
2024-05-15T16:30:00Z,444.971401996,445.366501911,444.541730838,445.346746915,3366900
2024-05-15T17:30:00Z,445.356624413,446.374006695,445.267726932,446.374006695,4859176
2024-05-15T18:30:00Z,446.383884192,447.490163955,446.225844226,447.085186542,4786360
2024-05-15T19:30:00Z,447.09506404,447.598816432,446.759229112,447.312368993,4733184
2024-05-15T20:00:00Z,447.302491495,447.480286457,446.90739158,447.351878985,6820666
2024-05-15T21:00:00Z,447.292613997,447.332123989,446.660454133,447.283625474,1551762
2024-05-15T22:00:00Z,447.2827365,447.302491495,447.134574031,447.253104006,33133
2024-05-15T23:00:00Z,447.272859002,447.717346406,447.124696533,447.450653964,122741
2024-05-16T00:00:00Z,447.490163955,448.053181334,447.490163955,447.905117641,127508
2024-05-16T09:00:00Z,448.339628773,448.339628773,447.944528858,448.181588807,70156
2024-05-16T10:00:00Z,448.201343802,448.339628773,448.102568824,448.191466305,20023
2024-05-16T11:00:00Z,448.26060879,448.280363785,448.023548841,448.191466305,42671
2024-05-16T12:00:00Z,448.112446321,448.329751275,447.974161351,448.082813828,100263
2024-05-16T13:00:00Z,448.043303836,448.438403752,447.361756483,447.529673947,208967
2024-05-16T13:30:00Z,447.539551444,447.55930644,447.09506404,447.104941538,120176
2024-05-16T14:30:00Z,447.164206525,448.201343802,446.986411563,448.043303836,6905855
2024-05-16T15:30:00Z,448.058120083,449.119951105,447.905018866,448.764361182,3734285
2024-05-16T16:30:00Z,448.764361182,449.001421131,447.93465136,448.270486288,3230036
2024-05-16T17:30:00Z,448.26060879,448.655708705,447.006166559,447.430898968,2992878
2024-05-16T18:30:00Z,447.42102147,447.984038849,446.729596618,447.080247793,3703084
2024-05-16T19:30:00Z,447.075309044,447.717346406,447.060492797,447.37163398,5752990
2024-05-16T20:00:00Z,447.37163398,447.411143972,446.275231716,446.44314918,6761149
2024-05-16T21:00:00Z,446.433271682,446.541924159,446.048049265,446.11719175,1030250
2024-05-16T22:00:00Z,446.107314252,446.354251699,446.097436754,446.314741707,77022
2024-05-16T23:00:00Z,446.314741707,446.522169163,446.245599222,446.453026678,73628
2024-05-17T00:00:00Z,446.433271682,446.561679154,446.334496703,446.44314918,24834
2024-05-17T09:00:00Z,446.462904176,446.462904176,445.771479324,446.146824243,39331
2024-05-17T10:00:00Z,446.206089231,446.680209129,446.206089231,446.680209129,16748
2024-05-17T11:00:00Z,446.71971912,446.877759086,446.472781673,446.877759086,36951
2024-05-17T12:00:00Z,446.90739158,447.124696533,446.650576635,446.937024074,60231
2024-05-17T13:00:00Z,446.948679521,447.37163398,446.848126593,447.332123989,155261
2024-05-17T13:30:00Z,447.342001487,447.342001487,446.512291665,446.58143415,262458
2024-05-17T14:30:00Z,446.571556652,446.937024074,445.820866813,446.882697835,6455526
2024-05-17T15:30:00Z,446.887636584,447.174084023,446.013478022,446.650576635,5770706
2024-05-17T16:30:00Z,446.640699137,446.778984108,445.860376805,446.314741707,3074656
2024-05-17T17:30:00Z,446.304864209,446.411541187,445.534419375,445.880131801,3069371
2024-05-17T18:30:00Z,445.890009298,446.048049265,444.032940922,444.650383315,3579288
2024-05-17T19:30:00Z,444.635567068,446.304864209,444.605934574,446.048543139,5393474
2024-05-17T20:00:00Z,446.057926762,446.304864209,445.736908081,446.225844226,6758280
2024-05-17T21:00:00Z,446.225844226,446.225844226,445.820866813,446.146824243,1094607
2024-05-17T22:00:00Z,446.127069248,446.127069248,445.860376805,446.11719175,29992
2024-05-17T23:00:00Z,446.107314252,446.265354218,446.06780426,446.107314252,17823
2024-05-18T00:00:00Z,446.107314252,446.11719175,446.018416771,446.018416771,12819
2024-05-20T09:00:00Z,446.858004091,447.085186542,446.729596618,446.848126593,35829
2024-05-20T10:00:00Z,446.848126593,447.065431546,446.699964125,447.055554048,12666
2024-05-20T11:00:00Z,447.144451529,447.253104006,446.966656567,447.253104006,52359
2024-05-20T12:00:00Z,447.23334901,447.519796449,447.065431546,447.351878985,47334
2024-05-20T13:00:00Z,447.322246491,447.440776466,446.453026678,446.522169163,184305
2024-05-20T13:30:00Z,446.571556652,446.690086627,446.324619205,446.433271682,99323
2024-05-20T14:30:00Z,446.44314918,449.139706101,446.250537971,449.031053624,6233945
2024-05-20T15:30:00Z,449.031053624,449.436031037,448.458158747,449.001421131,2281037
2024-05-20T16:30:00Z,449.031053624,449.243716154,448.53717873,448.873013658,1595624
2024-05-20T17:30:00Z,448.853258662,449.999048417,448.756854283,448.823626169,2447433
2024-05-20T18:30:00Z,448.793993675,449.040239697,447.924773862,448.951638541,2345491
2024-05-20T19:30:00Z,448.942156143,449.633580995,448.784116177,449.63348222,2623781
2024-05-20T20:00:00Z,449.633580995,449.740257972,448.714973692,449.337256059,4595144
2024-05-20T21:00:00Z,449.337256059,449.51505102,448.675463701,448.833503667,1951710
2024-05-20T22:00:00Z,448.862247186,448.981666135,448.833503667,448.942156143,100120
2024-05-20T23:00:00Z,448.942156143,449.05080862,448.803871173,448.833503667,39959
2024-05-21T00:00:00Z,448.84347994,449.011298629,448.804760148,448.981666135,32871
2024-05-21T09:00:00Z,449.040931122,449.159461097,448.714973692,448.833503667,18947
2024-05-21T10:00:00Z,448.833503667,448.833503667,448.596443718,448.734728688,9481
2024-05-21T11:00:00Z,448.873013658,449.100196109,448.784116177,449.05080862,11553
2024-05-21T12:00:00Z,449.100196109,449.258236076,448.981666135,449.031053624,271799
2024-05-21T13:00:00Z,449.021176126,449.198971088,448.221098798,448.250731292,265143
2024-05-21T13:30:00Z,448.2112213,448.300118781,447.37163398,447.440776466,573227
2024-05-21T14:30:00Z,447.490163955,448.58656622,447.292613997,448.561872475,4139728
2024-05-21T15:30:00Z,448.576688722,449.347133556,448.477913743,449.110666257,3274320
2024-05-21T16:30:00Z,449.129828603,449.534806016,448.576688722,449.376667275,1837872
2024-05-21T17:30:00Z,449.357011054,449.406398544,448.635953709,449.179216093,1317236
2024-05-21T18:30:00Z,449.198971088,449.732355974,449.12004988,449.179216093,1880464
2024-05-21T19:30:00Z,449.174277344,449.850885948,449.164399846,449.584193506,3244576
2024-05-21T20:00:00Z,449.574316008,450.40402583,449.544683514,450.21635337,4825319
2024-05-21T21:00:00Z,450.206475872,450.374393336,450.02868091,450.166965881,1458305
2024-05-21T22:00:00Z,450.157088383,450.196598374,450.068190902,450.117578391,21008
2024-05-21T23:00:00Z,450.166965881,450.473168315,450.117578391,450.463290817,33406
2024-05-22T00:00:00Z,450.443535821,450.5423108,450.413903328,450.532433302,37338
2024-05-22T09:00:00Z,450.236108366,450.463290817,449.939783429,450.087945897,35376
2024-05-22T10:00:00Z,450.157088383,450.186720876,449.603948501,449.75211097,22385
2024-05-22T11:00:00Z,449.850885948,449.850885948,449.218726084,449.722478476,33447
2024-05-22T12:00:00Z,449.821253455,450.532433302,449.821253455,450.107700893,177787
2024-05-22T13:00:00Z,450.107700893,450.374393336,449.959538425,450.325005847,160641
2024-05-22T13:30:00Z,450.344760842,450.562065796,450.137333387,450.502800808,107738
2024-05-22T14:30:00Z,450.473168315,451.05594069,450.038558408,450.700350766,3958237
2024-05-22T15:30:00Z,450.710228264,451.223858154,450.334883344,451.115205677,1639819
2024-05-22T16:30:00Z,451.125083175,451.19422566,450.295373353,450.789248247,2307574
2024-05-22T17:30:00Z,450.799125745,450.907778222,450.078364725,450.720105762,1715770
2024-05-22T18:30:00Z,450.710228264,450.710228264,447.658081419,447.7469789,4492085
2024-05-22T19:30:00Z,447.697591411,448.863037385,447.529673947,448.853258662,3422848
2024-05-22T20:00:00Z,448.853258662,450.127455889,448.240853794,450.127455889,3708450
2024-05-22T21:00:00Z,450.137333387,452.784502819,447.776611394,450.690473268,2697251
2024-05-22T22:00:00Z,450.710228264,452.379525406,450.710228264,451.648590563,409261
2024-05-22T23:00:00Z,451.648590563,452.023935482,451.352265626,451.579448077,155932
2024-05-23T00:00:00Z,451.579448077,452.093077967,451.579448077,452.072335222,75995
2024-05-23T09:00:00Z,453.495682666,454.12784253,453.495682666,453.8018851,91420
2024-05-23T10:00:00Z,453.712987619,454.246372505,453.683355126,454.098210037,43417
2024-05-23T11:00:00Z,454.068577543,454.651349918,453.979680062,454.592084931,55489
2024-05-23T12:00:00Z,454.552574939,455.105714821,454.494297702,455.056327331,146941
2024-05-23T13:00:00Z,455.026694837,455.846527162,455.026694837,455.461304744,329930
2024-05-23T13:30:00Z,455.500814736,455.500814736,454.671104914,454.908164863,384649
2024-05-23T14:30:00Z,454.908164863,454.937797357,451.470795601,452.784502819,11603276
2024-05-23T15:30:00Z,452.82401281,453.308010206,450.601575787,452.82401281,5402133
2024-05-23T16:30:00Z,452.833890308,453.740940938,452.626462853,453.535192658,2717796
2024-05-23T17:30:00Z,453.52531516,453.604335143,450.947288213,451.668345558,3232511
2024-05-23T18:30:00Z,451.668345558,451.668345558,447.37163398,447.687713913,5395314
2024-05-23T19:30:00Z,447.664007918,448.151956313,446.315038032,447.006166559,4359348
2024-05-23T20:00:00Z,446.998462111,448.566811224,446.996289061,448.102568824,4439258
2024-05-23T21:00:00Z,448.063058832,448.290241283,447.707468908,447.875386372,2481985
2024-05-23T22:00:00Z,447.796366389,447.944528858,447.450653964,447.549428942,67499
2024-05-23T23:00:00Z,447.618571427,448.023548841,447.618571427,448.003793845,100462
2024-05-24T00:00:00Z,447.984038849,448.527301232,447.984038849,448.191466305,47535
2024-05-24T09:00:00Z,448.359383768,449.327378561,448.339628773,449.159461097,76417
2024-05-24T10:00:00Z,449.149583599,449.307623565,448.843381165,449.001421131,17932
2024-05-24T11:00:00Z,449.011298629,449.505173523,449.011298629,449.465663531,22009
2024-05-24T12:00:00Z,449.307623565,449.70272348,449.169338595,449.682968484,85074
2024-05-24T13:00:00Z,449.682968484,449.959538425,448.882891156,449.455786033,213944
2024-05-24T13:30:00Z,449.51505102,449.89039594,449.169338595,449.682968484,152904
2024-05-24T14:30:00Z,449.712600978,451.510305592,449.011298629,451.401653116,4728787
2024-05-24T15:30:00Z,451.439088832,453.436417679,450.927533217,452.986991525,4235330
2024-05-24T16:30:00Z,452.991930274,453.3376427,452.488079107,453.120337747,3332450
2024-05-24T17:30:00Z,453.135153993,453.228990223,452.340015414,452.863522802,3495403
2024-05-24T18:30:00Z,452.853645304,453.604335143,452.428912895,452.962297781,3637510
2024-05-24T19:30:00Z,452.962297781,452.982052776,451.451040605,452.093077967,3148063
2024-05-24T20:00:00Z,452.083200469,452.577075363,451.920221754,452.340015414,3680103
2024-05-24T21:00:00Z,452.389402904,452.537565372,452.191852946,452.320260418,2801773
2024-05-24T22:00:00Z,452.340015414,452.389402904,452.270872929,452.270872929,18326
2024-05-24T23:00:00Z,452.270774154,452.339323989,452.17209795,452.280750427,12114
2024-05-25T00:00:00Z,452.291418125,452.399280401,452.291418125,452.340015414,12330
2024-05-28T09:00:00Z,453.466050172,454.927919859,453.466050172,454.878532369,86079
2024-05-28T10:00:00Z,454.898287365,454.898287365,454.572329935,454.710614905,32090
2024-05-28T11:00:00Z,454.680982412,454.740247399,453.416662683,453.535192658,131516
2024-05-28T12:00:00Z,453.485805168,453.831517594,453.298132708,453.653722632,140483
2024-05-28T13:00:00Z,453.633967636,453.831517594,453.120337747,453.466050172,185814
2024-05-28T13:30:00Z,453.466050172,453.693232624,453.130215245,453.456172675,114986
2024-05-28T14:30:00Z,453.554947653,453.930292573,451.490550596,452.912910291,5051900
2024-05-28T15:30:00Z,452.912910291,453.742620113,452.458545389,453.648783883,3721772
2024-05-28T16:30:00Z,453.653722632,453.910537577,453.248745219,453.396907687,1991847
2024-05-28T17:30:00Z,453.406785185,454.038945049,452.636340351,453.587543396,2639745
2024-05-28T18:30:00Z,453.594457645,454.078455041,452.448667891,452.468422887,2371281
2024-05-28T19:30:00Z,452.458545389,453.14997024,451.095450681,452.510896127,4361486
2024-05-28T20:00:00Z,452.527687874,454.108087535,452.389402904,454.048822547,3928615
2024-05-28T21:00:00Z,454.038945049,454.582207433,454.029067552,454.216740011,1387332
2024-05-28T22:00:00Z,454.147597526,454.216740011,454.068577543,454.157475024,163717
2024-05-28T23:00:00Z,454.157475024,454.167352522,453.890782581,453.999435058,35565
2024-05-29T00:00:00Z,453.999435058,454.157475024,453.673477628,453.752497611,27989
2024-05-29T09:00:00Z,451.994302988,452.49805538,450.769493251,451.362143124,62178
2024-05-29T10:00:00Z,451.293000639,451.312755635,450.68059577,451.115205677,47194
2024-05-29T11:00:00Z,451.105328179,451.480673099,450.947288213,451.046063192,47989
2024-05-29T12:00:00Z,450.967043209,451.352265626,450.641085779,451.164593166,154841
2024-05-29T13:00:00Z,451.105328179,451.549815584,450.0780684,450.255863361,264885
2024-05-29T13:30:00Z,450.255863361,450.255863361,449.673090987,449.910150936,451842
2024-05-29T14:30:00Z,449.900273438,452.320260418,449.761988467,451.974547993,4833273
2024-05-29T15:30:00Z,451.98442549,452.626462853,451.283123141,451.89552801,2482910
2024-05-29T16:30:00Z,451.875773014,452.102955465,451.243613149,451.98442549,5042396
2024-05-29T17:30:00Z,451.994302988,452.567197865,451.530060588,451.964670495,2647012
2024-05-29T18:30:00Z,451.964670495,452.270872929,451.105328179,451.638713065,2045562
2024-05-29T19:30:00Z,451.609080571,452.201730444,451.065818188,451.851079269,3608021
2024-05-29T20:00:00Z,451.84614052,452.024034257,450.335871094,450.848513234,5261654
2024-05-29T21:00:00Z,450.976920707,451.026308196,449.248358578,449.445908535,2476583
2024-05-29T22:00:00Z,449.465663531,449.722478476,449.327378561,449.603948501,125530
2024-05-29T23:00:00Z,449.603948501,449.821253455,448.833503667,448.902646152,133254
2024-05-30T00:00:00Z,448.932278646,448.961911139,448.497668739,448.892768654,101656
2024-05-30T09:00:00Z,448.369261266,449.317501063,448.369261266,449.277991071,27041
2024-05-30T10:00:00Z,449.248358578,449.277991071,448.882891156,449.110073607,14019
2024-05-30T11:00:00Z,449.05080862,449.722478476,448.774238679,449.722478476,115574
2024-05-30T12:00:00Z,449.673090987,449.849898199,449.37676605,449.465663531,108134
2024-05-30T13:00:00Z,449.445908535,450.443535821,449.337256059,449.929905931,302376
2024-05-30T13:30:00Z,449.850885948,450.116788191,449.485418527,449.761988467,152074
2024-05-30T14:30:00Z,449.920028434,450.058313404,448.003793845,448.825305343,5744980
2024-05-30T15:30:00Z,448.784116177,448.932278646,446.561679154,447.7469789,3377723
2024-05-30T16:30:00Z,447.737101402,448.507546237,447.588938934,448.033426338,1984854
2024-05-30T17:30:00Z,448.053082559,448.961911139,447.93465136,448.774139904,1652695
2024-05-30T18:30:00Z,448.774238679,449.040931122,447.193839019,447.7469789,3010061
2024-05-30T19:30:00Z,447.7469789,448.092691326,446.235721724,446.798739103,3587292
2024-05-30T20:00:00Z,446.808616601,447.006166559,444.694832055,446.018416771,7384265
2024-05-30T21:00:00Z,446.057926762,446.087559256,444.842994523,445.850499307,2621822
2024-05-30T22:00:00Z,445.79123432,445.870254303,444.852872021,445.188706949,387804
2024-05-30T23:00:00Z,445.188706949,445.702336839,444.90225951,445.168951953,269969
2024-05-31T00:00:00Z,445.159074455,445.376379409,444.852872021,444.922014506,87840
2024-05-31T09:00:00Z,444.724464549,445.475154388,444.289854642,444.842994523,74003
2024-05-31T10:00:00Z,444.675077059,444.892382013,444.388629621,444.833117025,21124
2024-05-31T11:00:00Z,444.882504515,444.90225951,443.489777314,444.29973214,93333
2024-05-31T12:00:00Z,444.339242131,445.356624413,444.171324667,445.326991919,126441
2024-05-31T13:00:00Z,445.257849434,447.825998883,445.168951953,447.332123989,1084464
2024-05-31T13:30:00Z,447.312368993,447.539551444,446.156701741,446.196211733,380532
2024-05-31T14:30:00Z,446.245599222,446.937024074,441.800725176,441.914316402,7858579
2024-05-31T15:30:00Z,441.869867661,441.869867661,439.736328119,439.914123081,7950903
2024-05-31T16:30:00Z,439.914123081,440.062285549,437.627482322,438.086785973,5227408
2024-05-31T17:30:00Z,438.076908475,440.556160443,437.928746007,440.417875473,5789101
2024-05-31T18:30:00Z,440.417875473,440.635180426,439.469635676,439.489390672,3837776
2024-05-31T19:30:00Z,439.49926817,442.097050113,439.29193949,441.652562708,7061900
2024-05-31T20:00:00Z,441.622930214,446.225844226,441.440196504,445.188706949,12026840
2024-05-31T21:00:00Z,446.156701741,446.808616601,445.27760443,445.514664379,3987555
2024-05-31T22:00:00Z,445.50873788,445.92951929,445.376379409,445.820866813,537286
2024-05-31T23:00:00Z,445.860376805,445.969029282,445.771479324,445.959151784,33192
2024-06-01T00:00:00Z,445.959151784,446.11719175,445.92951929,446.087559256,19811
2024-06-03T09:00:00Z,447.332123989,448.112446321,446.917269078,447.895141368,206064
2024-06-03T10:00:00Z,447.875386372,448.033426338,447.450653964,447.845753879,64243
2024-06-03T11:00:00Z,447.924773862,448.2112213,447.658081419,447.796366389,55585
2024-06-03T12:00:00Z,447.697591411,448.418648756,447.697591411,448.379138764,124019
2024-06-03T13:00:00Z,448.389016262,448.685341199,448.092691326,448.309996279,347244
2024-06-03T13:30:00Z,448.300118781,449.080441114,448.300118781,449.060686118,449068
2024-06-03T14:30:00Z,449.001421131,449.999048417,447.391388976,448.635953709,7705398
2024-06-03T15:30:00Z,448.645831207,448.705096194,445.455399392,446.71971912,4955654
2024-06-03T16:30:00Z,446.709841623,447.203716517,443.677449773,444.014272451,2401952
2024-06-03T17:30:00Z,444.013284701,444.714587051,442.413130045,444.675077059,3066631
2024-06-03T18:30:00Z,444.665199561,445.820866813,444.586179578,444.870157642,1829468
2024-06-03T19:30:00Z,444.862749519,446.314741707,444.838055774,446.04814804,1369953
2024-06-03T20:00:00Z,446.057926762,447.598816432,445.50873788,447.579061436,2048877
2024-06-03T21:00:00Z,447.60869393,448.07293633,447.411143972,447.806243887,758701
2024-06-03T22:00:00Z,447.806243887,447.924773862,447.667958917,447.766733896,21539
2024-06-03T23:00:00Z,447.599112757,447.964283853,447.599112757,447.727223904,15473
2024-06-04T00:00:00Z,447.796366389,447.835876381,447.509918951,447.55930644,12946
2024-06-04T09:00:00Z,446.729596618,446.788861606,445.070176974,445.386256907,81438
2024-06-04T10:00:00Z,445.386256907,445.485031885,444.388629621,445.010911987,56390
2024-06-04T11:00:00Z,445.178829451,445.623316856,444.734342047,445.326991919,104721
2024-06-04T12:00:00Z,445.307236924,446.354251699,445.307236924,446.245599222,71054
2024-06-04T13:00:00Z,446.245599222,446.709841623,445.504786881,446.601189146,225754
2024-06-04T13:30:00Z,446.591311648,447.381511478,446.482659171,447.272859002,155538
2024-06-04T14:30:00Z,447.322246491,447.905018866,445.604648385,446.858004091,5023231
2024-06-04T15:30:00Z,446.818494099,447.658081419,446.144058544,446.413516686,2673624
2024-06-04T16:30:00Z,446.398700439,446.640699137,445.672704345,446.541924159,2226203
2024-06-04T17:30:00Z,446.541924159,447.598816432,446.190285234,447.292613997,2234145
2024-06-04T18:30:00Z,447.351878985,449.594071003,446.71971912,449.594071003,2461900
2024-06-04T19:30:00Z,449.594071003,449.994109668,447.134574031,448.023548841,4180370
2024-06-04T20:00:00Z,448.003793845,449.070563616,447.361756483,448.803871173,2935114
2024-06-04T21:00:00Z,448.803871173,449.070563616,448.408771258,448.882891156,1157751
2024-06-04T22:00:00Z,448.86313616,449.031053624,448.438403752,448.882891156,69589
2024-06-04T23:00:00Z,448.873013658,449.228603582,448.695218696,449.208848586,69347
2024-06-05T00:00:00Z,449.218726084,449.682968484,449.218726084,449.623703497,41327
2024-06-05T09:00:00Z,449.594071003,450.265740859,449.524928518,450.137333387,27550
2024-06-05T10:00:00Z,450.196598374,450.917655719,450.147210885,450.878145728,62766
2024-06-05T11:00:00Z,450.907778222,451.125083175,450.650963277,450.650963277,91718
2024-06-05T12:00:00Z,450.720105762,451.579448077,450.413903328,451.391775618,136545
2024-06-05T13:00:00Z,451.391775618,451.875773014,450.779370749,451.826385524,309326
2024-06-05T13:30:00Z,451.826385524,452.458545389,451.786875533,452.438790393,136965
2024-06-05T14:30:00Z,452.369647908,453.436417679,451.174470664,453.406785185,5870829
2024-06-05T15:30:00Z,453.406785185,455.510692234,453.406785185,455.125469816,5550304
2024-06-05T16:30:00Z,455.125469816,455.648977204,454.888409867,455.323019774,2403266
2024-06-05T17:30:00Z,455.313142276,456.468809528,455.140286063,455.886037153,3228702
2024-06-05T18:30:00Z,455.915669647,456.633566193,455.886037153,456.607390823,2457995
2024-06-05T19:30:00Z,456.616971996,457.199744371,456.508319519,456.794766958,3889292
2024-06-05T20:00:00Z,456.78488946,457.930679214,456.498442022,457.851659231,7625120
2024-06-05T21:00:00Z,457.822026738,458.167739163,457.24913186,458.078841682,1668211
2024-06-05T22:00:00Z,458.068964185,458.086052256,457.802271742,457.970189206,162348
2024-06-05T23:00:00Z,457.970189206,458.315901632,457.819063488,458.236881648,119675
2024-06-06T00:00:00Z,458.256636644,458.543084083,458.157861665,458.207249155,40380
2024-06-06T09:00:00Z,458.286269138,458.720879045,458.227004151,458.286269138,88632
2024-06-06T10:00:00Z,458.345534125,458.523329087,457.841781733,458.039331691,29494
2024-06-06T11:00:00Z,458.039331691,458.424554108,458.039331691,458.266514142,56370
2024-06-06T12:00:00Z,458.266514142,458.513451589,458.207249155,458.434431606,55541
2024-06-06T13:00:00Z,458.434431606,459.017203981,457.525701801,458.404799112,291038
2024-06-06T13:30:00Z,458.335656627,458.829531521,458.207249155,458.483819095,108336
2024-06-06T14:30:00Z,458.533206585,458.849286517,456.814521954,458.019576695,5371117
2024-06-06T15:30:00Z,458.003772698,458.641859062,457.644231776,457.752983027,2303001
2024-06-06T16:30:00Z,457.743006754,457.940556712,457.041704405,457.456559316,1889000
2024-06-06T17:30:00Z,457.466436814,458.147984168,456.943818401,458.039331691,1832413
2024-06-06T18:30:00Z,458.029454193,458.286269138,456.528074515,457.347906839,2130518
2024-06-06T19:30:00Z,457.24913186,457.960311708,457.031826907,457.663986771,2258073
2024-06-06T20:00:00Z,457.654109274,457.920801716,457.11084689,457.693619265,4145868
2024-06-06T21:00:00Z,457.693619265,457.822026738,457.209621869,457.793184444,1078549
2024-06-06T22:00:00Z,457.752884252,457.772639248,457.426926822,457.713374261,203969
2024-06-06T23:00:00Z,457.663986771,458.059086687,457.604721784,458.019576695,87735
2024-06-07T00:00:00Z,457.999821699,458.019576695,457.871414227,457.920801716,22959
2024-06-07T09:00:00Z,458.27639164,458.681369053,458.128229172,458.177616661,43683
2024-06-07T10:00:00Z,458.246759146,458.375166619,458.059086687,458.217126653,12546
2024-06-07T11:00:00Z,458.246759146,458.246759146,457.940556712,458.078841682,15395
2024-06-07T12:00:00Z,457.970189206,458.622104066,457.62447678,458.483819095,67430
2024-06-07T13:00:00Z,458.473941598,459.846913803,454.898287365,455.94530214,1485619
2024-06-07T13:30:00Z,455.94530214,457.397294329,455.727997187,457.130601886,427576
2024-06-07T14:30:00Z,457.328151844,457.901046721,456.182362089,457.268886856,3646962
2024-06-07T15:30:00Z,457.239254363,459.155488951,456.735501971,457.945495461,2864565
2024-06-07T16:30:00Z,457.95043421,459.987826188,457.693619265,459.046836475,2781993
2024-06-07T17:30:00Z,459.056713973,460.034586263,458.217126653,459.333283913,2748478
2024-06-07T18:30:00Z,459.323406415,459.659142568,456.281137068,457.397294329,2574590
2024-06-07T19:30:00Z,457.377539333,458.063926661,456.32064706,457.48619181,2975908
2024-06-07T20:00:00Z,457.476314312,457.713374261,456.765134464,457.288641852,4051143
2024-06-07T21:00:00Z,457.29851935,457.367661835,456.745379469,457.081214397,2532974
2024-06-07T22:00:00Z,457.041704405,457.130601886,456.389789545,456.537952013,76150
2024-06-07T23:00:00Z,456.615490371,456.715746975,456.488564524,456.587339503,17453
2024-06-08T00:00:00Z,456.587339503,456.83427695,456.537952013,456.537952013,14757
2024-06-10T09:00:00Z,456.854031945,456.92317443,456.32064706,456.32064706,98145
2024-06-10T10:00:00Z,456.330524558,456.508319519,455.895914651,456.389789545,54718
2024-06-10T11:00:00Z,456.518197017,457.338029341,456.340402056,456.83427695,59396
2024-06-10T12:00:00Z,456.775011962,457.357784337,456.775011962,457.051581903,79792
2024-06-10T13:00:00Z,457.021949409,457.268886856,456.172484592,456.27125957,207937
2024-06-10T13:30:00Z,456.261382072,456.409544541,455.935424642,456.27125957,140582
2024-06-10T14:30:00Z,456.162607094,457.308396848,455.876159655,457.268886856,3279286
2024-06-10T15:30:00Z,457.268886856,458.572716576,456.947868175,458.562839079,2372181
2024-06-10T16:30:00Z,458.60234907,459.323406415,458.385044117,458.987571487,2156314
2024-06-10T17:30:00Z,458.987571487,459.219692688,457.910924218,457.910924218,1782541
2024-06-10T18:30:00Z,457.910924218,459.205073991,457.43680432,457.659048022,3091712
2024-06-10T19:30:00Z,457.619538031,459.491323879,457.199744371,459.135733956,3537318
2024-06-10T20:00:00Z,459.145611453,459.199937692,458.444309104,459.135733956,3138960
2024-06-10T21:00:00Z,459.06659147,459.106101462,458.404799112,458.938183998,549466
2024-06-10T22:00:00Z,458.819654023,458.957938994,458.780539132,458.888796509,154001
2024-06-10T23:00:00Z,458.888796509,458.888796509,458.651736559,458.74063404,33240
2024-06-11T00:00:00Z,458.661614057,458.661614057,458.266514142,458.41467661,37395
2024-06-11T09:00:00Z,458.770266534,458.9283065,457.881291725,457.970189206,19074
2024-06-11T10:00:00Z,458.019576695,458.266514142,457.723251759,457.723251759,15223
2024-06-11T11:00:00Z,457.525701801,458.049209189,457.43680432,457.881291725,27312
2024-06-11T12:00:00Z,457.940556712,457.940556712,457.229376865,457.782516746,71495
2024-06-11T13:00:00Z,457.743006754,458.098596678,457.604721784,457.831904235,100291
2024-06-11T13:30:00Z,457.782516746,457.930679214,457.525701801,457.792394244,120775
2024-06-11T14:30:00Z,457.861536729,458.701124049,456.370034549,458.592471572,4641623
2024-06-11T15:30:00Z,458.622104066,459.777672543,458.405292987,459.283896424,3116860
2024-06-11T16:30:00Z,459.283896424,459.585160109,458.024515444,458.809776526,2070333
2024-06-11T17:30:00Z,458.8098753,459.896301292,458.592471572,459.353038909,1723787
2024-06-11T18:30:00Z,459.362916407,461.595230928,459.328345164,461.575475932,2975687
2024-06-11T19:30:00Z,461.58535343,462.029840834,461.002581055,461.140866025,3066467
2024-06-11T20:00:00Z,461.130988527,462.405185754,460.963071063,462.286655779,3032949
2024-06-11T21:00:00Z,462.276778281,462.612613209,461.921188358,462.395308256,912821
2024-06-11T22:00:00Z,462.395308256,462.415063252,462.207635796,462.276778281,58458
2024-06-11T23:00:00Z,462.306410775,462.652123201,462.069350826,462.612613209,40723
2024-06-12T00:00:00Z,462.642245703,462.869428154,462.484205737,462.573103218,50423
2024-06-12T09:00:00Z,462.602735711,462.849673158,462.454573243,462.741020682,22423
2024-06-12T10:00:00Z,462.731143184,463.066978112,462.731143184,463.037345618,22440
2024-06-12T11:00:00Z,462.899060648,463.086733108,462.810163167,463.086733108,31592
2024-06-12T12:00:00Z,462.958325635,463.205263082,462.869428154,463.017590622,91115
2024-06-12T13:00:00Z,462.996946652,467.699524618,462.88918315,466.682142336,1226606
2024-06-12T13:30:00Z,466.66238734,466.751284821,466.14875745,466.277164923,318064
2024-06-12T14:30:00Z,466.208022438,469.556494219,465.516597586,469.536739223,7498878
2024-06-12T15:30:00Z,469.546616721,469.605881708,468.213154507,469.314495521,3843295
2024-06-12T16:30:00Z,469.354005512,469.36388301,468.420581963,468.539111937,2277251
2024-06-12T17:30:00Z,468.539111937,469.408331751,468.371194473,469.112006814,2175351
2024-06-12T18:30:00Z,469.082374321,469.299679274,467.3143022,469.137885859,3472200
2024-06-12T19:30:00Z,469.240414287,470.662773982,467.334353521,467.709402115,5847753
2024-06-12T20:00:00Z,467.729157111,469.220659291,466.929079783,468.34156198,5156229
2024-06-12T21:00:00Z,468.351439478,471.156648876,467.669892124,471.047996399,2234844
2024-06-12T22:00:00Z,471.067751395,471.146771378,470.524489011,470.76154896,136221
2024-06-12T23:00:00Z,470.801058952,470.909711429,470.633141488,470.672651479,95422
2024-06-13T00:00:00Z,470.643611636,470.959098918,470.445469028,470.880078935,82959
2024-06-13T09:00:00Z,472.341948621,472.420968604,471.65052377,471.907338714,129021
2024-06-13T10:00:00Z,471.966603702,472.075256178,470.662773982,470.880078935,118066
2024-06-13T11:00:00Z,470.929466424,471.373953829,470.702283973,471.373953829,31328
2024-06-13T12:00:00Z,471.334443837,471.670278765,471.156648876,471.255423854,144119
2024-06-13T13:00:00Z,471.244064732,473.082760962,471.235668859,471.670278765,889611
2024-06-13T13:30:00Z,471.65052377,471.996236195,471.354198833,471.699911259,238867
2024-06-13T14:30:00Z,471.867828723,472.529621081,469.428086747,470.366449045,6677132
2024-06-13T15:30:00Z,470.376326543,470.889956433,469.684901691,470.504734015,2864361
2024-06-13T16:30:00Z,470.48497902,471.225791361,468.608254422,468.794741582,2815690
2024-06-13T17:30:00Z,468.795926882,470.643018986,468.608353197,470.356571547,2598606
2024-06-13T18:30:00Z,470.376326543,470.909316329,469.78367667,470.687467726,1691023
2024-06-13T19:30:00Z,470.692406475,471.472728808,470.613386492,471.057873897,2707530
2024-06-13T20:00:00Z,471.057873897,471.78880874,470.771426458,470.880078935,3371450
2024-06-13T21:00:00Z,470.880078935,471.917216212,470.781303956,471.166526373,1442727
2024-06-13T22:00:00Z,471.176403871,471.186281369,470.83118532,470.860323939,29168
2024-06-13T23:00:00Z,470.959098918,471.344321335,470.820813948,471.206036365,72486
2024-06-14T00:00:00Z,471.285056348,471.510855949,471.057873897,471.393708825,44269
2024-06-14T09:00:00Z,471.512238799,472.529621081,471.512238799,471.660401267,53173
2024-06-14T10:00:00Z,471.670278765,471.699911259,470.247919071,470.277551564,101715
2024-06-14T11:00:00Z,470.168899088,470.307184058,469.358944261,469.961471632,272558
2024-06-14T12:00:00Z,469.744166679,470.415836535,468.884824363,469.714534185,196557
2024-06-14T13:00:00Z,469.714534185,470.613386492,469.675024194,470.277551564,225696
2024-06-14T13:30:00Z,470.188654083,470.712161471,470.119511598,470.643018986,95457
2024-06-14T14:30:00Z,470.682528977,472.411091106,470.218286577,471.838196229,5442112
2024-06-14T15:30:00Z,471.867828723,472.045623685,470.62326399,471.680156263,3285807
2024-06-14T16:30:00Z,471.670278765,472.262928638,470.366449045,471.452973812,2782065
2024-06-14T17:30:00Z,471.443096314,472.875333507,471.27517885,472.687562272,2041088
2024-06-14T18:30:00Z,472.667906051,473.063005966,471.936872433,472.596294192,2418706
2024-06-14T19:30:00Z,472.593824817,473.102515958,472.025868689,472.963539563,1762093
2024-06-14T20:00:00Z,472.944475992,473.388963396,472.312316127,473.319820911,3551051
2024-06-14T21:00:00Z,473.309943413,473.576635856,473.102515958,473.477860877,966136
2024-06-14T22:00:00Z,473.497615873,473.685288333,473.319820911,473.635900843,122308
2024-06-14T23:00:00Z,473.626023346,474.021123261,473.428473388,473.505715421,23419
2024-06-15T00:00:00Z,473.506011746,473.506011746,473.23092343,473.329698409,32801
2024-06-17T09:00:00Z,473.724798324,474.850833083,473.645778341,473.961858273,87882
2024-06-17T10:00:00Z,473.942103278,474.159408231,473.714920826,474.060633252,13783
2024-06-17T11:00:00Z,474.169285729,474.189040725,473.537125865,473.754430818,44917
2024-06-17T12:00:00Z,473.803818307,474.277938206,473.784063312,474.100143244,119001
2024-06-17T13:00:00Z,474.100143244,474.20879572,473.28031092,473.547003362,316883
2024-06-17T13:30:00Z,473.55688086,473.616145848,473.300065915,473.517370869,117531
2024-06-17T14:30:00Z,473.586513354,474.20879572,472.282683634,473.359330903,5666908
2024-06-17T15:30:00Z,473.398840894,475.04838304,473.300065915,474.860710581,3116566
2024-06-17T16:30:00Z,474.855771832,476.559640216,474.643405627,476.530007722,3082265
2024-06-17T17:30:00Z,476.53988522,478.446242311,476.243560284,478.258471076,4133408
2024-06-17T18:30:00Z,478.268447349,480.895861785,478.199304864,480.145171946,6142063
2024-06-17T19:30:00Z,480.155049444,480.68843433,479.621664559,480.619291845,5512202
2024-06-17T20:00:00Z,480.599536849,480.599536849,478.880852218,479.117912167,6310072
2024-06-17T21:00:00Z,479.108034669,479.137667163,478.35734483,478.851219724,2188221
2024-06-17T22:00:00Z,478.87097472,479.05864718,478.82257498,479.00925969,82799
2024-06-17T23:00:00Z,478.999382192,479.552522074,478.890729716,479.305584627,78041
2024-06-18T00:00:00Z,479.295707129,479.394482107,479.05864718,479.295707129,41969
2024-06-18T09:00:00Z,479.433992099,480.095784457,479.433992099,479.898234499,50391
2024-06-18T10:00:00Z,480.105661955,480.540271862,479.888357001,480.095784457,29184
2024-06-18T11:00:00Z,480.155049444,480.352599402,479.769827027,479.917989495,23355
2024-06-18T12:00:00Z,479.957499487,480.115539453,479.601909563,479.878479504,136034
2024-06-18T13:00:00Z,479.888357001,480.915616781,479.137667163,479.513012082,398059
2024-06-18T13:30:00Z,479.513012082,479.513012082,478.93863558,479.088279673,159189
2024-06-18T14:30:00Z,479.068524677,479.730317035,478.446242311,478.801832235,5170997
2024-06-18T15:30:00Z,478.801832235,479.316252324,477.507880012,478.21905986,3403774
2024-06-18T16:30:00Z,478.204243613,479.187054652,478.110407383,478.68330226,3130729
2024-06-18T17:30:00Z,478.673424762,479.641419554,478.515384796,479.611787061,2008060
2024-06-18T18:30:00Z,479.621664559,479.947621989,478.327712336,478.920362209,2363357
2024-06-18T19:30:00Z,478.890729716,479.305584627,478.693179758,479.108034669,2041539
2024-06-18T20:00:00Z,479.088279673,479.47350209,478.643792269,479.266074635,3843859
2024-06-18T21:00:00Z,479.275952133,479.463624593,479.068524677,479.454734844,1599575
2024-06-18T22:00:00Z,479.433992099,479.493257086,479.285829631,479.493257086,11723
2024-06-18T23:00:00Z,479.47350209,479.947621989,479.374727112,479.917989495,45134
2024-06-19T00:00:00Z,479.868602006,479.868602006,479.611787061,479.799459521,23968
2024-06-20T09:00:00Z,481.735449105,482.673811404,481.735449105,482.367608969,85749
2024-06-20T10:00:00Z,482.357731471,482.397241463,481.903366569,482.249078995,36721
2024-06-20T11:00:00Z,482.17993651,482.50589394,481.94287656,482.239201497,68922
2024-06-20T12:00:00Z,482.110794024,482.357731471,481.52802165,481.636674126,108077
2024-06-20T13:00:00Z,481.636674126,481.824346586,480.757576815,480.974881768,250600
2024-06-20T13:30:00Z,480.96500427,481.024269258,480.411864389,480.471129376,134020
2024-06-20T14:30:00Z,480.461251878,480.874822715,477.448615025,478.653669766,6455354
2024-06-20T15:30:00Z,478.614159775,480.08096821,478.456119809,479.158805008,3182985
2024-06-20T16:30:00Z,479.177177154,479.676385897,476.164935401,476.204050292,2847770
2024-06-20T17:30:00Z,476.16947905,477.083147604,474.613773134,474.919975568,3990999
2024-06-20T18:30:00Z,474.929853066,476.637672449,473.74455332,476.362090258,3561692
2024-06-20T19:30:00Z,476.362090258,476.470742735,473.823573303,475.394095466,4795844
2024-06-20T20:00:00Z,475.394095466,476.283070275,475.068138036,475.571890428,6158423
2024-06-20T21:00:00Z,475.473115449,475.947235347,475.295320487,475.947235347,999227
2024-06-20T22:00:00Z,475.88797036,475.88797036,475.591645424,475.729930394,1054411
2024-06-20T23:00:00Z,475.729930394,476.095397816,475.650910411,476.046010326,116008
2024-06-21T00:00:00Z,476.065765322,476.421355246,476.055887824,476.312702769,71883
2024-06-21T09:00:00Z,475.542257934,476.668292693,473.626023346,474.268060708,238960
2024-06-21T10:00:00Z,474.327325695,475.295320487,474.129775737,475.04838304,83604
2024-06-21T11:00:00Z,475.117525525,475.552135432,474.564385644,475.334830479,61170
2024-06-21T12:00:00Z,475.285442989,475.917602854,474.72242561,474.831078087,152395
2024-06-21T13:00:00Z,474.742180606,475.799072879,474.426100674,475.7002979,326000
2024-06-21T13:30:00Z,475.74968539,475.947235347,475.038505542,475.087893032,414148
2024-06-21T14:30:00Z,475.295320487,475.552135432,472.806191021,474.040878256,6627519
2024-06-21T15:30:00Z,474.031000759,475.878092862,473.527248367,474.821200589,6863441
2024-06-21T16:30:00Z,474.811323091,476.623843952,474.356859414,475.917602854,2656885
2024-06-21T17:30:00Z,475.986745339,476.125030309,473.971735771,474.281889205,3073767
2024-06-21T18:30:00Z,474.277938206,474.91009807,473.645778341,474.860710581,3531023
2024-06-21T19:30:00Z,474.860710581,475.078015534,474.139653235,474.732303108,3768505
2024-06-21T20:00:00Z,474.742180606,475.157035517,474.110020742,474.297693201,7627603
2024-06-21T21:00:00Z,474.218673218,475.078015534,474.189040725,475.008873049,2998089
2024-06-21T22:00:00Z,474.969363057,475.107648028,474.880465576,475.008873049,1022887
2024-06-21T23:00:00Z,475.018750547,475.058260538,474.840955585,474.880465576,25243
2024-06-22T00:00:00Z,474.880465576,474.959485559,474.613773134,474.613773134,34873
2024-06-24T09:00:00Z,474.87298224,475.575398526,474.694904871,475.070845982,43284
2024-06-24T10:00:00Z,474.912554988,475.090632356,473.45825648,473.715479345,70712
2024-06-24T11:00:00Z,473.883663527,474.299177386,473.685799784,474.170565953,46979
2024-06-24T12:00:00Z,474.130993205,474.516827503,473.774838468,473.794624842,165522
2024-06-24T13:00:00Z,473.745158907,474.220031889,473.102101743,473.339538234,270744
2024-06-24T13:30:00Z,473.339538234,473.369217796,472.449151393,473.082315369,251078
2024-06-24T14:30:00Z,473.072422182,474.80372993,471.726948732,472.370005896,6217852
2024-06-24T15:30:00Z,472.379899083,473.52750879,470.688164084,472.805306129,5294922
2024-06-24T16:30:00Z,472.81381427,473.141674492,472.0741996,472.577762825,2813034
2024-06-24T17:30:00Z,472.577762825,472.953703936,470.233077476,470.627320983,3810146
2024-06-24T18:30:00Z,470.628804961,470.97506651,469.550447564,469.758204493,3624593
2024-06-24T19:30:00Z,469.758204493,471.469725867,469.441622505,470.965470119,4854563
2024-06-24T20:00:00Z,470.965173323,471.073998382,468.758992593,468.897497213,7225837
2024-06-24T21:00:00Z,468.867817652,469.352583821,468.491876541,469.036001833,2814877
2024-06-24T22:00:00Z,468.956856336,469.154720078,468.946963149,469.04589502,78102
2024-06-24T23:00:00Z,469.134933704,469.392156569,469.105254143,469.194292827,112352
2024-06-25T00:00:00Z,469.144826891,469.491088441,469.105254143,469.491088441,64748
2024-06-25T09:00:00Z,468.818351716,470.737630019,468.650167535,470.698057271,72065
2024-06-25T10:00:00Z,470.707950458,471.25207575,470.618911774,471.202609814,62769
2024-06-25T11:00:00Z,471.25207575,471.341114434,470.846455078,471.123464317,39551
2024-06-25T12:00:00Z,471.11357113,471.449939493,470.450727592,470.737630019,136409
2024-06-25T13:00:00Z,470.787095955,471.25207575,470.500193528,471.04431882,178349
2024-06-25T13:30:00Z,471.103677943,471.420259931,470.856348265,470.945386949,156496
2024-06-25T14:30:00Z,470.984959697,472.5975492,470.04510692,472.162248966,4448758
2024-06-25T15:30:00Z,472.162248966,473.66601341,471.52908499,473.38900417,6545219
2024-06-25T16:30:00Z,473.38900417,474.210138702,472.904238001,473.102101743,3300757
2024-06-25T17:30:00Z,473.11199493,473.11199493,471.187770034,472.577762825,2598598
2024-06-25T18:30:00Z,472.587656012,474.150779579,472.152355779,474.140886392,1876936
2024-06-25T19:30:00Z,474.140886392,474.556400251,473.022956246,474.536613877,2549836
2024-06-25T20:00:00Z,474.516827503,474.52672069,473.656120223,474.259604637,3852483
2024-06-25T21:00:00Z,474.24971145,474.348643322,473.982595398,474.289284199,3637372
2024-06-25T22:00:00Z,474.280182467,474.595973,474.280182467,474.595973,48526
2024-06-25T23:00:00Z,474.566293438,474.704798058,474.24971145,474.447674125,68655
2024-06-26T00:00:00Z,474.467361567,474.467361567,474.210138702,474.229925076,41335
2024-06-26T09:00:00Z,475.38742797,476.80215373,475.377534783,476.258028438,72794
2024-06-26T10:00:00Z,476.188776128,476.267921625,475.674330397,475.723796333,34829
2024-06-26T11:00:00Z,475.624864461,475.704009958,475.011486859,475.011486859,33880
2024-06-26T12:00:00Z,475.041166421,475.298389286,474.685011684,475.120311918,71982
2024-06-26T13:00:00Z,475.070845982,475.090632356,473.487936041,473.557188351,245127
2024-06-26T13:30:00Z,473.448363293,473.507722416,472.785519755,473.309858673,307886
2024-06-26T14:30:00Z,473.438470106,475.694116771,473.220819989,474.170664885,4061073
2024-06-26T15:30:00Z,474.200245515,475.337962035,473.022956246,474.130894273,3109091
2024-06-26T16:30:00Z,474.101313643,475.743582707,473.744169588,475.199556347,2107095
2024-06-26T17:30:00Z,475.189564228,475.308282473,473.606654287,474.279391012,1871542
2024-06-26T18:30:00Z,474.259604637,474.912554988,474.041954521,474.427788819,1447692
2024-06-26T19:30:00Z,474.422842225,474.798783336,473.423630325,474.190451259,1972662
2024-06-26T20:00:00Z,474.190352328,475.783155455,474.022168146,475.239030163,5008124
2024-06-26T21:00:00Z,475.239030163,475.288496099,472.498617328,474.022168146,2231599
2024-06-26T22:00:00Z,474.022168146,474.18045914,473.804518029,473.883663527,187458
2024-06-26T23:00:00Z,473.992488585,474.210138702,473.359324609,473.517615603,54550
2024-06-27T00:00:00Z,473.478042854,473.478042854,472.943810749,473.18124724,63587
2024-06-27T09:00:00Z,474.012274959,474.338750134,473.646227035,474.338750134,42787
2024-06-27T10:00:00Z,474.18045914,474.685011684,474.071634082,474.655332123,15977
2024-06-27T11:00:00Z,474.586079813,475.021380046,474.546507064,474.813623117,35541
2024-06-27T12:00:00Z,474.80372993,474.843302678,474.279391012,474.586079813,136775
2024-06-27T13:00:00Z,474.607350165,475.31817566,474.24971145,475.278602912,251956
2024-06-27T13:30:00Z,475.298389286,475.347855222,474.971914111,475.070845982,68071
2024-06-27T14:30:00Z,474.991700485,477.93987025,474.991700485,477.089056157,5296224
2024-06-27T15:30:00Z,477.079162969,477.187988028,474.73447762,475.080739169,2571686
2024-06-27T16:30:00Z,475.070845982,476.154149973,474.18045914,476.000805572,2593683
2024-06-27T17:30:00Z,476.020591947,476.633969549,475.842415646,476.544930864,2677060
2024-06-27T18:30:00Z,476.544930864,476.851619666,475.159884666,475.545718964,2216329
2024-06-27T19:30:00Z,475.516039403,476.713115046,475.328068847,476.52514449,3633273
2024-06-27T20:00:00Z,476.515251303,476.527123128,475.278602912,476.465785367,3788389
2024-06-27T21:00:00Z,476.436105806,477.138522092,476.366853496,476.891192414,2589603
2024-06-27T22:00:00Z,476.861512853,477.069269782,476.752687794,476.901085601,156890
2024-06-27T23:00:00Z,476.920871975,477.375958583,476.752687794,477.217667589,118106
2024-06-28T00:00:00Z,477.306706273,477.573822326,477.306706273,477.541174808,29887
2024-06-28T09:00:00Z,478.216879489,478.305918174,477.781579256,478.187199928,36921
2024-06-28T10:00:00Z,478.335597735,478.691752472,478.266345425,478.642286536,39230
2024-06-28T11:00:00Z,478.573034226,478.66207291,478.345490922,478.582927413,30111
2024-06-28T12:00:00Z,478.553247852,478.622500162,478.375170484,478.558194445,92325
2024-06-28T13:00:00Z,478.5928206,480.126264606,477.474890455,477.504570016,578355
2024-06-28T13:30:00Z,477.503580697,477.722220133,477.00991066,477.148415279,171462
2024-06-28T14:30:00Z,477.257240338,481.996076973,476.52514449,480.601137588,6316135
2024-06-28T15:30:00Z,480.601137588,481.357966403,477.405638145,477.987951139,4879078
2024-06-28T16:30:00Z,477.979442998,478.681859285,476.109630631,477.267133525,2899155
2024-06-28T17:30:00Z,477.257240338,477.415630264,475.258816538,476.762580981,3444408
2024-06-28T18:30:00Z,476.762580981,477.277026712,475.704009958,475.892079446,2291955
2024-06-28T19:30:00Z,475.911766888,476.38663987,475.298389286,475.357748409,3638563
2024-06-28T20:00:00Z,475.357748409,475.971126011,473.349431421,473.992488585,8416342
2024-06-28T21:00:00Z,474.002381772,474.942234549,473.755052094,474.694904871,1883506
2024-06-28T22:00:00Z,474.676008884,474.722111136,474.378322883,474.398109257,136269
2024-06-28T23:00:00Z,474.576087694,474.576087694,474.299177386,474.427788819,7144
2024-06-29T00:00:00Z,474.45746838,474.576186626,474.31896376,474.417895632,14012
2024-07-01T09:00:00Z,474.338750134,475.169777853,473.755052094,473.982595398,86648
2024-07-01T10:00:00Z,473.913343088,474.18045914,473.290072299,474.160672766,45956
2024-07-01T11:00:00Z,474.150779579,474.66522531,473.982595398,474.586079813,58570
2024-07-01T12:00:00Z,474.566293438,475.239030163,474.506934316,475.149991479,157550
2024-07-01T13:00:00Z,475.080739169,475.377534783,474.783943555,475.130205105,265490
2024-07-01T13:30:00Z,475.209350602,475.417107532,474.487147941,474.783943555,143749
2024-07-01T14:30:00Z,474.912554988,475.268709725,471.167983659,474.091420456,6690324
2024-07-01T15:30:00Z,474.121100018,474.595973,472.399685457,474.458061971,3638571
2024-07-01T16:30:00Z,474.437682006,476.089844256,473.81935781,476.030485134,3034604
2024-07-01T17:30:00Z,476.010698759,476.267921625,475.070845982,475.763369081,1852733
2024-07-01T18:30:00Z,475.753475894,476.812046917,475.199457415,475.773262268,1764304
2024-07-01T19:30:00Z,475.753475894,476.688382078,475.229136976,475.788102049,2469718
2024-07-01T20:00:00Z,475.783155455,477.336385835,475.684124652,476.772474168,3630083
2024-07-01T21:00:00Z,476.821940104,477.019803847,476.554824052,476.653755923,925828
2024-07-01T22:00:00Z,476.66364911,476.750115566,476.554824052,476.73290142,16029
2024-07-01T23:00:00Z,476.713115046,476.87140604,476.356861377,476.38663987,78122
2024-07-02T00:00:00Z,476.416319432,476.416319432,475.961232824,476.129417005,46370
2024-07-02T09:00:00Z,474.87298224,475.090632356,474.338750134,474.783943555,33176
2024-07-02T10:00:00Z,474.863089052,474.942234549,474.358536509,474.774050368,23880
2024-07-02T11:00:00Z,474.675118497,474.863089052,474.417895632,474.823516304,32842
2024-07-02T12:00:00Z,474.843302678,474.843302678,473.626440661,474.101313643,170383
2024-07-02T13:00:00Z,474.101313643,474.73447762,474.081527269,474.437682006,143975
2024-07-02T13:30:00Z,474.408002444,475.38742797,474.408002444,475.38742797,178427
2024-07-02T14:30:00Z,475.278602912,478.019015747,475.149991479,477.089056157,4782825
2024-07-02T15:30:00Z,477.108842531,478.761004782,477.079162969,478.642286536,3036031
2024-07-02T16:30:00Z,478.66207291,479.354596009,477.227560776,478.177405673,2508941
2024-07-02T17:30:00Z,478.177306741,480.124285968,478.028908934,479.849255366,2122643
2024-07-02T18:30:00Z,479.859148553,481.095796944,479.522780191,480.957094461,2417371
2024-07-02T19:30:00Z,480.947399137,481.35301981,480.640710336,481.021598041,2656438
2024-07-02T20:00:00Z,481.026544634,481.837785979,480.630817149,481.778426856,5364682
2024-07-02T21:00:00Z,481.808106418,481.817999605,481.165049254,481.402485745,3375080
2024-07-02T22:00:00Z,481.382699371,481.617167906,481.303553874,481.382699371,199594
2024-07-02T23:00:00Z,481.382699371,481.639922236,481.204622003,481.540990365,53212
2024-07-03T00:00:00Z,481.55236753,481.639922236,481.247261639,481.303553874,24311
2024-07-03T09:00:00Z,481.550883552,482.530309078,481.402485745,482.342338523,64100
2024-07-03T10:00:00Z,482.193940716,482.411590833,481.996076973,482.253299838,32173
2024-07-03T11:00:00Z,482.154367967,482.302765774,481.976290599,481.976290599,36015
2024-07-03T12:00:00Z,481.946611037,482.124688406,481.550883552,481.857572353,96168
2024-07-03T13:00:00Z,481.817999605,481.946611037,480.769321769,481.056224196,261626
2024-07-03T13:30:00Z,481.07601057,481.2837675,480.828680892,481.07601057,127956
2024-07-03T14:30:00Z,481.026544634,482.985395686,481.026544634,482.095008844,4855176
2024-07-03T15:30:00Z,482.085115657,484.340762323,481.886955119,484.093432645,3744881
2024-07-03T16:30:00Z,484.113219019,485.923672264,483.697705159,485.91872567,3377905
2024-07-03T17:00:00Z,485.913779077,485.923672264,484.657344311,485.795060831,4582658
2024-07-03T18:00:00Z,485.76538127,486.200681503,485.399333346,485.735701708,772860
2024-07-03T19:00:00Z,485.735701708,485.854419954,485.537837966,485.656655143,47980
2024-07-03T20:00:00Z,485.716014266,485.83463358,485.231149165,485.231149165,28365
2024-07-03T21:00:00Z,485.191576416,485.735701708,485.191576416,485.583445558,27165
2024-07-05T09:00:00Z,486.101749632,487.021816035,485.795060831,486.378758872,69606
2024-07-05T10:00:00Z,486.398545246,486.705234047,486.358972497,486.48758393,22722
2024-07-05T11:00:00Z,486.398545246,486.83384548,486.368865685,486.645874924,26575
2024-07-05T12:00:00Z,486.635981737,486.784379544,486.339186123,486.41833162,83742
2024-07-05T13:00:00Z,486.448011182,487.862736941,485.161896855,486.388652059,354990
2024-07-05T13:30:00Z,486.260040626,486.715127234,485.923672264,486.62608855,117579
2024-07-05T14:30:00Z,486.635981737,489.059515788,486.339186123,488.41675542,6092201
2024-07-05T15:30:00Z,488.426648608,489.603937876,487.803377818,489.396180946,3737326
2024-07-05T16:30:00Z,489.396180946,490.726814615,489.386287759,490.69218846,3233800
2024-07-05T17:30:00Z,490.682295273,490.825746487,489.772122057,490.663201422,3209940
2024-07-05T18:30:00Z,490.682295273,491.186847817,490.345926911,490.383916749,3083790
2024-07-05T19:30:00Z,490.375606472,491.127488694,490.187635917,490.874223104,2642880
2024-07-05T20:00:00Z,490.870265829,491.295672875,490.721868022,490.860372642,3850646
2024-07-05T21:00:00Z,490.919731764,490.919731764,490.10849042,490.10849042,1916571
2024-07-05T22:00:00Z,490.157956355,490.504217905,490.157956355,490.345926911,98300
2024-07-05T23:00:00Z,490.385499659,490.444858782,490.256888227,490.38075093,10537
2024-07-06T00:00:00Z,490.434965595,490.494324718,490.306354162,490.405286034,21234
2024-07-08T09:00:00Z,490.583363402,490.801013519,490.514111092,490.533897466,49517
2024-07-08T10:00:00Z,490.533897466,490.919731764,490.504217905,490.702081648,20115
2024-07-08T11:00:00Z,490.731761209,490.890052203,490.672402086,490.711974835,34935
2024-07-08T12:00:00Z,490.662508899,491.206634191,490.62293615,491.147275068,142213
2024-07-08T13:00:00Z,491.147275068,491.345138811,491.03845001,491.167061443,154722
2024-07-08T13:30:00Z,491.137381881,491.483643431,491.078022758,491.256100127,120217
2024-07-08T14:30:00Z,491.226420565,491.730973109,490.395392846,491.03845001,5096454
2024-07-08T15:30:00Z,491.03845001,492.047555097,490.207422291,491.953569819,3990954
2024-07-08T16:30:00Z,491.958516413,492.166273343,490.711974835,491.03845001,2823221
2024-07-08T17:30:00Z,491.028556823,491.711186735,490.76144077,491.691400361,1556525
2024-07-08T18:30:00Z,491.691400361,492.136593781,491.266092246,491.738096204,1640155
2024-07-08T19:30:00Z,491.735919703,491.735919703,490.721868022,491.092862539,2595809
2024-07-08T20:00:00Z,491.082969352,492.576840609,490.924678358,492.027768723,3001431
2024-07-08T21:00:00Z,492.087127846,492.562000828,491.839798167,492.45317577,983409
2024-07-08T22:00:00Z,492.403709834,492.482855331,492.364137085,492.452384315,11530
2024-07-08T23:00:00Z,492.38392346,492.809330506,492.245616704,492.581787202,42074
2024-07-09T00:00:00Z,492.621359951,493.768969658,492.621359951,493.759076471,171933
2024-07-09T09:00:00Z,493.838221968,493.927260652,493.472174044,493.768969658,28389
2024-07-09T10:00:00Z,493.788756032,494.03608571,493.778862845,493.956940213,12394
2024-07-09T11:00:00Z,493.887687903,494.006406149,493.768969658,493.917367465,20887
2024-07-09T12:00:00Z,493.947047026,494.065765272,493.432601295,493.580999102,65074
2024-07-09T13:00:00Z,493.580999102,493.689824161,493.086339746,493.472174044,173173
2024-07-09T13:30:00Z,493.491960418,493.660144599,493.38313536,493.52163998,112441
2024-07-09T14:30:00Z,493.541426354,494.6593565,492.809330506,493.056660184,5327936
2024-07-09T15:30:00Z,493.03687381,493.927260652,492.24541884,492.670825886,3807446
2024-07-09T16:30:00Z,492.670726954,493.363348985,492.31467115,492.937941939,1936120
2024-07-09T17:30:00Z,492.937941939,493.046766997,490.939518139,491.345138811,3225063
2024-07-09T18:30:00Z,491.325352437,492.225632466,491.266982633,491.731368837,1957056
2024-07-09T19:30:00Z,491.750759483,492.463068957,491.562788928,492.10691422,4148640
2024-07-09T20:00:00Z,492.086138527,492.591680389,491.89915729,492.45317577,2974110
2024-07-09T21:00:00Z,492.45317577,492.660932699,492.255312027,492.641146325,1840384
2024-07-09T22:00:00Z,492.581787202,492.660932699,492.423496208,492.423496208,25376
2024-07-09T23:00:00Z,492.552107641,492.878582816,492.512534892,492.769757758,72971
2024-07-10T00:00:00Z,492.878582816,492.977514687,492.789544132,492.839010068,29375
2024-07-10T09:00:00Z,493.294096676,493.788756032,493.294096676,493.788756032,40858
2024-07-10T10:00:00Z,493.778862845,493.778862845,493.580999102,493.719503722,31931
2024-07-10T11:00:00Z,493.729396909,493.996512962,493.709610535,493.858008342,23433
2024-07-10T12:00:00Z,493.867901529,494.412026821,493.759076471,494.194376704,56187
2024-07-10T13:00:00Z,494.224056266,494.619783751,494.17459033,494.322988137,208075
2024-07-10T13:30:00Z,494.332881324,494.570317815,494.283415389,494.491172318,86850
2024-07-10T14:30:00Z,494.372454073,495.256905002,493.501853605,494.698929248,4638550
2024-07-10T15:30:00Z,494.698929248,494.738501997,493.066553372,494.259374944,3277063
2024-07-10T16:30:00Z,494.268575608,495.72782071,494.135017582,495.708034335,2562604
2024-07-10T17:30:00Z,495.72782071,496.954575914,495.537574721,496.622164826,3676914
2024-07-10T18:30:00Z,496.6577803,497.320623837,496.51927568,496.944781658,2988837
2024-07-10T19:30:00Z,496.964469101,497.597633077,496.637894994,497.029368408,2554050
2024-07-10T20:00:00Z,497.023828224,498.141758369,496.895216791,497.58773989,5121107
2024-07-10T21:00:00Z,497.607526264,497.637205826,497.231585153,497.637205826,2478832
2024-07-10T22:00:00Z,497.637205826,497.637205826,497.44923527,497.577846703,162947
2024-07-10T23:00:00Z,497.627312639,497.676778574,497.320623837,497.538273954,153515
2024-07-11T00:00:00Z,497.469021644,497.478914832,497.24147834,497.320623837,47150
2024-07-11T09:00:00Z,497.558060329,497.676778574,497.340410212,497.419555709,51598
2024-07-11T10:00:00Z,497.370089773,497.51848758,497.251371528,497.478914832,26983
2024-07-11T11:00:00Z,497.429448896,497.459128457,497.31073065,497.409662522,13006
2024-07-11T12:00:00Z,497.439342083,497.567953516,497.360196586,497.429448896,202250
2024-07-11T13:00:00Z,497.429448896,499.813706994,497.058850106,497.676778574,1607704
2024-07-11T13:30:00Z,497.647099013,498.260476615,497.221691966,497.874642317,549946
2024-07-11T14:30:00Z,497.696564948,497.904321878,492.037760842,492.882243295,9024627
2024-07-11T15:30:00Z,492.853849848,493.699717348,488.990560274,489.173584236,7546510
2024-07-11T16:30:00Z,489.168637642,489.445646882,487.239466152,488.649245318,6808615
2024-07-11T17:30:00Z,488.62451235,489.287355888,486.517263492,488.001241561,5243758
2024-07-11T18:30:00Z,487.981455187,487.981455187,485.483425436,486.279827,4665635
2024-07-11T19:30:00Z,486.269933813,488.268357614,486.229173882,486.873418228,4978843
2024-07-11T20:00:00Z,486.853631854,488.139746181,486.586515801,486.675554486,7038444
2024-07-11T21:00:00Z,486.685447673,487.41754352,486.190788316,486.804165918,1747675
2024-07-11T22:00:00Z,486.744806796,486.843738667,486.161108755,486.380935373,183039
2024-07-11T23:00:00Z,486.457904369,487.091068345,486.408438433,486.922884164,171913
2024-07-12T00:00:00Z,486.922884164,487.288932088,486.052184765,486.240254252,125448
2024-07-12T09:00:00Z,486.675554486,487.130641094,486.240254252,487.110854719,92748
2024-07-12T10:00:00Z,487.130641094,487.34829121,486.705234047,487.091068345,49946
2024-07-12T11:00:00Z,487.091068345,487.377970772,486.546943053,486.982243287,72077
2024-07-12T12:00:00Z,486.982243287,487.308718462,486.388652059,487.298825275,109344
2024-07-12T13:00:00Z,487.298825275,487.813271006,484.76616937,487.160320655,451022
2024-07-12T13:30:00Z,487.160320655,487.437329895,486.744806796,487.199893403,262983
2024-07-12T14:30:00Z,487.249359339,490.642722525,486.784379544,489.742442496,7532096
2024-07-12T15:30:00Z,489.782015244,492.502641705,489.663296999,492.265205214,4079853
2024-07-12T16:30:00Z,492.24541884,492.502641705,489.885201186,490.603149776,3074525
2024-07-12T17:30:00Z,490.613042963,492.581787202,490.336033724,492.571894015,2950716
2024-07-12T18:30:00Z,492.562000828,494.283415389,492.384714915,493.38313536,4129948
2024-07-12T19:30:00Z,493.402921734,493.610678664,492.423496208,492.799437319,3174144
2024-07-12T20:00:00Z,492.769757758,492.779650945,488.822376093,489.534685566,7135513
2024-07-12T21:00:00Z,489.603937876,490.049131297,489.218103578,489.553482622,2916557
2024-07-12T22:00:00Z,489.553482622,489.564365128,489.237889952,489.564365128,1008956
2024-07-12T23:00:00Z,489.564365128,489.663296999,489.514899192,489.663296999,25548
2024-07-13T00:00:00Z,489.663296999,489.861160741,489.564365128,489.811694806,44450
2024-07-15T09:00:00Z,489.534685566,491.849691355,489.534685566,491.671613986,79432
2024-07-15T10:00:00Z,491.671613986,491.82990498,491.632041238,491.750759483,21324
2024-07-15T11:00:00Z,491.750759483,491.869477729,491.295672875,491.651827612,18074
2024-07-15T12:00:00Z,491.651827612,492.324564337,491.503429805,491.552895741,152692
2024-07-15T13:00:00Z,491.552895741,491.958516413,490.9691977,491.097908065,279599
2024-07-15T13:30:00Z,491.097908065,491.523216179,491.068129571,491.523216179,116340
2024-07-15T14:30:00Z,491.305566062,493.096232933,490.62293615,492.987407875,5295707
2024-07-15T15:30:00Z,492.997301062,495.6585684,492.918155565,494.184483517,4082420
2024-07-15T16:30:00Z,494.17459033,494.45159957,491.087915946,492.532321267,5170881
2024-07-15T17:30:00Z,492.502641705,493.066553372,490.721868022,491.186847817,3534913
2024-07-15T18:30:00Z,491.127488694,491.226420565,489.791908432,491.068129571,3387571
2024-07-15T19:30:00Z,491.068129571,492.047555097,490.576240307,491.547949147,3206822
2024-07-15T20:00:00Z,491.574660752,491.909050477,488.812482906,490.850479454,4848205
2024-07-15T21:00:00Z,490.870265829,491.750759483,490.702081648,491.612254863,772369
2024-07-15T22:00:00Z,491.612254863,491.770545858,491.533109366,491.641934425,132584
2024-07-15T23:00:00Z,491.671613986,492.136593781,491.671613986,491.849691355,83575
2024-07-16T00:00:00Z,491.849691355,492.057448284,491.770545858,491.810118606,31510
2024-07-16T09:00:00Z,491.918943664,491.918943664,489.752335683,491.236313753,65296
2024-07-16T10:00:00Z,491.236313753,491.374818372,490.613042963,491.10770232,27770
2024-07-16T11:00:00Z,491.196741004,491.9684096,491.068129571,491.543002554,45519
2024-07-16T12:00:00Z,491.543002554,492.007982349,491.543002554,491.839798167,55515
2024-07-16T13:00:00Z,491.839798167,492.38392346,490.603149776,492.03766191,224610
2024-07-16T13:30:00Z,492.03766191,492.393816647,491.671613986,492.354243898,107867
2024-07-16T14:30:00Z,492.304777963,493.116019307,488.367289485,489.247783139,6100290
2024-07-16T15:30:00Z,489.237889952,491.275886501,488.941094338,490.068917671,2890777
2024-07-16T16:30:00Z,490.05407789,490.494324718,488.011134748,488.406862233,3494635
2024-07-16T17:30:00Z,488.405872915,489.871053929,487.882523315,488.980667087,2639947
2024-07-16T18:30:00Z,488.990560274,489.801801619,488.387075859,489.509952598,2458995
2024-07-16T19:30:00Z,489.485219631,490.89994539,489.346715011,490.563577028,3036869
2024-07-16T20:00:00Z,490.563577028,491.424284308,490.17774273,491.03845001,3170954
2024-07-16T21:00:00Z,491.048343197,491.265993314,490.741654396,490.840586267,1595888
2024-07-16T22:00:00Z,490.840586267,491.008770449,490.702081648,490.919731764,357749
2024-07-16T23:00:00Z,490.919731764,490.959304513,490.652615712,490.870265829,56026
2024-07-17T00:00:00Z,490.870265829,490.870265829,490.10849042,490.227208665,68816
2024-07-17T09:00:00Z,491.03845001,491.03845001,484.271510013,485.132217293,157814
2024-07-17T10:00:00Z,485.132217293,485.260828726,484.55841244,485.171790042,46204
2024-07-17T11:00:00Z,485.171790042,485.62687665,484.499053317,484.894780802,115419
2024-07-17T12:00:00Z,484.894780802,485.201469603,483.094220745,483.717491534,454910
2024-07-17T13:00:00Z,483.717491534,484.449587381,483.440482294,483.578986914,501751
2024-07-17T13:30:00Z,483.578986914,483.954928025,482.916143376,482.985395686,790996
2024-07-17T14:30:00Z,483.064541183,483.577404004,479.186411828,479.987759986,12850092
2024-07-17T15:30:00Z,479.967973611,481.14526288,479.038014021,479.977866799,5927135
2024-07-17T16:30:00Z,479.977866799,480.07679867,477.484783642,477.702433759,5999599
2024-07-17T17:30:00Z,477.692540572,478.493888729,477.049483408,477.969549811,5998884
2024-07-17T18:30:00Z,477.93987025,478.86982984,477.168201654,478.266345425,3585411
2024-07-17T19:30:00Z,478.255858647,478.642286536,476.792260543,478.177306741,6515630
2024-07-17T20:00:00Z,478.167413554,478.573034226,476.554824052,476.624076362,9084043
2024-07-17T21:00:00Z,476.693328671,477.415531332,476.050271508,477.158308467,4266144
2024-07-17T22:00:00Z,477.158308467,477.484783642,477.019803847,477.445210893,116324
2024-07-17T23:00:00Z,477.445210893,478.355384109,477.445210893,478.266345425,193614
2024-07-18T00:00:00Z,478.315811361,478.434529606,478.108054431,478.27613968,57037
2024-07-18T09:00:00Z,476.624076362,479.958080424,476.624076362,479.958080424,89367
2024-07-18T10:00:00Z,479.958080424,480.00754636,478.434529606,478.474102355,122950
2024-07-18T11:00:00Z,478.474102355,478.830257092,477.415531332,478.751111594,100560
2024-07-18T12:00:00Z,478.751111594,479.117159518,478.394956858,479.047907208,187183
2024-07-18T13:00:00Z,479.047907208,480.492312529,478.73132522,480.442846594,742830
2024-07-18T13:30:00Z,480.442846594,480.848467266,480.165837354,480.413167032,381756
2024-07-18T14:30:00Z,480.343914722,480.521992091,477.405638145,478.076396232,7359734
2024-07-18T15:30:00Z,478.058588495,478.058588495,472.513457109,472.637121948,8912120
2024-07-18T16:30:00Z,472.637121948,473.606555355,471.489512241,472.933917562,6304176
2024-07-18T17:30:00Z,472.924024375,475.625458053,472.627228761,474.595973,4443913
2024-07-18T18:30:00Z,474.605866187,475.337863103,473.141674492,473.369118864,4698961
2024-07-18T19:30:00Z,473.309858673,473.844090778,471.18282344,472.716267445,5969419
2024-07-18T20:00:00Z,472.706374258,475.990912385,472.439258206,474.368429696,6576494
2024-07-18T21:00:00Z,474.338750134,475.812835017,473.73526572,475.476466654,2921633
2024-07-18T22:00:00Z,475.476466654,476.079951069,475.38742797,475.911766888,339128
2024-07-18T23:00:00Z,475.911766888,476.376746683,475.446787093,475.891980514,119743
2024-07-19T00:00:00Z,475.911766888,476.099737444,475.644650836,475.723796333,91986
2024-07-19T09:00:00Z,474.368429696,474.368429696,472.092996656,473.398897357,195141
2024-07-19T10:00:00Z,473.398897357,473.952915836,472.627228761,473.656120223,147590
2024-07-19T11:00:00Z,473.656120223,474.912554988,473.567081538,474.071634082,163527
2024-07-19T12:00:00Z,474.071634082,475.743582707,473.972702211,475.298389286,230036
2024-07-19T13:00:00Z,475.298389286,475.842514578,474.80372993,475.783155455,364958
2024-07-19T13:30:00Z,475.783155455,475.832621391,473.893556714,473.903449901,397365
2024-07-19T14:30:00Z,474.032061333,476.544930864,472.360112708,472.419471831,8086838
2024-07-19T15:30:00Z,472.449151393,474.160672766,471.014639259,471.111592493,5386097
2024-07-19T16:30:00Z,471.153143879,472.983383498,470.11435923,471.11357113,5217211
2024-07-19T17:30:00Z,471.11357113,471.286701905,468.877710839,469.777990868,4126215
2024-07-19T18:30:00Z,469.748311306,471.073998382,469.105254143,469.833986307,3529780
2024-07-19T19:30:00Z,469.896709113,471.97427841,469.273438324,471.588444112,5218314
2024-07-19T20:00:00Z,471.578550925,471.657696422,469.570233938,470.163825166,6220634
2024-07-19T21:00:00Z,470.153931978,470.767309581,469.76809768,469.95735435,2550177
2024-07-19T22:00:00Z,469.95735435,469.985747797,469.83734999,469.876922739,222777
2024-07-19T23:00:00Z,469.876922739,469.97585461,469.797777242,469.97585461,52126
2024-07-20T00:00:00Z,469.97585461,470.084679669,469.83734999,469.926388675,38544
2024-07-22T09:00:00Z,472.419471831,473.38900417,472.419471831,472.815199316,119185
2024-07-22T10:00:00Z,472.745947007,473.646227035,472.676694697,473.616547474,45839
2024-07-22T11:00:00Z,473.616547474,474.566293438,473.359324609,474.566293438,110124
2024-07-22T12:00:00Z,474.566293438,474.754263994,474.032061333,474.724584433,247698
2024-07-22T13:00:00Z,474.724584433,475.516039403,474.675118497,475.070845982,438931
2024-07-22T13:30:00Z,475.070845982,476.139310192,475.070845982,476.020591947,369105
2024-07-22T14:30:00Z,476.020591947,477.702433759,474.31896376,476.193722721,9395796
2024-07-22T15:30:00Z,476.228348876,477.534249577,473.092208556,473.290072299,7956438
2024-07-22T16:30:00Z,473.290072299,474.922448175,472.656908322,474.566293438,3403761
2024-07-22T17:30:00Z,474.576186626,476.980231098,474.309070573,476.673641229,2238000
2024-07-22T18:30:00Z,476.693328671,478.187199928,476.633969549,477.613395075,2713072
2024-07-22T19:30:00Z,477.652967823,478.11804655,476.66364911,477.049483408,3204516
2024-07-22T20:00:00Z,477.049483408,477.944816843,476.718061639,477.168201654,5672457
2024-07-22T21:00:00Z,477.148415279,477.514463203,476.376746683,476.742794607,4167491
2024-07-22T22:00:00Z,476.742794607,476.752687794,476.356960309,476.554824052,70811
2024-07-22T23:00:00Z,476.5943968,477.138522092,476.584503613,476.881299227,65297
2024-07-23T00:00:00Z,476.881299227,476.94065835,476.099737444,476.142476012,81582
2024-07-23T09:00:00Z,477.168201654,477.168201654,474.398109257,475.38742797,98466
2024-07-23T10:00:00Z,475.38742797,476.554824052,475.38742797,476.267921625,54178
2024-07-23T11:00:00Z,476.258028438,477.108842531,476.188776128,476.624076362,47362
2024-07-23T12:00:00Z,476.624076362,477.66286101,476.604289987,477.187988028,299508
2024-07-23T13:00:00Z,477.187988028,477.187988028,475.506146216,476.565112966,301934
2024-07-23T13:30:00Z,476.565112966,476.881299227,476.070057882,476.337173935,175440
2024-07-23T14:30:00Z,476.267921625,478.404850045,475.73368952,477.722220133,5093141
2024-07-23T15:30:00Z,477.722220133,479.255664138,475.565505339,478.761004782,3710892
2024-07-23T16:30:00Z,478.780791156,478.989141677,475.812835017,476.465785367,2842375
2024-07-23T17:30:00Z,476.436105806,476.782367356,475.328068847,476.416319432,2339610
2024-07-23T18:30:00Z,476.332227341,477.227560776,475.951339637,476.356960309,2105534
2024-07-23T19:30:00Z,476.38663987,477.178094841,476.266437647,477.000017472,1492964
2024-07-23T20:00:00Z,476.980231098,476.980231098,475.011486859,475.486359842,2814184
2024-07-23T21:00:00Z,475.516039403,477.742006507,474.87298224,476.020591947,1001801
2024-07-23T22:00:00Z,476.020591947,476.040378321,473.418683731,473.418683731,454079
2024-07-23T23:00:00Z,473.418683731,474.071634082,472.231501276,472.854772065,389639
2024-07-24T00:00:00Z,472.854772065,472.854772065,472.271074024,472.280967211,99454
2024-07-24T09:00:00Z,475.486359842,475.486359842,469.876922739,471.153143879,85594
2024-07-24T10:00:00Z,471.153143879,471.39058037,470.381475282,470.707950458,94526
2024-07-24T11:00:00Z,470.707950458,471.360900808,470.401261657,470.549659464,113410
2024-07-24T12:00:00Z,470.549659464,470.925600575,469.965961423,470.381475282,170808
2024-07-24T13:00:00Z,470.381475282,470.381475282,468.026896746,468.640274348,814014
2024-07-24T13:30:00Z,468.640274348,469.085467768,468.383051482,468.758992593,393372
2024-07-24T14:30:00Z,468.758992593,469.125040517,464.712679057,465.177658852,10026372
2024-07-24T15:30:00Z,465.187552039,465.464561279,462.417459643,463.020944058,5852360
2024-07-24T16:30:00Z,463.030837245,463.49581704,461.259956749,461.49739324,5534593
2024-07-24T17:30:00Z,461.477606865,462.654896134,460.923687318,461.843654789,6156862
2024-07-24T18:30:00Z,461.883227538,462.526284701,460.379463094,460.503127933,4785569
2024-07-24T19:30:00Z,460.508074527,460.735617831,458.628368972,458.766873592,7072368
2024-07-24T20:00:00Z,458.776766779,460.884015638,457.569797949,458.430505229,12927294
2024-07-24T21:00:00Z,458.400825668,460.08266748,458.104030054,459.934269673,4059453
2024-07-24T22:00:00Z,459.934269673,460.033300476,459.390144381,459.548435375,359123
2024-07-24T23:00:00Z,459.548435375,460.725724644,459.548435375,460.072774293,214390
2024-07-25T00:00:00Z,460.072774293,460.379463094,459.855124176,460.033201545,160023
2024-07-25T09:00:00Z,458.430505229,458.87569865,455.106394354,458.331573358,244621
2024-07-25T10:00:00Z,458.331573358,459.113135141,456.817915727,456.986099908,203238
2024-07-25T11:00:00Z,456.986099908,457.589584323,455.94731526,457.273002335,272106
2024-07-25T12:00:00Z,457.273002335,458.519543914,456.768449792,456.798129353,389945
2024-07-25T13:00:00Z,456.798129353,459.2219602,455.680199207,459.2219602,907566
2024-07-25T13:30:00Z,459.172494264,459.459396691,457.787448066,458.707514469,391482
2024-07-25T14:30:00Z,458.766873592,458.994416896,450.763285204,455.442762716,16873509
2024-07-25T15:30:00Z,455.452655903,460.270638036,454.591948623,458.448312966,9267198
2024-07-25T16:30:00Z,458.440398417,462.090984468,457.045459031,461.754616105,5445257
2024-07-25T17:30:00Z,461.784295667,462.941798561,459.508862627,459.953957116,5006730
2024-07-25T18:30:00Z,459.993628796,460.844442889,458.15349599,458.885591837,3996160
2024-07-25T19:30:00Z,458.885591837,459.459396691,456.244110874,458.796553153,4652271
2024-07-25T20:00:00Z,458.73719403,458.954844147,453.157436489,453.375086606,8126463
2024-07-25T21:00:00Z,453.444338916,453.711454968,452.217583712,453.424552542,2935303
2024-07-25T22:00:00Z,453.424552542,453.424552542,452.910106811,453.39487298,153532
2024-07-25T23:00:00Z,453.39487298,454.344618945,453.39487298,453.770814091,314093
2024-07-26T00:00:00Z,453.770814091,454.176434764,453.523484413,454.166541576,77651
2024-07-26T09:00:00Z,453.375086606,459.024096457,453.375086606,458.994416896,98616
2024-07-26T10:00:00Z,458.994416896,459.132921516,458.163389177,458.489864352,145262
2024-07-26T11:00:00Z,458.489864352,458.588796224,457.80723444,457.836914002,84885
2024-07-26T12:00:00Z,457.836914002,458.964737334,457.658836633,458.895485025,232728
2024-07-26T13:00:00Z,458.895485025,459.785871866,457.658836633,458.133709616,887397
2024-07-26T13:30:00Z,458.094136867,458.242534674,457.559904762,457.688516195,245861
2024-07-26T14:30:00Z,457.708302569,458.420612042,454.94810336,457.114711341,8298504
2024-07-26T15:30:00Z,457.104818154,457.698409382,454.859064676,456.471654178,5384007
2024-07-26T16:30:00Z,456.471654178,459.805658241,456.234217687,459.400037568,5874050
2024-07-26T17:30:00Z,459.409930755,460.953267948,459.340678445,460.775190579,4307680
2024-07-26T18:30:00Z,460.775190579,460.874122451,457.460972891,458.106008692,5459909
2024-07-26T19:30:00Z,458.133709616,458.598689411,456.362829119,458.2227483,3423119
2024-07-26T20:00:00Z,458.2227483,458.390932481,456.343042745,458.024884557,4470118
2024-07-26T21:00:00Z,457.995204996,458.381039294,457.836914002,458.01499137,1101230
2024-07-26T22:00:00Z,458.01499137,458.054564119,457.811092783,457.955632247,48549
2024-07-26T23:00:00Z,457.955632247,458.173777023,457.955632247,458.173282364,18655
2024-07-27T00:00:00Z,458.173282364,458.232641487,457.906166312,457.906166312,30019
2024-07-29T09:00:00Z,458.024884557,460.686151895,458.024884557,459.924376486,63219
2024-07-29T10:00:00Z,459.924376486,460.399249468,459.647367246,460.399249468,25593
2024-07-29T11:00:00Z,460.399249468,460.923588386,460.211278913,460.765297392,31344
2024-07-29T12:00:00Z,460.765297392,461.507286427,460.577326837,461.022520258,297175
2024-07-29T13:00:00Z,461.022520258,462.575750637,460.854336076,461.388568181,508109
2024-07-29T13:30:00Z,461.339102246,461.368781807,460.547647275,460.884015638,277148
2024-07-29T14:30:00Z,460.735617831,462.912118999,459.241746574,460.938428167,6354499
2024-07-29T15:30:00Z,460.963161135,461.616111485,457.496588364,458.440398417,3756105
2024-07-29T16:30:00Z,458.450291604,461.992052596,456.684357701,461.111558942,4924823
2024-07-29T17:30:00Z,461.113537579,462.20475612,460.072774293,460.092560667,2233637
2024-07-29T18:30:00Z,460.102453854,461.032413445,458.994416896,459.132921516,2685232
2024-07-29T19:30:00Z,459.133020448,459.894696925,458.341466545,459.657260434,2470171
2024-07-29T20:00:00Z,459.657260434,460.265691442,458.628368972,458.94495096,3296224
2024-07-29T21:00:00Z,458.895485025,459.15270789,458.410718855,459.132921516,942508
2024-07-29T22:00:00Z,459.132921516,459.142814703,458.925164586,459.01420327,237391
2024-07-29T23:00:00Z,459.01420327,459.538542188,458.884701451,459.053776019,42254
2024-07-30T00:00:00Z,459.053776019,459.08345558,456.837702102,457.065245406,73332
2024-07-30T09:00:00Z,459.063669206,460.062881106,458.569009849,459.835337802,66541
2024-07-30T10:00:00Z,459.835337802,460.300317597,458.935057773,459.42971713,47137
2024-07-30T11:00:00Z,459.42971713,460.072774293,459.36046482,459.954056047,26100
2024-07-30T12:00:00Z,459.993628796,460.616899585,459.87491055,460.270638036,86208
2024-07-30T13:00:00Z,460.270638036,460.577326837,460.033201545,460.359775652,223592
2024-07-30T13:30:00Z,460.448715404,460.94337476,460.301306916,460.864229263,165049
2024-07-30T14:30:00Z,460.874122451,461.577528055,457.797341253,457.935944805,5030549
2024-07-30T15:30:00Z,457.955632247,458.217801706,453.434445729,454.552375874,5819563
2024-07-30T16:30:00Z,454.493016752,454.818502608,451.802069852,452.484699764,4196107
2024-07-30T17:30:00Z,452.425340642,452.771602191,449.299093508,451.821856227,4714349
2024-07-30T18:30:00Z,451.827693207,453.998357395,451.356876431,453.355300232,3548530
2024-07-30T19:30:00Z,453.32562067,453.830173214,451.811963039,452.455020203,4662133
2024-07-30T20:00:00Z,452.445127016,454.334725758,451.673557352,452.642990758,6544968
2024-07-30T21:00:00Z,452.524272513,452.850747688,447.478747077,450.703926081,4810481
2024-07-30T22:00:00Z,450.703926081,451.46570149,450.041082543,450.238946286,261907
2024-07-30T23:00:00Z,450.5357419,454.493016752,450.486275964,453.315727483,803598
2024-07-31T00:00:00Z,453.315727483,455.591160523,453.305834296,455.502121839,310400
2024-07-31T09:00:00Z,452.642990758,459.934269673,452.642990758,459.132921516,230360
2024-07-31T10:00:00Z,459.142814703,459.538542188,458.697621282,458.80644634,56522
2024-07-31T11:00:00Z,458.80644634,459.795765053,458.796553153,459.795765053,134290
2024-07-31T12:00:00Z,459.795765053,460.231065287,459.162601077,460.043094732,382009
2024-07-31T13:00:00Z,460.043094732,462.476818766,459.94416286,462.377886894,934743
2024-07-31T13:30:00Z,462.377886894,463.14955549,462.239382274,463.129769116,925297
2024-07-31T14:30:00Z,462.872546251,465.266697536,461.42814093,464.554388063,11082200
2024-07-31T15:30:00Z,464.56428125,465.800929641,463.84207859,465.711890957,4355103
2024-07-31T16:30:00Z,465.692104583,466.325268559,464.485135753,464.762144993,3301846
2024-07-31T17:30:00Z,464.722572244,465.494141908,464.089408268,464.574174437,1987755
2024-07-31T18:30:00Z,464.544494876,465.603065899,462.312196132,465.326056659,3892505
2024-07-31T19:30:00Z,465.405202156,467.739994319,464.034995739,464.534601689,6665801
2024-07-31T20:00:00Z,464.544494876,467.334274715,464.168553765,466.038366132,8094533
2024-07-31T21:00:00Z,465.998793384,469.471302067,465.84050239,468.076362681,1941127
2024-07-31T22:00:00Z,468.076362681,468.442410605,467.670742009,468.323692359,217291
2024-07-31T23:00:00Z,468.323692359,469.451515692,468.11593543,469.194292827,231966
2024-08-01T00:00:00Z,469.194292827,470.470513967,469.194292827,470.223184288,127441
2024-08-01T09:00:00Z,466.038366132,469.827456803,466.038366132,466.740782419,212347
2024-08-01T10:00:00Z,466.641850547,468.551235663,466.542918676,468.224760488,55370
2024-08-01T11:00:00Z,468.224760488,468.650167535,467.552023763,468.264333237,52028
2024-08-01T12:00:00Z,468.264333237,469.25365195,467.848819377,467.97743081,260354
2024-08-01T13:00:00Z,467.97743081,469.946175049,467.453091892,468.333684478,497035
2024-08-01T13:30:00Z,468.333684478,468.640274348,466.166977565,466.730889232,336478
2024-08-01T14:30:00Z,466.720996044,470.470513967,464.821504115,464.851183677,7261496
2024-08-01T15:30:00Z,464.900649612,465.434881717,460.201385726,460.488288152,6983769
2024-08-01T16:30:00Z,460.527860901,460.973054322,457.075138593,457.887369256,7722270
2024-08-01T17:30:00Z,457.871540157,457.94573906,453.927126448,454.60184181,5415153
2024-08-01T18:30:00Z,454.611734997,455.056928418,451.753098576,452.25715646,7901670
2024-08-01T19:30:00Z,452.237370086,453.731241343,451.109546753,453.661989033,6717893
2024-08-01T20:00:00Z,453.67188222,455.709878769,453.038718244,454.750239617,8234478
2024-08-01T21:00:00Z,454.799705553,455.393296781,450.733605642,453.404766167,3961195
2024-08-01T22:00:00Z,453.46412529,453.968677834,451.030401256,452.781495378,516500
2024-08-01T23:00:00Z,452.781495378,453.701561781,450.506062338,451.020508069,312826
2024-08-02T00:00:00Z,451.020508069,453.048611431,450.842430701,452.178010963,213161
2024-08-02T09:00:00Z,448.636249971,448.685715906,446.726864855,447.963513246,149036
2024-08-02T10:00:00Z,447.963513246,447.98329962,446.251991872,447.003874094,135394
2024-08-02T11:00:00Z,447.003874094,448.161376989,445.98487582,447.617251696,165198
2024-08-02T12:00:00Z,447.617251696,448.092124679,446.558680673,446.677398919,335061
2024-08-02T13:00:00Z,446.677398919,448.705502281,442.720124067,444.57015006,2497538
2024-08-02T13:30:00Z,444.57015006,446.469641989,443.551151786,445.787012077,1339392
2024-08-02T14:30:00Z,446.073914504,448.725288655,439.722488367,442.175998775,17760673
2024-08-02T15:30:00Z,442.151265807,443.719335967,440.207254536,441.985554923,12121273
2024-08-02T16:30:00Z,441.992974813,445.584201741,441.612087108,444.649295557,7549655
2024-08-02T17:30:00Z,444.63940237,445.678187019,442.017707781,442.116639652,5087871
2024-08-02T18:30:00Z,442.096853278,443.808374651,441.191626655,443.768801903,4049227
2024-08-02T19:30:00Z,443.749015529,444.599829622,442.225464711,443.753962122,5016257
2024-08-02T20:00:00Z,443.739122341,444.401965879,441.602193921,443.956772458,7808679
2024-08-02T21:00:00Z,443.996345207,444.075490704,442.591512634,442.878415061,2232292
2024-08-02T22:00:00Z,442.77948319,443.353288043,442.769590003,442.927880997,191568
2024-08-02T23:00:00Z,442.927880997,443.204890236,442.532153512,442.947667371,115303
2024-08-03T00:00:00Z,442.947667371,442.957560558,442.621192196,442.720124067,28398
2024-08-05T09:00:00Z,443.956772458,443.956772458,425.822560449,426.574442671,489194
2024-08-05T10:00:00Z,426.574442671,427.999061618,422.973322556,426.277647057,442781
2024-08-05T11:00:00Z,426.168821999,426.238074308,422.033469778,425.397153402,427902
2024-08-05T12:00:00Z,425.397153402,426.297433431,420.955112381,422.231333521,1225297
2024-08-05T13:00:00Z,422.231333521,423.725204777,415.51385946,419.273270569,3298112
2024-08-05T13:30:00Z,419.273270569,423.458088725,419.273270569,419.85696861,1713413
2024-08-05T14:30:00Z,420.173550598,433.390848603,418.927009019,427.296645331,22007975
2024-08-05T15:30:00Z,427.306538518,435.211195035,427.118567963,433.153412112,11661635
2024-08-05T16:30:00Z,433.143518925,437.565773572,431.877190973,437.43716214,9002386
2024-08-05T17:30:00Z,437.422322359,437.422322359,431.154988312,432.906082434,6340219
2024-08-05T18:30:00Z,432.906082434,434.657176556,430.165669599,431.550715797,6471912
2024-08-05T19:30:00Z,431.501249862,432.173986586,428.107886676,430.205242348,9194894
2024-08-05T20:00:00Z,430.165669599,431.382531616,428.592652845,430.719688078,11467204
2024-08-05T21:00:00Z,431.105522376,434.597817433,430.591076646,434.014119393,3181854
2024-08-05T22:00:00Z,433.94575747,434.558244685,433.529353223,434.558244685,181003
2024-08-05T23:00:00Z,434.60771062,436.784211789,434.60771062,435.448631526,396356
2024-08-06T00:00:00Z,435.448631526,437.387696204,435.329913281,437.387696204,166181
2024-08-06T09:00:00Z,430.719688078,437.971394245,430.719688078,434.914399421,200631
2024-08-06T10:00:00Z,434.914399421,434.914399421,431.145095125,432.797257376,190285
2024-08-06T11:00:00Z,432.797257376,435.141942725,432.015695592,434.766001614,154520
2024-08-06T12:00:00Z,434.766001614,436.81389135,433.697537404,435.349699655,344001
2024-08-06T13:00:00Z,435.349699655,435.567349772,432.104734277,432.74779144,634101
2024-08-06T13:30:00Z,432.74779144,433.865721586,432.332277581,433.044587054,690278
2024-08-06T14:30:00Z,432.559820884,436.220300123,429.918339921,434.627496995,13464342
2024-08-06T15:30:00Z,434.647283369,438.881567461,433.826148837,435.191408661,7889405
2024-08-06T16:30:00Z,435.221088222,439.841206612,435.171622287,438.723276466,5624265
2024-08-06T17:30:00Z,438.752956028,441.483475676,438.337442168,440.870098074,6026544
2024-08-06T18:30:00Z,440.879991261,441.829737225,439.841206612,441.661553044,4535728
2024-08-06T19:30:00Z,441.681339418,442.29471702,437.150259713,438.921140209,9185217
2024-08-06T20:00:00Z,438.95081977,439.326760881,434.726428866,434.835253924,8572397
2024-08-06T21:00:00Z,434.914399421,437.278871146,432.460889013,433.222664422,4901521
2024-08-06T22:00:00Z,433.222664422,433.380955416,430.690008517,431.244026996,314620
2024-08-06T23:00:00Z,431.244026996,434.033905767,431.244026996,432.965441557,405645
2024-08-07T00:00:00Z,432.965441557,433.697537404,431.827725037,432.015695592,182901
2024-08-07T09:00:00Z,434.835253924,440.246827285,434.835253924,440.246827285,192749
2024-08-07T10:00:00Z,440.246827285,441.443902927,439.752167928,440.71180708,81046
2024-08-07T11:00:00Z,440.71180708,441.64176667,440.405118279,441.424116553,87605
2024-08-07T12:00:00Z,441.424116553,441.869309974,439.959924858,440.246827285,261446
2024-08-07T13:00:00Z,440.246827285,441.651659857,440.098429478,441.22625281,449100
2024-08-07T13:30:00Z,441.166893688,441.928669097,440.543622898,441.928669097,221249
2024-08-07T14:30:00Z,441.720912167,444.204102137,440.553516086,441.216359623,9682561
2024-08-07T15:30:00Z,441.275718746,443.966665645,440.800845764,442.027600968,4821943
2024-08-07T16:30:00Z,442.017707781,442.512367137,437.605346321,440.038971423,5207607
2024-08-07T17:30:00Z,439.989604419,440.256720472,434.578031059,435.646495269,10932668
2024-08-07T18:30:00Z,435.631655488,436.774318602,431.273706558,432.807150563,8172657
2024-08-07T19:30:00Z,432.777471001,434.399953691,430.897765447,433.034693867,7832853
2024-08-07T20:00:00Z,433.02480068,433.60849872,429.730369365,430.126096851,5402081
2024-08-07T21:00:00Z,430.175562786,430.838406324,427.019636092,427.4747227,1714141
2024-08-07T22:00:00Z,427.4747227,427.98916843,427.247179396,427.830877436,133201
2024-08-07T23:00:00Z,427.830877436,429.067525828,427.623120507,428.424468664,228720
2024-08-08T00:00:00Z,428.424468664,428.493720974,424.882707672,427.049315653,306750
2024-08-08T09:00:00Z,430.126096851,430.848299511,428.661905155,430.798833575,120083
2024-08-08T10:00:00Z,430.848299511,431.283599745,428.879555272,429.789728488,80569
2024-08-08T11:00:00Z,429.789728488,430.848299511,429.037846266,430.284387845,64531
2024-08-08T12:00:00Z,430.284387845,431.085736002,429.502826061,430.779047201,255168
2024-08-08T13:00:00Z,430.779047201,435.755320327,429.948019482,434.736322053,1340101
2024-08-08T13:30:00Z,434.736322053,436.922716409,434.488992375,436.408270678,564837
2024-08-08T14:30:00Z,436.348911555,440.177574975,432.480675387,439.999497606,10426288
2024-08-08T15:30:00Z,440.039070355,441.325184682,438.634237782,440.029177168,5421445
2024-08-08T16:30:00Z,440.048963542,442.077066904,439.396013191,441.335077869,3790899
2024-08-08T17:30:00Z,441.354864243,442.789376377,439.475158688,442.759696816,3952358
2024-08-08T18:30:00Z,442.789376377,444.194208949,442.601405821,443.175210675,4009398
2024-08-08T19:30:00Z,443.185103862,443.749015529,441.335077869,441.493368863,4842911
2024-08-08T20:00:00Z,441.513155237,443.867733774,440.583195647,443.284035733,9834208
2024-08-08T21:00:00Z,443.36318123,445.104382165,443.264249359,444.362393131,2667244
2024-08-08T22:00:00Z,444.362393131,444.441538628,443.610510909,444.097651443,279844
2024-08-08T23:00:00Z,444.097651443,444.628519864,443.610510909,444.223888511,114118
2024-08-09T00:00:00Z,444.223888511,445.668293832,444.223888511,445.341818656,126621
2024-08-09T09:00:00Z,443.284035733,446.726864855,443.284035733,446.251991872,97740
2024-08-09T10:00:00Z,446.251991872,446.548787486,445.173634475,445.895837136,89984
2024-08-09T11:00:00Z,445.895837136,445.895837136,444.352499943,444.787800177,81829
2024-08-09T12:00:00Z,444.787800177,445.440750528,442.908094622,443.758908716,370020
2024-08-09T13:00:00Z,443.758908716,443.768801903,440.335865969,441.374650617,911757
2024-08-09T13:30:00Z,441.374650617,442.156212401,440.870098074,442.017707781,337160
2024-08-09T14:30:00Z,441.968241845,444.718547867,440.850311699,442.98724012,7687877
2024-08-09T15:30:00Z,443.046599242,445.005450294,441.631873483,443.284035733,3955479
2024-08-09T16:30:00Z,443.343394856,444.263461259,442.067173716,442.690444506,3051166
2024-08-09T17:30:00Z,442.650871757,446.815903539,442.581619447,446.815903539,3699781
2024-08-09T18:30:00Z,446.815903539,447.231417398,444.70865468,445.19342085,4042223
2024-08-09T19:30:00Z,445.19342085,446.12338044,444.619615996,445.668293832,3416174
2024-08-09T20:00:00Z,445.663347238,446.271778247,444.926304797,445.599041522,4780333
2024-08-09T21:00:00Z,445.678187019,445.994769007,445.302245908,445.480323276,985949
2024-08-09T22:00:00Z,445.480323276,446.083807691,445.401177779,445.70786658,49659
2024-08-09T23:00:00Z,445.70786658,445.955196259,445.599041522,445.737546142,24680
2024-08-10T00:00:00Z,445.737546142,445.925516697,445.658400645,445.787012077,19927
2024-08-12T09:00:00Z,445.599041522,447.607358509,445.599041522,446.400389679,35612
2024-08-12T10:00:00Z,446.400389679,446.993980907,446.390496492,446.855476287,9562
2024-08-12T11:00:00Z,446.855476287,447.211631024,446.360816931,446.934621784,14652
2024-08-12T12:00:00Z,446.934621784,447.498533451,446.489428364,447.073126404,127423
2024-08-12T13:00:00Z,447.073126404,447.716183568,446.786223977,447.033553656,200192
2024-08-12T13:30:00Z,447.033553656,447.280883334,446.439962428,446.558680673,137385
2024-08-12T14:30:00Z,446.568573861,448.616463596,443.763459582,447.874474562,6561889
2024-08-12T15:30:00Z,447.884367749,449.516743625,445.045023043,446.311350995,5024535
2024-08-12T16:30:00Z,446.291564621,448.715395468,445.381391405,447.839848407,4125249
2024-08-12T17:30:00Z,447.765649503,448.319667983,445.510002838,446.83074332,2180633
2024-08-12T18:30:00Z,446.875262662,447.280091879,445.242886785,446.113487253,2766614
2024-08-12T19:30:00Z,446.004662194,446.766437603,445.747439329,446.064021317,1821219
2024-08-12T20:00:00Z,446.083807691,446.697185293,445.12416854,446.558680673,3346379
2024-08-12T21:00:00Z,446.667505732,446.944514972,446.034341756,446.291564621,1365236
2024-08-12T22:00:00Z,446.291564621,446.519107925,446.205394961,446.519107925,10970
2024-08-12T23:00:00Z,446.519107925,446.746651229,446.281671434,446.519107925,40115
2024-08-13T00:00:00Z,446.519107925,447.172058276,446.380603305,446.835689913,47325
2024-08-13T09:00:00Z,446.558680673,449.932257485,446.558680673,449.081443392,102580
2024-08-13T10:00:00Z,449.081443392,449.487064064,448.754968216,449.111122953,17813
2024-08-13T11:00:00Z,449.111122953,449.111122953,446.806010352,447.033553656,171133
2024-08-13T12:00:00Z,447.033553656,448.309774795,446.77633079,448.309774795,113112
2024-08-13T13:00:00Z,448.309774795,451.040294443,448.276137959,450.832537514,969817
2024-08-13T13:30:00Z,450.852323888,451.525060613,450.238946286,451.317303683,291244
2024-08-13T14:30:00Z,450.951255759,453.315727483,450.812751139,452.900213624,7340331
2024-08-13T15:30:00Z,452.890320437,454.611734997,451.755571873,454.423764442,3832458
2024-08-13T16:30:00Z,454.39408488,455.818703827,454.146755202,455.496086995,3861901
2024-08-13T17:30:00Z,455.482335465,457.243322774,455.096501167,456.817915727,3987227
2024-08-13T18:30:00Z,456.827808914,457.134497715,455.304258096,456.837702102,3310833
2024-08-13T19:30:00Z,456.847595289,457.193856838,455.967101634,456.629945172,4271854
2024-08-13T20:00:00Z,456.610158798,457.906166312,456.432081429,457.639050259,8021956
2024-08-13T21:00:00Z,457.678623008,458.094136867,457.183963651,457.579691136,3619967
2024-08-13T22:00:00Z,457.579691136,457.955632247,457.371934207,457.579691136,51605
2024-08-13T23:00:00Z,457.559904762,458.104030054,457.302681897,457.559904762,60805
2024-08-14T00:00:00Z,457.510438826,458.094136867,457.460972891,458.005098183,67373
2024-08-14T09:00:00Z,457.639050259,457.965525434,456.778342979,457.401613768,69208
2024-08-14T10:00:00Z,457.352147832,457.678623008,457.094924967,457.589584323,75331
2024-08-14T11:00:00Z,457.589584323,458.163389177,457.589584323,457.767661692,34293
2024-08-14T12:00:00Z,457.767661692,458.123816428,457.510438826,457.866593563,106084
2024-08-14T13:00:00Z,457.866593563,459.251639761,455.343830845,458.420612042,1378350
2024-08-14T13:30:00Z,458.450291604,458.94495096,458.212855113,458.519543914,302449
2024-08-14T14:30:00Z,458.559116662,459.469289878,454.473230377,455.477388871,8762208
2024-08-14T15:30:00Z,455.502121839,457.87648675,453.503698039,457.846807189,5120289
2024-08-14T16:30:00Z,457.87648675,460.14133408,456.313363184,457.030619251,5133062
2024-08-14T17:30:00Z,457.025969453,457.728088943,455.729665143,457.312575084,2807356
2024-08-14T18:30:00Z,457.282895522,457.649042378,456.372722306,457.391720581,2655560
2024-08-14T19:30:00Z,457.362041019,457.965525434,456.224324499,456.66951792,3198339
2024-08-14T20:00:00Z,456.689304295,458.677834908,456.372722306,457.787448066,4174173
2024-08-14T21:00:00Z,457.87648675,459.142814703,457.747875317,458.747087218,769369
2024-08-14T22:00:00Z,458.747087218,459.123028329,458.252427861,458.964737334,94640
2024-08-14T23:00:00Z,458.964737334,458.964737334,458.212855113,458.351359732,62906
2024-08-15T00:00:00Z,458.351359732,458.73719403,457.718195756,457.866593563,136294
2024-08-15T09:00:00Z,457.787448066,460.062881106,457.787448066,458.865805463,32773
2024-08-15T10:00:00Z,458.865805463,459.400037568,458.865805463,459.320892071,28940
2024-08-15T11:00:00Z,459.320892071,459.439610317,458.074350493,458.074350493,51890
2024-08-15T12:00:00Z,458.074350493,459.736405931,457.955632247,459.261532948,166418
2024-08-15T13:00:00Z,459.261532948,464.138874203,458.756980405,463.367205607,1316843
2024-08-15T13:30:00Z,463.367205607,464.079515081,462.93487333,464.069621894,401921
2024-08-15T14:30:00Z,463.753039905,466.988112097,463.377098794,466.671530109,10095059
2024-08-15T15:30:00Z,466.70120967,467.918071687,466.473666366,467.294800898,4473230
2024-08-15T16:30:00Z,467.334373646,468.927176774,467.096937155,468.847932345,3418472
2024-08-15T17:30:00Z,468.848031277,468.897497213,467.581703325,468.284119611,2950492
2024-08-15T18:30:00Z,468.274226424,469.461408879,468.274226424,469.214079201,2543270
2024-08-15T19:30:00Z,469.233865575,469.451515692,468.76888578,469.223972388,3258835
2024-08-15T20:00:00Z,469.214079201,469.748311306,468.303905985,469.352583821,7325497
2024-08-15T21:00:00Z,469.411942944,469.461408879,468.749099406,468.937069962,1917447
2024-08-15T22:00:00Z,468.937069962,468.986535897,468.808458529,468.9073904,148319
2024-08-15T23:00:00Z,468.956856336,469.876922739,468.848031277,469.748014511,75983
2024-08-16T00:00:00Z,469.748014511,470.579339025,469.718631745,469.926388675,103379
2024-08-16T09:00:00Z,469.352583821,471.11357113,469.352583821,470.490300341,90608
2024-08-16T10:00:00Z,470.490300341,470.866241452,470.223184288,470.341902534,39141
2024-08-16T11:00:00Z,470.341902534,470.341902534,469.293224698,469.718631745,62221
2024-08-16T12:00:00Z,469.718631745,469.9066023,468.689740283,468.735248944,222270
2024-08-16T13:00:00Z,468.735248944,469.04589502,466.315375372,467.007898471,909088
2024-08-16T13:30:00Z,467.007898471,467.759780693,466.918859787,467.601489699,438206
2024-08-16T14:30:00Z,467.571810138,469.728524932,466.612170986,469.174506453,11222439
2024-08-16T15:30:00Z,469.174506453,469.708738558,467.433305518,468.234653675,6375473
2024-08-16T16:30:00Z,468.284119611,470.380683828,468.125828617,470.233077476,3314168
2024-08-16T17:30:00Z,470.242970663,471.32132806,470.084679669,470.787095955,2340470
2024-08-16T18:30:00Z,470.777202768,470.994852885,469.669066877,470.223184288,2255670
2024-08-16T19:30:00Z,470.242970663,470.529873089,469.787884055,469.926388675,2973786
2024-08-16T20:00:00Z,469.936281862,470.173718353,469.204186014,469.956068236,3474049
2024-08-16T21:00:00Z,469.936281862,470.381475282,469.867029552,470.025320546,4732339
2024-08-16T22:00:00Z,470.025320546,470.073797163,469.926388675,470.064893294,40212
2024-08-16T23:00:00Z,470.064893294,470.064893294,469.481195254,469.530661189,55696
2024-08-17T00:00:00Z,469.530661189,469.530661189,469.174506453,469.214079201,60483
2024-08-19T09:00:00Z,469.956068236,469.956068236,468.195080927,469.233865575,81556
2024-08-19T10:00:00Z,469.233865575,469.560340751,468.640274348,469.510874815,19659
2024-08-19T11:00:00Z,469.510874815,470.055000107,469.392156569,469.431729318,57073
2024-08-19T12:00:00Z,469.431729318,470.371582095,469.421836131,470.223184288,113812
2024-08-19T13:00:00Z,470.223184288,470.796989142,470.153931978,470.490300341,192264
2024-08-19T13:30:00Z,470.490300341,470.886027826,469.995640984,470.025320546,160708
2024-08-19T14:30:00Z,470.094572856,470.589232212,468.313799172,470.242970663,5142187
2024-08-19T15:30:00Z,470.262757037,471.806094229,469.807670429,471.341114434,2532178
2024-08-19T16:30:00Z,471.331221247,471.855560165,470.440834405,471.480707304,1820616
2024-08-19T17:30:00Z,471.430153118,472.45904458,471.059158601,472.172142153,2445458
2024-08-19T18:30:00Z,472.201821714,473.408790544,471.984171598,473.354378015,2061078
2024-08-19T19:30:00Z,473.359819268,474.398109257,473.309858673,474.348742253,2299128
2024-08-19T20:00:00Z,474.328856947,476.168989754,473.853983965,476.129417005,4751527
2024-08-19T21:00:00Z,476.139310192,476.406426245,475.506146216,475.981019198,1521727
2024-08-19T22:00:00Z,475.981019198,476.129417005,475.94144645,476.099737444,332556
2024-08-19T23:00:00Z,476.099737444,476.554824052,476.099737444,476.396533058,143424
2024-08-20T00:00:00Z,476.396533058,476.505358116,476.089844256,476.099737444,62751
2024-08-20T09:00:00Z,476.129417005,477.45510408,475.990912385,476.505358116,91178
2024-08-20T10:00:00Z,476.505358116,477.207774402,476.505358116,476.703221859,23235
2024-08-20T11:00:00Z,476.703221859,477.000017472,476.485571742,476.673542297,47318
2024-08-20T12:00:00Z,476.673542297,476.950551537,476.307494373,476.554824052,126947
2024-08-20T13:00:00Z,476.554824052,476.673542297,475.832621391,475.961232824,331918
2024-08-20T13:30:00Z,475.961232824,476.000805572,475.070845982,475.278602912,608411
2024-08-20T14:30:00Z,475.219243789,477.781579256,474.843302678,475.367641596,6987751
2024-08-20T15:30:00Z,475.367641596,475.644650836,473.438470106,474.576186626,4415680
2024-08-20T16:30:00Z,474.52672069,476.208562502,474.368429696,475.065899389,2850852
2024-08-20T17:30:00Z,475.021380046,475.308282473,473.537401977,474.516827503,2729234
2024-08-20T18:30:00Z,474.52672069,476.388618508,474.220031889,476.000113049,2711624
2024-08-20T19:30:00Z,476.000805572,476.361906903,475.288496099,475.357748409,3197084
2024-08-20T20:00:00Z,475.367641596,476.198669315,474.902661801,475.130205105,3451148
2024-08-20T21:00:00Z,475.100525543,475.555612151,474.87298224,474.932341362,940225
2024-08-20T22:00:00Z,474.932341362,474.991700485,474.478343005,474.625652561,576577
2024-08-20T23:00:00Z,474.625652561,475.149991479,474.516827503,474.675118497,144511
2024-08-21T00:00:00Z,474.675118497,474.87298224,474.477254754,474.488335124,65717
2024-08-21T09:00:00Z,475.130205105,475.516039403,474.764157181,475.021380046,32946
2024-08-21T10:00:00Z,475.021380046,475.169777853,474.694904871,474.774050368,9674
2024-08-21T11:00:00Z,474.774050368,475.921660075,474.774050368,475.882087327,40136
2024-08-21T12:00:00Z,475.882087327,476.277814812,475.466573467,475.713903146,90199
2024-08-21T13:00:00Z,475.713903146,476.376746683,475.466573467,475.812835017,147292
2024-08-21T13:30:00Z,475.812835017,476.208562502,475.793048643,475.87219414,108079
2024-08-21T14:30:00Z,475.911766888,477.544142765,475.219243789,476.693427603,4492855
2024-08-21T15:30:00Z,476.713115046,479.196305015,474.942234549,476.430169894,5808236
2024-08-21T16:30:00Z,476.475678555,476.572532857,474.200245515,475.822728204,2303434
2024-08-21T17:30:00Z,475.812835017,476.841726478,475.73368952,476.198768247,1802133
2024-08-21T18:30:00Z,476.218455689,478.108054431,476.218455689,478.018916815,2957293
2024-08-21T19:30:00Z,478.019015747,478.493888729,475.614971274,476.535136609,3252812
2024-08-21T20:00:00Z,476.554824052,477.771686069,476.149203379,477.346279022,3329365
2024-08-21T21:00:00Z,477.415531332,477.860724753,476.80215373,477.761792881,1167922
2024-08-21T22:00:00Z,477.761792881,477.761792881,477.5936087,477.652967823,118686
2024-08-21T23:00:00Z,477.652967823,478.256452238,477.603501887,478.058588495,44240
2024-08-22T00:00:00Z,478.058588495,478.157520367,477.860724753,478.157520367,46294
2024-08-22T09:00:00Z,477.346279022,477.87061794,477.296813086,477.742006507,21862
2024-08-22T10:00:00Z,477.742006507,478.137733992,477.702433759,477.702433759,27219
2024-08-22T11:00:00Z,477.702433759,478.741218407,477.702433759,478.721432033,22178
2024-08-22T12:00:00Z,478.721432033,479.413955132,478.5928206,479.186411828,121553
2024-08-22T13:00:00Z,479.186411828,479.592032501,478.335597735,479.305130074,329088
2024-08-22T13:30:00Z,479.305130074,479.79978943,479.265557325,479.631605249,115021
2024-08-22T14:30:00Z,479.66128481,480.35380791,476.980231098,477.783557893,5167563
2024-08-22T15:30:00Z,477.756846288,477.756846288,475.120311918,475.214297195,3991809
2024-08-22T16:30:00Z,475.219243789,475.486359842,471.707162358,475.298389286,5879735
2024-08-22T17:30:00Z,475.31817566,475.693127453,472.003957972,472.815100385,3908144
2024-08-22T18:30:00Z,472.785519755,472.969038376,469.792830648,471.632963454,5189769
2024-08-22T19:30:00Z,471.632963454,471.964385223,469.609806686,469.708738558,3609900
2024-08-22T20:00:00Z,469.738418119,470.510086715,468.749099406,469.777990868,7134925
2024-08-22T21:00:00Z,469.758204493,470.826668703,469.362477008,470.421048031,1962806
2024-08-22T22:00:00Z,470.421048031,470.994852885,470.421048031,470.994852885,72299
2024-08-22T23:00:00Z,470.777202768,470.984959697,470.490300341,470.886027826,130768
2024-08-23T00:00:00Z,470.886027826,471.054212007,470.638698148,471.054212007,55813
2024-08-23T09:00:00Z,469.777990868,473.04274262,469.777990868,473.003169872,53422
2024-08-23T10:00:00Z,473.003169872,473.25049955,472.488724141,473.220819989,29916
2024-08-23T11:00:00Z,473.201033615,474.081527269,473.201033615,473.725372532,146519
2024-08-23T12:00:00Z,473.725372532,473.883663527,473.280179112,473.66601341,112755
2024-08-23T13:00:00Z,473.66601341,474.190352328,473.270285924,474.140886392,259381
2024-08-23T13:30:00Z,474.140886392,474.625652561,473.883663527,474.18045914,415150
2024-08-23T14:30:00Z,474.121100018,477.583715513,472.914131188,477.037017992,8741647
2024-08-23T15:30:00Z,477.108842531,477.336385835,470.895921013,474.408002444,7505690
2024-08-23T16:30:00Z,474.447575193,475.555612151,471.133357504,471.845666978,3995806
2024-08-23T17:30:00Z,471.855560165,473.557188351,470.203397914,473.359324609,3017643
2024-08-23T18:30:00Z,473.418683731,474.368429696,473.290072299,473.952915836,3349794
2024-08-23T19:30:00Z,473.972702211,475.229136976,472.884451626,475.115365324,2867840
2024-08-23T20:00:00Z,475.140098292,475.407214345,473.38900417,474.87298224,4317016
2024-08-23T21:00:00Z,474.892768614,475.060952795,474.546507064,474.605866187,1099135
2024-08-23T22:00:00Z,474.605866187,474.863089052,474.605866187,474.833409491,107836
2024-08-23T23:00:00Z,474.833409491,474.902562869,474.774050368,474.774050368,17519
2024-08-24T00:00:00Z,474.774050368,475.110418731,474.774050368,474.942234549,24441
2024-08-26T09:00:00Z,474.87298224,476.297601186,474.87298224,476.297601186,29964
2024-08-26T10:00:00Z,476.297601186,476.297601186,475.911766888,476.109630631,26986
2024-08-26T11:00:00Z,476.109630631,476.267921625,475.219243789,475.417107532,53733
2024-08-26T12:00:00Z,475.417107532,475.674330397,473.982595398,474.615759374,156678
2024-08-26T13:00:00Z,474.615759374,474.991601553,474.002381772,474.655332123,202854
2024-08-26T13:30:00Z,474.655332123,474.833409491,474.299177386,474.546507064,105800
2024-08-26T14:30:00Z,474.328856947,475.24892335,470.609018586,470.866241452,5362751
2024-08-26T15:30:00Z,470.826668703,471.232289376,468.18518774,470.668377709,5789526
2024-08-26T16:30:00Z,470.529873089,470.9058142,469.055788207,470.831615297,2870061
2024-08-26T17:30:00Z,470.826668703,471.469725867,469.985747797,470.292436598,2461624
2024-08-26T18:30:00Z,470.32211616,470.529873089,468.373158295,469.926388675,3069318
2024-08-26T19:30:00Z,469.896709113,471.006427913,469.728524932,470.109412636,2329885
2024-08-26T20:00:00Z,470.094572856,470.398986224,469.411942944,470.262757037,3821863
2024-08-26T21:00:00Z,470.282543411,470.332009347,469.194292827,469.253553018,969543
2024-08-26T22:00:00Z,469.253553018,469.688952183,469.204186014,469.32290426,102139
2024-08-26T23:00:00Z,469.32290426,469.777990868,468.600701599,468.9073904,86338
2024-08-27T00:00:00Z,468.9073904,469.876922739,468.83813809,469.728524932,99835
2024-08-27T09:00:00Z,470.262757037,471.568657738,470.015427359,470.935493762,37206
2024-08-27T10:00:00Z,470.935493762,471.598337299,470.935493762,471.301541686,22067
2024-08-27T11:00:00Z,471.301541686,471.301541686,469.540554376,469.936281862,28108
2024-08-27T12:00:00Z,469.97585461,470.796989142,469.372370195,470.39136847,106776
2024-08-27T13:00:00Z,470.39136847,470.39136847,468.18518774,468.452303792,267518
2024-08-27T13:30:00Z,468.452303792,468.729313032,467.591596512,468.590808412,236757
2024-08-27T14:30:00Z,468.63038116,471.301541686,466.671530109,471.192716627,6314573
2024-08-27T15:30:00Z,471.192716627,472.736053819,471.014639259,471.093784756,5688481
2024-08-27T16:30:00Z,471.083891569,471.469725867,469.97585461,471.054212007,2746288
2024-08-27T17:30:00Z,471.054212007,472.261180837,470.104466043,472.133459791,2742241
2024-08-27T18:30:00Z,472.18203534,472.68164129,471.430153118,471.994064785,2583030
2024-08-27T19:30:00Z,471.934705662,472.152355779,471.261968937,471.657696422,2071448
2024-08-27T20:00:00Z,471.647803235,472.152355779,471.25207575,471.667589609,2835804
2024-08-27T21:00:00Z,471.746735106,471.934705662,471.163037066,471.261968937,1606653
2024-08-27T22:00:00Z,471.261968937,471.39058037,471.232289376,471.301541686,19373
2024-08-27T23:00:00Z,471.301541686,471.548871364,469.97585461,470.32211616,102290
2024-08-28T00:00:00Z,470.32211616,470.638698148,469.609806686,470.173718353,125512
2024-08-28T09:00:00Z,471.667589609,472.696481071,471.32132806,472.577762825,52488
2024-08-28T10:00:00Z,472.577762825,472.716267445,472.083103469,472.25128765,24771
2024-08-28T11:00:00Z,472.25128765,472.350219521,472.013851159,472.152355779,14381
2024-08-28T12:00:00Z,472.152355779,472.18203534,470.866241452,471.064105194,101001
2024-08-28T13:00:00Z,471.064105194,471.667589609,470.767309581,471.637910048,146843
2024-08-28T13:30:00Z,471.637910048,471.707162358,470.500193528,471.163037066,150964
2024-08-28T14:30:00Z,471.202609814,471.924812475,468.531449289,470.094572856,4851743
2024-08-28T15:30:00Z,470.084679669,470.39136847,464.316951572,465.474454466,6123277
2024-08-28T16:30:00Z,465.464561279,466.765515386,464.890756425,465.721784144,3381331
2024-08-28T17:30:00Z,465.692104583,467.413519143,465.533813589,466.483559553,2290773
2024-08-28T18:30:00Z,466.510469022,466.819927916,462.892332625,464.059728706,6207950
2024-08-28T19:30:00Z,464.020155958,467.304694085,463.733253531,467.11672353,5241645
2024-08-28T20:00:00Z,467.11672353,467.720207945,465.97900701,466.315375372,4183066
2024-08-28T21:00:00Z,466.315375372,467.057364407,461.447927304,463.505710227,3487559
2024-08-28T22:00:00Z,463.505710227,463.792612654,461.220384,461.398461368,543859
2024-08-28T23:00:00Z,461.329209059,462.407566456,459.597901311,460.329997158,409094
2024-08-29T00:00:00Z,460.329997158,461.022520258,460.329997158,460.834549702,177093
2024-08-29T09:00:00Z,466.315375372,466.384627682,463.377098794,466.137298004,156846
2024-08-29T10:00:00Z,466.137298004,468.303905985,466.058152507,467.937858061,153832
2024-08-29T11:00:00Z,468.036789933,468.551235663,466.720996044,467.027684845,103732
2024-08-29T12:00:00Z,467.027684845,468.036789933,466.305482185,467.453091892,268458
2024-08-29T13:00:00Z,467.453091892,468.501769728,466.899073413,467.522344202,578125
2024-08-29T13:30:00Z,467.522344202,468.363265108,467.383839582,468.214867301,283369
2024-08-29T14:30:00Z,468.224760488,472.66680151,467.730101132,470.61554809,9481846
2024-08-29T15:30:00Z,470.628804961,472.825092504,470.480407154,471.291648498,5105065
2024-08-29T16:30:00Z,471.331221247,472.736053819,471.064105194,472.221608089,2751693
2024-08-29T17:30:00Z,472.201821714,472.775626568,470.648591335,471.04431882,3061719
2024-08-29T18:30:00Z,471.054212007,471.499405428,467.927964874,468.219319235,4307613
2024-08-29T19:30:00Z,468.224760488,468.224760488,464.358502958,465.949327448,8111507
2024-08-29T20:00:00Z,465.969113823,467.423412331,465.058940607,465.63274546,4861768
2024-08-29T21:00:00Z,465.682211396,467.136509904,465.652531834,466.998005284,1596420
2024-08-29T22:00:00Z,466.998005284,467.096937155,466.889180226,466.958432536,209068
2024-08-29T23:00:00Z,466.958432536,467.284907711,466.117511629,466.661636922,92931
2024-08-30T00:00:00Z,466.661636922,466.889180226,466.445569715,466.572598237,35235
2024-08-30T09:00:00Z,465.63274546,469.283331511,465.63274546,469.006322271,39767
2024-08-30T10:00:00Z,469.006322271,469.214079201,468.808458529,469.154720078,24613
2024-08-30T11:00:00Z,469.154720078,469.599913499,468.600701599,469.599913499,60894
2024-08-30T12:00:00Z,469.599913499,469.659272622,468.937069962,469.194292827,131819
2024-08-30T13:00:00Z,469.194292827,470.341902534,468.808458529,469.18439964,466950
2024-08-30T13:30:00Z,469.18439964,470.035213733,468.937069962,469.787884055,135153
2024-08-30T14:30:00Z,469.965961423,471.637910048,468.9073904,469.723578338,6905167
2024-08-30T15:30:00Z,469.718631745,471.083891569,467.255228149,467.759780693,5429724
2024-08-30T16:30:00Z,467.730101132,468.145614991,466.483559553,466.61711758,3394817
2024-08-30T17:30:00Z,466.651743734,468.501769728,465.484347653,467.720207945,3767419
2024-08-30T18:30:00Z,467.76967388,468.392944669,466.998005284,467.967537623,2097735
2024-08-30T19:30:00Z,467.97743081,470.144038791,467.957644436,470.055099039,3124942
2024-08-30T20:00:00Z,470.069839888,471.806094229,469.055788207,471.18282344,6666970
2024-08-30T21:00:00Z,471.301541686,471.618123674,470.816775516,470.915707388,1109232
2024-08-30T22:00:00Z,470.915707388,471.090915732,470.866340384,471.034425633,140021
2024-08-30T23:00:00Z,471.034425633,471.064105194,471.004746072,471.054212007,17362
2024-08-31T00:00:00Z,471.054212007,471.192716627,471.014639259,471.172930253,14102
2024-09-03T09:00:00Z,471.18282344,471.756628294,468.650167535,468.669953909,80665
2024-09-03T10:00:00Z,468.669953909,468.986535897,467.393732769,467.987323997,87117
2024-09-03T11:00:00Z,467.987323997,468.857924464,467.641062447,468.669953909,71651
2024-09-03T12:00:00Z,468.669953909,468.897497213,467.670742009,468.600701599,136645
2024-09-03T13:00:00Z,468.600701599,469.144826891,468.165401365,468.234653675,198630
2024-09-03T13:30:00Z,468.234653675,468.897497213,467.829033003,468.18518774,131364
2024-09-03T14:30:00Z,468.145614991,468.274226424,463.485923853,464.297165198,9068239
2024-09-03T15:30:00Z,464.257592449,464.267485636,460.250851661,461.413301149,7624535
2024-09-03T16:30:00Z,461.388568181,462.100877655,459.963949235,460.676258708,3918588
2024-09-03T17:30:00Z,460.656472334,460.953267948,459.726512743,460.785083766,2991062
2024-09-03T18:30:00Z,460.775190579,460.903802012,457.401613768,457.540118388,4605733
2024-09-03T19:30:00Z,457.540118388,458.489864352,457.253215961,457.480759265,4540298
2024-09-03T20:00:00Z,457.490652452,457.728088943,454.503008871,456.87727485,9138946
2024-09-03T21:00:00Z,456.94652716,457.520332013,455.927528886,456.481547365,2121597
2024-09-03T22:00:00Z,456.481547365,456.484515321,455.907742511,456.135285815,139154
2024-09-03T23:00:00Z,456.135285815,456.718983856,455.333937658,455.731248053,195197
2024-09-04T00:00:00Z,455.731248053,455.997770514,455.076714792,455.591160523,128994
2024-09-04T09:00:00Z,456.87727485,456.87727485,453.760920904,454.473230377,121724
2024-09-04T10:00:00Z,454.473230377,455.314151283,454.265473448,454.888744237,46098
2024-09-04T11:00:00Z,454.888744237,454.928316985,453.335513857,453.384979793,58551
2024-09-04T12:00:00Z,453.384979793,453.929105085,453.009038682,453.74113453,145105
2024-09-04T13:00:00Z,453.74113453,454.690880494,453.216795612,454.591948623,363719
2024-09-04T13:30:00Z,454.591948623,454.611734997,453.503698039,453.751027717,319922
2024-09-04T14:30:00Z,453.770814091,456.73877023,452.840854501,456.521120113,8744239
2024-09-04T15:30:00Z,456.511226926,459.489076252,456.135285815,457.045459031,5077669
2024-09-04T16:30:00Z,457.094924967,457.955632247,456.204538125,457.827020815,3519685
2024-09-04T17:30:00Z,457.777554879,458.796553153,457.035565844,457.213643212,2331817
2024-09-04T18:30:00Z,457.183963651,457.629157072,456.145179002,457.094924967,3194179
2024-09-04T19:30:00Z,457.075138593,457.451079704,454.483123565,455.897849324,3699265
2024-09-04T20:00:00Z,455.868169763,457.183963651,455.393296781,455.690092394,3721636
2024-09-04T21:00:00Z,455.699985582,455.937422073,454.908530611,455.877667222,1147376
2024-09-04T22:00:00Z,455.877667222,455.957208447,455.524876169,455.917635698,30487
2024-09-04T23:00:00Z,455.917635698,456.362829119,455.828597014,456.105606254,41855
2024-09-05T00:00:00Z,456.105606254,456.15507219,454.166541576,455.047035231,85941
2024-09-05T09:00:00Z,455.690092394,456.73877023,455.690092394,456.174858564,55175
2024-09-05T10:00:00Z,456.174858564,456.174858564,454.403978068,455.314151283,53561
2024-09-05T11:00:00Z,455.314151283,455.719771956,454.94810336,455.5318014,52327
2024-09-05T12:00:00Z,455.5318014,455.957208447,454.641414559,454.808609421,130020
2024-09-05T13:00:00Z,454.808609421,455.244898974,452.67267032,454.107182454,909938
2024-09-05T13:30:00Z,454.107182454,454.789812366,453.968677834,454.126968828,199840
2024-09-05T14:30:00Z,454.067609705,460.389356281,454.067609705,459.330191667,8065134
2024-09-05T15:30:00Z,459.370358007,460.033201545,453.582843536,453.691668594,5717355
2024-09-05T16:30:00Z,453.691668594,455.60105371,453.047622112,455.492228652,4018098
2024-09-05T17:30:00Z,455.492228652,455.957208447,454.156747321,454.216007512,2471757
2024-09-05T18:30:00Z,454.176434764,457.460972891,454.136862015,456.620051985,3137527
2024-09-05T19:30:00Z,456.620051985,457.777554879,454.542482687,455.937422073,3203991
2024-09-05T20:00:00Z,455.94731526,456.769142315,454.423764442,456.115499441,3593514
2024-09-05T21:00:00Z,456.234217687,457.530225201,454.206114325,455.037142044,2572319
2024-09-05T22:00:00Z,455.037142044,455.08660798,454.918423798,455.08660798,84429
2024-09-05T23:00:00Z,455.037142044,455.254693229,454.512803126,454.888744237,97338
2024-09-06T00:00:00Z,454.888744237,454.918423798,454.265473448,454.720560056,90164
2024-09-06T09:00:00Z,456.115499441,456.115499441,450.140014415,450.367557718,103388
2024-09-06T10:00:00Z,450.367557718,451.445915116,449.971830233,451.346983244,114323
2024-09-06T11:00:00Z,451.346983244,451.346983244,450.407130467,450.812751139,91354
2024-09-06T12:00:00Z,450.812751139,451.990040408,450.812751139,451.891108537,175374
2024-09-06T13:00:00Z,451.891108537,456.054557408,450.436810028,455.551587775,1837139
2024-09-06T13:30:00Z,455.551587775,456.422188242,454.898637424,455.413083155,439297
2024-09-06T14:30:00Z,455.413083155,456.293576809,448.46806579,448.497745351,10527935
2024-09-06T15:30:00Z,448.497745351,448.962725146,444.609722809,445.223100411,9957269
2024-09-06T16:30:00Z,445.232993598,446.298984511,443.77869509,443.867832706,5483557
2024-09-06T17:30:00Z,443.877626961,446.182739563,443.402753979,444.906518423,3945094
2024-09-06T18:30:00Z,444.886732048,445.114275352,443.452219915,444.016131581,3451256
2024-09-06T19:30:00Z,444.026024768,445.885943949,443.70944278,445.351711844,3527388
2024-09-06T20:00:00Z,445.361605031,445.866157574,443.531365412,443.897413335,9041100
2024-09-06T21:00:00Z,444.006238394,444.105170265,441.236145998,442.116639652,1721244
2024-09-06T22:00:00Z,442.116639652,442.284823833,441.928669097,441.928669097,100503
2024-09-06T23:00:00Z,441.928669097,442.423328453,441.908981654,442.324396582,53853
2024-09-07T00:00:00Z,442.324396582,442.393648892,441.988028219,442.001482954,59913
2024-09-09T09:00:00Z,446.301457808,448.032765556,446.301457808,447.627144883,134469
2024-09-09T10:00:00Z,447.627144883,448.339454357,447.567785761,448.062445117,42658
2024-09-09T11:00:00Z,448.062445117,448.537318099,447.419387954,447.607358509,99046
2024-09-09T12:00:00Z,447.696397193,448.339454357,447.211631024,447.419387954,339780
2024-09-09T13:00:00Z,447.419387954,447.696397193,446.677398919,447.577678948,383553
2024-09-09T13:30:00Z,447.577678948,448.309774795,447.340242457,448.200949737,185762
2024-09-09T14:30:00Z,448.220736111,450.377450906,447.632091477,448.032765556,7685953
2024-09-09T15:30:00Z,448.022872369,448.042658743,445.018734866,446.746651229,4824667
2024-09-09T16:30:00Z,446.77633079,449.427704941,446.558680673,449.330751707,3887794
2024-09-09T17:30:00Z,449.348559444,450.595101022,449.091336579,450.25873266,3599042
2024-09-09T18:30:00Z,450.199373537,450.248839473,447.369922018,447.449067515,3236757
2024-09-09T19:30:00Z,447.448078196,448.636249971,446.736758042,448.616463596,3382821
2024-09-09T20:00:00Z,448.596677222,449.863005175,448.022872369,449.605782309,3586940
2024-09-09T21:00:00Z,449.734393742,450.723712455,449.437598128,450.436810028,1376117
2024-09-09T22:00:00Z,450.436810028,450.733605642,450.436810028,450.67424652,73548
2024-09-09T23:00:00Z,450.67424652,450.862217075,449.892684736,449.902577923,107952
2024-09-10T00:00:00Z,449.902577923,450.525848713,449.892684736,450.25873266,74346
2024-09-10T09:00:00Z,449.605782309,449.744286929,448.527424912,448.665929532,39433
2024-09-10T10:00:00Z,448.665929532,448.705502281,447.231417398,448.487852164,41077
2024-09-10T11:00:00Z,448.487852164,449.417811754,447.993192807,448.824220526,43164
2024-09-10T12:00:00Z,448.834113713,450.130121227,448.814327339,449.952043859,204957
2024-09-10T13:00:00Z,449.952043859,451.653672045,449.853111988,451.416235554,416085
2024-09-10T13:30:00Z,451.416235554,451.851535788,451.208478625,451.455808303,181279
2024-09-10T14:30:00Z,451.366769619,452.929893185,449.694820994,451.960360846,6490061
2024-09-10T15:30:00Z,451.960360846,452.059292718,449.388132193,451.802069852,2836561
2024-09-10T16:30:00Z,451.851535788,452.148331402,447.399601579,448.606570409,4126608
2024-09-10T17:30:00Z,448.566997661,451.861428975,448.477958977,451.149119502,3189094
2024-09-10T18:30:00Z,451.129333128,453.513591226,451.020508069,453.038718244,2994099
2024-09-10T19:30:00Z,453.038718244,453.820280027,452.74192263,453.820280027,3619394
2024-09-10T20:00:00Z,453.820280027,454.265473448,453.315727483,453.760920904,4286470
2024-09-10T21:00:00Z,453.74113453,453.94889146,452.919999998,453.25636836,1072751
2024-09-10T22:00:00Z,453.25636836,453.5333776,453.251916426,453.454232103,79331
2024-09-10T23:00:00Z,453.454232103,453.503698039,453.098077366,453.503698039,33649
2024-09-11T00:00:00Z,453.483911664,453.750928785,452.989252308,453.305834296,42117
2024-09-11T09:00:00Z,453.760920904,453.760920904,451.633885671,451.950467659,49090
2024-09-11T10:00:00Z,451.950467659,452.761709004,451.792176665,452.702349881,28652
2024-09-11T11:00:00Z,452.702349881,452.791388565,452.267049647,452.5341657,20074
2024-09-11T12:00:00Z,452.553952074,453.454232103,452.365981519,453.286047922,230358
2024-09-11T13:00:00Z,453.286047922,454.275366635,450.872110262,454.047823331,1316932
2024-09-11T13:30:00Z,454.047823331,455.60105371,454.037930144,454.779919178,664407
2024-09-11T14:30:00Z,454.997569295,455.027248857,448.784647778,449.041870643,8628009
2024-09-11T15:30:00Z,449.041870643,450.199373537,446.459748802,449.839360458,7940197
2024-09-11T16:30:00Z,449.798699459,455.225112599,449.625568684,455.185539851,7106326
2024-09-11T17:30:00Z,455.195433038,457.15428409,454.206114325,456.916847599,4547778
2024-09-11T18:30:00Z,456.936633973,460.379463094,456.790610531,460.161812977,8540781
2024-09-11T19:30:00Z,460.18150042,462.130557216,459.667153621,462.110770842,7610746
2024-09-11T20:00:00Z,462.08109128,464.35652432,461.230277187,463.614535286,8012936
2024-09-11T21:00:00Z,463.42656473,464.376310695,462.813187128,463.248487362,3145321
2024-09-11T22:00:00Z,463.248487362,463.317739672,462.88253837,462.902225812,92381
2024-09-11T23:00:00Z,462.902225812,463.297953297,462.803293941,463.189128239,52899
2024-09-12T00:00:00Z,463.189128239,463.287664383,462.971478122,463.199021426,106207
2024-09-12T09:00:00Z,463.614535286,464.870970051,463.614535286,464.465349379,93473
2024-09-12T10:00:00Z,464.465349379,465.316163472,464.445563004,464.445563004,123535
2024-09-12T11:00:00Z,464.445563004,464.821504115,464.198233326,464.35652432,44639
2024-09-12T12:00:00Z,464.35652432,464.653319934,463.970690022,464.534601689,182179
2024-09-12T13:00:00Z,464.534601689,465.227124788,463.396885169,463.624428473,691327
2024-09-12T13:30:00Z,463.624428473,464.247699262,463.377098794,463.673894408,221707
2024-09-12T14:30:00Z,463.644214847,465.810822828,461.862550777,465.504035096,7338730
2024-09-12T15:30:00Z,465.514027215,466.750675606,463.555176163,464.326844759,5357804
2024-09-12T16:30:00Z,464.376310695,465.147979291,463.347221369,465.029261045,5124547
2024-09-12T17:30:00Z,465.078726981,467.472878266,464.198233326,467.11672353,3188557
2024-09-12T18:30:00Z,467.126616717,468.848031277,466.889180226,468.709526658,4390653
2024-09-12T19:30:00Z,468.679847096,468.97664271,465.998793384,468.086255868,5228445
2024-09-12T20:00:00Z,468.086255868,468.541342476,467.225548588,468.165401365,6313547
2024-09-12T21:00:00Z,468.234653675,468.343478734,467.027684845,467.304694085,1770239
2024-09-12T22:00:00Z,467.302814379,467.344266834,467.156296278,467.275014524,30317
2024-09-12T23:00:00Z,467.294800898,468.017003558,467.294800898,468.017003558,92601
2024-09-13T00:00:00Z,468.017003558,468.590808412,468.017003558,468.279469813,63558
2024-09-13T09:00:00Z,468.165401365,468.729313032,467.83892619,468.501769728,43467
2024-09-13T10:00:00Z,468.501769728,469.016215459,468.383051482,468.749099406,37120
2024-09-13T11:00:00Z,468.709526658,468.956856336,468.531449289,468.877710839,25226
2024-09-13T12:00:00Z,468.877710839,468.927176774,468.195080927,468.551235663,121110
2024-09-13T13:00:00Z,468.551235663,468.749099406,467.542130576,468.363265108,180860
2024-09-13T13:30:00Z,468.353371921,468.481884422,467.383839582,467.413519143,156366
2024-09-13T14:30:00Z,467.433305518,470.302329785,467.205762214,468.689740283,6187837
2024-09-13T15:30:00Z,468.729313032,470.589232212,467.55024299,470.074885413,4904988
2024-09-13T16:30:00Z,470.099519449,471.04431882,469.273438324,469.560340751,3168973
2024-09-13T17:30:00Z,469.550447564,471.212503001,469.085467768,471.133357504,2615604
2024-09-13T18:30:00Z,471.103677943,471.440046305,469.659272622,469.9066023,3235759
2024-09-13T19:30:00Z,469.936281862,470.510086715,469.431729318,470.302131922,2899912
2024-09-13T20:00:00Z,470.302329785,470.826668703,469.807670429,470.262757037,4292106
2024-09-13T21:00:00Z,470.272650224,470.302329785,469.649379435,469.697856052,1185447
2024-09-13T22:00:00Z,469.697856052,470.04510692,469.679058996,469.827456803,19152
2024-09-13T23:00:00Z,469.827456803,469.858719275,469.629593061,469.661053396,48983
2024-09-14T00:00:00Z,469.661053396,469.847243177,469.560340751,469.590020312,27760
2024-09-16T09:00:00Z,470.262757037,470.668377709,469.609806686,470.302329785,36476
2024-09-16T10:00:00Z,470.302329785,470.559552651,469.946175049,470.094572856,22989
2024-09-16T11:00:00Z,470.064893294,470.064893294,468.867817652,469.451515692,32038
2024-09-16T12:00:00Z,469.451515692,469.510874815,468.343478734,468.610594786,126336
2024-09-16T13:00:00Z,468.610594786,468.709526658,467.898285313,468.135721804,212159
2024-09-16T13:30:00Z,468.155508178,468.284119611,467.755823418,468.195080927,134845
2024-09-16T14:30:00Z,468.135721804,468.79846641,465.504232959,467.015714089,5900822
2024-09-16T15:30:00Z,466.97821891,467.512451015,464.870970051,466.889180226,4420841
2024-09-16T16:30:00Z,466.863062212,467.265121337,465.177658852,466.414307243,2412281
2024-09-16T17:30:00Z,466.414307243,467.215655401,465.7247521,466.918859787,1619978
2024-09-16T18:30:00Z,466.948539348,468.204974114,466.889180226,468.04668312,2062918
2024-09-16T19:30:00Z,468.036789933,468.135721804,467.155306959,467.720207945,1650071
2024-09-16T20:00:00Z,467.710314757,468.491876541,467.542229508,468.18518774,2318650
2024-09-16T21:00:00Z,468.204974114,468.224760488,467.680635196,467.680635196,1457574
2024-09-16T22:00:00Z,467.680635196,467.898285313,467.611382886,467.799353442,65250
2024-09-16T23:00:00Z,467.779567067,468.749099406,467.779567067,468.45220486,78385
2024-09-17T00:00:00Z,468.45220486,468.650167535,468.18518774,468.18518774,35340
2024-09-17T09:00:00Z,468.18518774,470.153931978,468.18518774,469.926388675,63902
2024-09-17T10:00:00Z,469.995640984,470.965173323,469.936281862,470.648591335,73661
2024-09-17T11:00:00Z,470.648591335,470.965173323,470.094572856,470.193504727,30924
2024-09-17T12:00:00Z,470.193504727,471.301541686,469.926388675,471.103677943,102780
2024-09-17T13:00:00Z,471.103677943,471.677482797,470.519979902,471.261968937,450068
2024-09-17T13:30:00Z,471.261968937,471.618123674,470.757515325,471.222396189,173409
2024-09-17T14:30:00Z,471.202609814,471.954492036,469.164613265,471.281755311,5640084
2024-09-17T15:30:00Z,471.271862124,472.498617328,470.025320546,470.470513967,4487471
2024-09-17T16:30:00Z,470.460323984,470.93539483,467.571810138,468.719419845,3581291
2024-09-17T17:30:00Z,468.689740283,468.927176774,466.49345274,468.402837856,3775341
2024-09-17T18:30:00Z,468.353371921,468.778680036,465.939434261,467.97743081,2633999
2024-09-17T19:30:00Z,467.982377403,468.286098248,466.760568793,467.749887506,3718715
2024-09-17T20:00:00Z,467.720207945,468.491876541,467.284907711,468.432517418,3956467
2024-09-17T21:00:00Z,468.442410605,468.897497213,468.204974114,468.551235663,1302719
2024-09-17T22:00:00Z,468.551235663,468.561128851,468.412731044,468.412731044,23861
2024-09-17T23:00:00Z,468.412731044,468.788672155,468.412731044,468.571022038,23569
2024-09-18T00:00:00Z,468.571022038,469.065681394,468.432517418,468.946963149,46186
2024-09-18T09:00:00Z,468.432517418,468.927176774,467.957644436,468.590808412,47593
2024-09-18T10:00:00Z,468.590808412,469.18439964,468.551235663,469.18439964,15392
2024-09-18T11:00:00Z,469.18439964,469.263545137,468.927176774,469.233865575,64244
2024-09-18T12:00:00Z,469.233865575,469.609806686,468.996429084,469.055788207,55986
2024-09-18T13:00:00Z,469.055788207,469.659272622,468.313799172,469.540554376,234104
2024-09-18T13:30:00Z,469.570233938,469.76809768,469.431729318,469.530661189,113594
2024-09-18T14:30:00Z,469.629593061,469.758105561,467.690528383,468.925989592,4063130
2024-09-18T15:30:00Z,468.886911503,469.500981628,467.403625956,468.110988836,2568727
2024-09-18T16:30:00Z,468.096149055,468.323593428,466.216443501,468.254341118,2083676
2024-09-18T17:30:00Z,468.244546862,469.214079201,467.829033003,469.04589502,2019597
2024-09-18T18:30:00Z,469.036001833,473.715479345,467.552023763,471.65443167,9094571
2024-09-18T19:30:00Z,471.667589609,472.963597123,466.384627682,470.094572856,10428446
2024-09-18T20:00:00Z,470.0847786,470.717843645,465.800929641,466.404414056,6460835
2024-09-18T21:00:00Z,466.305482185,468.18518774,465.939434261,467.482771453,2139957
2024-09-18T22:00:00Z,467.482771453,467.571810138,467.324480459,467.571810138,94597
2024-09-18T23:00:00Z,467.581703325,468.739206219,467.56191695,468.244546862,156210
2024-09-19T00:00:00Z,468.244546862,470.904824882,467.730101132,470.470513967,164948
2024-09-19T09:00:00Z,466.404414056,474.87298224,466.404414056,474.724584433,151130
2024-09-19T10:00:00Z,474.724584433,475.842514578,474.477254754,475.773262268,130501
2024-09-19T11:00:00Z,475.773262268,476.258028438,475.446787093,476.099737444,99800
2024-09-19T12:00:00Z,476.099737444,476.624076362,475.66443721,476.45589218,302615
2024-09-19T13:00:00Z,476.45589218,476.653755923,476.020591947,476.208562502,459471
2024-09-19T13:30:00Z,476.208562502,477.563929139,475.783155455,477.445210893,397305
2024-09-19T14:30:00Z,477.45510408,479.463421068,475.357748409,479.324916448,11317546
2024-09-19T15:30:00Z,479.305130074,480.00754636,477.435317706,479.443634694,7064900
2024-09-19T16:30:00Z,479.443634694,480.195516915,478.325704548,480.037225921,4709843
2024-09-19T17:30:00Z,480.047020177,480.35380791,479.522879122,480.07788692,3545031
2024-09-19T18:30:00Z,480.091638451,481.036437821,479.00833446,479.888828114,4370186
2024-09-19T19:30:00Z,479.898721302,479.948187237,477.959656624,478.780791156,6923417
2024-09-19T20:00:00Z,478.80057753,479.512887003,477.791472443,478.197093115,10295617
2024-09-19T21:00:00Z,478.226772677,478.464209168,477.544142765,477.722220133,2805001
2024-09-19T22:00:00Z,477.722220133,477.829066554,477.534348509,477.623288262,265405
2024-09-19T23:00:00Z,477.623288262,477.999229373,477.06066271,477.445210893,91333
2024-09-20T00:00:00Z,477.445210893,477.840938379,477.346279022,477.464997268,59300
2024-09-20T09:00:00Z,478.197093115,478.197093115,476.693328671,477.069269782,107033
2024-09-20T10:00:00Z,477.029697034,477.445210893,476.683435484,476.703221859,40118
2024-09-20T11:00:00Z,476.703221859,476.950551537,476.070057882,476.307494373,69548
2024-09-20T12:00:00Z,476.307494373,476.94065835,476.079951069,476.94065835,166407
2024-09-20T13:00:00Z,476.94065835,478.266345425,476.851619666,477.999229373,402829
2024-09-20T13:30:00Z,478.00912256,478.068481682,476.851619666,477.296813086,303137
2024-09-20T14:30:00Z,477.336385835,478.464209168,475.862300953,476.530091084,5814997
2024-09-20T15:30:00Z,476.530091084,476.910978788,473.191140427,474.309070573,7356330
2024-09-20T16:30:00Z,474.299177386,476.990124285,474.18045914,476.930765163,2973008
2024-09-20T17:30:00Z,476.891192414,477.385851771,476.31738756,476.633969549,3546401
2024-09-20T18:30:00Z,476.624076362,477.237453964,475.070845982,475.476466654,2968026
2024-09-20T19:30:00Z,475.436893906,477.791472443,475.001593672,477.46460154,3810540
2024-09-20T20:00:00Z,477.445210893,478.52356829,477.029697034,477.286919899,4651735
2024-09-20T21:00:00Z,477.306706273,477.395744958,476.465785367,476.87140604,2086592
2024-09-20T22:00:00Z,476.87140604,476.960444724,476.515251303,476.604289987,831245
2024-09-20T23:00:00Z,476.604289987,477.049483408,476.574610426,477.00991066,19972
2024-09-21T00:00:00Z,477.00991066,477.098949344,476.891192414,477.039590221,15894
2024-09-23T09:00:00Z,478.629949397,479.056553489,477.806504289,478.401765813,121369
2024-09-23T10:00:00Z,478.45137094,479.334342201,478.034687873,479.20536887,96016
2024-09-23T11:00:00Z,479.20536887,479.493078607,479.006948362,479.006948362,31991
2024-09-23T12:00:00Z,479.006948362,479.294658099,478.391844788,479.18552682,105529
2024-09-23T13:00:00Z,479.18552682,479.552604759,478.758922727,479.354085041,185067
2024-09-23T13:30:00Z,479.354085041,479.631972963,478.669633499,479.106158616,146488
2024-09-23T14:30:00Z,479.135921693,480.167708334,478.064450949,479.726222704,5819145
2024-09-23T15:30:00Z,479.721262191,480.316523715,478.471212991,479.542683734,3427164
2024-09-23T16:30:00Z,479.532762709,480.266918588,478.272792483,478.887896058,2366588
2024-09-23T17:30:00Z,478.897817083,479.155763743,477.796583264,478.352160686,1818639
2024-09-23T18:30:00Z,478.372002737,479.364105277,478.104135051,478.957343235,1932133
2024-09-23T19:30:00Z,478.967264261,479.423631429,478.739080677,479.175605794,2741837
2024-09-23T20:00:00Z,479.18552682,479.502999632,478.659712473,479.225210921,2594985
2024-09-23T21:00:00Z,479.225210921,479.413710404,478.68947555,478.858132981,4018401
2024-09-23T22:00:00Z,478.858132981,478.987106312,478.83819172,478.838290931,12201
2024-09-23T23:00:00Z,478.838290931,478.838290931,478.491055042,478.570423245,20625
2024-09-24T00:00:00Z,478.570423245,479.066474515,478.441449915,479.006948362,29558
2024-09-24T09:00:00Z,479.225210921,481.66578317,479.225210921,481.358231382,66531
2024-09-24T10:00:00Z,481.358231382,481.358231382,480.376049868,480.544707299,23637
2024-09-24T11:00:00Z,480.544707299,481.080442671,480.17762936,480.19747141,24540
2024-09-24T12:00:00Z,480.19747141,480.405812944,478.68947555,479.93952475,153718
2024-09-24T13:00:00Z,479.93952475,480.356207817,479.512920658,480.137945258,166746
2024-09-24T13:30:00Z,480.137945258,480.812574985,480.137945258,480.633996528,111121
2024-09-24T14:30:00Z,480.633996528,481.06060062,476.635823292,477.171558663,5355798
2024-09-24T15:30:00Z,477.186440201,480.385970893,476.377876631,480.147866283,4546605
2024-09-24T16:30:00Z,480.157787309,482.489228278,480.098261156,481.874124703,4762646
2024-09-24T17:30:00Z,481.884045728,482.4197811,481.010995493,481.516967789,2091150
2024-09-24T18:30:00Z,481.496133635,482.003098033,480.653838579,480.891943188,1527919
2024-09-24T19:30:00Z,480.901864214,481.259021128,480.028813979,481.04085778,2562704
2024-09-24T20:00:00Z,481.06060062,481.645941119,480.792732934,481.536809839,3236656
2024-09-24T21:00:00Z,481.576493941,481.983255982,481.338389331,481.893966754,1192205
2024-09-24T22:00:00Z,481.893966754,481.943571881,481.725309322,481.942083727,53502
2024-09-24T23:00:00Z,481.942083727,481.942083727,481.645941119,481.854481073,33011
2024-09-25T00:00:00Z,481.854481073,482.013019059,481.742671116,481.7947565,53000
2024-09-25T09:00:00Z,481.536809839,481.536809839,479.592288861,479.800630394,37042
2024-09-25T10:00:00Z,479.800630394,480.157787309,479.44347348,480.098261156,25265
2024-09-25T11:00:00Z,480.098261156,480.733206782,480.098261156,480.624075503,42986
2024-09-25T12:00:00Z,480.624075503,480.872101138,480.465339096,480.842338061,90267
2024-09-25T13:00:00Z,480.842338061,481.239179077,480.514944223,481.100284722,124664
2024-09-25T13:30:00Z,481.070720066,481.130047798,480.872101138,481.040758569,67926
2024-09-25T14:30:00Z,480.911785239,483.937697986,480.852259087,482.856306218,5493710
2024-09-25T15:30:00Z,482.866227243,483.401962615,482.280886744,482.29080777,2439621
2024-09-25T16:30:00Z,482.270965719,483.223384157,481.546730865,482.469386227,3208151
2024-09-25T17:30:00Z,482.460556514,482.563635968,480.733206782,481.815193812,2109579
2024-09-25T18:30:00Z,481.814598551,482.399939049,480.80265396,482.201419331,2626961
2024-09-25T19:30:00Z,482.191597516,482.270965719,481.378073433,481.814598551,3658170
2024-09-25T20:00:00Z,481.784835474,482.231281617,481.606257017,481.983255982,3851550
2024-09-25T21:00:00Z,482.132071363,483.312673386,481.953492906,483.253147234,2371984
2024-09-25T22:00:00Z,483.253147234,483.322594411,483.104331853,483.203641317,241336
2024-09-25T23:00:00Z,483.203641317,483.550777996,483.0448057,483.41188364,72037
2024-09-26T00:00:00Z,483.392041589,484.215486697,483.263068259,484.096434393,88634
2024-09-26T09:00:00Z,481.983255982,489.175999397,481.983255982,488.560895823,116322
2024-09-26T10:00:00Z,488.620421975,488.898210686,488.322791213,488.679948127,40393
2024-09-26T11:00:00Z,488.679948127,489.334735804,488.521211721,489.334735804,71545
2024-09-26T12:00:00Z,489.334735804,489.49347221,488.86844761,489.12639427,170398
2024-09-26T13:00:00Z,489.12639427,489.910155277,488.550974797,489.830787074,552835
2024-09-26T13:30:00Z,489.830787074,490.306996293,489.473630159,489.73157682,437878
2024-09-26T14:30:00Z,489.473630159,489.781181947,485.554825126,485.723482558,6656376
2024-09-26T15:30:00Z,485.792929736,486.214573315,481.963413932,483.590462097,6350664
2024-09-26T16:30:00Z,483.530935945,485.178322212,482.91583237,483.550777996,3001002
2024-09-26T17:30:00Z,483.610304148,483.888092859,482.003098033,483.42378887,2192015
2024-09-26T18:30:00Z,483.41188364,485.733403584,483.382120564,485.703640507,3725917
2024-09-26T19:30:00Z,485.703640507,486.100481523,485.058773856,485.713561533,2573381
2024-09-26T20:00:00Z,485.727153337,486.02111332,485.177826161,485.604430253,4284518
2024-09-26T21:00:00Z,485.584588203,486.010200192,485.455614872,485.644114355,1818827
2024-09-26T22:00:00Z,485.644114355,485.733403584,485.435772822,485.435772822,207477
2024-09-26T23:00:00Z,485.425851796,486.487401514,485.425851796,486.110402549,118475
2024-09-27T00:00:00Z,486.110402549,486.110402549,485.286957441,485.584588203,58315
2024-09-27T09:00:00Z,485.604430253,485.604430253,483.530935945,484.523038485,107323
2024-09-27T10:00:00Z,484.523038485,485.356404618,484.364302078,484.949642577,43607
2024-09-27T11:00:00Z,484.949642577,485.277036415,484.374223104,484.671853866,28716
2024-09-27T12:00:00Z,484.671853866,485.882218965,484.612327713,485.862376914,90564
2024-09-27T13:00:00Z,485.862376914,487.082663038,485.76316666,486.62629587,354456
2024-09-27T13:30:00Z,486.62629587,486.973531759,486.467559463,486.725506124,95581
2024-09-27T14:30:00Z,486.62629587,486.765190225,484.374223104,485.048852831,4080464
2024-09-27T15:30:00Z,485.048852831,485.485377949,483.451567742,484.017066189,3626483
2024-09-27T16:30:00Z,484.03690824,484.383350447,482.638043659,483.630146199,2832628
2024-09-27T17:30:00Z,483.620225173,484.423828231,483.168818518,483.168818518,1905480
2024-09-27T18:30:00Z,483.17377903,484.582564637,482.350333922,482.399939049,2321765
2024-09-27T19:30:00Z,482.4197811,483.863290296,481.725309322,483.312673386,2720511
2024-09-27T20:00:00Z,483.292831335,483.501073658,482.67772776,482.905911345,3345980
2024-09-27T21:00:00Z,482.945595446,483.015042624,482.151913414,482.231281617,1179626
2024-09-27T22:00:00Z,482.231281617,482.489228278,482.16183444,482.429602915,60286
2024-09-27T23:00:00Z,482.429602915,482.429702125,482.062624186,482.102308287,15053
2024-09-28T00:00:00Z,482.102308287,482.449544176,482.044369499,482.062624186,42646
2024-09-30T09:00:00Z,482.905911345,483.0448057,481.864203678,482.241202643,62393
2024-09-30T10:00:00Z,482.241202643,482.638043659,481.725309322,482.439623151,39917
2024-09-30T11:00:00Z,482.439623151,482.856306218,482.112229313,482.439623151,28390
2024-09-30T12:00:00Z,482.439623151,482.439623151,480.554628325,480.792732934,133324
2024-09-30T13:00:00Z,480.792732934,481.864203678,480.633996528,481.774716028,473064
2024-09-30T13:30:00Z,481.774716028,482.201518541,481.606257017,481.92372983,147588
2024-09-30T14:30:00Z,481.943571881,483.937697986,480.762969858,482.082466236,4478843
2024-09-30T15:30:00Z,482.112229313,483.071592469,481.566572916,483.054726726,2474070
2024-09-30T16:30:00Z,483.094410827,483.729356453,481.685922851,483.302752361,3213460
2024-09-30T17:30:00Z,483.292831335,483.401962615,481.725309322,481.884045728,1910678
2024-09-30T18:30:00Z,481.864203678,482.767016989,479.106158616,479.964327313,3988095
2024-09-30T19:30:00Z,479.949445775,481.884045728,479.483157582,481.367358725,4864717
2024-09-30T20:00:00Z,481.348310357,484.552801561,481.090363696,484.215486697,6409608
2024-09-30T21:00:00Z,484.225407723,484.344460028,483.272989284,483.332515437,1986518
2024-09-30T22:00:00Z,483.332515437,483.600383123,483.223384157,483.550777996,58834
2024-09-30T23:00:00Z,483.550777996,483.550777996,482.866227243,483.28291031,31002
2024-10-01T00:00:00Z,483.28291031,483.679552905,483.0448057,483.630146199,30939
2024-10-01T09:00:00Z,484.215486697,484.919879501,483.898013885,484.245249774,20205
2024-10-01T10:00:00Z,484.245249774,484.473433358,483.927776961,484.473433358,16374
2024-10-01T11:00:00Z,484.443670282,485.376246669,484.374223104,485.306799491,37639
2024-10-01T12:00:00Z,485.306799491,485.495298974,483.947619012,484.245249774,108506
2024-10-01T13:00:00Z,484.245249774,484.612327713,483.898013885,484.306065659,129175
2024-10-01T13:30:00Z,484.306065659,484.463512332,483.570620046,483.987303113,149581
2024-10-01T14:30:00Z,483.848408758,484.14603952,475.157590507,475.742931006,11617052
2024-10-01T15:30:00Z,475.723088955,477.09219046,473.629752596,475.430418706,6429140
2024-10-01T16:30:00Z,475.415537168,477.816425314,475.117906406,476.819362262,3539466
2024-10-01T17:30:00Z,476.764796622,476.992980206,474.274619247,474.433355653,4491288
2024-10-01T18:30:00Z,474.433355653,479.324421175,474.234935145,479.245052972,5819076
2024-10-01T19:30:00Z,479.20536887,479.751025267,478.292634534,478.783725291,4019577
2024-10-01T20:00:00Z,478.739080677,478.739080677,476.794559698,477.469189425,4072610
2024-10-01T21:00:00Z,477.389821222,478.272792483,476.794559698,476.992980206,1913647
2024-10-01T22:00:00Z,477.002901232,477.20132174,476.854085851,476.992980206,113944
2024-10-01T23:00:00Z,477.121953536,477.469189425,475.633799726,475.941351514,180406
2024-10-02T00:00:00Z,476.050482793,476.606060216,475.415537168,476.219140225,77740
2024-10-02T09:00:00Z,477.469189425,477.469189425,476.407639708,476.576297139,62023
2024-10-02T10:00:00Z,476.665586368,476.665586368,475.524668447,475.723088955,50352
2024-10-02T11:00:00Z,475.782615107,477.250926867,475.038538202,477.002901232,52931
2024-10-02T12:00:00Z,476.893769952,477.350137121,476.159614073,476.348113555,113934
2024-10-02T13:00:00Z,476.348113555,478.183503254,476.149693047,477.528715578,305801
2024-10-02T13:30:00Z,477.528715578,477.578320705,476.110008946,476.377876631,255803
2024-10-02T14:30:00Z,476.566376114,478.252950432,473.947225408,478.074371975,6273495
2024-10-02T15:30:00Z,478.054529924,480.058577055,477.498952502,479.254973997,3953191
2024-10-02T16:30:00Z,479.334342201,479.949445775,478.659712473,479.562525785,2334368
2024-10-02T17:30:00Z,479.57244681,479.57244681,477.325334557,478.372002737,2377163
2024-10-02T18:30:00Z,478.342239661,479.31450015,477.211242765,478.461291965,2157298
2024-10-02T19:30:00Z,478.411686838,479.096237591,478.024766848,479.036711439,1367182
2024-10-02T20:00:00Z,479.07639554,479.31450015,478.02972736,478.143819153,2539924
2024-10-02T21:00:00Z,478.173582229,479.641893988,478.044608899,479.344263226,1840937
2024-10-02T22:00:00Z,479.344263226,479.473236556,479.18572524,479.186122081,49677
2024-10-02T23:00:00Z,479.245052972,479.502999632,478.987106312,479.006948362,134031
2024-10-03T00:00:00Z,479.006948362,479.31450015,478.739080677,479.284737074,69138
2024-10-03T09:00:00Z,478.143819153,478.143819153,475.246879736,475.941351514,49837
2024-10-03T10:00:00Z,475.941351514,476.308429454,475.643720752,476.10008792,29872
2024-10-03T11:00:00Z,476.10008792,476.754875597,475.812378184,476.754875597,29848
2024-10-03T12:00:00Z,476.754875597,477.489031476,476.407639708,477.4592684,98931
2024-10-03T13:00:00Z,477.4592684,477.895793518,476.119929971,476.2092192,348924
2024-10-03T13:30:00Z,476.2092192,476.46716586,475.703246904,476.050482793,203354
2024-10-03T14:30:00Z,475.951272539,480.718325244,475.584194599,477.20132174,6272109
2024-10-03T15:30:00Z,477.171558663,478.788685804,476.019429984,477.890833005,3939570
2024-10-03T16:30:00Z,477.861069929,479.436032711,477.846188391,478.788685804,1968415
2024-10-03T17:30:00Z,478.81844888,478.81844888,475.207195634,476.761423473,4039555
2024-10-03T18:30:00Z,476.72511252,477.498952502,476.149693047,476.913512793,1831675
2024-10-03T19:30:00Z,476.923433818,477.260847892,476.030640742,476.249300142,1684914
2024-10-03T20:00:00Z,476.248903301,478.223187356,476.164574585,477.786662238,3263051
2024-10-03T21:00:00Z,477.82634634,478.481134016,477.042585333,477.161637638,1086969
2024-10-03T22:00:00Z,477.161637638,477.399742248,477.161637638,477.360058146,353791
2024-10-03T23:00:00Z,477.360058146,477.985082746,476.735033546,477.667609933,79910
2024-10-04T00:00:00Z,477.667609933,477.806504289,477.33029507,477.657688908,69184
2024-10-04T09:00:00Z,477.786662238,479.284737074,477.786662238,478.381923762,41532
2024-10-04T10:00:00Z,478.381923762,479.245052972,478.252950432,479.245052972,22249
2024-10-04T11:00:00Z,479.245052972,480.048656029,479.245052972,479.493078607,60021
2024-10-04T12:00:00Z,479.493078607,480.276839614,479.324421175,479.830393471,103428
2024-10-04T13:00:00Z,479.830393471,484.096434393,479.522841683,484.086513367,1170467
2024-10-04T13:30:00Z,484.086513367,484.493275409,483.501172869,483.640067224,402830
2024-10-04T14:30:00Z,483.600383123,483.868250808,478.575383757,479.145842718,8101039
2024-10-04T15:30:00Z,479.18552682,482.013019059,478.7093176,479.691499115,4094475
2024-10-04T16:30:00Z,479.651815013,481.725309322,479.066474515,480.683601655,2919426
2024-10-04T17:30:00Z,480.633996528,482.499149303,480.475260122,481.636020093,1892203
2024-10-04T18:30:00Z,481.636020093,482.241202643,480.19747141,481.655862144,2407105
2024-10-04T19:30:00Z,481.655862144,483.005121599,481.431216398,482.827634454,2269041
2024-10-04T20:00:00Z,482.826543141,484.026987215,482.697569811,483.471409792,4133524
2024-10-04T21:00:00Z,483.659909275,483.749198504,482.925753395,482.995200573,2685669
2024-10-04T22:00:00Z,482.995200573,483.322594411,482.955516472,483.253147234,381715
2024-10-04T23:00:00Z,483.253147234,483.302752361,483.007006593,483.094410827,39123
2024-10-05T00:00:00Z,483.094410827,483.193621081,483.054825936,483.054825936,21154
2024-10-07T09:00:00Z,483.471409792,483.471409792,480.971311392,480.971311392,44677
2024-10-07T10:00:00Z,480.971311392,480.971311392,479.741104242,480.475260122,74057
2024-10-07T11:00:00Z,480.475260122,480.753048833,480.078419106,480.633996528,24215
2024-10-07T12:00:00Z,480.633996528,481.070521646,480.266918588,480.921706265,119325
2024-10-07T13:00:00Z,480.921706265,481.68562522,480.753048833,481.249100103,228260
2024-10-07T13:30:00Z,481.249100103,481.784835474,481.020916519,481.616178043,139289
2024-10-07T14:30:00Z,481.55665189,482.578517506,480.425654995,482.528912379,3873055
2024-10-07T15:30:00Z,482.54875443,482.727332887,481.139968823,482.132071363,2418899
2024-10-07T16:30:00Z,482.141992389,482.439623151,480.882022163,481.933650855,2155042
2024-10-07T17:30:00Z,481.953492906,482.16183444,481.110205747,481.308626255,1192481
2024-10-07T18:30:00Z,481.308626255,481.932857173,480.593320324,480.822496011,2788816
2024-10-07T19:30:00Z,480.822496011,480.822496011,477.360058146,478.203345305,5188966
2024-10-07T20:00:00Z,478.21326633,478.977185286,477.072348409,478.292634534,4527207
2024-10-07T21:00:00Z,478.272792483,479.046632464,478.272792483,478.699396575,1718087
2024-10-07T22:00:00Z,478.699396575,478.808527854,478.461291965,478.808527854,210280
2024-10-07T23:00:00Z,478.808527854,478.977185286,476.020719717,477.538636603,208531
2024-10-08T00:00:00Z,477.538636603,478.292634534,477.231084816,477.99837692,65912
2024-10-08T09:00:00Z,478.292634534,478.967264261,478.074371975,478.788685804,69374
2024-10-08T10:00:00Z,478.788685804,480.475260122,478.788685804,480.108182182,69651
2024-10-08T11:00:00Z,480.108182182,480.574470376,479.68157809,480.485181147,96466
2024-10-08T12:00:00Z,480.485181147,480.69352268,479.999050902,480.475260122,108948
2024-10-08T13:00:00Z,480.475260122,480.772890884,479.712035637,479.830393471,168807
2024-10-08T13:30:00Z,479.830393471,480.832417036,479.751025267,480.772890884,350675
2024-10-08T14:30:00Z,480.832417036,483.114252878,480.023853466,482.690129042,5512419
2024-10-08T15:30:00Z,482.697569811,484.790906171,482.578517506,483.798803631,5305687
2024-10-08T16:30:00Z,483.848408758,484.433749256,483.054726726,483.922816448,1948133
2024-10-08T17:30:00Z,483.878171834,484.185723621,482.241202643,482.995200573,2404358
2024-10-08T18:30:00Z,483.034884675,484.076592342,482.826642352,483.937697986,1690743
2024-10-08T19:30:00Z,483.947619012,485.321681029,483.610304148,485.167905136,3104105
2024-10-08T20:00:00Z,485.15798411,486.120323574,485.02901078,485.435772822,5306715
2024-10-08T21:00:00Z,485.425851796,485.465535898,484.90003745,485.13814206,1913892
2024-10-08T22:00:00Z,485.13814206,485.197668212,485.019089755,485.148063085,146457
2024-10-08T23:00:00Z,485.148063085,485.257194364,484.840511298,485.197668212,45121
2024-10-09T00:00:00Z,485.197668212,485.336562568,484.820669247,484.880195399,36468
2024-10-09T09:00:00Z,485.435772822,485.435772822,483.41188364,484.14603952,88075
2024-10-09T10:00:00Z,484.14603952,484.77106412,484.14603952,484.691695917,29752
2024-10-09T11:00:00Z,484.691695917,485.316720517,484.612327713,485.038931806,39100
2024-10-09T12:00:00Z,485.038931806,485.316720517,484.493275409,484.493275409,85706
2024-10-09T13:00:00Z,484.493275409,484.990219571,484.384144129,484.860353348,178605
2024-10-09T13:30:00Z,484.860353348,485.52506205,484.860353348,485.167905136,100976
2024-10-09T14:30:00Z,485.13814206,486.824716378,484.096434393,486.546927666,4888560
2024-10-09T15:30:00Z,486.566769717,487.916029172,485.902061015,487.588040072,2836353
2024-10-09T16:30:00Z,487.578714308,489.007341966,487.14218919,488.213659934,3767588
2024-10-09T17:30:00Z,488.198778395,488.491349434,487.439819952,488.352554289,3171597
2024-10-09T18:30:00Z,488.312870188,489.324814778,486.854479454,489.214691396,2183616
2024-10-09T19:30:00Z,489.190880935,489.230565037,488.025160451,488.689869153,2780677
2024-10-09T20:00:00Z,488.660106077,489.830787074,488.660106077,489.255367601,3397929
2024-10-09T21:00:00Z,489.275209651,489.295051702,488.312870188,488.987499915,1111227
2024-10-09T22:00:00Z,489.047026067,489.047026067,488.808921458,488.878368635,234675
2024-10-09T23:00:00Z,488.908131712,489.066868118,488.719632229,489.056947093,33178
2024-10-10T00:00:00Z,489.056947093,489.304972728,488.838684534,489.056947093,67338
2024-10-10T09:00:00Z,489.255367601,489.255367601,488.193817883,488.431922492,33334
2024-10-10T10:00:00Z,488.431922492,488.789079407,488.183896857,488.699790178,25281
2024-10-10T11:00:00Z,488.699790178,488.789079407,488.144212756,488.193817883,25861
2024-10-10T12:00:00Z,488.193817883,488.908131712,488.054923527,488.898210686,102320
2024-10-10T13:00:00Z,488.898210686,489.543077337,486.140165625,487.042978936,819812
2024-10-10T13:30:00Z,487.042978936,487.608477384,486.695743047,486.983452784,169589
2024-10-10T14:30:00Z,486.973531759,488.392238391,485.663956406,488.07178927,5321061
2024-10-10T15:30:00Z,488.094607629,488.957736839,487.112426114,488.788087304,3222939
2024-10-10T16:30:00Z,488.779158381,490.564942953,488.431922492,489.642287591,4294881
2024-10-10T17:30:00Z,489.681971693,489.736537332,488.124370705,489.414104007,3478823
2024-10-10T18:30:00Z,489.414104007,489.741497845,487.50926713,488.154133781,1829023
2024-10-10T19:30:00Z,488.149173268,488.595619411,487.350530724,488.397198903,2094461
2024-10-10T20:00:00Z,488.392238391,489.086710169,487.975555324,488.699790178,2890436
2024-10-10T21:00:00Z,488.699790178,489.007341966,488.461685569,488.888289661,1191411
2024-10-10T22:00:00Z,488.888289661,488.946327659,488.818842483,488.818842483,174082
2024-10-10T23:00:00Z,488.818842483,488.987499915,488.699790178,488.838684534,27905
2024-10-11T00:00:00Z,488.838684534,489.523235286,488.838684534,489.295051702,49229
2024-10-11T09:00:00Z,488.541053772,488.590658899,487.291004571,487.291004571,52350
2024-10-11T10:00:00Z,487.350530724,487.886266095,487.330688673,487.568793283,41725
2024-10-11T11:00:00Z,487.568793283,487.955713273,487.340609698,487.846581994,42622
2024-10-11T12:00:00Z,487.846581994,488.015239426,487.479504054,487.539030206,88875
2024-10-11T13:00:00Z,487.539030206,488.937894788,487.271162521,487.549943334,324991
2024-10-11T13:30:00Z,487.549943334,487.796976867,486.844558428,486.874321505,150219
2024-10-11T14:30:00Z,486.864400479,490.197865014,486.298902031,489.62244554,4894856
2024-10-11T15:30:00Z,489.607564002,490.138338861,488.045002502,488.947815813,3680179
2024-10-11T16:30:00Z,488.986309392,489.939918353,488.863487097,489.245446575,2251331
2024-10-11T17:30:00Z,489.166078372,489.369459393,488.382317365,489.23552555,1552289
2024-10-11T18:30:00Z,489.225604524,490.049049633,488.991071484,489.632267355,1276419
2024-10-11T19:30:00Z,489.632366566,490.48557475,488.878368635,490.197865014,1944014
2024-10-11T20:00:00Z,490.158180912,490.346680395,489.374419905,489.463709134,2504809
2024-10-11T21:00:00Z,489.463709134,489.533156312,488.451764543,488.61050095,1402506
2024-10-11T22:00:00Z,488.61050095,489.136315296,488.61050095,488.86844761,353073
2024-10-11T23:00:00Z,488.86844761,488.86844761,488.590658899,488.789079407,19538
2024-10-12T00:00:00Z,488.789079407,488.838684534,488.61050095,488.61050095,12731
2024-10-14T09:00:00Z,489.463709134,490.297075268,489.463709134,489.910155277,72191
2024-10-14T10:00:00Z,489.86055015,490.426048598,489.86055015,490.346680395,33011
2024-10-14T11:00:00Z,490.346680395,491.239572681,490.346680395,490.922099868,41794
2024-10-14T12:00:00Z,490.922099868,491.060994223,490.59470603,490.85265269,115067
2024-10-14T13:00:00Z,490.85265269,491.656255747,490.763363461,491.656255747,258574
2024-10-14T13:30:00Z,491.656255747,492.221754195,491.656255747,491.824913179,163448
2024-10-14T14:30:00Z,491.854676255,494.890510028,491.626492671,494.037301843,6115837
2024-10-14T15:30:00Z,494.032341331,494.186117224,491.368546011,491.843763127,5420685
2024-10-14T16:30:00Z,491.84475523,493.253540837,491.34870396,493.174172634,1868381
2024-10-14T17:30:00Z,493.174172634,493.600776726,492.916225973,493.233698786,3324651
2024-10-14T18:30:00Z,493.234690888,493.729650846,492.941028537,493.412277243,2033539
2024-10-14T19:30:00Z,493.432119294,494.017459793,493.33300825,493.972815178,2490028
2024-10-14T20:00:00Z,493.95793364,494.652405418,493.352751091,493.57101365,3217707
2024-10-14T21:00:00Z,493.57101365,493.977775691,493.124567507,493.868644412,566373
2024-10-14T22:00:00Z,493.908328513,493.908328513,493.583414931,493.583414931,287292
2024-10-14T23:00:00Z,493.759513132,494.017459793,493.422198269,493.610697751,45637
2024-10-15T00:00:00Z,493.610697751,493.868644412,493.541250573,493.799197234,23560
2024-10-15T09:00:00Z,493.57101365,493.57101365,492.261438297,492.608674186,51112
2024-10-15T10:00:00Z,492.608674186,492.876541872,492.479700856,492.658279313,16533
2024-10-15T11:00:00Z,492.658279313,493.660302878,492.608674186,493.471803396,64188
2024-10-15T12:00:00Z,493.471803396,493.640460827,493.035278278,493.471803396,105484
2024-10-15T13:00:00Z,493.471803396,493.819039285,493.233698786,493.719829031,114796
2024-10-15T13:30:00Z,493.719829031,494.295248504,493.719829031,493.95793364,89586
2024-10-15T14:30:00Z,493.898407488,494.56311619,490.971704995,491.0907573,4870999
2024-10-15T15:30:00Z,491.031231147,491.041152173,486.685822022,488.293028137,8207982
2024-10-15T16:30:00Z,488.273186086,489.136315296,486.875313607,487.965634299,3885982
2024-10-15T17:30:00Z,487.975555324,488.689869153,486.775111251,487.14218919,2724744
2024-10-15T18:30:00Z,487.14218919,488.045002502,486.885137406,487.439819952,2106780
2024-10-15T19:30:00Z,487.419977902,487.74737174,485.118300009,485.787969223,4045221
2024-10-15T20:00:00Z,485.792929736,487.042978936,484.820669247,486.973531759,6672200
2024-10-15T21:00:00Z,486.953689708,487.162031241,486.38819126,486.695743047,1555893
2024-10-15T22:00:00Z,486.695743047,486.854479454,486.487302304,486.765190225,121001
2024-10-15T23:00:00Z,486.765190225,487.112426114,486.1302446,487.072742013,70238
2024-10-16T00:00:00Z,487.102505089,487.429898927,487.092683274,487.152110216,54425
2024-10-16T09:00:00Z,486.973531759,488.193817883,486.824716378,487.499346105,49572
2024-10-16T10:00:00Z,487.499346105,487.886266095,487.241399444,487.459662003,37276
2024-10-16T11:00:00Z,487.459662003,487.608477384,487.171952267,487.519188156,29320
2024-10-16T12:00:00Z,487.519188156,487.985476349,487.340609698,487.757292765,68543
2024-10-16T13:00:00Z,487.757292765,487.816818918,487.003294835,487.25132047,497480
2024-10-16T13:30:00Z,487.211636368,487.856503019,487.14218919,487.320767648,134240
2024-10-16T14:30:00Z,487.300925597,487.350530724,483.719435427,486.725506124,6923050
2024-10-16T15:30:00Z,486.725506124,486.993373809,484.66193284,486.269138955,2793569
2024-10-16T16:30:00Z,486.25921793,486.62629587,485.238939678,486.026073833,1966240
2024-10-16T17:30:00Z,486.031034346,487.052899962,485.822692812,486.229454854,1753557
2024-10-16T18:30:00Z,486.220724351,487.806897892,486.160007676,487.608477384,2216268
2024-10-16T19:30:00Z,487.578714308,487.806897892,486.923926632,487.093278535,1942743
2024-10-16T20:00:00Z,487.102505089,487.261241495,486.695743047,487.033057911,2801278
2024-10-16T21:00:00Z,487.042978936,487.281083546,486.398112285,486.636216895,1491858
2024-10-16T22:00:00Z,486.636216895,486.725506124,486.605461716,486.636216895,187457
2024-10-16T23:00:00Z,486.636216895,486.735427149,486.400592542,486.685822022,32597
2024-10-17T00:00:00Z,486.675900997,486.675900997,486.249296904,486.279059981,71754
2024-10-17T09:00:00Z,487.033057911,490.654232182,487.033057911,490.525258852,78919
2024-10-17T10:00:00Z,490.525258852,490.912178842,490.078812709,490.535179877,55015
2024-10-17T11:00:00Z,490.525258852,491.616571646,490.525258852,491.527282417,90189
2024-10-17T12:00:00Z,491.527282417,491.527282417,490.892336792,491.199888579,280322
2024-10-17T13:00:00Z,491.199888579,492.191991119,491.060994223,492.191991119,598565
2024-10-17T13:30:00Z,492.191991119,493.005515202,492.191991119,492.479700856,310085
2024-10-17T14:30:00Z,492.519384957,492.568990084,487.658181721,489.473530949,7731528
2024-10-17T15:30:00Z,489.519564507,489.751418871,487.687845587,489.691892718,3228545
2024-10-17T16:30:00Z,489.672050667,491.437993189,489.503790077,490.381403983,2446470
2024-10-17T17:30:00Z,490.376443471,490.713758334,489.552998363,490.148259887,1983812
2024-10-17T18:30:00Z,490.148259887,490.793126538,487.796976867,488.253344035,2442825
2024-10-17T19:30:00Z,488.253344035,489.354577855,487.588635333,487.945792248,2901439
2024-10-17T20:00:00Z,487.945792248,488.13429173,487.310945832,487.370372775,3213272
2024-10-17T21:00:00Z,487.489425079,488.660106077,487.350530724,487.995397375,1672053
2024-10-17T22:00:00Z,487.995397375,488.1223865,487.886365306,488.054923527,244613
2024-10-17T23:00:00Z,488.054923527,488.660106077,487.856503019,488.521211721,73654
2024-10-18T00:00:00Z,488.521211721,488.670027102,488.412080442,488.560895823,25360
2024-10-18T09:00:00Z,487.370372775,490.158180912,487.370372775,489.721655794,57682
2024-10-18T10:00:00Z,489.721655794,490.108575785,489.245446575,489.354577855,42688
2024-10-18T11:00:00Z,489.354577855,489.86055015,489.116473245,489.820866048,83213
2024-10-18T12:00:00Z,489.820866048,490.495495776,489.533156312,490.262351679,120838
2024-10-18T13:00:00Z,490.262351679,490.624469106,489.999444506,490.48557475,162184
2024-10-18T13:30:00Z,490.48557475,491.140362427,489.98952348,490.009365531,417334
2024-10-18T14:30:00Z,490.158180912,491.527282417,489.404182982,490.98162602,4455160
2024-10-18T15:30:00Z,490.98162602,491.358624985,489.870471175,491.279256782,5088001
2024-10-18T16:30:00Z,491.289177808,491.656255747,489.652208617,490.09865476,3537706
2024-10-18T17:30:00Z,490.09865476,491.53224293,490.088733734,490.783205512,2406473
2024-10-18T18:30:00Z,490.812968588,491.170125503,489.820866048,491.041152173,1559143
2024-10-18T19:30:00Z,491.070915249,491.146215831,490.267312191,490.793126538,2097132
2024-10-18T20:00:00Z,490.773284487,490.783205512,489.979602455,490.564942953,4806001
2024-10-18T21:00:00Z,490.61454808,491.070915249,490.406206547,490.61454808,585936
2024-10-18T22:00:00Z,490.61454808,490.842731665,490.59470603,490.713758334,27381
2024-10-18T23:00:00Z,490.713758334,490.783205512,490.654232182,490.783205512,7011
2024-10-19T00:00:00Z,490.783205512,490.783205512,490.654232182,490.674074233,134449
2024-10-21T09:00:00Z,490.564942953,490.564942953,489.662129642,490.138338861,34998
2024-10-21T10:00:00Z,490.138338861,490.138338861,488.660106077,489.265288626,30781
2024-10-21T11:00:00Z,489.265288626,489.433946058,488.015239426,488.015239426,68576
2024-10-21T12:00:00Z,488.015239426,488.302949162,487.410056876,487.737450714,208457
2024-10-21T13:00:00Z,487.737450714,488.878567056,487.588635333,488.719632229,231925
2024-10-21T13:30:00Z,488.719632229,489.49347221,488.61050095,489.49347221,117054
2024-10-21T14:30:00Z,489.354577855,492.311043424,489.225604524,491.239572681,4828839
2024-10-21T15:30:00Z,491.229651655,491.34870396,487.429898927,487.768602734,5716851
2024-10-21T16:30:00Z,487.687845587,490.22365968,487.608477384,489.672050667,4296524
2024-10-21T17:30:00Z,489.681971693,490.862573715,489.295051702,490.386364496,2197932
2024-10-21T18:30:00Z,490.396285522,491.000575179,489.979701665,490.30967497,2287915
2024-10-21T19:30:00Z,490.306996293,490.922099868,489.781181947,490.545100903,2913043
2024-10-21T20:00:00Z,490.535179877,491.616571646,490.068891683,491.507440366,4162742
2024-10-21T21:00:00Z,491.566966519,492.191991119,491.338782935,492.013412662,3002764
2024-10-21T22:00:00Z,492.013412662,492.10270189,491.963807535,492.023333687,120588
2024-10-21T23:00:00Z,492.013412662,492.053096763,491.467756265,491.487598316,59725
2024-10-22T00:00:00Z,491.487598316,491.676097798,491.328762699,491.487598316,57928
2024-10-22T09:00:00Z,491.507440366,491.507440366,489.582761439,489.60260349,44566
2024-10-22T10:00:00Z,489.60260349,489.60260349,488.213659934,488.481527619,98717
2024-10-22T11:00:00Z,488.481527619,489.056947093,488.203738908,488.660106077,55697
2024-10-22T12:00:00Z,488.660106077,489.572840413,488.660106077,489.037105042,416447
2024-10-22T13:00:00Z,489.037105042,489.830787074,487.856503019,488.670027102,557966
2024-10-22T13:30:00Z,488.660106077,488.908131712,487.925950197,488.86844761,173518
2024-10-22T14:30:00Z,488.838684534,491.58680857,488.084686603,490.842830875,6013704
2024-10-22T15:30:00Z,490.882415766,491.398309087,489.939918353,490.629429618,3116736
2024-10-22T16:30:00Z,490.604627055,490.922099868,489.49347221,489.652208617,2123624
2024-10-22T17:30:00Z,489.642287591,491.299098833,489.374419905,491.189967554,2789187
2024-10-22T18:30:00Z,491.209809604,493.51644801,491.150382662,492.360648551,4729952
2024-10-22T19:30:00Z,492.350727525,492.400332652,491.447914214,492.241596246,2077560
2024-10-22T20:00:00Z,492.224234451,492.817015719,492.013412662,492.043175738,2978241
2024-10-22T21:00:00Z,492.08285984,492.112622916,491.318940884,491.58680857,1183173
2024-10-22T22:00:00Z,491.576887544,491.7157819,491.497519341,491.58680857,238018
2024-10-22T23:00:00Z,491.537203443,491.537203443,490.961783969,491.209809604,50413
2024-10-23T00:00:00Z,491.209809604,491.894360357,491.150283452,491.834834205,38334
2024-10-23T09:00:00Z,492.043175738,492.043175738,490.85265269,490.971704995,42940
2024-10-23T10:00:00Z,490.971704995,491.309019858,490.59470603,490.862573715,29889
2024-10-23T11:00:00Z,490.872494741,490.872494741,490.009365531,490.22762809,61940
2024-10-23T12:00:00Z,490.22762809,490.842731665,490.11849681,490.555021928,106064
2024-10-23T13:00:00Z,490.555021928,491.070915249,489.900234252,490.168101937,263232
2024-10-23T13:30:00Z,490.168101937,490.22762809,489.424025032,489.681971693,146212
2024-10-23T14:30:00Z,489.691892718,490.346680395,487.568793283,489.295051702,5541467
2024-10-23T15:30:00Z,489.275209651,490.214639483,486.616374844,486.705664073,5197418
2024-10-23T16:30:00Z,486.675900997,487.925950197,485.428431263,485.515141025,3881406
2024-10-23T17:30:00Z,485.495199764,486.060797422,483.183700056,483.861603721,5216127
2024-10-23T18:30:00Z,483.838487732,483.838487732,481.219337027,482.231281617,5363261
2024-10-23T19:30:00Z,482.221360592,484.076592342,482.072545211,483.734316965,4949783
2024-10-23T20:00:00Z,483.739277478,484.761143094,483.342436462,484.503196434,5446166
2024-10-23T21:00:00Z,484.503196434,486.378270235,484.225407723,485.902061015,2643165
2024-10-23T22:00:00Z,485.902061015,486.51716459,485.783008711,486.507243565,381077
2024-10-23T23:00:00Z,486.427875362,486.427875362,485.89213999,486.169928701,132025
2024-10-24T00:00:00Z,486.169928701,486.318744082,485.753245634,486.229454854,74461
2024-10-24T09:00:00Z,484.503196434,488.937894788,484.503196434,488.193817883,85440
2024-10-24T10:00:00Z,488.283107111,488.50136967,488.015239426,488.312870188,30101
2024-10-24T11:00:00Z,488.312870188,488.779158381,488.223580959,488.412080442,25621
2024-10-24T12:00:00Z,488.412080442,489.344656829,488.263265061,489.275209651,148101
2024-10-24T13:00:00Z,489.275209651,489.513314261,488.411981231,488.491448645,297334
2024-10-24T13:30:00Z,488.491448645,489.016667729,487.985476349,488.253344035,186579
2024-10-24T14:30:00Z,488.223580959,488.340649059,486.417954336,486.854479454,5022224
2024-10-24T15:30:00Z,486.88424253,488.233501984,486.616374844,487.489425079,2517290
2024-10-24T16:30:00Z,487.429898927,487.74737174,485.574667177,487.132168955,2321045
2024-10-24T17:30:00Z,487.12234714,488.577364725,487.12234714,487.886266095,2239440
2024-10-24T18:30:00Z,487.916029172,488.481527619,487.171952267,488.045002502,1612555
2024-10-24T19:30:00Z,488.054923527,488.709711204,487.499346105,488.650185051,1807159
2024-10-24T20:00:00Z,488.590658899,489.10655222,488.268225573,488.431922492,3641297
2024-10-24T21:00:00Z,488.451764543,489.205762474,488.213659934,488.580737873,2028404
2024-10-24T22:00:00Z,488.580737873,488.600579924,488.233501984,488.342633264,96682
2024-10-24T23:00:00Z,488.412080442,488.799000432,488.312870188,488.332712238,44497
2024-10-25T00:00:00Z,488.332712238,488.431922492,488.035081476,488.431922492,57163
2024-10-25T09:00:00Z,488.431922492,490.09865476,488.431922492,489.49347221,53339
2024-10-25T10:00:00Z,489.543077337,490.207786039,489.543077337,489.959760404,38370
2024-10-25T11:00:00Z,489.959760404,490.138338861,489.741497845,489.741497845,30060
2024-10-25T12:00:00Z,489.741497845,490.445890649,489.36449888,490.178022963,94172
2024-10-25T13:00:00Z,490.178022963,491.318940884,490.168101937,491.260406834,270931
2024-10-25T13:30:00Z,491.260406834,491.745544976,491.209809604,491.249493706,181192
2024-10-25T14:30:00Z,491.229651655,496.329058711,491.209809604,496.001664873,9978723
2024-10-25T15:30:00Z,496.011585898,496.205045893,494.305169529,494.652405418,5862659
2024-10-25T16:30:00Z,494.632563367,495.287351044,493.918348749,495.287351044,4033248
2024-10-25T17:30:00Z,495.278422121,495.356798222,492.729710696,493.025357253,3691805
2024-10-25T18:30:00Z,493.015436227,493.283303913,490.525258852,492.321063659,5666022
2024-10-25T19:30:00Z,492.370569576,492.906304948,491.34870396,491.819952666,2955585
2024-10-25T20:00:00Z,491.824913179,492.142385992,491.031231147,491.408230112,3474115
2024-10-25T21:00:00Z,491.388388062,491.537203443,490.803047563,490.862573715,1991870
2024-10-25T22:00:00Z,490.951862944,491.070915249,490.842731665,490.991547046,310366
2024-10-25T23:00:00Z,490.991547046,491.051073198,490.793126538,491.041152173,34262
2024-10-26T00:00:00Z,491.041152173,491.041152173,489.880392201,490.545100903,94456
2024-10-28T09:00:00Z,491.408230112,495.505613603,491.408230112,495.406403349,84467
2024-10-28T10:00:00Z,495.406403349,495.55521873,494.95003618,495.55521873,30974
2024-10-28T11:00:00Z,495.55521873,495.743718212,494.741694647,494.791299774,87014
2024-10-28T12:00:00Z,494.791299774,494.830983875,494.215880301,494.394458758,146541
2024-10-28T13:00:00Z,494.394458758,495.346777986,493.491645446,495.307193095,328926
2024-10-28T13:30:00Z,495.307193095,495.456008476,494.374616707,494.523432088,142706
2024-10-28T14:30:00Z,494.523432088,494.58295824,492.231675221,493.878565437,4303896
2024-10-28T15:30:00Z,493.888486462,494.295248504,492.291201373,492.941028537,2508509
2024-10-28T16:30:00Z,492.936068024,493.194014684,491.909241895,492.886462897,2243946
2024-10-28T17:30:00Z,492.876541872,492.916225973,491.686018824,492.410253678,2103667
2024-10-28T18:30:00Z,492.430095729,492.955910075,492.182070094,492.310944213,1237147
2024-10-28T19:30:00Z,492.311043424,492.654410113,491.656255747,492.206872657,2883465
2024-10-28T20:00:00Z,492.223143139,492.440016754,491.189967554,491.487598316,3360512
2024-10-28T21:00:00Z,491.547124468,492.053096763,491.338782935,491.705860874,857778
2024-10-28T22:00:00Z,491.7157819,491.983649586,491.686018824,491.904281382,65600
2024-10-28T23:00:00Z,491.864597281,492.023333687,491.289177808,491.428072163,67556
2024-10-29T00:00:00Z,491.428072163,491.7157819,491.388388062,491.686018824,25075
2024-10-29T09:00:00Z,491.487598316,492.658279313,491.299098833,492.291201373,84839
2024-10-29T10:00:00Z,492.291201373,492.291201373,491.447914214,491.993570611,25960
2024-10-29T11:00:00Z,491.993570611,492.072938814,491.437993189,491.983649586,50637
2024-10-29T12:00:00Z,491.983649586,491.983649586,491.289177808,491.47767729,91502
2024-10-29T13:00:00Z,491.47767729,491.666176773,490.733600385,491.309019858,151767
2024-10-29T13:30:00Z,491.309019858,491.834834205,491.249493706,491.814992154,84301
2024-10-29T14:30:00Z,491.805071128,493.987597506,489.949839379,492.588832135,4802461
2024-10-29T15:30:00Z,492.568990084,494.116670047,492.568990084,493.858723386,2945548
2024-10-29T16:30:00Z,493.858723386,494.959957206,493.471803396,494.295248504,3004915
2024-10-29T17:30:00Z,494.295248504,496.001664873,493.600776726,495.470890014,3141945
2024-10-29T18:30:00Z,495.485771552,496.228261093,495.267508993,496.210006406,2116606
2024-10-29T19:30:00Z,496.200085381,497.390608429,496.081033076,497.281477149,3541585
2024-10-29T20:00:00Z,497.271556124,497.380687403,495.842928466,496.210006406,4932735
2024-10-29T21:00:00Z,496.170322304,497.737844318,496.05127,496.497716143,2555569
2024-10-29T22:00:00Z,496.497716143,497.688239191,496.348900762,497.142582794,352530
2024-10-29T23:00:00Z,497.102898692,497.777528419,496.834038904,497.608870987,106192
2024-10-30T00:00:00Z,497.608870987,497.648555089,497.033451514,497.509660733,121064
2024-10-30T09:00:00Z,496.210006406,497.936264826,496.210006406,496.904478184,70835
2024-10-30T10:00:00Z,496.904478184,497.519581759,496.596926397,497.102898692,32590
2024-10-30T11:00:00Z,497.102898692,497.271556124,496.844952032,497.261635098,116585
2024-10-30T12:00:00Z,497.261635098,497.66839714,496.715978701,496.715978701,178017
2024-10-30T13:00:00Z,496.715978701,497.06321459,495.793422549,496.07111205,306799
2024-10-30T13:30:00Z,496.07111205,496.100875127,494.979799256,495.465929501,213117
2024-10-30T14:30:00Z,495.44608745,496.398505889,492.678121364,496.155440766,6028032
2024-10-30T15:30:00Z,496.150480254,496.210006406,494.215880301,495.991743847,2866806
2024-10-30T16:30:00Z,495.991743847,496.041348974,494.930194129,495.207982841,1919784
2024-10-30T17:30:00Z,495.198061815,495.654428984,494.404379783,494.444063885,1587722
2024-10-30T18:30:00Z,494.483747986,494.69208952,493.055120329,493.938091589,3524152
2024-10-30T19:30:00Z,493.888486462,494.523432088,492.936068024,493.313066989,3243569
2024-10-30T20:00:00Z,493.308106476,493.625579289,491.97372856,492.459858805,6469442
2024-10-30T21:00:00Z,492.410253678,493.769434158,490.951862944,491.795150103,2272688
2024-10-30T22:00:00Z,491.795150103,492.003491636,490.574863979,490.654232182,219492
2024-10-30T23:00:00Z,490.654232182,491.398309087,489.850629125,490.029207582,614769
2024-10-31T00:00:00Z,490.029207582,490.22762809,489.751418871,489.801023998,91563
2024-10-31T09:00:00Z,492.459858805,492.459858805,486.606453819,487.25132047,94681
2024-10-31T10:00:00Z,487.25132047,487.598556359,487.062820987,487.360451749,16233
2024-10-31T11:00:00Z,487.360451749,487.886266095,486.715585098,487.856503019,83765
2024-10-31T12:00:00Z,487.856503019,489.156157347,487.826739943,489.097623297,370531
2024-10-31T13:00:00Z,489.097623297,489.62244554,488.580737873,488.908131712,366709
2024-10-31T13:30:00Z,488.858526585,489.156157347,488.362475315,488.362475315,195104
2024-10-31T14:30:00Z,488.491448645,488.541053772,482.618201608,483.124173903,9001132
2024-10-31T15:30:00Z,483.104331853,483.511093894,481.040758569,482.102308287,5321524
2024-10-31T16:30:00Z,482.072545211,482.310649821,480.346286791,481.874124703,4407963
2024-10-31T17:30:00Z,481.874124703,482.518991354,481.368152408,481.437599585,2937091
2024-10-31T18:30:00Z,481.417757535,481.55665189,480.128024233,480.713364731,4109165
2024-10-31T19:30:00Z,480.713364731,482.191597516,479.999050902,481.695546246,4194329
2024-10-31T20:00:00Z,481.695546246,482.935674421,479.929603725,480.028813979,7490721
2024-10-31T21:00:00Z,480.06849808,482.16183444,479.989129877,480.723285757,2351512
2024-10-31T22:00:00Z,480.723285757,481.884045728,480.316523715,481.338389331,295537
2024-10-31T23:00:00Z,481.348310357,482.390018024,481.219337027,481.764993424,132831
2024-11-01T00:00:00Z,481.764993424,481.864203678,481.378073433,481.536809839,66422
2024-11-01T09:00:00Z,480.028813979,482.65788571,480.028813979,482.270965719,46943
2024-11-01T10:00:00Z,482.270965719,482.687648786,482.122150338,482.29080777,42371
2024-11-01T11:00:00Z,482.29080777,482.856306218,482.16183444,482.717411862,71052
2024-11-01T12:00:00Z,482.717411862,483.124173903,482.270965719,482.618201608,164475
2024-11-01T13:00:00Z,482.638043659,483.501172869,481.417757535,482.717411862,642119
2024-11-01T13:30:00Z,482.737253913,482.737253913,481.576493941,481.596335992,473640
2024-11-01T14:30:00Z,481.66578317,486.477480489,481.368152408,486.477182858,6910179
2024-11-01T15:30:00Z,486.487401514,486.875015976,483.77896158,486.775111251,4722921
2024-11-01T16:30:00Z,486.794953301,486.874321505,485.019089755,485.277036415,1875125
2024-11-01T17:30:00Z,485.278028518,486.060797422,484.086513367,485.911982041,2806252
2024-11-01T18:30:00Z,485.911982041,485.951666142,483.094410827,483.888092859,4409996
2024-11-01T19:30:00Z,483.858428993,484.870274374,483.580541072,483.808724656,3302564
2024-11-01T20:00:00Z,483.788882605,484.523038485,482.955516472,483.580541072,5479664
2024-11-01T21:00:00Z,483.54085697,484.413907205,483.530935945,484.096434393,2593099
2024-11-01T22:00:00Z,484.096434393,484.741301044,483.838487732,484.592485663,200695
2024-11-01T23:00:00Z,484.592485663,484.840511298,484.453591307,484.453591307,28429
2024-11-02T00:00:00Z,484.453591307,484.513117459,484.155960545,484.344460028,11235
2024-11-04T10:00:00Z,483.580541072,484.14603952,483.362278513,484.056750291,49878
2024-11-04T11:00:00Z,484.056750291,485.13814206,484.056750291,484.741301044,25868
2024-11-04T12:00:00Z,484.741301044,484.890116425,484.14603952,484.463512332,27252
2024-11-04T13:00:00Z,484.443670282,484.751222069,482.578517506,484.066671316,158471
2024-11-04T14:00:00Z,484.066671316,484.344460028,483.41188364,483.659909275,206505
2024-11-04T14:30:00Z,483.659909275,483.659909275,482.231281617,482.955516472,194667
2024-11-04T15:30:00Z,482.975358522,484.969484628,480.430119456,484.483453593,4433015
2024-11-04T16:30:00Z,484.473433358,485.515141025,483.957540037,484.364302078,2625419
2024-11-04T17:30:00Z,484.364302078,484.433749256,480.857219599,482.846385192,3677245
2024-11-04T18:30:00Z,482.836464167,484.076592342,482.16183444,483.401962615,1955610
2024-11-04T19:30:00Z,483.302752361,484.294854901,483.17377903,483.292831335,1728245
2024-11-04T20:30:00Z,483.263068259,483.987303113,482.697569811,482.926447867,2271726
2024-11-04T21:00:00Z,482.905911345,482.965437497,481.7947565,482.171755465,4238933
2024-11-04T22:00:00Z,482.132071363,482.806701091,481.804677525,482.806701091,1371308
2024-11-04T23:00:00Z,482.806701091,482.806701091,482.409860075,482.598359557,210535
2024-11-05T00:00:00Z,482.598359557,483.15393698,482.16183444,482.18167649,79987
2024-11-05T01:00:00Z,482.16183444,482.171755465,481.814598551,481.943571881,36918
2024-11-05T10:00:00Z,482.171755465,484.14603952,482.171755465,483.769040554,40093
2024-11-05T11:00:00Z,483.769040554,483.769040554,482.905911345,483.580541072,29955
2024-11-05T12:00:00Z,483.580541072,484.235328748,483.580541072,483.848408758,38358
2024-11-05T13:00:00Z,483.848408758,484.14603952,483.223384157,483.729356453,80776
2024-11-05T14:00:00Z,483.729356453,484.046829266,483.15393698,483.183700056,110828
2024-11-05T14:30:00Z,483.183700056,483.818645681,482.747174938,483.788882605,137395
2024-11-05T15:30:00Z,483.759119529,487.727529689,483.6698303,486.457638438,4844511
2024-11-05T16:30:00Z,486.477480489,487.598556359,485.693719482,487.241399444,3401290
2024-11-05T17:30:00Z,487.310846622,488.987499915,487.281083546,488.431922492,2635813
2024-11-05T18:30:00Z,488.481527619,488.987499915,487.777234026,487.796877656,1978347
2024-11-05T19:30:00Z,487.777134816,488.11444968,486.983551994,487.688044008,1928585
2024-11-05T20:30:00Z,487.717608664,488.13429173,486.856066818,488.074765578,3005196
2024-11-05T21:00:00Z,488.064844553,488.521112511,487.429898927,488.322791213,3304486
2024-11-05T22:00:00Z,488.352554289,489.334735804,488.263265061,488.828763508,2149841
2024-11-05T23:00:00Z,488.828763508,488.908131712,488.511290696,488.858526585,217935
2024-11-06T00:00:00Z,488.858526585,488.86844761,488.253344035,488.461685569,68735
2024-11-06T01:00:00Z,488.362475315,490.019286556,487.965634299,489.394261956,381479
2024-11-06T10:00:00Z,497.04337254,497.638634064,494.285327478,497.598949962,188503
2024-11-06T11:00:00Z,497.598949962,497.638634064,496.477874092,496.537400244,104712
2024-11-06T12:00:00Z,496.537400244,496.785425879,494.156354148,494.672247469,485032
2024-11-06T13:00:00Z,494.672247469,497.152503819,494.553195164,496.686215625,496252
2024-11-06T14:00:00Z,496.686215625,497.400529454,496.061191025,496.696136651,682397
2024-11-06T14:30:00Z,496.696136651,496.993767413,495.872691542,496.993767413,485353
2024-11-06T15:30:00Z,496.606847422,499.483944788,495.654428984,499.216077102,11604999
2024-11-06T16:30:00Z,499.225998128,499.810743365,496.765583828,498.720025832,4258573
2024-11-06T17:30:00Z,498.769630959,499.622839144,498.600973527,499.265682229,3306872
2024-11-06T18:30:00Z,499.28552428,500.694309887,498.972019877,500.694309887,4954382
2024-11-06T19:30:00Z,500.684388861,501.354058076,500.357590285,501.329255512,2903085
2024-11-06T20:30:00Z,501.319334487,502.113016519,500.853046293,501.750899092,3696672
2024-11-06T21:00:00Z,501.755859605,502.410647281,501.180440131,501.587202173,5981688
2024-11-06T22:00:00Z,501.616965249,502.539620611,501.408623716,502.291594976,3020006
2024-11-06T23:00:00Z,502.291594976,502.291594976,501.805464732,501.815385757,229671
2024-11-07T00:00:00Z,501.815385757,502.103095494,501.478070893,501.50783397,381847
2024-11-07T01:00:00Z,501.50783397,501.904674986,500.813362192,501.081229877,133447
2024-11-07T10:00:00Z,501.587202173,503.194408288,501.587202173,502.747962145,128736
2024-11-07T11:00:00Z,502.747962145,503.005908805,502.658672916,502.688435992,21245
2024-11-07T12:00:00Z,502.688435992,502.857093424,502.410647281,502.797567272,90135
2024-11-07T13:00:00Z,502.797567272,503.630933405,502.777725221,503.38290777,169517
2024-11-07T14:00:00Z,503.38290777,504.166668777,503.234092389,503.839274939,345079
2024-11-07T14:30:00Z,503.888880066,504.682562098,503.779748786,504.434536463,229684
2024-11-07T15:30:00Z,504.384931336,507.311534618,504.325405183,506.875108711,6829582
2024-11-07T16:30:00Z,506.891478403,508.293815343,506.319630499,507.916816378,3489800
2024-11-07T17:30:00Z,507.896974327,508.937689892,507.817606124,508.512077902,2848607
2024-11-07T18:30:00Z,508.482314826,508.908918918,507.95650048,508.353341496,2539254
2024-11-07T19:30:00Z,508.333499445,509.097418401,507.827527149,508.641051232,3583622
2024-11-07T20:30:00Z,508.621308392,510.268099398,508.006105606,509.762127102,4247095
2024-11-07T21:00:00Z,509.752206077,510.186250938,509.122220964,509.484338391,6097143
2024-11-07T22:00:00Z,509.484338391,510.208573245,509.236312756,509.603390696,1997164
2024-11-07T23:00:00Z,509.603390696,509.623232747,509.395049163,509.494259416,196779
2024-11-08T00:00:00Z,509.494259416,509.662916848,509.137102502,509.57362762,110253
2024-11-08T01:00:00Z,509.57362762,509.881179407,509.524022493,509.553785569,46832
2024-11-08T10:00:00Z,509.484338391,510.387151703,509.484338391,509.96054761,54656
2024-11-08T11:00:00Z,509.96054761,509.96054761,507.668790743,507.95650048,160568
2024-11-08T12:00:00Z,507.95650048,508.512077902,507.470370235,508.373183546,102434
2024-11-08T13:00:00Z,508.373183546,509.027971223,508.283894318,508.918839943,115676
2024-11-08T14:00:00Z,508.918839943,509.166865578,508.283894318,508.462472775,291844
2024-11-08T14:30:00Z,508.462472775,509.087497375,508.264052267,509.057734299,110673
2024-11-08T15:30:00Z,508.983326608,510.095473556,508.363262521,509.137102502,4609854
2024-11-08T16:30:00Z,509.137102502,509.764607359,508.621209181,509.543765333,2214198
2024-11-08T17:30:00Z,509.57362762,510.168889144,509.186707629,509.395049163,3493031
2024-11-08T18:30:00Z,509.385128137,510.168889144,509.33552301,510.089520941,1306805
2024-11-08T19:30:00Z,510.089520941,510.85095964,510.059757864,510.714545541,3354855
2024-11-08T20:30:00Z,510.704624515,510.843518871,509.613311721,509.752206077,2075829
2024-11-08T21:00:00Z,509.772048128,510.109362991,509.504180442,510.079599915,3122721
2024-11-08T22:00:00Z,510.109362991,510.278020423,509.841495306,509.96054761,1411677
2024-11-08T23:00:00Z,509.96054761,509.970468636,509.801811204,509.801811204,476003
2024-11-09T00:00:00Z,509.801811204,510.020073763,509.801811204,510.010053527,7905
2024-11-09T01:00:00Z,510.010053527,510.06967889,509.940507139,509.990211476,15913
2024-11-11T10:00:00Z,510.079599915,511.855463462,510.079599915,511.537990649,84746
2024-11-11T11:00:00Z,511.528069624,511.696727055,511.032018354,511.032018354,26991
2024-11-11T12:00:00Z,511.032018354,511.418938344,510.9328081,511.339570141,47300
2024-11-11T13:00:00Z,511.339570141,512.520172164,511.299886039,512.341593706,110679
2024-11-11T14:00:00Z,512.341593706,512.599540367,511.390365791,511.726490131,205955
2024-11-11T14:30:00Z,511.726490131,511.854471359,511.271115066,511.31972809,138815
2024-11-11T15:30:00Z,511.299886039,511.508227573,508.194605089,509.057734299,5588159
2024-11-11T16:30:00Z,509.037892248,510.367309652,509.037892248,509.46135832,2773401
2024-11-11T17:30:00Z,509.504180442,509.752206077,508.432709699,508.621209181,2045442
2024-11-11T18:30:00Z,508.611288156,509.037892248,506.885029736,507.896974327,2756585
2024-11-11T19:30:00Z,507.877132276,509.236312756,507.827527149,508.34351968,2385687
2024-11-11T20:30:00Z,508.363262521,509.285917883,508.234289191,509.132141989,2624982
2024-11-11T21:00:00Z,509.126685425,509.881179407,508.909018128,509.781969153,3369773
2024-11-11T22:00:00Z,509.801811204,510.079599915,509.484338391,509.514200678,1682071
2024-11-11T23:00:00Z,509.533943518,509.762127102,509.494259416,509.70260095,236786
2024-11-12T00:00:00Z,509.643074798,509.732165606,509.376199214,509.70260095,24886
2024-11-12T01:00:00Z,509.643074798,509.762127102,509.295838909,509.623232747,67862
2024-11-12T10:00:00Z,509.781969153,510.059757864,508.94860302,508.998208146,75617
2024-11-12T11:00:00Z,508.998208146,508.998208146,507.71839587,508.631130207,180666
2024-11-12T12:00:00Z,508.631130207,509.117260451,508.521998927,508.720419435,113625
2024-11-12T13:00:00Z,508.720419435,509.593469671,508.720419435,509.138094605,143079
2024-11-12T14:00:00Z,509.138094605,510.089520941,508.898997893,509.851416331,224154
2024-11-12T14:30:00Z,509.891100433,509.950626585,509.285917883,509.652995823,120760
2024-11-12T15:30:00Z,509.712521975,510.595493236,508.849392766,509.692679925,3854974
2024-11-12T16:30:00Z,509.70260095,510.158968118,508.462472775,508.809807874,2666158
2024-11-12T17:30:00Z,508.823002838,509.127181477,507.648948692,508.286374574,2669075
2024-11-12T18:30:00Z,508.278933805,508.551762004,505.803637968,507.391002032,3718692
2024-11-12T19:30:00Z,507.341396905,509.404970188,507.341396905,509.027971223,2566126
2024-11-12T20:30:00Z,509.057734299,509.524022493,508.531919953,508.889076867,2732239
2024-11-12T21:00:00Z,508.849392766,509.385128137,508.463167247,508.859313791,4372866
2024-11-12T22:00:00Z,508.859313791,509.226391731,508.71049841,508.71049841,1972340
2024-11-12T23:00:00Z,508.71049841,509.027971223,508.641051232,508.700577385,285040
2024-11-13T00:00:00Z,508.700577385,508.700577385,507.926737403,508.333499445,104940
2024-11-13T01:00:00Z,508.333499445,508.333499445,507.817606124,507.965925454,34939
2024-11-13T10:00:00Z,508.859313791,508.859313791,508.462472775,508.631130207,32055
2024-11-13T11:00:00Z,508.819629689,508.869234816,508.164842013,508.293815343,42465
2024-11-13T12:00:00Z,508.293815343,508.293815343,507.579501514,507.629106641,34252
2024-11-13T13:00:00Z,507.629106641,508.303736369,507.381081006,507.71839587,93337
2024-11-13T14:00:00Z,507.71839587,510.387151703,507.46044921,508.750182511,571687
2024-11-13T14:30:00Z,508.740261486,509.295838909,508.34342047,508.34342047,206021
2024-11-13T15:30:00Z,508.353341496,508.988287121,505.922690273,506.944555889,4309551
2024-11-13T16:30:00Z,506.944555889,508.482314826,506.609721281,508.237067078,2257061
2024-11-13T17:30:00Z,508.21444714,509.643074798,506.989200503,508.999993931,2699530
2024-11-13T18:30:00Z,509.018050197,510.168889144,508.591446105,509.970468636,2226242
2024-11-13T19:30:00Z,509.950626585,510.912966049,509.266075832,509.454575315,2851797
2024-11-13T20:30:00Z,509.454079264,509.633153772,508.075651995,508.779945588,2650247
2024-11-13T21:00:00Z,508.770024562,509.722443001,507.410844083,508.204526115,4082267
2024-11-13T22:00:00Z,508.254131241,508.859313791,508.095394835,508.432709699,1996697
2024-11-13T23:00:00Z,508.353341496,508.383104572,508.164842013,508.184684064,474379
2024-11-14T00:00:00Z,508.184684064,508.58152508,507.95650048,508.422788673,48022
2024-11-14T01:00:00Z,508.422788673,508.541840978,507.807685099,508.125157911,43253
2024-11-14T10:00:00Z,508.204526115,509.047813274,508.204526115,508.313657394,56566
2024-11-14T11:00:00Z,508.224368165,508.859313791,508.154920988,508.383104572,22464
2024-11-14T12:00:00Z,508.383104572,508.83947174,508.383104572,508.83947174,47002
2024-11-14T13:00:00Z,508.83947174,508.928760969,508.224368165,508.303736369,40020
2024-11-14T14:00:00Z,508.303736369,508.740261486,507.262028702,507.817606124,443876
2024-11-14T14:30:00Z,507.748158946,507.986263556,507.400923057,507.986263556,173242
2024-11-14T15:30:00Z,507.867211251,508.740261486,505.535770282,506.934634863,4151992
2024-11-14T16:30:00Z,506.894950762,507.867211251,506.349294365,507.199526241,2175872
2024-11-14T17:30:00Z,507.212423575,507.906895353,505.853243095,506.051663603,1982448
2024-11-14T18:30:00Z,506.051663603,507.410844083,504.940508758,506.835424609,3494239
2024-11-14T19:30:00Z,506.825503584,506.96439794,505.079403114,506.081426679,3900033
2024-11-14T20:30:00Z,506.061584628,506.656846152,504.226194929,505.039719012,4961011
2024-11-14T21:00:00Z,505.034758499,505.228218495,503.759906735,504.672641072,5104197
2024-11-14T22:00:00Z,504.672641072,504.74208825,503.303539567,503.920726557,1776863
2024-11-14T23:00:00Z,503.920726557,504.017853396,503.596408237,503.779748786,327144
2024-11-15T00:00:00Z,503.779748786,503.869038015,502.99598778,503.263855465,64914
2024-11-15T01:00:00Z,503.263855465,503.402749821,502.440410357,502.668593941,114672
2024-11-15T10:00:00Z,504.672641072,504.672641072,500.237942718,500.485968353,109204
2024-11-15T11:00:00Z,500.485968353,500.724072963,500.118890414,500.634783734,124920
2024-11-15T12:00:00Z,500.634783734,501.289571411,500.595099633,501.091150903,129648
2024-11-15T13:00:00Z,501.091150903,501.557439097,500.922493471,501.487991919,190414
2024-11-15T14:00:00Z,501.487991919,501.487991919,500.01968016,500.198258617,384729
2024-11-15T14:30:00Z,500.198258617,500.327231947,498.848999162,499.037498645,448027
2024-11-15T15:30:00Z,498.968051467,499.354971458,494.761536698,494.95003618,10259823
2024-11-15T16:30:00Z,494.95003618,495.426245399,493.605737238,494.721852596,8951658
2024-11-15T17:30:00Z,494.741694647,494.989720282,492.221754195,492.695483158,6435124
2024-11-15T18:30:00Z,492.688042389,493.134488532,491.557045493,492.221754195,5231785
2024-11-15T19:30:00Z,492.21183317,492.21183317,490.584785004,490.971605784,5328974
2024-11-15T20:30:00Z,490.956823457,492.866620846,490.951862944,492.320964449,5017081
2024-11-15T21:00:00Z,492.330885475,493.035278278,491.616571646,492.648358287,5798266
2024-11-15T22:00:00Z,492.559069059,493.243619811,492.509463932,492.826936745,2914376
2024-11-15T23:00:00Z,492.826936745,493.07496238,492.767410592,492.876541872,190184
2024-11-16T00:00:00Z,492.916225973,493.045199303,492.787252643,493.035278278,36608
2024-11-16T01:00:00Z,493.035278278,493.174172634,492.9658311,493.07496238,35286
2024-11-18T10:00:00Z,492.648358287,496.090954101,492.648358287,494.235722351,139736
2024-11-18T11:00:00Z,494.235722351,494.959957206,494.156354148,494.940115155,59786
2024-11-18T12:00:00Z,494.940115155,494.999641307,494.166275174,494.533353113,55227
2024-11-18T13:00:00Z,494.533353113,494.811141825,494.017459793,494.295248504,158798
2024-11-18T14:00:00Z,494.295248504,494.364695682,492.449937779,494.08690697,609497
2024-11-18T14:30:00Z,494.146433123,494.940115155,494.096827996,494.096827996,204156
2024-11-18T15:30:00Z,494.19603825,496.477874092,492.807094694,496.458032041,5922110
2024-11-18T16:30:00Z,496.458032041,498.023272218,496.408526124,497.529502784,3772646
2024-11-18T17:30:00Z,497.519581759,498.174369435,496.140559228,496.596926397,2982739
2024-11-18T18:30:00Z,496.606847422,496.894557159,495.664350009,496.368742812,2330996
2024-11-18T19:30:00Z,496.378663838,496.785425879,495.118693612,495.277430018,2847915
2024-11-18T20:30:00Z,495.282390531,496.586013269,495.05916746,496.497716143,2457432
2024-11-18T21:00:00Z,496.497716143,496.497716143,495.55521873,496.07111205,4090077
2024-11-18T22:00:00Z,496.05127,496.458032041,495.842928466,495.991743847,1311565
2024-11-18T23:00:00Z,495.991743847,496.210006406,495.912375644,496.07111205,160850
2024-11-19T00:00:00Z,496.07111205,496.170322304,495.456008476,495.852849492,64765
2024-11-19T01:00:00Z,495.852849492,496.527479219,495.694113085,495.971901796,80369
2024-11-19T10:00:00Z,496.07111205,496.497716143,492.826936745,493.948012615,168811
2024-11-19T11:00:00Z,493.948012615,495.148456688,493.729750056,494.910352079,60584
2024-11-19T12:00:00Z,494.890510028,495.029404383,493.888486462,494.920273104,53614
2024-11-19T13:00:00Z,494.920273104,495.932217695,494.82106285,495.743718212,151052
2024-11-19T14:00:00Z,495.743718212,495.823086415,490.991547046,491.130441401,513544
2024-11-19T14:30:00Z,491.130441401,493.491645446,490.207786039,493.471803396,675764
2024-11-19T15:30:00Z,493.491645446,495.495692577,493.154330583,495.475850526,4343577
2024-11-19T16:30:00Z,495.44608745,497.489818683,494.969878231,497.380687403,3079750
2024-11-19T17:30:00Z,497.380687403,497.777528419,496.43818999,497.432375945,2415907
2024-11-19T18:30:00Z,497.420371505,498.541447375,497.291398175,498.447197634,1905761
2024-11-19T19:30:00Z,498.459499705,499.973646602,498.292132007,498.888683264,2414603
2024-11-19T20:30:00Z,498.898505079,499.166471975,498.025554054,499.057340696,3725110
2024-11-19T21:00:00Z,499.02757762,499.722049398,498.878762239,499.483944788,3259248
2024-11-19T22:00:00Z,499.474023763,499.989917083,499.146629924,499.146629924,1367824
2024-11-19T23:00:00Z,499.146629924,499.315287356,499.037498645,499.216077102,176805
2024-11-20T00:00:00Z,499.216077102,499.870864779,499.097024797,499.751812474,109565
2024-11-20T01:00:00Z,499.751812474,500.962177573,499.751812474,500.555415531,101503
2024-11-20T10:00:00Z,499.483944788,500.982019623,499.483944788,500.208179642,73896
2024-11-20T11:00:00Z,500.208179642,500.228021693,499.275603255,499.801417601,41654
2024-11-20T12:00:00Z,499.801417601,500.416521176,499.682365296,500.267705795,47776
2024-11-20T13:00:00Z,500.267705795,500.853046293,500.099048363,500.793520141,79751
2024-11-20T14:00:00Z,500.793520141,500.991940649,499.996961011,500.178416566,190772
2024-11-20T14:30:00Z,500.178416566,500.178416566,498.581131477,499.017656594,360327
2024-11-20T15:30:00Z,499.186314026,499.235919153,492.633476749,493.640460827,7248000
2024-11-20T16:30:00Z,493.630539802,496.616768447,493.451961345,494.711931571,4461738
2024-11-20T17:30:00Z,494.751615672,498.124764308,494.305169529,496.279354373,3904426
2024-11-20T18:30:00Z,496.249690508,496.93424126,495.138535663,496.200085381,2183256
2024-11-20T19:30:00Z,496.170322304,496.170322304,494.533353113,494.900431053,1728302
2024-11-20T20:30:00Z,494.840904901,496.924320235,494.761536698,496.874913528,2905257
2024-11-20T21:00:00Z,496.904478184,499.503786839,496.904478184,499.196235051,3768761
2024-11-20T22:00:00Z,499.225998128,500.01968016,495.535376679,498.928367366,1884428
2024-11-20T23:00:00Z,498.928367366,499.653891953,498.16444841,498.888683264,385103
2024-11-21T00:00:00Z,498.888683264,499.404576585,497.757686368,499.235919153,192281
2024-11-21T01:00:00Z,499.295445305,499.305366331,496.775504854,496.775504854,124687
2024-11-21T10:00:00Z,499.196235051,499.196235051,495.604823857,496.835031006,116950
2024-11-21T11:00:00Z,496.835031006,497.688239191,496.448111016,497.598949962,70915
2024-11-21T12:00:00Z,497.579107911,499.02757762,497.579107911,498.839078137,266033
2024-11-21T13:00:00Z,498.839078137,500.614941684,498.630736604,499.52362889,366459
2024-11-21T14:00:00Z,499.52362889,502.162621646,499.474023763,501.487991919,565399
2024-11-21T14:30:00Z,501.487991919,502.549541637,501.487991919,502.241989849,193155
2024-11-21T15:30:00Z,502.241989849,502.956303678,493.838881335,493.977775691,9780417
2024-11-21T16:30:00Z,493.977775691,499.960054797,493.630539802,499.960054797,6329960
2024-11-21T17:30:00Z,499.940311956,500.684388861,497.970988414,500.307389896,3035802
2024-11-21T18:30:00Z,500.302429383,501.815385757,500.218100668,501.52767602,3019866
2024-11-21T19:30:00Z,501.537597046,502.063411392,500.219985662,501.195321669,2478386
2024-11-21T20:30:00Z,501.230045258,502.341200103,500.714151938,502.122838334,2906378
2024-11-21T21:00:00Z,502.093174468,502.182463697,500.872888344,500.991940649,3569124
2024-11-21T22:00:00Z,501.001861674,501.14075603,500.218100668,500.27762682,1535948
2024-11-21T23:00:00Z,500.27762682,500.482198364,500.228021693,500.268797107,114396
2024-11-22T00:00:00Z,500.268797107,500.545494506,499.483944788,499.860943753,142999
2024-11-22T01:00:00Z,499.860943753,500.218100668,499.593076067,499.741891448,58803
2024-11-22T10:00:00Z,500.991940649,500.991940649,498.134685334,499.622839144,80660
2024-11-22T11:00:00Z,499.622839144,499.622839144,498.144606359,499.424418636,74678
2024-11-22T12:00:00Z,499.424418636,500.01968016,498.799394035,500.01968016,41843
2024-11-22T13:00:00Z,500.01968016,500.684388861,499.91054888,500.595099633,81659
2024-11-22T14:00:00Z,500.595099633,501.0117827,500.108969388,500.237942718,277086
2024-11-22T14:30:00Z,500.237942718,500.892730395,499.950232982,500.416521176,127701
2024-11-22T15:30:00Z,500.436363226,502.361042154,498.809315061,499.265682229,5127561
2024-11-22T16:30:00Z,499.28552428,501.884832935,499.136708899,500.128811439,3027651
2024-11-22T17:30:00Z,500.178416566,501.755859605,499.444260686,501.517854205,2214936
2024-11-22T18:30:00Z,501.52767602,502.529699586,500.624862709,501.845148833,2425939
2024-11-22T19:30:00Z,501.76578063,502.361042154,500.51573143,501.289571411,2626608
2024-11-22T20:30:00Z,501.289571411,501.89475396,500.694309887,501.180539342,2516751
2024-11-22T21:00:00Z,501.180440131,502.271752925,500.942335522,501.795543706,2948114
2024-11-22T22:00:00Z,501.745938579,502.529699586,501.626886274,502.450331383,1839170
2024-11-22T23:00:00Z,502.425528819,502.51977856,502.00388524,502.341200103,360839
2024-11-23T00:00:00Z,502.341200103,502.509857535,502.241989849,502.370963179,32173
2024-11-23T01:00:00Z,502.370963179,502.698357018,502.361042154,502.658672916,23579
2024-11-25T10:00:00Z,501.795543706,504.831377479,501.795543706,504.732167225,114434
2024-11-25T11:00:00Z,504.771851326,505.069482088,504.642877996,505.069482088,75247
2024-11-25T12:00:00Z,505.069482088,505.069482088,504.682562098,504.702404148,32682
2024-11-25T13:00:00Z,504.702404148,504.821456453,504.207344981,504.424615437,166847
2024-11-25T14:00:00Z,504.424615437,506.131031806,504.166668777,505.506007206,471862
2024-11-25T14:30:00Z,505.506007206,506.587398974,505.267902596,505.922690273,252406
2024-11-25T15:30:00Z,505.873085146,507.413324339,502.440410357,503.938485193,7584901
2024-11-25T16:30:00Z,503.883919553,504.345247234,502.549541637,503.98809032,3372603
2024-11-25T17:30:00Z,503.998011345,504.593272869,500.962177573,501.220124233,3191555
2024-11-25T18:30:00Z,501.190361157,502.876935475,500.280107076,502.410647281,2880038
2024-11-25T19:30:00Z,502.380884205,502.827231137,501.349097563,501.993964214,1500631
2024-11-25T20:30:00Z,501.984043189,502.618988814,501.547518071,502.083253443,1701018
2024-11-25T21:00:00Z,502.093174468,502.762843683,501.984043189,502.589225738,3393188
2024-11-25T22:00:00Z,502.599146764,503.482118024,502.232068824,503.085277008,1163771
2024-11-25T23:00:00Z,503.085277008,503.134882135,502.916619576,502.946382653,50914
2024-11-26T00:00:00Z,503.12496111,503.888880066,500.694309887,501.497912944,268795
2024-11-26T01:00:00Z,501.309413462,501.6368073,500.456205277,500.624862709,154291
2024-11-26T10:00:00Z,502.589225738,503.095198034,501.726096528,502.75788317,60442
2024-11-26T11:00:00Z,502.75788317,503.214250338,502.271752925,503.055513932,35735
2024-11-26T12:00:00Z,503.055513932,504.295642107,502.747962145,504.087300574,49798
2024-11-26T13:00:00Z,504.087300574,504.464299539,503.888880066,504.335326209,232497
2024-11-26T14:00:00Z,504.335326209,504.444457488,503.690459558,504.216273904,261563
2024-11-26T14:30:00Z,504.216273904,505.059561063,503.779748786,504.186510828,371309
2024-11-26T15:30:00Z,504.067458523,506.111189755,503.62101238,504.48414159,5272997
2024-11-26T16:30:00Z,504.454378513,505.446481053,503.958327243,504.444457488,2446232
2024-11-26T17:30:00Z,504.404773386,504.761930301,503.710301608,504.206352878,2067709
2024-11-26T18:30:00Z,504.166668777,505.138929266,504.057537497,504.533746717,2052986
2024-11-26T19:30:00Z,504.513805455,505.089324139,503.224171364,503.640854431,3169019
2024-11-26T20:30:00Z,503.630933405,504.464299539,503.383205401,504.464299539,4176468
2024-11-26T21:00:00Z,504.464299539,505.684585663,504.236115955,505.287744647,4398319
2024-11-26T22:00:00Z,505.287744647,505.704427714,505.257981571,505.564541256,1520990
2024-11-26T23:00:00Z,505.564541256,505.565533358,505.009955936,505.228218495,291473
2024-11-27T00:00:00Z,505.228218495,505.406796952,504.791693377,505.208376444,53467
2024-11-27T01:00:00Z,505.208376444,505.327428749,504.861140555,505.168692342,94863
2024-11-27T10:00:00Z,505.287744647,505.287744647,503.372986745,503.74998571,67781
2024-11-27T11:00:00Z,503.789669812,504.196431853,503.561486227,504.126984675,27046
2024-11-27T12:00:00Z,504.126984675,504.136905701,503.521802126,504.00793237,30767
2024-11-27T13:00:00Z,504.00793237,504.50398364,503.690459558,504.365089285,139976
2024-11-27T14:00:00Z,504.365089285,504.960251598,504.285721082,504.583351844,181697
2024-11-27T14:30:00Z,504.583351844,504.623035945,504.087300574,504.11706365,113772
2024-11-27T15:30:00Z,504.156747751,504.226194929,500.089127337,500.347073998,5525465
2024-11-27T16:30:00Z,500.307389896,500.595000422,498.491842248,499.136708899,3756498
2024-11-27T17:30:00Z,499.04741967,500.01968016,497.966027902,499.116866848,2932519
2024-11-27T18:30:00Z,499.136708899,500.6644476,498.690262756,500.228021693,2387396
2024-11-27T19:30:00Z,500.218100668,501.497912944,500.123850926,500.991940649,2658853
2024-11-27T20:30:00Z,500.982019623,501.656649351,500.687166748,500.90265142,2247758
2024-11-27T21:00:00Z,500.892730395,501.309413462,500.237942718,501.309413462,3710156
2024-11-27T22:00:00Z,501.299492436,501.537597046,500.892730395,501.110992954,869703
2024-11-27T23:00:00Z,501.110992954,501.309413462,501.110992954,501.160598081,235893
2024-11-28T00:00:00Z,501.160598081,501.626886274,501.160598081,501.487991919,31099
2024-11-28T01:00:00Z,501.487991919,502.142779595,501.487991919,502.00388524,41064
2024-11-29T10:00:00Z,501.309413462,503.789669812,501.309413462,503.551565202,48595
2024-11-29T11:00:00Z,503.551565202,503.710301608,503.134882135,503.531723151,13972
2024-11-29T12:00:00Z,503.412670846,503.462275973,503.095198034,503.313460592,17988
2024-11-29T13:00:00Z,503.313460592,503.313460592,502.251910875,502.569383687,61351
2024-11-29T14:00:00Z,502.569383687,502.678514967,501.487991919,501.835227808,236120
2024-11-29T14:30:00Z,501.835227808,502.916619576,501.736414395,501.904674986,138345
2024-11-29T15:30:00Z,501.934438062,505.287744647,501.319334487,504.61311492,5072276
2024-11-29T16:30:00Z,504.61311492,505.833401044,504.405666279,505.634980536,3540370
2024-11-29T17:30:00Z,505.615138485,506.051663603,505.148949502,505.47624413,2535120
2024-11-29T18:00:00Z,505.49608618,506.309610263,505.456402079,505.714348739,2832099
2024-11-29T19:00:00Z,505.684585663,505.773874892,505.426639003,505.644901561,731190
2024-11-29T20:00:00Z,505.635377377,505.962374374,505.47624413,505.952453349,38142
2024-11-29T21:00:00Z,505.952453349,505.962374374,505.644901561,505.823480019,15460
2024-11-29T22:00:00Z,505.773874892,506.160794882,505.73419079,506.160794882,31360
2024-12-02T10:00:00Z,505.714348739,505.714348739,504.761930301,504.761930301,65806
2024-12-02T11:00:00Z,504.761930301,505.089324139,504.642877996,504.781772352,26141
2024-12-02T12:00:00Z,504.781772352,505.228218495,504.771851326,505.228218495,19696
2024-12-02T13:00:00Z,505.228218495,506.220321035,505.178613368,506.131031806,112341
2024-12-02T14:00:00Z,506.131031806,506.815582559,506.021801316,506.646925127,246799
2024-12-02T14:30:00Z,506.646925127,507.063608194,506.547714873,506.98423999,156489
2024-12-02T15:30:00Z,506.974318965,510.674861439,506.587398974,510.337546576,6361174
2024-12-02T16:30:00Z,510.337248945,510.82367682,509.375207112,510.367309652,2433213
2024-12-02T17:30:00Z,510.357388626,512.1828573,510.238336321,511.567753725,3688446
2024-12-02T18:30:00Z,511.567753725,511.895147563,510.903045023,511.053546979,1767014
2024-12-02T19:30:00Z,511.051860404,511.339570141,510.208573245,510.506204007,2213899
2024-12-02T20:30:00Z,510.496282982,511.706648081,510.466519906,511.657042954,2052343
2024-12-02T21:00:00Z,511.658035056,511.764388449,511.101564742,511.220517836,3676563
2024-12-02T22:00:00Z,511.220517836,511.726490131,510.992334252,511.071702455,2085885
2024-12-02T23:00:00Z,511.071702455,511.260201938,510.982413226,511.220517836,175870
2024-12-03T00:00:00Z,511.220517836,511.379254243,510.912966049,511.180833735,35568
2024-12-03T01:00:00Z,511.180833735,511.280043989,510.9328081,511.081623481,30121
2024-12-03T10:00:00Z,511.220517836,511.42885937,511.170912709,511.250280912,28350
2024-12-03T11:00:00Z,511.250280912,511.399096293,510.9328081,510.9328081,16661
2024-12-03T12:00:00Z,510.9328081,511.131228608,510.595493236,511.081623481,30144
2024-12-03T13:00:00Z,511.081623481,511.379254243,510.655019388,511.111386557,59062
2024-12-03T14:00:00Z,511.111386557,511.468543471,510.813755795,510.813755795,140033
2024-12-03T14:30:00Z,510.813755795,511.131228608,509.613311721,509.871258382,260330
2024-12-03T15:30:00Z,509.891100433,511.716569106,509.315680959,510.357388626,5069887
2024-12-03T16:30:00Z,510.337546576,512.153094224,510.06967889,512.143173198,2204256
2024-12-03T17:30:00Z,512.133252173,512.401119859,510.818716307,510.982413226,1852720
2024-12-03T18:30:00Z,510.972492201,512.014199868,510.684782465,511.587595776,1555500
2024-12-03T19:30:00Z,511.577674751,511.890385471,511.260201938,511.736411157,1092025
2024-12-03T20:30:00Z,511.739288254,512.460646011,511.716569106,512.242383452,1497456
2024-12-03T21:00:00Z,512.242383452,513.065828561,511.845542436,512.788039849,2072739
2024-12-03T22:00:00Z,512.778118824,513.968641872,512.668987545,513.899194694,1157842
2024-12-03T23:00:00Z,513.899194694,513.988483923,513.730537262,513.90911572,1450696
2024-12-04T00:00:00Z,513.90911572,514.176983405,513.462669576,514.117457253,81975
2024-12-04T01:00:00Z,514.117457253,514.127378278,513.720616237,513.879352643,36976
2024-12-04T10:00:00Z,512.788039849,515.833794647,512.788039849,515.823873622,108448
2024-12-04T11:00:00Z,515.823873622,516.081820282,515.496479784,515.833794647,52952
2024-12-04T12:00:00Z,515.833794647,516.468740273,515.833794647,516.190951561,61629
2024-12-04T13:00:00Z,516.190951561,516.448898222,516.02229413,516.071899257,119679
2024-12-04T14:00:00Z,516.071899257,516.945941594,516.071899257,516.944949492,315831
2024-12-04T14:30:00Z,516.925107441,517.153291025,516.190951561,516.200872587,211657
2024-12-04T15:30:00Z,516.210793612,517.312027432,515.496479784,517.153291025,5800519
2024-12-04T16:30:00Z,517.163212051,518.125551515,516.945048702,517.441000762,3942577
2024-12-04T17:30:00Z,517.450921787,517.996578184,516.944949492,517.738631524,2149965
2024-12-04T18:30:00Z,517.728710499,517.89736793,517.133448975,517.399729296,1553099
2024-12-04T19:30:00Z,517.40131666,518.403340226,516.766371035,518.333992258,2051470
2024-12-04T20:30:00Z,518.333893048,518.780339191,518.204919718,518.691049962,3359018
2024-12-04T21:00:00Z,518.681128937,519.38552174,518.591839708,519.12757508,4269431
2024-12-04T22:00:00Z,519.107733029,519.137496105,518.472787404,518.63152381,1820791
2024-12-04T23:00:00Z,518.661286886,518.700970988,518.522392531,518.522392531,140602
2024-12-05T00:00:00Z,518.522392531,518.779545509,518.353735099,518.591839708,64579
2024-12-05T01:00:00Z,518.591839708,518.591839708,518.125749935,518.194998692,82980
2024-12-05T10:00:00Z,519.12757508,519.12757508,518.075946388,518.472787404,50429
2024-12-05T11:00:00Z,518.472787404,518.700970988,518.304129972,518.472787404,24356
2024-12-05T12:00:00Z,518.472787404,518.810102267,518.472787404,518.681128937,26253
2024-12-05T13:00:00Z,518.681128937,519.177180207,518.681128937,519.147417131,67689
2024-12-05T14:00:00Z,519.147417131,519.147417131,518.462866378,518.86962842,185505
2024-12-05T14:30:00Z,518.968838674,519.187101232,518.859707394,519.187101232,53509
2024-12-05T15:30:00Z,519.177180207,519.514495071,518.234682794,518.720813039,3539046
2024-12-05T16:30:00Z,518.780339191,519.236706359,518.010269199,518.973799186,1739416
2024-12-05T17:30:00Z,518.998502539,519.851809934,518.63152381,519.683152502,1637542
2024-12-05T18:30:00Z,519.683152502,519.901315851,517.867604854,518.304129972,1713652
2024-12-05T19:30:00Z,518.294208946,518.849786369,517.649342295,518.185077667,2735225
2024-12-05T20:30:00Z,518.155314591,518.570013452,517.550132041,517.63932206,1545921
2024-12-05T21:00:00Z,517.629500245,518.155314591,517.302106406,517.689026397,3340050
2024-12-05T22:00:00Z,517.718789473,517.718789473,516.845739238,517.212817178,1320209
2024-12-05T23:00:00Z,517.212817178,517.282264356,517.034238721,517.183054101,102255
2024-12-06T00:00:00Z,517.183054101,517.262422305,516.528266425,517.212817178,45741
2024-12-06T01:00:00Z,517.212817178,517.38147461,517.01439667,517.242580254,42836
2024-12-06T10:00:00Z,517.689026397,518.274366896,517.689026397,517.808078702,43415
2024-12-06T11:00:00Z,517.808078702,517.87752588,517.351711533,517.351711533,25989
2024-12-06T12:00:00Z,517.470763838,517.629500245,517.163212051,517.629500245,27236
2024-12-06T13:00:00Z,517.629500245,518.155314591,517.490605889,518.026341261,61732
2024-12-06T14:00:00Z,518.026341261,519.266469436,517.222738203,518.37357715,610178
2024-12-06T14:30:00Z,518.37357715,518.88947047,518.333893048,518.363656124,150101
2024-12-06T15:30:00Z,518.353735099,522.034435522,518.224761769,521.716962709,4047252
2024-12-06T16:30:00Z,521.731844247,521.875699116,520.278414026,521.399489896,2663155
2024-12-06T17:30:00Z,521.34988477,521.796330913,520.843912474,521.726883735,2551592
2024-12-06T18:30:00Z,521.73680476,522.560249868,521.052254008,522.34198731,2412668
2024-12-06T19:30:00Z,522.34198731,522.34198731,521.261389223,521.36972682,2225466
2024-12-06T20:30:00Z,521.379647846,522.133645776,521.230832465,522.062115183,1862386
2024-12-06T21:00:00Z,522.054277573,522.466000127,521.766567836,522.322145259,5025157
2024-12-06T22:00:00Z,522.322145259,522.322145259,521.637594506,521.766567836,1839965
2024-12-06T23:00:00Z,521.756646811,521.806251938,521.617752455,521.627673481,176527
2024-12-07T00:00:00Z,521.627673481,521.716962709,521.449095024,521.548305278,10785
2024-12-07T01:00:00Z,521.548305278,521.796330913,521.449095024,521.796330913,29049
2024-12-09T10:00:00Z,522.322145259,523.46306318,521.677278608,521.836015014,88870
2024-12-09T11:00:00Z,521.836015014,521.84593604,521.34988477,521.439173998,55597
2024-12-09T12:00:00Z,521.439173998,521.677278608,520.784386322,521.409410922,79954
2024-12-09T13:00:00Z,521.409410922,521.766567836,521.210990414,521.707041684,108503
2024-12-09T14:00:00Z,521.707041684,521.756646811,521.300279643,521.518542201,167017
2024-12-09T14:30:00Z,521.518542201,521.786409887,521.300279643,521.389568871,85480
2024-12-09T15:30:00Z,521.399489896,522.193171929,519.722836604,519.921257112,3451373
2024-12-09T16:30:00Z,519.941099163,520.48675556,517.103685898,518.800181242,4381907
2024-12-09T17:30:00Z,518.780339191,519.117654055,518.224761769,518.681128937,1566948
2024-12-09T18:30:00Z,518.641444835,519.2564492,517.986657159,519.117654055,1129271
2024-12-09T19:30:00Z,519.107733029,519.822046858,518.204919718,518.343913284,1537202
2024-12-09T20:30:00Z,518.346195119,518.461675855,517.212817178,517.297145894,2126748
2024-12-09T21:00:00Z,517.302106406,518.353735099,517.242679464,518.254524845,3264830
2024-12-09T22:00:00Z,518.26444587,518.304129972,517.718789473,518.00649921,2280434
2024-12-09T23:00:00Z,518.00649921,518.26444587,518.00649921,518.125551515,162017
2024-12-10T00:00:00Z,518.125551515,518.125551515,517.689026397,517.837841778,76286
2024-12-10T01:00:00Z,517.837841778,518.145393565,517.708868448,518.105709464,103910
2024-12-10T10:00:00Z,518.254524845,518.254524845,517.242580254,517.609658194,25881
2024-12-10T11:00:00Z,517.609658194,518.571997658,517.609658194,518.472787404,31327
2024-12-10T12:00:00Z,518.472787404,519.097812004,518.472787404,518.909312521,48609
2024-12-10T13:00:00Z,518.909312521,519.534337121,518.829944318,519.36567969,72311
2024-12-10T14:00:00Z,519.36567969,519.564100198,518.611681759,518.671207911,217820
2024-12-10T14:30:00Z,518.671207911,519.514495071,518.542234581,519.36567969,170451
2024-12-10T15:30:00Z,519.484731994,521.230832465,518.671207911,520.159361721,4151506
2024-12-10T16:30:00Z,520.149440696,520.516518636,517.917209981,517.996578184,2959687
2024-12-10T17:30:00Z,518.026341261,518.452945353,517.292185381,518.165235616,2634275
2024-12-10T18:30:00Z,518.125551515,518.691049962,517.596264809,518.056104337,2276076
2024-12-10T19:30:00Z,518.105709464,518.274366896,517.064001797,517.480684864,1818752
2024-12-10T20:30:00Z,517.450921787,517.490605889,515.476637733,515.506400809,3488347
2024-12-10T21:00:00Z,515.516321834,516.498503349,515.059954666,516.488582324,4224511
2024-12-10T22:00:00Z,516.438977196,517.103685898,516.429056171,517.01439667,2056352
2024-12-10T23:00:00Z,517.01439667,517.034238721,516.835818213,516.895344365,93457
2024-12-11T00:00:00Z,516.895344365,517.192975127,516.677081806,516.875502314,48458
2024-12-11T01:00:00Z,516.875502314,516.895344365,516.458819247,516.736607959,32258
2024-12-11T10:00:00Z,516.488582324,517.659263321,516.488582324,517.530289991,54049
2024-12-11T11:00:00Z,517.530289991,517.599737168,517.192975127,517.480684864,23853
2024-12-11T12:00:00Z,517.480684864,517.7683946,517.292185381,517.341790508,27515
2024-12-11T13:00:00Z,517.341790508,517.470763838,517.123527949,517.262422305,51929
2024-12-11T14:00:00Z,517.262422305,519.544258147,517.222738203,519.454968918,487902
2024-12-11T14:30:00Z,519.454968918,520.8538335,519.375600715,520.754623246,352396
2024-12-11T15:30:00Z,520.8538335,524.34603444,520.447071458,523.234879596,7233276
2024-12-11T16:30:00Z,523.289445235,525.000822117,522.85788063,524.990901091,4291733
2024-12-11T17:30:00Z,524.990901091,525.586162615,524.494949032,525.377821082,2624476
2024-12-11T18:30:00Z,525.367900056,525.945303735,525.010743142,525.923477479,2438503
2024-12-11T19:30:00Z,525.933398504,526.170511011,525.407584158,525.94331953,2863763
2024-12-11T20:30:00Z,525.933398504,526.419528749,525.635767742,526.320219285,3516169
2024-12-11T21:00:00Z,526.31049668,526.31049668,525.645688768,525.734977996,5447903
2024-12-11T22:00:00Z,525.754820047,525.774662098,524.772638533,524.901611863,2089035
2024-12-11T23:00:00Z,524.901611863,525.038522013,524.871848786,525.001814219,30310
2024-12-12T00:00:00Z,525.001814219,525.159558523,524.772638533,524.990901091,302977
2024-12-12T01:00:00Z,524.990901091,525.050427244,524.603981101,524.852006736,408850
2024-12-12T10:00:00Z,525.734977996,525.734977996,524.395639567,524.425402644,49279
2024-12-12T11:00:00Z,524.425402644,524.723033406,524.296429313,524.544454948,31013
2024-12-12T12:00:00Z,524.544454948,524.71311238,524.157534958,524.246824186,40733
2024-12-12T13:00:00Z,524.246824186,524.375797516,523.502747281,523.651562662,141946
2024-12-12T14:00:00Z,523.651562662,524.375797516,522.441197564,523.205116519,538431
2024-12-12T14:30:00Z,523.205116519,523.601957535,523.016617037,523.562273434,188518
2024-12-12T15:30:00Z,523.512668307,524.127771881,521.86577809,523.879150985,4893086
2024-12-12T16:30:00Z,523.84998317,524.653586228,523.413458053,524.097909595,2412585
2024-12-12T17:30:00Z,524.107929831,524.316271364,522.947169859,524.093048293,2372008
2024-12-12T18:30:00Z,524.078067544,524.782559558,523.423379078,524.385718542,2850814
2024-12-12T19:30:00Z,524.405560593,524.425402644,522.847959605,522.957090884,2289984
2024-12-12T20:30:00Z,522.917406783,523.552352408,522.47096064,522.570071683,1935138
2024-12-12T21:00:00Z,522.570170894,523.324168824,522.34198731,522.34198731,3037010
2024-12-12T22:00:00Z,522.351908335,523.760693942,521.419331947,522.093961675,1615573
2024-12-12T23:00:00Z,522.093961675,525.229005701,522.084040649,524.802401609,891240
2024-12-13T00:00:00Z,524.832164685,524.95121699,524.147613932,524.852006736,360008
2024-12-13T01:00:00Z,524.852006736,525.328215955,524.673428279,525.20916365,133188
2024-12-13T10:00:00Z,522.34198731,526.042529784,522.34198731,526.042529784,60959
2024-12-13T11:00:00Z,526.042529784,526.270713368,525.893714403,526.161582089,57687
2024-12-13T12:00:00Z,526.151661063,526.4393708,526.032608758,526.032608758,103926
2024-12-13T13:00:00Z,526.032608758,527.183447705,525.923477479,527.123921552,200952
2024-12-13T14:00:00Z,527.123921552,527.371947187,526.677475409,526.895737968,450850
2024-12-13T14:30:00Z,526.895737968,526.895737968,525.8143462,526.231029266,354661
2024-12-13T15:30:00Z,526.270713368,528.955442051,526.102055936,526.4393708,6711323
2024-12-13T16:30:00Z,526.4393708,527.0643954,523.135768552,523.899687508,5831775
2024-12-13T17:30:00Z,523.95911445,525.328215955,523.33408985,523.919430348,2632824
2024-12-13T18:30:00Z,523.879746246,525.000822117,523.472984205,524.971059041,1922019
2024-12-13T19:30:00Z,524.95121699,526.528858449,524.663507253,526.484015414,1708598
2024-12-13T20:30:00Z,526.518639793,526.727080536,525.764741073,526.637791308,3362477
2024-12-13T21:00:00Z,526.617949257,526.955264121,526.092531752,526.340160546,3392106
2024-12-13T22:00:00Z,526.33023952,526.33023952,525.238926726,525.417505184,1621037
2024-12-13T23:00:00Z,525.417505184,525.596083641,525.357979031,525.582392626,354183
2024-12-14T00:00:00Z,525.582392626,525.665530819,525.467110311,525.516715438,16209
2024-12-14T01:00:00Z,525.516715438,525.734977996,525.516715438,525.596083641,7821
2024-12-16T10:00:00Z,526.340160546,527.629893848,526.340160546,527.619972822,41547
2024-12-16T11:00:00Z,527.619972822,528.046576915,527.600130771,528.046576915,33268
2024-12-16T12:00:00Z,528.046576915,528.106103067,527.411631289,528.05649794,83416
2024-12-16T13:00:00Z,528.05649794,528.473181007,527.81839333,528.304523575,120187
2024-12-16T14:00:00Z,528.304523575,529.187494836,528.106103067,529.137889709,379341
2024-12-16T14:30:00Z,529.137889709,529.147810734,528.393812804,528.899785099,172176
2024-12-16T15:30:00Z,528.870022023,531.171699916,528.79065382,531.151857865,5751064
2024-12-16T16:30:00Z,531.151857865,532.401907065,530.864148128,532.094355278,3229680
2024-12-16T17:30:00Z,532.104276303,532.729300903,531.350179162,532.699537827,2783638
2024-12-16T18:30:00Z,532.709458853,534.24721779,532.679695776,534.157928561,3026259
2024-12-16T19:30:00Z,534.148007536,534.63413778,533.75126573,534.306743942,4123223
2024-12-16T20:30:00Z,534.296822916,534.892084441,534.088481383,534.733348034,2946559
2024-12-16T21:00:00Z,534.723427009,534.733348034,533.566337816,533.919823951,6223189
2024-12-16T22:00:00Z,533.949587028,534.088481383,533.542824986,533.959508053,2519228
2024-12-16T23:00:00Z,533.959508053,533.959508053,533.701561393,533.850376774,591267
2024-12-17T00:00:00Z,533.850376774,533.969429078,533.235273199,533.651956266,97541
2024-12-17T01:00:00Z,533.651956266,533.651956266,533.324562427,533.344404478,31973
2024-12-17T10:00:00Z,533.235273199,533.552746011,532.302696811,533.433693707,82914
2024-12-17T11:00:00Z,533.522982935,533.949587028,533.175747046,533.929744977,45960
2024-12-17T12:00:00Z,533.929744977,534.257138815,533.126141919,533.453535758,64821
2024-12-17T13:00:00Z,533.433693707,533.651956266,532.560643471,532.560643471,144773
2024-12-17T14:00:00Z,532.560643471,532.798748081,531.965381948,532.501117319,354278
2024-12-17T14:30:00Z,532.52095937,532.907879361,531.985223998,532.005066049,212191
2024-12-17T15:30:00Z,532.124118354,532.848353208,529.91172969,530.001018918,7102986
2024-12-17T16:30:00Z,529.991097893,532.540801421,529.951413791,532.223328608,3353065
2024-12-17T17:30:00Z,532.173723481,533.235273199,531.151857865,532.15388143,3207912
2024-12-17T18:30:00Z,532.163802456,532.578203686,531.439567601,531.608225033,2153893
2024-12-17T19:30:00Z,531.608225033,531.995145024,530.725253773,530.893911204,2850273
2024-12-17T20:30:00Z,530.913753255,531.112173763,530.129992249,530.526833265,2703350
2024-12-17T21:00:00Z,530.556596341,531.975302973,530.358175833,531.568540931,3595669
2024-12-17T22:00:00Z,531.647909135,531.667751186,530.953437357,531.350278373,2192794
2024-12-17T23:00:00Z,531.350278373,531.598304008,531.201462992,531.479251703,211716
2024-12-18T00:00:00Z,531.439567601,531.439567601,528.929548175,530.586458627,258980
2024-12-18T01:00:00Z,530.586458627,531.072489661,530.576438391,530.90383223,38136
2024-12-18T10:00:00Z,531.568540931,532.640011675,531.568540931,532.530880395,51042
2024-12-18T11:00:00Z,532.530880395,533.086457818,532.431670141,532.937642437,25739
2024-12-18T12:00:00Z,532.937642437,533.25511525,532.749142954,532.878116284,39298
2024-12-18T13:00:00Z,532.878116284,533.413851656,532.798748081,533.215431148,267893
2024-12-18T14:00:00Z,533.215431148,533.215431148,531.022884535,531.042726585,213574
2024-12-18T14:30:00Z,531.042726585,531.449488627,530.66572762,530.834385052,173082
2024-12-18T15:30:00Z,530.923674281,531.76696144,529.247020988,531.687593236,3405196
2024-12-18T16:30:00Z,531.707435287,532.639912464,530.27880763,531.687494026,2458239
2024-12-18T17:30:00Z,531.687593236,532.074513227,531.27091017,531.419824761,1635829
2024-12-18T18:30:00Z,531.439567601,531.757040414,530.90383223,531.241147093,1012460
2024-12-18T19:30:00Z,531.221305043,531.588382982,526.102055936,526.240950292,5275054
2024-12-18T20:30:00Z,526.212179318,527.619972822,517.589816143,517.847762803,13469728
2024-12-18T21:00:00Z,517.857683829,518.929154572,510.942729125,512.391198833,19577781
2024-12-18T22:00:00Z,512.411040884,512.897171129,508.035868683,511.478464496,5568374
2024-12-18T23:00:00Z,511.478464496,513.194801891,511.478464496,513.075749586,1073625
2024-12-19T00:00:00Z,513.075749586,513.90911572,511.766174233,512.123331148,290314
2024-12-19T01:00:00Z,512.123331148,513.710695211,512.083647046,513.700774186,171109
2024-12-19T10:00:00Z,512.391198833,515.139322869,512.391198833,514.395245964,229222
2024-12-19T11:00:00Z,514.395245964,515.52624286,514.395245964,514.474614167,220376
2024-12-19T12:00:00Z,514.474614167,514.960744412,514.077773151,514.53414032,201905
2024-12-19T13:00:00Z,514.53414032,517.064001797,514.40516699,517.064001797,511643
2024-12-19T14:00:00Z,517.064001797,517.222738203,515.724663368,515.903241825,681596
2024-12-19T14:30:00Z,515.853636698,517.212817178,515.407190555,517.073922822,361580
2024-12-19T15:30:00Z,517.073922822,517.63932206,512.758276773,512.822763438,10590318
2024-12-19T16:30:00Z,512.797960875,515.665137215,512.004278843,515.327822352,6671268
2024-12-19T17:30:00Z,515.307980301,516.012373104,511.567753725,511.905068589,4415454
2024-12-19T18:30:00Z,511.905068589,513.899194694,511.309807065,513.680932135,4941935
2024-12-19T19:30:00Z,513.680932135,515.377427479,512.708770856,513.04598651,4267602
2024-12-19T20:30:00Z,513.055907535,513.730537262,511.468543471,512.718592671,3369442
2024-12-19T21:00:00Z,512.778118824,513.194801891,509.772048128,510.109362991,7506958
2024-12-19T22:00:00Z,510.099441966,511.032018354,509.315680959,510.883202973,1851787
2024-12-19T23:00:00Z,510.883202973,511.022097328,510.535967084,510.744308617,432831
2024-12-20T00:00:00Z,510.744308617,511.131228608,509.762226313,509.94070556,146261
2024-12-20T01:00:00Z,509.94070556,510.278020423,507.46044921,507.658869718,245824
2024-12-20T10:00:00Z,510.109362991,510.109362991,503.779748786,504.097221599,250620
2024-12-20T11:00:00Z,504.166668777,504.722246199,503.501960075,503.769827761,111794
2024-12-20T12:00:00Z,503.769827761,504.156747751,502.966224703,503.38290777,180220
2024-12-20T13:00:00Z,503.38290777,503.660696481,501.418544741,503.641846533,443698
2024-12-20T14:00:00Z,503.641846533,506.914792813,502.916619576,506.567556924,1315413
2024-12-20T14:30:00Z,506.567556924,507.162818448,505.616130588,506.428662568,765248
2024-12-20T15:30:00Z,506.408820517,512.480488062,505.267902596,512.391198833,9199815
2024-12-20T16:30:00Z,512.381277808,517.560053067,512.331672681,517.351711533,15194632
2024-12-20T17:30:00Z,517.341790508,520.675255042,517.282264356,520.645491966,6295416
2024-12-20T18:30:00Z,520.645491966,520.675255042,517.222738203,517.282264356,4503776
2024-12-20T19:30:00Z,517.292185381,518.403340226,516.706844882,518.343814073,3951416
2024-12-20T20:30:00Z,518.343814073,519.236706359,516.706844882,516.815976162,4182796
2024-12-20T21:00:00Z,516.806055136,517.073922822,513.571800856,514.563903396,10145876
2024-12-20T22:00:00Z,514.782165955,516.161188485,513.482511627,514.415088015,3758559
2024-12-20T23:00:00Z,514.415088015,515.39726953,514.057931101,515.39726953,401755
2024-12-21T00:00:00Z,515.39726953,516.250477714,515.39726953,516.250477714,79871
2024-12-21T01:00:00Z,516.250477714,516.786213086,516.230635663,516.786213086,62519
2024-12-23T10:00:00Z,514.563903572,517.867623757,514.563903572,517.152158556,159298
2024-12-23T11:00:00Z,517.152158556,517.519828173,516.009401639,516.476441423,69660
2024-12-23T12:00:00Z,516.476441423,516.476441423,515.035574006,515.452928706,100236
2024-12-23T13:00:00Z,515.452928706,517.420458006,515.452928706,517.390646956,189737
2024-12-23T14:00:00Z,517.390646956,517.460206073,514.469164055,514.995825939,378036
2024-12-23T14:30:00Z,514.995825939,516.287638106,514.846770689,516.228016006,257195
2024-12-23T15:30:00Z,516.277701089,517.549639223,512.879241388,514.469164055,6156217
2024-12-23T16:30:00Z,514.459227039,516.744740873,514.021998305,516.585748606,3744871
2024-12-23T17:30:00Z,516.655307723,518.831514374,515.900094456,517.5120773,2983722
2024-12-23T18:30:00Z,517.55957624,519.010380674,517.281339773,518.652648073,2164399
2024-12-23T19:30:00Z,518.642711057,519.954397257,518.593025973,519.540023662,2658310
2024-12-23T20:30:00Z,519.566853607,519.686097807,517.404260669,518.414159673,3335911
2024-12-23T21:00:00Z,518.414159673,519.894775157,518.39428564,519.576790624,4900358
2024-12-23T22:00:00Z,519.626475707,519.904712174,518.712270174,519.219058024,2155743
2024-12-23T23:00:00Z,519.219058024,519.457546424,519.119687857,519.40786134,714808
2024-12-24T00:00:00Z,519.40786134,519.705971841,518.831514374,519.238932057,51637
2024-12-24T01:00:00Z,519.238932057,519.238932057,518.583088957,519.119687857,65175
2024-12-24T10:00:00Z,519.576790624,520.739421574,519.576790624,520.699673508,43650
2024-12-24T11:00:00Z,520.699673508,520.967972958,520.351877924,520.799043674,14191
2024-12-24T12:00:00Z,520.799043674,520.918287874,520.033893391,520.490996157,34415
2024-12-24T13:00:00Z,520.490996157,520.898413841,520.371751957,520.828854724,66696
2024-12-24T14:00:00Z,520.828854724,521.494634841,520.570492291,521.464823791,252713
2024-12-24T14:30:00Z,521.464823791,521.931863575,521.176650308,521.415138708,160287
2024-12-24T15:30:00Z,521.524445891,524.257125475,520.888476824,523.879518842,4997470
2024-12-24T16:30:00Z,523.869581825,525.340260292,523.844739284,525.133967826,3451463
2024-12-24T17:30:00Z,525.131582942,525.747677976,524.624795092,525.548937642,2690615
2024-12-24T18:00:00Z,525.529063609,526.711568593,524.396243709,526.622135443,3541824
2024-12-24T19:00:00Z,526.622135443,527.009679093,526.463143176,526.642009476,2216897
2024-12-24T20:00:00Z,526.696663068,526.820875776,526.542639309,526.582387376,22775
2024-12-24T21:00:00Z,526.66188351,526.701631576,526.483017209,526.607229918,13726
2024-12-24T22:00:00Z,526.473080193,526.701631576,526.453206159,526.622135443,15474
2024-12-26T10:00:00Z,526.622135443,526.622135443,524.157755309,524.376369675,112109
2024-12-26T11:00:00Z,524.376369675,524.475739842,523.452227125,524.406180725,55748
2024-12-26T12:00:00Z,524.406180725,525.012338742,523.998763042,524.982527692,73206
2024-12-26T13:00:00Z,524.982527692,525.320386259,524.306810559,524.724165259,183309
2024-12-26T14:00:00Z,524.724165259,525.002401726,524.048448125,524.773850342,344932
2024-12-26T14:30:00Z,524.773850342,525.042149792,524.485676859,525.032212776,165729
2024-12-26T15:30:00Z,524.992464709,526.204780743,522.995124358,525.926544276,4677680
2024-12-26T16:30:00Z,525.906670243,526.602261409,525.370170713,525.946418309,2068714
2024-12-26T17:30:00Z,525.946418309,527.894073577,525.906670243,526.761253676,2336428
2024-12-26T18:30:00Z,526.801001743,527.367411693,525.499252559,526.95999401,2063679
2024-12-26T19:30:00Z,526.969931026,527.059364176,525.986166376,526.311007451,2326555
2024-12-26T20:30:00Z,526.333961959,527.516466943,526.194843726,527.277978543,1608488
2024-12-26T21:00:00Z,527.277978543,527.52640396,526.085536543,526.264402843,2246643
2024-12-26T22:00:00Z,526.254465826,526.582387376,525.638370792,525.688055876,713705
2024-12-26T23:00:00Z,525.688055876,525.886796209,525.668181843,525.855991458,92128
2024-12-27T00:00:00Z,525.855991458,526.224654776,525.578251842,526.204780743,30306
2024-12-27T01:00:00Z,526.204780743,526.264402843,525.071960842,525.459405122,42155
2024-12-27T10:00:00Z,526.264402843,526.264402843,523.949077959,524.306810559,49191
2024-12-27T11:00:00Z,524.306810559,524.575110009,524.217377409,524.575110009,20544
2024-12-27T12:00:00Z,524.575110009,524.753976309,524.326684592,524.753976309,17869
2024-12-27T13:00:00Z,524.753976309,525.270701176,524.744039292,524.952716642,60418
2024-12-27T14:00:00Z,524.952716642,524.952716642,523.660904475,523.869581825,180239
2024-12-27T14:30:00Z,523.869581825,523.949077959,522.518147558,522.577769658,319347
2024-12-27T15:30:00Z,522.697013858,523.134242592,514.886518756,516.088897773,8182815
2024-12-27T16:30:00Z,516.022518501,518.160765748,514.777211572,518.06636409,4339181
2024-12-27T17:30:00Z,518.061395582,518.205482323,514.598345272,515.433054672,4015891
2024-12-27T18:30:00Z,515.433054672,517.102473473,514.667904389,516.660276231,2777543
2024-12-27T19:30:00Z,516.645370706,518.90107349,516.436693356,517.897434807,3492497
2024-12-27T20:30:00Z,517.927245857,519.566853607,517.44043141,517.966993923,3128245
2024-12-27T21:00:00Z,517.94711989,519.517168524,516.99316629,519.268743107,5353667
2024-12-27T22:00:00Z,519.248869074,519.954397257,519.248869074,519.64634974,1664803
2024-12-27T23:00:00Z,519.64634974,519.686097807,519.268743107,519.358176257,188433
2024-12-28T00:00:00Z,519.358176257,519.368113274,519.13956189,519.179309957,28836
2024-12-28T01:00:00Z,519.179309957,519.238932057,519.129624874,519.13956189,20038
2024-12-30T10:00:00Z,518.165734257,518.284978457,517.420458006,518.06636409,62485
2024-12-30T11:00:00Z,518.06636409,518.33466354,517.82787569,518.12598619,26095
2024-12-30T12:00:00Z,518.12598619,518.404222657,517.847749723,517.97693094,32326
2024-12-30T13:00:00Z,517.97693094,518.03655304,513.167414872,513.992187255,286791
2024-12-30T14:00:00Z,513.992187255,514.320108805,511.140263471,511.617240271,627533
2024-12-30T14:30:00Z,511.617240271,512.690438071,511.498294182,512.163776188,295581
2024-12-30T15:30:00Z,512.263146355,512.461886688,508.60632422,509.212482237,6691864
2024-12-30T16:30:00Z,509.26216732,512.710312105,509.17273417,512.089248563,4456167
2024-12-30T17:30:00Z,512.064406021,514.926167452,512.033501899,514.816860269,3837951
2024-12-30T18:30:00Z,514.836833672,516.088897773,514.141242505,514.985888922,3343076
2024-12-30T19:30:00Z,514.966014889,516.009401639,513.872943055,514.638093339,3139048
2024-12-30T20:30:00Z,514.626367659,515.492676772,513.644391672,513.674202722,3812853
2024-12-30T21:00:00Z,513.713950788,514.449389392,512.223398288,512.362516521,4948450
2024-12-30T22:00:00Z,512.332705471,512.501634755,510.941523138,511.756358505,2273742
2024-12-30T23:00:00Z,511.756358505,511.855728671,511.458248004,511.567555188,630480
2024-12-31T00:00:00Z,511.587429221,511.885539721,510.782530871,511.856722373,105366
2024-12-31T01:00:00Z,511.856722373,512.114091105,511.279381704,511.319129771,110872
2024-12-31T10:00:00Z,512.362516521,514.876581739,511.766295521,514.280360739,100028
2024-12-31T11:00:00Z,514.280360739,514.836833672,514.101494439,514.588408255,41536
2024-12-31T12:00:00Z,514.588408255,515.055448039,514.141242505,514.628156322,33929
2024-12-31T13:00:00Z,514.628156322,515.194566272,513.684139738,513.872943055,153711
2024-12-31T14:00:00Z,513.872943055,514.538723172,513.167414872,513.843132005,236297
2024-12-31T14:30:00Z,513.843132005,514.290297755,513.346281172,513.743761839,186278
2024-12-31T15:30:00Z,513.644391672,514.399604939,510.752719821,512.670663408,4722823
2024-12-31T16:30:00Z,512.700375088,513.336344155,509.70933307,509.927947437,3136674
2024-12-31T17:30:00Z,509.908073404,511.408562921,508.864686654,509.02367892,2005691
2024-12-31T18:30:00Z,509.043453583,510.742782804,507.731866753,507.970454523,3103094
2024-12-31T19:30:00Z,507.95048112,509.26216732,507.20520487,507.47350432,3080385
2024-12-31T20:30:00Z,507.483441336,510.096876721,507.046212603,510.057128654,4242791
2024-12-31T21:00:00Z,510.047191637,510.226057937,507.23501592,508.01010322,5638335
2024-12-31T22:00:00Z,508.000166203,508.656009303,507.483441336,508.328087753,2298319
2024-12-31T23:00:00Z,508.328087753,508.557632838,508.089599353,508.198906537,91936
2025-01-01T00:00:00Z,508.198906537,508.198906537,507.960418137,507.960418137,19749
2025-01-01T01:00:00Z,507.960418137,508.178933133,507.95048112,508.020040237,31029
2025-01-02T10:00:00Z,508.01010322,512.412201605,508.01010322,512.143902155,66006
2025-01-02T11:00:00Z,512.143902155,512.511571771,511.398625904,512.283020388,36425
2025-01-02T12:00:00Z,512.283020388,514.012061289,511.756358505,513.972313222,64931
2025-01-02T13:00:00Z,513.972313222,514.439353005,512.680501055,513.376092222,243966
2025-01-02T14:00:00Z,513.376092222,513.892817089,512.422138621,512.750060172,522233
2025-01-02T14:30:00Z,512.750060172,512.750060172,510.752719821,510.871964021,326773
2025-01-02T15:30:00Z,511.060767338,513.386029238,506.807724203,509.818640254,8340390
2025-01-02T16:30:00Z,509.699396054,510.723206881,507.304575036,509.848351934,4613499
2025-01-02T17:30:00Z,509.817547182,511.339003804,506.310873369,506.519550719,3326327
2025-01-02T18:30:00Z,506.499676686,506.499676686,502.524870018,504.47500954,6253887
2025-01-02T19:30:00Z,504.422840202,505.843833586,502.644114218,505.555660102,3450989
2025-01-02T20:30:00Z,505.456289936,507.125708736,504.283721969,506.608983869,3963761
2025-01-02T21:00:00Z,506.628857903,507.543063436,505.764337452,507.016401553,3674326
2025-01-02T22:00:00Z,507.016401553,507.71199272,507.016401553,507.32444907,940611
2025-01-02T23:00:00Z,507.32444907,507.334386086,507.066086636,507.26482697,313813
2025-01-03T00:00:00Z,507.26482697,507.32444907,506.489739669,506.78785017,82559
2025-01-03T01:00:00Z,506.81766122,508.646072287,506.777913153,508.626198253,169289
2025-01-03T10:00:00Z,507.016401553,509.977632521,507.016401553,509.669585004,51335
2025-01-03T11:00:00Z,509.669585004,509.669585004,508.675883337,508.805064554,32206
2025-01-03T12:00:00Z,508.805064554,509.103175054,508.407583887,509.103175054,26125
2025-01-03T13:00:00Z,509.103175054,509.103175054,508.169095487,508.924308754,96553
2025-01-03T14:00:00Z,508.924308754,509.639773954,508.54660275,508.60632422,472344
2025-01-03T14:30:00Z,508.586450187,510.315491087,508.537758805,510.086939704,220121
2025-01-03T15:30:00Z,510.116750754,513.475462388,509.301915387,511.040893304,6752720
2025-01-03T16:30:00Z,511.050830321,513.197225922,510.176372854,513.187288905,2665625
2025-01-03T17:30:00Z,513.187288905,514.707652455,513.087918738,513.725477728,3063861
2025-01-03T18:30:00Z,513.763635872,515.035574006,513.554958522,515.015699972,1572736
2025-01-03T19:30:00Z,515.033089751,516.054714435,514.777211572,515.863526235,2718706
2025-01-03T20:30:00Z,515.860346389,516.372500228,515.115070139,515.572172906,2709383
2025-01-03T21:00:00Z,515.532424839,515.741102189,514.449290022,515.313810472,6069002
2025-01-03T22:00:00Z,515.293936439,515.423117656,514.508912122,514.836833672,2242613
2025-01-03T23:00:00Z,514.836833672,515.353161058,514.836833672,515.353161058,300408
2025-01-04T00:00:00Z,515.353161058,515.671543072,515.283999422,515.611920972,40740
2025-01-04T01:00:00Z,515.611920972,515.798935626,515.522487822,515.798935626,25084
2025-01-06T10:00:00Z,515.313810472,519.219058024,515.313810472,519.189246974,162776
2025-01-06T11:00:00Z,519.189246974,519.725845874,518.84145139,519.219058024,59562
2025-01-06T12:00:00Z,519.219058024,520.938161908,518.553277907,520.640051407,203545
2025-01-06T13:00:00Z,520.640051407,521.256146441,520.182948641,520.699673508,236604
2025-01-06T14:00:00Z,520.699673508,521.136902241,520.133263557,521.107091191,483889
2025-01-06T14:30:00Z,521.107091191,521.216398374,518.54334089,520.699673508,657130
2025-01-06T15:30:00Z,520.719547541,524.356495642,520.461185107,524.137881275,7441183
2025-01-06T16:30:00Z,524.12297575,524.594984042,523.352856958,524.396243709,3687576
2025-01-06T17:30:00Z,524.386306692,524.435991775,522.657265791,522.935502258,2414700
2025-01-06T18:30:00Z,522.935502258,523.183828305,520.908350858,521.991485675,4527080
2025-01-06T19:30:00Z,521.991485675,522.061044791,519.40179976,520.192885657,4174949
2025-01-06T20:30:00Z,520.192985027,520.719547541,518.742081224,520.620177374,3864205
2025-01-06T21:00:00Z,520.630114391,521.355516608,519.338302224,521.236272408,5213009
2025-01-06T22:00:00Z,521.216398374,522.001422691,521.216398374,521.832493408,2712933
2025-01-06T23:00:00Z,521.832493408,522.090855841,521.653627108,522.001422691,402060
2025-01-07T00:00:00Z,521.921926558,522.247165114,521.683438158,521.713249208,73739
2025-01-07T01:00:00Z,521.713249208,521.951737608,521.295894508,521.524445891,41100
2025-01-07T10:00:00Z,521.236272408,521.862304458,520.699673508,520.928224891,78965
2025-01-07T11:00:00Z,520.928224891,521.743060258,520.510870191,521.743060258,40076
2025-01-07T12:00:00Z,521.743060258,521.743060258,520.610240357,520.898413841,85056
2025-01-07T13:00:00Z,520.898413841,521.574130974,520.550618257,521.156776274,154810
2025-01-07T14:00:00Z,521.156776274,521.892115508,520.898413841,521.892115508,238011
2025-01-07T14:30:00Z,521.951737608,522.398903358,521.802682358,522.398903358,214199
2025-01-07T15:30:00Z,522.279659158,522.677139825,515.929905506,517.132284523,7201455
2025-01-07T16:30:00Z,517.132383893,517.281339773,512.889178405,516.695055789,6461895
2025-01-07T17:30:00Z,516.655307723,516.774551923,513.177351888,513.57781366,3435359
2025-01-07T18:30:00Z,513.64339797,515.760976223,512.630815971,515.542262486,3329772
2025-01-07T19:30:00Z,515.512550806,515.512550806,513.624517638,514.310171789,2715128
2025-01-07T20:30:00Z,514.310171789,514.369793889,511.150200488,511.182793902,4813251
2025-01-07T21:00:00Z,511.189948554,512.243272321,510.047191637,511.935224805,6156982
2025-01-07T22:00:00Z,511.895476738,512.749960801,511.895476738,512.283020388,1377291
2025-01-07T23:00:00Z,512.283020388,512.362516521,512.173713205,512.302894421,220757
2025-01-08T00:00:00Z,512.302894421,512.759997188,511.597366238,512.740023785,101053
2025-01-08T01:00:00Z,512.740023785,513.197225922,512.640752988,513.038233655,78195
2025-01-08T10:00:00Z,511.935224805,513.763635872,511.935224805,513.644391672,27451
2025-01-08T11:00:00Z,513.644391672,514.121368472,513.634454655,514.121368472,16753
2025-01-08T12:00:00Z,514.121368472,514.121368472,510.265806004,512.044531988,196374
2025-01-08T13:00:00Z,512.044531988,512.143902155,508.69575737,509.600025887,411069
2025-01-08T14:00:00Z,509.600025887,512.720249121,509.510592737,512.332705471,778058
2025-01-08T14:30:00Z,512.372453538,512.640752988,511.180011538,511.835854638,229805
2025-01-08T15:30:00Z,511.835854638,513.038233655,508.87462367,510.255868987,6190383
2025-01-08T16:30:00Z,510.216120921,512.203524255,509.977632521,511.329066788,2596613
2025-01-08T17:30:00Z,511.339003804,513.316768232,507.630509183,507.92067007,3199834
2025-01-08T18:30:00Z,507.98029217,513.028296638,507.35426012,512.536414313,4026139
2025-01-08T19:30:00Z,512.531445805,513.664166335,510.106813737,513.376092222,3113316
2025-01-08T20:30:00Z,513.306533105,513.306533105,510.613601587,511.776232538,3176077
2025-01-08T21:00:00Z,511.746421488,512.442012655,510.832215954,512.024657955,3751737
2025-01-08T22:00:00Z,512.074343038,512.750060172,510.762656838,511.259408301,2684406
2025-01-08T23:00:00Z,511.229696621,511.259507671,510.991208221,511.259507671,243667
2025-01-09T00:00:00Z,511.219759604,511.637114304,510.961397171,510.961397171,61246
2025-01-09T01:00:00Z,510.961397171,511.100515404,509.908073404,510.722908771,74853
2025-01-10T10:00:00Z,512.024657955,512.024657955,509.61989992,510.196246887,47957
2025-01-10T11:00:00Z,510.196246887,511.319129771,510.126687771,511.209822588,40851
2025-01-10T12:00:00Z,511.209822588,512.521508788,511.189948554,511.189948554,80894
2025-01-10T13:00:00Z,511.189948554,511.348940821,509.828577271,511.180011538,141343
2025-01-10T14:00:00Z,511.180011538,511.358877838,504.800446836,506.509613703,1103488
2025-01-10T14:30:00Z,506.509613703,508.347961787,505.833896569,508.30821372,484833
2025-01-10T15:30:00Z,508.258528637,508.357898803,500.746144034,504.462588269,10828024
2025-01-10T16:30:00Z,504.442714235,506.648731936,501.948523051,502.276444601,6055174
2025-01-10T17:30:00Z,502.236696535,503.309894335,501.024380501,502.654051235,4544117
2025-01-10T18:30:00Z,502.654051235,506.887220336,502.594429135,506.330747403,3605693
2025-01-10T19:30:00Z,506.330747403,507.880922003,504.780572802,505.953140769,3819038
2025-01-10T20:30:00Z,506.012762869,506.132007069,503.697437985,503.955800419,3155955
2025-01-10T21:00:00Z,503.925989369,504.760698769,503.260209252,503.995548485,4613946
2025-01-10T22:00:00Z,504.025359535,504.452651252,503.399327485,503.567263067,1703183
2025-01-10T23:00:00Z,503.567263067,503.657689918,503.468886602,503.558319752,622564
2025-01-11T00:00:00Z,503.558319752,503.667626935,503.276009108,503.439075552,34798
2025-01-11T01:00:00Z,503.439075552,503.447422646,503.250272235,503.389291098,22448
2025-01-13T10:00:00Z,503.995548485,503.995548485,496.463289849,497.139006983,263332
2025-01-13T11:00:00Z,497.069447866,498.291700917,496.771337366,497.59610975,110738
2025-01-13T12:00:00Z,497.59610975,498.31157495,497.377495383,498.0432755,118775
2025-01-13T13:00:00Z,498.0432755,500.000867784,497.148944,499.434457834,414931
2025-01-13T14:00:00Z,499.434457834,499.901497617,498.440756167,499.066788217,502773
2025-01-13T14:30:00Z,499.066788217,499.275465567,497.904157267,498.0432755,365433
2025-01-13T15:30:00Z,498.0432755,500.249293201,496.552722999,496.945235158,7561888
2025-01-13T16:30:00Z,496.960140683,500.813715747,496.930429003,497.844535167,4172080
2025-01-13T17:30:00Z,497.824661133,500.348663367,496.9104556,500.000867784,3471284
2025-01-13T18:30:00Z,499.990930767,501.262868901,499.2953396,501.059160059,3143419
2025-01-13T19:30:00Z,501.054191551,501.550048683,499.74250535,501.054191551,2376812
2025-01-13T20:30:00Z,501.054191551,501.888900951,500.527529667,500.865388234,2431449
2025-01-13T21:00:00Z,500.875325251,502.832917535,500.666647901,502.375814768,2954863
2025-01-13T22:00:00Z,502.375814768,503.538445718,502.226759518,503.488760635,2969556
2025-01-13T23:00:00Z,503.488760635,504.104855669,503.349642402,504.104855669,527328
2025-01-14T00:00:00Z,504.104855669,505.764337452,503.965737435,504.840194902,245648
2025-01-14T01:00:00Z,504.840194902,505.048474772,504.452651252,504.979313136,119952
2025-01-14T10:00:00Z,502.375814768,506.857409286,502.375814768,506.141944086,76545
2025-01-14T11:00:00Z,506.141944086,506.340684419,505.595408169,506.022699886,29947
2025-01-14T12:00:00Z,506.022699886,506.022699886,504.641454569,504.830257886,89926
2025-01-14T13:00:00Z,504.830257886,505.178053469,503.180713118,503.886241302,245354
2025-01-14T14:00:00Z,503.886241302,507.14558277,502.475184935,505.297297669,1144390
2025-01-14T14:30:00Z,505.227738552,505.982951819,504.462588269,505.674904302,407859
2025-01-14T15:30:00Z,505.535786069,506.941873928,503.061468918,504.174414785,6614053
2025-01-14T16:30:00Z,504.237614211,504.482462302,500.835577184,501.551042384,3900163
2025-01-14T17:30:00Z,501.501357301,502.117352964,499.255591534,500.368537401,3356902
2025-01-14T18:30:00Z,500.269167234,502.519504029,498.868047884,502.326129685,2968844
2025-01-14T19:30:00Z,502.336066701,504.084981635,502.077704268,503.339705385,2885705
2025-01-14T20:30:00Z,503.379453452,503.935926385,498.43081915,499.881623584,4927190
2025-01-14T21:00:00Z,499.941245684,501.978334101,498.987292084,501.898837968,4312915
2025-01-14T22:00:00Z,501.849152885,503.608004835,501.829278851,503.200587152,2491567
2025-01-14T23:00:00Z,503.200587152,503.240335218,502.663988251,502.912413668,187849
2025-01-15T00:00:00Z,502.962098752,503.081342952,502.316192668,502.514933001,70374
2025-01-15T01:00:00Z,502.514933001,502.773295435,502.316192668,502.713673335,36456
2025-01-15T10:00:00Z,501.898837968,503.150902068,501.898837968,502.952161735,31079
2025-01-15T11:00:00Z,502.952161735,503.111154002,502.365877751,503.111154002,16148
2025-01-15T12:00:00Z,503.111154002,504.194288819,503.091279968,503.876304285,30440
2025-01-15T13:00:00Z,503.876304285,504.214162852,503.339705385,503.687500968,179047
2025-01-15T14:00:00Z,503.687500968,511.637114304,503.419201518,510.514231421,1716279
2025-01-15T14:30:00Z,510.514231421,511.060767338,509.67952202,509.798766221,378646
2025-01-15T15:30:00Z,509.798766221,513.475462388,508.238654603,513.077981722,8765935
2025-01-15T16:30:00Z,513.087918738,513.266785038,511.398625904,511.676862371,3861776
2025-01-15T17:30:00Z,511.666925354,511.686799388,509.694427545,511.551556591,3354420
2025-01-15T18:30:00Z,511.577194094,513.018359622,511.408562921,512.988548572,1897799
2025-01-15T19:30:00Z,512.988548572,513.793446922,512.521508788,513.731936789,2543669
2025-01-15T20:30:00Z,513.733824822,514.588408255,513.386029238,514.290297755,3757422
2025-01-15T21:00:00Z,514.280360739,514.439353005,513.187288905,513.445651338,5599259
2025-01-15T22:00:00Z,513.296596088,513.475462388,512.650690005,512.769934205,2336284
2025-01-15T23:00:00Z,512.769934205,513.634454655,512.769934205,513.445651338,302682
2025-01-16T00:00:00Z,513.445651338,513.872943055,512.918989455,513.664265705,99711
2025-01-16T01:00:00Z,513.664265705,514.429415989,513.664265705,514.071683389,112860
2025-01-16T10:00:00Z,513.445651338,516.973292256,513.445651338,515.264125389,101052
2025-01-16T11:00:00Z,515.264125389,516.049149706,514.548660189,515.760976223,40839
2025-01-16T12:00:00Z,515.760976223,516.237953023,515.462865722,516.098834789,40562
2025-01-16T13:00:00Z,516.098834789,516.098834789,514.200864605,514.290297755,150926
2025-01-16T14:00:00Z,514.290297755,515.442991689,513.912691122,515.234314339,416223
2025-01-16T14:30:00Z,515.204503289,515.820598323,514.767771406,515.731165173,207627
2025-01-16T15:30:00Z,515.711291139,515.790687902,511.955098838,512.909052438,5427220
2025-01-16T16:30:00Z,512.928926472,515.254188372,512.064406021,513.723887805,3338356
2025-01-16T17:30:00Z,513.704013772,514.111431455,511.517969475,514.017029797,2994235
2025-01-16T18:30:00Z,514.031935322,514.061746372,512.034594971,512.153839171,1714678
2025-01-16T19:30:00Z,512.17719116,512.412201605,510.23380881,512.198655116,3425061
2025-01-16T20:30:00Z,512.213461271,513.376092222,511.497002369,511.853145047,2618970
2025-01-16T21:00:00Z,511.825917621,512.292659294,509.719270087,509.848451304,4515657
2025-01-16T22:00:00Z,509.848451304,509.878262354,508.09953637,509.043552954,2915823
2025-01-16T23:00:00Z,509.043552954,509.043552954,508.775253504,509.02367892,178945
2025-01-17T00:00:00Z,509.02367892,509.629936307,508.954119804,509.53046677,78689
2025-01-17T01:00:00Z,509.510592737,509.689459037,509.352594172,509.659647987,66950
2025-01-17T10:00:00Z,509.848451304,512.720249121,509.848451304,512.372453538,35902
2025-01-17T11:00:00Z,512.372453538,512.610941938,512.004783921,512.302894421,45353
2025-01-17T12:00:00Z,512.292957405,512.829556305,511.905413755,512.034594971,111826
2025-01-17T13:00:00Z,512.034594971,512.639759286,511.557618171,512.541382821,153340
2025-01-17T14:00:00Z,512.541382821,517.152158556,512.451949671,517.062725406,1277366
2025-01-17T14:30:00Z,517.092536456,520.322066874,517.042851373,519.596664657,1357650
2025-01-17T15:30:00Z,519.55691659,519.755656924,515.641732022,516.774551923,10837235
2025-01-17T16:30:00Z,516.81429999,519.328365207,516.516189489,519.119687857,10130809
2025-01-17T17:30:00Z,519.129624874,519.268743107,517.519828173,519.010380674,3130669
2025-01-17T18:30:00Z,519.010380674,520.163074607,518.563214923,519.7057731,4996598
2025-01-17T19:30:00Z,519.686097807,519.845090074,518.682459123,519.152976863,6578402
2025-01-17T20:30:00Z,519.16937294,519.457546424,518.15579724,518.443970723,6280862
2025-01-17T21:00:00Z,518.463844757,519.358176257,517.97693094,518.45390774,5792007
2025-01-17T22:00:00Z,518.473781773,518.48371879,517.808001657,518.09617514,2054883
2025-01-17T23:00:00Z,518.09617514,518.284978457,517.97693094,518.265104423,502265
2025-01-18T00:00:00Z,518.265104423,518.761955257,518.265104423,518.761955257,32406
2025-01-18T01:00:00Z,518.761955257,518.761955257,518.45390774,518.642711057,26875
2025-01-21T10:00:00Z,518.45390774,521.126965224,518.45390774,521.126965224,77779
2025-01-21T11:00:00Z,521.126965224,521.643690091,520.620177374,520.620177374,38708
2025-01-21T12:00:00Z,520.620177374,521.136902241,520.133263557,520.222696707,65075
2025-01-21T13:00:00Z,520.222696707,521.107091191,519.64634974,520.818917708,153742
2025-01-21T14:00:00Z,520.818917708,521.623816058,520.550618257,521.514508874,304587
2025-01-21T14:30:00Z,521.514508874,521.782808325,520.848728758,521.276020474,204884
2025-01-21T15:30:00Z,521.176650308,521.385327658,516.78448894,519.537042557,5528690
2025-01-21T16:30:00Z,519.507231507,519.894775157,518.260235285,519.28861714,3663395
2025-01-21T17:30:00Z,519.278680124,521.017658041,518.732144207,520.848728758,1825009
2025-01-21T18:30:00Z,520.868503421,522.657265791,520.818917708,522.200163025,2510369
2025-01-21T19:30:00Z,522.220037058,522.484560442,521.236272408,521.931863575,1607396
2025-01-21T20:30:00Z,521.951737608,522.090855841,520.928224891,522.041170758,2010432
2025-01-21T21:00:00Z,522.041170758,522.319407225,520.948098924,521.494634841,3088799
2025-01-21T22:00:00Z,521.415138708,522.975250325,521.266083458,522.726824908,1579309
2025-01-21T23:00:00Z,522.726824908,524.495613875,522.498273525,524.276999509,544278
2025-01-22T00:00:00Z,524.276999509,524.276999509,522.716887892,523.632186497,330074
2025-01-22T01:00:00Z,523.632186497,524.386306692,523.531723258,524.296873542,79249
2025-01-22T10:00:00Z,525.628433776,526.035851459,524.823535426,525.479378526,82236
2025-01-22T11:00:00Z,525.479378526,525.707929909,525.161393992,525.668181843,73213
2025-01-22T12:00:00Z,525.668181843,525.966292343,525.469441509,525.529063609,56792
2025-01-22T13:00:00Z,525.529063609,526.314087926,525.409819409,526.115347593,179935
2025-01-22T14:00:00Z,526.115347593,526.642009476,525.976229359,526.552576326,359538
2025-01-22T14:30:00Z,526.552576326,526.642009476,525.856985159,526.294213893,608761
2025-01-22T15:30:00Z,526.234591793,529.086515577,525.926544276,528.500231593,9843490
2025-01-22T16:30:00Z,528.520105627,529.488964752,527.983506727,529.444248177,4024107
2025-01-22T17:30:00Z,529.444248177,530.457823877,529.305129944,529.851665861,3407271
2025-01-22T18:30:00Z,529.841728844,530.000721111,528.470519914,528.62941281,3281419
2025-01-22T19:30:00Z,528.639349827,529.43431116,528.56362976,528.698971927,1869885
2025-01-22T20:30:00Z,528.708908944,529.223547037,528.39092441,528.56979071,2692452
2025-01-22T21:00:00Z,528.589664743,528.89771226,527.784766393,528.162373027,4569276
2025-01-22T22:00:00Z,528.192184077,528.341239327,527.506529926,527.834451477,2163491
2025-01-22T23:00:00Z,527.85432551,527.85432551,527.476718876,527.536340976,209296
2025-01-23T00:00:00Z,527.595963076,527.814577443,527.268041526,527.37734871,97495
2025-01-23T01:00:00Z,527.37734871,527.49659291,526.860623843,526.999742076,85654
2025-01-23T10:00:00Z,528.162373027,528.162373027,524.823535426,525.737740959,100240
2025-01-23T11:00:00Z,525.737740959,526.025914443,525.340260292,525.340260292,49395
2025-01-23T12:00:00Z,525.340260292,526.006040409,525.300512226,525.837111126,127990
2025-01-23T13:00:00Z,525.837111126,526.015977426,525.340260292,525.856985159,144264
2025-01-23T14:00:00Z,525.856985159,526.294213893,525.370071342,525.856985159,393965
2025-01-23T14:30:00Z,525.856985159,526.006040409,525.429693442,525.539000626,201406
2025-01-23T15:30:00Z,525.707929909,526.363773009,525.121645926,525.970366519,4204582
2025-01-23T16:30:00Z,525.976229359,527.10904926,525.747677976,527.099112243,4614986
2025-01-23T17:30:00Z,527.059364176,527.655585177,526.423395109,526.587355884,2040830
2025-01-23T18:30:00Z,526.552576326,527.745018327,525.966292343,527.337600643,2225907
2025-01-23T19:30:00Z,527.357474676,527.953695677,526.522765276,527.024584618,1843049
2025-01-23T20:30:00Z,527.029553126,527.82451446,526.999742076,527.635711143,1754564
2025-01-23T21:00:00Z,527.595963076,529.40450011,527.337600643,529.28525591,3887544
2025-01-23T22:00:00Z,529.325003977,529.503870277,528.609538777,528.83809016,1268946
2025-01-23T23:00:00Z,528.83809016,528.942925686,528.669160877,528.698971927,158529
2025-01-24T00:00:00Z,528.698971927,528.698971927,528.272673912,528.59960176,31997
2025-01-24T01:00:00Z,528.59960176,528.679097894,528.351176343,528.520105627,42982
2025-01-24T10:00:00Z,529.28525591,529.28525591,528.162373027,528.68903491,30933
2025-01-24T11:00:00Z,528.68903491,528.758594027,528.291554243,528.708908944,42785
2025-01-24T12:00:00Z,528.768531044,528.83809016,528.400861427,528.83809016,27834
2025-01-24T13:00:00Z,528.83809016,529.593303427,528.77846806,529.28525591,83066
2025-01-24T14:00:00Z,529.28525591,529.325003977,528.51016861,528.848027177,207084
2025-01-24T14:30:00Z,528.848027177,529.841728844,528.788405077,529.563492377,334777
2025-01-24T15:30:00Z,529.662862544,530.428012827,528.281617227,528.39092441,4025643
2025-01-24T16:30:00Z,528.42073546,529.01695646,527.861480162,528.857964194,2093850
2025-01-24T17:30:00Z,528.887775244,529.394563094,527.814577443,528.03319181,1953623
2025-01-24T18:30:00Z,528.00338076,528.261743193,526.387621849,526.999642706,1987425
2025-01-24T19:30:00Z,526.999742076,527.277978543,524.823535426,525.409819409,2900688
2025-01-24T20:30:00Z,525.370071342,526.045788476,525.121645926,525.280638192,2188740
2025-01-24T21:00:00Z,525.270701176,526.562513343,525.181268026,526.294213893,2593803
2025-01-24T22:00:00Z,526.314087926,526.542639309,525.688055876,526.294213893,1369581
2025-01-24T23:00:00Z,526.294213893,526.294213893,526.065563139,526.065563139,177543
2025-01-25T00:00:00Z,526.065563139,526.184906709,525.905676541,525.966292343,28909
2025-01-25T01:00:00Z,525.966292343,525.996103393,525.588685709,525.588785079,34868
2025-01-27T10:00:00Z,526.294213893,526.294213893,508.467205987,508.596387203,559314
2025-01-27T11:00:00Z,508.626198253,508.775253504,499.156221367,502.127389351,655604
2025-01-27T12:00:00Z,502.127389351,505.724589386,501.849152885,504.830257886,1139611
2025-01-27T13:00:00Z,504.949502086,507.463567303,504.860068936,506.93690542,1385870
2025-01-27T14:00:00Z,506.93690542,508.99386787,505.784211486,508.497017037,1860177
2025-01-27T14:30:00Z,508.586549557,508.586549557,507.185330836,507.53312642,515048
2025-01-27T15:30:00Z,507.781551837,513.564895538,507.314512053,513.515210455,14100777
2025-01-27T16:30:00Z,513.455588355,514.727526489,509.391348537,509.734175612,7221038
2025-01-27T17:30:00Z,509.70933307,511.398625904,508.596387203,510.110490433,5425990
2025-01-27T18:30:00Z,510.077002687,510.782530871,508.000166203,508.18896952,4048398
2025-01-27T19:30:00Z,508.179032503,510.842565357,508.109473387,510.688129212,4436765
2025-01-27T20:30:00Z,510.663286671,510.673024947,506.93690542,508.795127537,5481312
2025-01-27T21:00:00Z,508.84481262,510.971334188,508.75537947,510.971334188,8430760
2025-01-27T22:00:00Z,510.832215954,512.471823705,510.633475621,511.905413755,4451175
2025-01-27T23:00:00Z,511.875602705,512.869304372,511.806043588,512.869304372,626403
2025-01-28T00:00:00Z,512.869304372,513.068044705,510.623538604,512.442012655,298767
2025-01-28T01:00:00Z,512.442012655,512.769934205,511.160137504,511.44980154,101624
2025-01-28T10:00:00Z,510.971334188,514.409541955,510.971334188,514.240612672,115955
2025-01-28T11:00:00Z,514.240612672,514.836833672,514.051809355,514.101494439,122319
2025-01-28T12:00:00Z,514.101494439,514.558597205,512.620878955,512.889178405,142549
2025-01-28T13:00:00Z,512.889178405,513.048170672,510.921649104,512.004783921,322074
2025-01-28T14:00:00Z,512.004783921,513.197225922,511.527807121,511.935224805,501080
2025-01-28T14:30:00Z,511.935224805,512.153839171,511.150200488,512.024657955,276708
2025-01-28T15:30:00Z,511.974972871,516.277701089,508.556639137,515.939842523,8352968
2025-01-28T16:30:00Z,515.949779539,516.189957232,514.035313908,514.459127669,4345565
2025-01-28T17:30:00Z,514.469164055,518.235293373,514.041872339,517.897434807,3489085
2025-01-28T18:30:00Z,517.932214365,518.699650162,517.266434248,517.94721926,2044989
2025-01-28T19:30:00Z,517.986867957,518.225356357,517.042851373,518.116049173,2823558
2025-01-28T20:30:00Z,518.12598619,519.705971841,518.116049173,519.512200015,4131185
2025-01-28T21:00:00Z,519.507231507,519.656286757,518.086238123,518.523466857,5174783
2025-01-28T22:00:00Z,518.523466857,518.523466857,517.94711989,518.00674199,1133030
2025-01-28T23:00:00Z,518.046490057,518.165734257,517.73844254,518.016679007,72050
2025-01-29T00:00:00Z,518.046490057,518.572754459,517.52976519,517.788127623,92230
2025-01-29T01:00:00Z,517.788127623,518.434033707,517.639072373,518.354537573,54088
2025-01-29T10:00:00Z,518.523466857,521.047469091,518.523466857,520.769232624,109950
2025-01-29T11:00:00Z,520.769232624,520.938161908,520.242570741,520.918287874,36929
2025-01-29T12:00:00Z,520.918287874,521.315768541,520.341940907,521.196524341,64524
2025-01-29T13:00:00Z,521.196524341,521.196524341,520.202822674,520.332003891,132981
2025-01-29T14:00:00Z,520.332003891,520.351877924,518.304455009,519.238932057,399376
2025-01-29T14:30:00Z,519.238932057,519.805342007,519.099813824,519.16937294,218215
2025-01-29T15:30:00Z,519.16937294,519.298554157,516.357197223,516.898764631,4262575
2025-01-29T16:30:00Z,516.863985073,517.490017123,515.751039206,516.575712219,1940984
2025-01-29T17:30:00Z,516.476441423,517.897434807,516.019338656,517.490017123,1406920
2025-01-29T18:30:00Z,517.519828173,517.718568507,513.64319923,516.625596043,2870542
2025-01-29T19:30:00Z,516.675181756,517.162095573,514.091557422,514.40059864,2879200
2025-01-29T20:30:00Z,514.399604939,519.124656365,514.131305489,518.850891556,6382297
2025-01-29T21:00:00Z,518.861325424,519.189246974,516.108771806,517.549639223,2818610
2025-01-29T22:00:00Z,517.55957624,519.387987307,513.743761839,518.583088957,1986813
2025-01-29T23:00:00Z,518.583088957,519.884838141,517.549639223,517.549639223,581233
2025-01-30T00:00:00Z,517.549639223,518.742081224,516.883859106,517.76825359,412345
2025-01-30T01:00:00Z,517.76825359,518.81164034,517.390646956,518.761955257,145519
2025-01-30T10:00:00Z,521.673501141,521.673501141,519.984208307,520.053767424,81848
2025-01-30T11:00:00Z,520.053767424,520.351877924,519.447609407,519.755656924,59336
2025-01-30T12:00:00Z,519.755656924,520.898413841,519.755656924,520.182948641,74952
2025-01-30T13:00:00Z,520.182948641,520.490996157,518.712270174,519.954397257,197129
2025-01-30T14:00:00Z,519.954397257,520.878539808,519.447609407,520.848728758,585626
2025-01-30T14:30:00Z,520.848728758,521.107091191,519.477420457,520.431374057,264417
2025-01-30T15:30:00Z,520.411500024,522.7814785,517.41052099,517.624464959,6556514
2025-01-30T16:30:00Z,517.639072373,519.065034265,514.946140856,518.056427073,3879891
2025-01-30T17:30:00Z,518.06636409,519.834854947,516.99316629,517.37474773,2835536
2025-01-30T18:30:00Z,517.41052099,518.593025973,516.958386731,518.076301107,1426018
2025-01-30T19:30:00Z,518.06636409,519.825216041,517.966993923,519.487357474,1468002
2025-01-30T20:30:00Z,519.507231507,521.613879041,519.179409327,521.390296166,2226971
2025-01-30T21:00:00Z,521.385327658,521.385327658,517.420458006,519.755656924,4919219
2025-01-30T22:00:00Z,519.785467974,521.494634841,519.030254707,519.457546424,2108184
2025-01-30T23:00:00Z,519.457447054,521.733123241,519.10975084,521.325705558,518070
2025-01-31T00:00:00Z,521.325705558,522.140540925,520.709610524,521.504571858,203362
2025-01-31T01:00:00Z,521.504571858,522.062038493,521.107091191,521.872241475,67479
2025-01-31T10:00:00Z,519.755656924,524.197503375,519.755656924,523.780148675,46519
2025-01-31T11:00:00Z,523.780148675,523.998763042,523.581408342,523.800022709,38784
2025-01-31T12:00:00Z,523.790085692,524.455865809,523.780148675,524.267062492,33267
2025-01-31T13:00:00Z,524.267062492,524.505550892,523.839770775,523.879518842,98714
2025-01-31T14:00:00Z,523.879518842,524.376369675,523.243549775,524.018637075,394470
2025-01-31T14:30:00Z,523.988826025,523.988826025,523.084557508,523.541660275,254287
2025-01-31T15:30:00Z,523.601282375,527.118986276,523.402542042,526.54303679,6235877
2025-01-31T16:30:00Z,526.512828259,528.1701239,526.455491673,526.999742076,3369825
2025-01-31T17:30:00Z,526.999742076,527.456844843,525.807300076,527.456844843,3061372
2025-01-31T18:30:00Z,527.46678186,527.546277993,524.485676859,524.585047025,3177373
2025-01-31T19:30:00Z,524.594884672,524.863283492,521.186587324,522.229974075,6580095
2025-01-31T20:30:00Z,522.249848108,522.766572975,518.056427073,518.450727895,6910345
2025-01-31T21:00:00Z,518.443970723,520.431374057,517.907371823,519.000443657,6252709
2025-01-31T22:00:00Z,519.000443657,519.238932057,517.877560773,518.66258509,2257257
2025-01-31T23:00:00Z,518.66258509,518.81164034,518.493357696,518.493655807,81999
2025-02-01T00:00:00Z,518.493655807,518.588057465,517.82787569,517.840793812,26911
2025-02-01T01:00:00Z,517.840793812,518.016679007,516.178330923,516.178330923,68915
2025-02-03T10:00:00Z,510.067065671,510.603664571,509.192608204,509.480781687,239523
2025-02-03T11:00:00Z,509.480781687,511.030956288,508.99386787,510.673223687,170871
2025-02-03T12:00:00Z,510.673223687,511.696736404,509.927947437,510.494357387,145908
2025-02-03T13:00:00Z,510.494357387,510.623538604,508.864686654,509.391348537,584811
2025-02-03T14:00:00Z,509.38141152,510.991208221,509.02367892,509.918010421,1092007
2025-02-03T14:30:00Z,509.967695504,510.603664571,509.44103362,509.977632521,523625
2025-02-03T15:30:00Z,510.235994954,513.773572889,507.83123692,513.594706588,10301357
2025-02-03T16:30:00Z,513.545021505,516.357197223,512.829556305,514.846770689,6898424
2025-02-03T17:30:00Z,514.856707706,516.158456889,513.861018635,514.533754664,3315610
2025-02-03T18:30:00Z,514.518849139,515.502613789,513.256848022,515.025636989,4255418
2025-02-03T19:30:00Z,515.075322072,517.569115776,514.657967372,516.854048056,2655674
2025-02-03T20:30:00Z,516.854048056,517.444207476,515.995291076,516.103803298,2433699
2025-02-03T21:00:00Z,516.108771806,516.416819323,514.677841405,514.846770689,3882317
2025-02-03T22:00:00Z,514.916329806,518.980569624,514.439353005,518.39428564,3227011
2025-02-03T23:00:00Z,518.39428564,519.31842819,518.354537573,519.308491174,403136
2025-02-04T00:00:00Z,519.308491174,519.457546424,518.51352984,518.87126244,256227
2025-02-04T01:00:00Z,518.87126244,519.009585712,518.116049173,518.404222657,221719
2025-02-04T10:00:00Z,514.021998305,514.886518756,513.743761839,514.061746372,136036
2025-02-04T11:00:00Z,514.071683389,514.807022622,513.853069022,514.538723172,47106
2025-02-04T12:00:00Z,514.588408255,515.333684506,514.290297755,514.826896656,111292
2025-02-04T13:00:00Z,514.826896656,517.152158556,514.826896656,516.208141973,251087
2025-02-04T14:00:00Z,516.208141973,516.585748606,515.373432572,515.502613789,401826
2025-02-04T14:30:00Z,515.641732022,515.989527606,515.164755222,515.353558539,202802
2025-02-04T15:30:00Z,515.363495556,521.107091191,514.966014889,520.540681241,6316855
2025-02-04T16:30:00Z,520.550618257,521.584067991,520.053767424,521.564591438,2417956
2025-02-04T17:30:00Z,521.534382908,521.802682358,518.54334089,518.652648073,3484298
2025-02-04T18:30:00Z,518.712270174,520.471122124,518.39428564,520.361814941,2227799
2025-02-04T19:30:00Z,520.351877924,521.443757316,519.845189444,520.977909974,1867431
2025-02-04T20:30:00Z,520.987846991,521.325705558,519.825216041,520.292255824,2303593
2025-02-04T21:00:00Z,520.292255824,521.643690091,520.192885657,521.166713291,3778862
2025-02-04T22:00:00Z,521.216398374,521.743258998,518.712270174,519.129624874,1916639
2025-02-04T23:00:00Z,519.129624874,519.13956189,518.374411607,518.443970723,292820
2025-02-05T00:00:00Z,518.443970723,519.328365207,518.384348623,518.712270174,204842
2025-02-05T01:00:00Z,518.801703324,519.864964107,518.463844757,519.487357474,109425
2025-02-05T10:00:00Z,521.166713291,521.166713291,515.741102189,515.830535339,103447
2025-02-05T11:00:00Z,515.830535339,516.824237006,515.621857989,516.78448894,41816
2025-02-05T12:00:00Z,516.78448894,517.221717673,516.72486684,517.14222154,81994
2025-02-05T13:00:00Z,517.17203259,517.61919834,516.605622639,517.579450273,121437
2025-02-05T14:00:00Z,517.579450273,518.414159673,516.973292256,517.97693094,350205
2025-02-05T14:30:00Z,517.97693094,518.612900007,517.549639223,518.533403873,194380
2025-02-05T15:30:00Z,518.533403873,519.954397257,517.340961873,519.248869074,6067107
2025-02-05T16:30:00Z,519.209121007,520.441311074,518.404222657,520.192885657,2478547
2025-02-05T17:30:00Z,520.153137591,523.044809442,520.004082341,522.210100041,2862776
2025-02-05T18:30:00Z,522.235041953,522.488336508,521.395264674,521.850777519,1297309
2025-02-05T19:30:00Z,521.802682358,522.915628225,521.594005008,522.458525458,1505876
2025-02-05T20:30:00Z,522.483368,523.302178173,522.135572416,523.084557508,1543074
2025-02-05T21:00:00Z,523.114368558,523.690715525,521.802682358,523.531723258,2700754
2025-02-05T22:00:00Z,523.531723258,524.306810559,523.233612758,523.730463592,1521577
2025-02-05T23:00:00Z,523.730463592,523.949077959,523.382668008,523.382668008,184915
2025-02-06T00:00:00Z,523.382668008,523.820592333,523.263423808,523.780148675,54090
2025-02-06T01:00:00Z,523.780148675,524.356495642,523.641030442,523.859644809,79364
2025-02-06T10:00:00Z,523.531723258,525.280638192,523.531723258,524.386306692,48177
2025-02-06T11:00:00Z,524.386306692,524.763913326,523.978889009,524.018637075,37840
2025-02-06T12:00:00Z,524.018637075,524.048448125,522.567832641,522.796384025,82237
2025-02-06T13:00:00Z,522.796384025,523.690715525,522.388966341,523.621156408,148570
2025-02-06T14:00:00Z,523.621156408,523.968951992,523.193864692,523.949077959,283585
2025-02-06T14:30:00Z,523.949077959,524.078259175,523.631093425,523.889455859,84390
2025-02-06T15:30:00Z,524.038511109,525.688055876,523.084557508,524.366432659,4313311
2025-02-06T16:30:00Z,524.356495642,525.399882392,523.124305575,524.545298959,2708695
2025-02-06T17:30:00Z,524.555235975,524.694453579,523.313108892,524.110057629,1664539
2025-02-06T18:30:00Z,524.137881275,525.389945376,523.790085692,525.260764159,1508228
2025-02-06T19:30:00Z,525.270701176,525.509189576,524.286936525,524.465802825,988018
2025-02-06T20:30:00Z,524.485577489,524.485577489,522.43000622,524.30184205,2751855
2025-02-06T21:00:00Z,524.316747575,526.473080193,524.247188459,526.264402843,2804926
2025-02-06T22:00:00Z,526.244528809,526.333961959,523.680778509,525.578748692,1426610
2025-02-06T23:00:00Z,525.578748692,525.648307809,524.356495642,524.614858075,450444
2025-02-07T00:00:00Z,524.614858075,525.846054441,524.614858075,525.787426043,142264
2025-02-07T01:00:00Z,525.787426043,526.045788476,525.548937642,526.045788476,64267
2025-02-07T10:00:00Z,526.264402843,526.264402843,525.399882392,526.115347593,37949
2025-02-07T11:00:00Z,526.115347593,526.343898976,525.946418309,525.986166376,45284
2025-02-07T12:00:00Z,525.986166376,526.473080193,525.688055876,526.433332126,83755
2025-02-07T13:00:00Z,526.433332126,526.542639309,526.125284609,526.324024943,63498
2025-02-07T14:00:00Z,526.324024943,527.655585177,524.575110009,526.512828259,751959
2025-02-07T14:30:00Z,526.512828259,526.979868043,526.294213893,526.602261409,171151
2025-02-07T15:30:00Z,526.801001743,528.74865701,522.041170758,523.482038175,7021585
2025-02-07T16:30:00Z,523.452227125,524.842117647,520.381688974,521.278504729,5270079
2025-02-07T17:30:00Z,521.395264674,522.041071388,519.61653869,520.590366324,3485206
2025-02-07T18:30:00Z,520.550618257,523.084557508,520.153137591,522.637292388,2437510
2025-02-07T19:30:00Z,522.607580708,522.955376292,519.308491174,519.447609407,2071971
2025-02-07T20:30:00Z,519.457546424,520.520807207,518.90107349,519.37795092,2837402
2025-02-07T21:00:00Z,519.358176257,520.441311074,519.278680124,519.626475707,3673039
2025-02-07T22:00:00Z,519.705971841,520.014019357,519.358176257,519.40786134,995106
2025-02-07T23:00:00Z,519.40786134,519.457546424,518.980569624,519.010380674,960738
2025-02-08T00:00:00Z,519.010380674,519.010380674,518.652648073,518.672522107,54895
2025-02-08T01:00:00Z,518.672522107,518.712270174,518.27504144,518.563214923,31393
2025-02-10T10:00:00Z,519.626475707,522.736761925,519.626475707,522.657265791,84821
2025-02-10T11:00:00Z,522.657265791,523.213738725,522.607580708,523.034872425,29698
2025-02-10T12:00:00Z,523.034872425,523.621156408,522.428714408,523.442290108,55059
2025-02-10T13:00:00Z,523.402542042,523.680778509,522.915628225,523.293234858,163474
2025-02-10T14:00:00Z,523.293234858,524.416117742,523.193864692,524.276999509,294880
2025-02-10T14:30:00Z,524.276999509,524.555235975,523.501912208,523.869581825,162557
2025-02-10T15:30:00Z,523.899392875,526.512828259,523.432353092,526.289245384,5253732
2025-02-10T16:30:00Z,526.304150909,527.016734375,525.847048143,526.115347593,2653432
2025-02-10T17:30:00Z,526.115347593,526.51292763,525.191205042,525.370071342,2578462
2025-02-10T18:30:00Z,525.389945376,526.602261409,525.340260292,526.304150909,1183377
2025-02-10T19:30:00Z,526.314187296,526.801001743,526.125284609,526.438300634,1212313
2025-02-10T20:30:00Z,526.463143176,526.572450359,525.837111126,526.304150909,1991317
2025-02-10T21:00:00Z,526.294213893,526.363773009,525.608559742,525.916607259,3370532
2025-02-10T22:00:00Z,525.916607259,525.936481293,525.360134326,525.688055876,1419548
2025-02-10T23:00:00Z,525.688055876,525.707929909,525.429693442,525.469441509,272073
2025-02-11T00:00:00Z,525.469441509,525.469441509,524.306810559,524.744039292,78768
2025-02-11T01:00:00Z,524.744039292,525.171331009,524.455865809,525.071960842,49812
2025-02-11T10:00:00Z,525.916607259,525.916607259,523.591345358,523.760274642,57038
2025-02-11T11:00:00Z,523.760274642,523.978889009,523.183927675,523.283297842,60777
2025-02-11T12:00:00Z,523.283297842,524.008700059,523.283297842,523.968951992,31087
2025-02-11T13:00:00Z,523.968951992,524.118007242,523.233612758,523.670841492,121804
2025-02-11T14:00:00Z,523.670841492,523.760274642,521.862304458,521.981548658,423593
2025-02-11T14:30:00Z,521.981548658,522.736761925,521.792745341,522.637391758,196629
2025-02-11T15:30:00Z,522.647328775,525.956355326,522.518147558,525.767552009,3530980
2025-02-11T16:30:00Z,525.787426043,526.582387376,525.290575209,525.399882392,2565680
2025-02-11T17:30:00Z,525.439630459,525.856985159,522.856999827,524.575110009,2768516
2025-02-11T18:30:00Z,524.634732109,524.744039292,523.591345358,524.291905034,1525224
2025-02-11T19:30:00Z,524.306810559,525.658244826,524.240431287,524.863283492,1635674
2025-02-11T20:30:00Z,524.883157526,525.837111126,524.783787359,525.111708909,1681684
2025-02-11T21:00:00Z,525.081897859,525.280638192,524.048448125,524.664543159,3247384
2025-02-11T22:00:00Z,524.644669125,524.793724376,524.376369675,524.674480176,1303405
2025-02-11T23:00:00Z,524.674480176,524.823535426,524.575110009,524.614858075,57209
2025-02-12T00:00:00Z,524.644669125,525.280638192,524.416117742,525.089350621,46174
2025-02-12T01:00:00Z,525.089350621,525.558874659,525.042149792,525.141519959,72684
2025-02-12T10:00:00Z,524.664543159,524.912968576,523.442290108,524.167692325,77530
2025-02-12T11:00:00Z,524.147818292,524.714228242,523.929203925,524.545298959,47513
2025-02-12T12:00:00Z,524.545298959,524.922905592,524.247188459,524.624795092,18580
2025-02-12T13:00:00Z,524.624795092,525.747677976,524.624795092,525.618496759,138028
2025-02-12T14:00:00Z,525.618496759,526.065662509,518.135923207,518.81164034,1963641
2025-02-12T14:30:00Z,518.831514374,519.278680124,518.03655304,519.099813824,585666
2025-02-12T15:30:00Z,519.010380674,523.442290108,518.66258509,522.438651425,6288169
2025-02-12T16:30:00Z,522.478399491,524.286936525,521.295894508,521.728353473,2840875
2025-02-12T17:30:00Z,521.693375175,525.032212776,521.663663495,524.644669125,3292475
2025-02-12T18:30:00Z,524.634732109,525.558874659,523.899392875,524.952716642,1697371
2025-02-12T19:30:00Z,524.942779626,525.171331009,523.978889009,524.684417192,2050922
2025-02-12T20:30:00Z,524.684417192,525.856985159,524.644669125,525.270701176,1828194
2025-02-12T21:00:00Z,525.280638192,525.479378526,524.346558625,524.972590676,2872486
2025-02-12T22:00:00Z,524.972590676,526.383647043,524.555235975,526.314087926,979978
2025-02-12T23:00:00Z,526.412464391,526.412464391,526.125284609,526.184906709,132571
2025-02-13T00:00:00Z,526.324024943,527.19848241,526.015977426,526.952044396,98949
2025-02-13T01:00:00Z,526.952044396,527.37734871,526.69169456,527.178608376,96416
2025-02-13T10:00:00Z,524.972590676,526.542639309,523.899392875,525.777489026,108016
2025-02-13T11:00:00Z,525.777489026,526.095473559,525.280638192,525.956355326,37840
2025-02-13T12:00:00Z,525.956355326,526.413458093,525.022275759,525.668181843,69272
2025-02-13T13:00:00Z,525.668181843,525.767552009,524.823535426,525.529063609,141744
2025-02-13T14:00:00Z,525.529063609,527.34753766,524.753976309,526.90037191,604849
2025-02-13T14:30:00Z,526.90037191,526.93018296,526.413458093,526.66188351,132613
2025-02-13T15:30:00Z,526.642009476,529.702610611,525.856985159,529.18389834,6011809
2025-02-13T16:30:00Z,529.175948727,531.203100128,529.096452594,529.871539894,4525980
2025-02-13T17:30:00Z,529.891413927,530.119965311,528.430672477,529.04676751,2042660
2025-02-13T18:30:00Z,529.04676751,529.801980777,527.218356443,528.400861427,2653516
2025-02-13T19:30:00Z,528.430672477,530.596942111,527.685396227,530.462494275,2955308
2025-02-13T20:30:00Z,530.487634927,532.057683561,530.338579677,531.839069195,3088699
2025-02-13T21:00:00Z,531.819195161,532.842707878,531.312407311,532.524723345,4616804
2025-02-13T22:00:00Z,532.524723345,532.524723345,531.570769744,531.699950961,1408495
2025-02-13T23:00:00Z,531.699950961,531.839069195,531.580706761,531.759573061,137568
2025-02-14T00:00:00Z,531.759573061,532.246486878,531.570769744,531.809258145,147802
2025-02-14T01:00:00Z,531.809258145,532.325883641,531.650265878,532.127242678,48326
2025-02-14T10:00:00Z,532.524723345,533.617795179,532.524723345,533.150755395,91986
2025-02-14T11:00:00Z,533.150755395,533.150755395,532.435290195,532.713526662,51214
2025-02-14T12:00:00Z,532.634030528,532.634030528,531.163352061,531.650265878,110885
2025-02-14T13:00:00Z,531.670139911,532.196801795,531.521084661,532.166990745,86593
2025-02-14T14:00:00Z,532.166990745,532.872518928,531.849006211,532.673778595,232751
2025-02-14T14:30:00Z,532.673778595,533.001700145,532.375668095,532.574408428,123131
2025-02-14T15:30:00Z,532.62906202,533.955653745,532.296171961,533.438928878,4004375
2025-02-14T16:30:00Z,533.448865895,534.214016179,532.564471411,533.473012846,2150038
2025-02-14T17:30:00Z,533.518425012,533.546248658,532.514786328,532.534660361,1130371
2025-02-14T18:30:00Z,532.58166245,534.288543804,532.335920028,533.876157612,1636132
2025-02-14T19:30:00Z,533.866220595,535.018914529,533.85131507,534.353134412,1617855
2025-02-14T20:30:00Z,534.348464014,534.710867012,533.866220595,534.522063695,1764047
2025-02-14T21:00:00Z,534.541937729,535.446206246,534.432630545,534.760552096,3214955
2025-02-14T22:00:00Z,534.740678062,535.336899062,534.462441595,534.909607346,1456364
2025-02-14T23:00:00Z,534.919544362,535.028851546,534.760552096,534.909607346,169234
2025-02-15T00:00:00Z,534.909607346,535.181384752,534.730741046,534.730741046,17835
2025-02-15T01:00:00Z,534.730741046,534.830111212,534.710867012,534.720804029,17703
2025-02-18T10:00:00Z,534.760552096,537.542916763,534.760552096,536.728081396,94536
2025-02-18T11:00:00Z,536.728081396,537.026191896,536.519404046,537.026191896,37989
2025-02-18T12:00:00Z,537.026191896,537.07587698,536.678396313,536.887073663,30838
2025-02-18T13:00:00Z,536.887073663,537.43360958,536.62871123,537.04606593,130089
2025-02-18T14:00:00Z,537.04606593,537.681935626,536.68833333,537.662160963,275871
2025-02-18T14:30:00Z,537.662160963,537.831090247,536.270978629,536.400159846,215899
2025-02-18T15:30:00Z,536.330600729,536.59890018,533.31451743,533.508487995,4599660
2025-02-18T16:30:00Z,533.518425012,535.128221712,533.190503462,535.108347679,2608517
2025-02-18T17:30:00Z,535.098410662,535.336899062,534.055023912,534.323323362,1548030
2025-02-18T18:30:00Z,534.323323362,535.096621999,533.826472529,534.074897945,1247972
2025-02-18T19:30:00Z,534.084834962,534.273638279,532.663841578,533.766850429,2071585
2025-02-18T20:30:00Z,533.776787445,534.621433862,533.627732195,534.223953195,1686253
2025-02-18T21:00:00Z,534.214016179,536.002679179,534.015275845,535.972868129,4225933
2025-02-18T22:00:00Z,535.913246029,536.161671446,535.356773096,535.495891329,1542309
2025-02-18T23:00:00Z,535.495891329,535.644946579,535.376647129,535.525702379,95713
2025-02-19T00:00:00Z,535.525702379,536.151734429,535.525702379,536.102049346,80119
2025-02-19T01:00:00Z,536.112980064,536.757097485,536.092112329,536.757097485,77483
2025-02-19T10:00:00Z,536.499530013,536.698270346,536.102049346,536.201419513,37210
2025-02-19T11:00:00Z,536.201419513,536.211356529,535.207717846,535.505828346,29941
2025-02-19T12:00:00Z,535.505828346,535.605198513,534.989103479,535.317025029,39132
2025-02-19T13:00:00Z,535.317025029,536.370348796,535.257402929,535.754253763,135808
2025-02-19T14:00:00Z,535.754253763,535.972868129,534.581685795,535.158032762,227652
2025-02-19T14:30:00Z,535.158032762,535.456143262,534.740678062,535.098410662,87288
2025-02-19T15:30:00Z,535.177906796,535.545576412,533.081196278,533.816535512,3408343
2025-02-19T16:30:00Z,533.826472529,535.595261496,533.737039379,535.446206246,2730863
2025-02-19T17:30:00Z,535.436269229,536.310726696,535.197780829,535.500859837,1875070
2025-02-19T18:30:00Z,535.505828346,536.360411779,534.929481379,536.105527302,1974142
2025-02-19T19:30:00Z,536.111986363,537.095751013,535.674757629,536.792672005,1800200
2025-02-19T20:30:00Z,536.787703496,537.40379853,535.148095746,535.436269229,2662816
2025-02-19T21:00:00Z,535.456143262,536.410096863,535.396521162,536.121923379,3137989
2025-02-19T22:00:00Z,536.171608463,536.171608463,535.356773096,535.565450446,1118654
2025-02-19T23:00:00Z,535.565450446,535.654883596,535.247465912,535.307088012,232900
2025-02-20T00:00:00Z,535.307088012,535.813875863,535.277674443,535.406458179,98130
2025-02-20T01:00:00Z,535.406458179,535.674658259,535.039782264,535.625072546,70725
2025-02-20T10:00:00Z,536.121923379,536.121923379,534.541937729,535.148095746,37182
2025-02-20T11:00:00Z,535.148095746,535.505828346,535.148095746,535.257402929,24709
2025-02-20T12:00:00Z,535.257402929,535.307088012,534.541937729,534.780426129,50875
2025-02-20T13:00:00Z,534.780426129,535.346836079,534.512126679,535.346836079,97867
2025-02-20T14:00:00Z,535.346836079,535.346836079,534.840048229,535.167969779,202380
2025-02-20T14:30:00Z,535.167969779,535.635009563,535.167969779,535.456143262,187712
2025-02-20T15:30:00Z,535.336899062,535.704568679,529.10638961,532.385605111,6762318
2025-02-20T16:30:00Z,532.375668095,532.842707878,529.722484644,531.680076928,3467371
2025-02-20T17:30:00Z,531.769510078,532.405479145,530.706249294,532.186864778,2410982
2025-02-20T18:30:00Z,532.196801795,532.634030528,530.984783871,531.352155378,2112093
2025-02-20T19:30:00Z,531.342218361,532.961952078,531.213037144,532.519854207,1920488
2025-02-20T20:30:00Z,532.524723345,533.339558712,531.64529737,532.763211745,4054084
2025-02-20T21:00:00Z,532.773148762,533.866220595,532.513891997,533.846346562,3932733
2025-02-20T22:00:00Z,533.826472529,533.876157612,533.220314512,533.568110095,680496
2025-02-20T23:00:00Z,533.568110095,533.598119885,533.369369762,533.478676945,474440
2025-02-21T00:00:00Z,533.369369762,534.402819495,533.369369762,534.12537799,73329
2025-02-21T01:00:00Z,534.12537799,534.214016179,533.816535512,534.005338829,61696
2025-02-21T10:00:00Z,533.846346562,534.561811762,533.846346562,534.532000712,34372
2025-02-21T11:00:00Z,534.532000712,534.730741046,534.363071429,534.551874745,18741
2025-02-21T12:00:00Z,534.551874745,534.651244912,534.233890212,534.452504579,19519
2025-02-21T13:00:00Z,534.462441595,535.764190779,534.382945462,535.704568679,116945
2025-02-21T14:00:00Z,535.704568679,536.59890018,535.505828346,535.933120063,269958
2025-02-21T14:30:00Z,535.933120063,536.191482496,534.710867012,534.720804029,194114
2025-02-21T15:30:00Z,534.989103479,535.008977512,530.348516694,530.656663581,6202404
2025-02-21T16:30:00Z,530.656564211,531.203100128,529.116326627,530.349411026,9891615
2025-02-21T17:30:00Z,530.279056948,531.034170844,527.79470341,528.769425375,3054004
2025-02-21T18:30:00Z,528.80817974,528.877838227,525.270701176,525.612633919,4837157
2025-02-21T19:30:00Z,525.658145456,526.87056086,522.547958608,522.776509992,5372525
2025-02-21T20:30:00Z,522.776509992,523.819896742,522.498273525,523.303171875,7007318
2025-02-21T21:00:00Z,523.332982925,523.740400609,522.398903358,522.766572975,7449047
2025-02-21T22:00:00Z,522.766572975,523.183927675,522.190226008,522.289596175,3298308
2025-02-21T23:00:00Z,522.289596175,523.124305575,522.259785125,523.044809442,219558
2025-02-22T00:00:00Z,523.044809442,523.044809442,522.736761925,522.826195075,63306
2025-02-22T01:00:00Z,522.826195075,522.826195075,522.567832641,522.666209106,52311
2025-02-24T10:00:00Z,525.101771892,526.015977426,524.445928792,525.360134326,129396
2025-02-24T11:00:00Z,525.360134326,525.389945376,524.724165259,524.833472442,34418
2025-02-24T12:00:00Z,524.833472442,525.389945376,524.495613875,525.221016092,60060
2025-02-24T13:00:00Z,525.221016092,525.221016092,524.306810559,524.714228242,172842
2025-02-24T14:00:00Z,524.714228242,525.757614993,524.704291226,525.737641589,369907
2025-02-24T14:30:00Z,525.737641589,525.807300076,524.187566359,524.525424925,276957
2025-02-24T15:30:00Z,524.555235975,525.736747258,516.912875195,518.593025973,11598163
2025-02-24T16:30:00Z,518.553277907,521.037532074,517.092536456,520.719547541,5676305
2025-02-24T17:30:00Z,520.749358591,522.180288991,519.765593941,521.589036499,4636692
2025-02-24T18:30:00Z,521.623816058,522.349218275,520.928224891,522.061044791,2229460
2025-02-24T19:30:00Z,522.090855841,522.220037058,520.083677844,520.143200574,2276860
2025-02-24T20:30:00Z,520.202822674,520.761084271,518.940821557,518.970632607,3216005
2025-02-24T21:00:00Z,519.000443657,519.775530957,516.257827056,516.595685623,6250561
2025-02-24T22:00:00Z,516.555937556,517.181969606,516.267764073,516.744740873,1644412
2025-02-24T23:00:00Z,516.744740873,516.913670156,516.595685623,516.824237006,301053
2025-02-25T00:00:00Z,516.824237006,517.26146574,515.333684506,515.731165173,205169
2025-02-25T01:00:00Z,515.731165173,517.221717673,515.731165173,516.863985073,191116
2025-02-25T10:00:00Z,516.595685623,516.595685623,513.872943055,513.872943055,138968
2025-02-25T11:00:00Z,513.872943055,514.787148589,513.465525372,513.604643605,124143
2025-02-25T12:00:00Z,513.604643605,515.780850256,513.495336422,515.383369589,165359
2025-02-25T13:00:00Z,515.383369589,517.02297734,515.264125389,516.90373314,242635
2025-02-25T14:00:00Z,516.90373314,517.38070994,516.019338656,516.138582856,548946
2025-02-25T14:30:00Z,516.218078989,516.426756339,515.184629256,515.850409373,137551
2025-02-25T15:30:00Z,515.969653573,516.049149706,507.17539382,507.587780011,12353637
2025-02-25T16:30:00Z,507.62255957,510.355239154,507.17539382,507.384568021,7424532
2025-02-25T17:30:00Z,507.403945203,511.339003804,506.231377236,511.100515404,6759273
2025-02-25T18:30:00Z,511.070704354,513.246911005,510.583790537,510.643412637,3472135
2025-02-25T19:30:00Z,510.653349654,512.561256855,509.44103362,509.67952202,3762590
2025-02-25T20:30:00Z,509.669585004,512.789808238,509.580151854,511.915350771,5060802
2025-02-25T21:00:00Z,511.905413755,512.044531988,509.371474504,510.086939704,6233403
2025-02-25T22:00:00Z,510.067065671,511.448310988,509.838514287,511.130326454,1848691
2025-02-25T23:00:00Z,511.130326454,511.994846905,511.001145238,511.994846905,523217
2025-02-26T00:00:00Z,511.885539721,512.183650221,511.567555188,511.835854638,158163
2025-02-26T01:00:00Z,511.835854638,512.442012655,511.537744138,512.432075638,149582
2025-02-26T10:00:00Z,510.086939704,514.498975105,510.086939704,513.922628139,182268
2025-02-26T11:00:00Z,513.922628139,514.449290022,513.872943055,514.310171789,57539
2025-02-26T12:00:00Z,514.310171789,514.479101072,513.256848022,513.545021505,88385
2025-02-26T13:00:00Z,513.545021505,513.962376205,512.849430338,513.535084488,264509
2025-02-26T14:00:00Z,513.535084488,514.548660189,512.750060172,513.147540838,543773
2025-02-26T14:30:00Z,513.147540838,513.415840288,512.004783921,512.213461271,290124
2025-02-26T15:30:00Z,512.283020388,515.522487822,511.150200488,513.395966255,6692319
2025-02-26T16:30:00Z,513.356218188,516.297575123,513.356218188,515.383369589,3523029
2025-02-26T17:30:00Z,515.373432572,516.387008273,514.628156322,515.70016168,3121070
2025-02-26T18:30:00Z,515.726196664,516.078960756,510.693097721,510.727877279,4002044
2025-02-26T19:30:00Z,510.693097721,511.527807121,508.149221453,509.61989992,4281464
2025-02-26T20:30:00Z,509.56027782,510.792467888,508.477143003,510.181341362,3508473
2025-02-26T21:00:00Z,510.166435837,511.984909888,509.699396054,511.319129771,3709460
2025-02-26T22:00:00Z,511.189948554,514.320108805,508.775253504,513.266785038,2836788
2025-02-26T23:00:00Z,513.266785038,514.697715439,512.352579505,512.640752988,852120
2025-02-27T00:00:00Z,512.640752988,512.819619288,510.583790537,511.597465608,266565
2025-02-27T01:00:00Z,511.597465608,512.024657955,509.629836937,509.858388321,238034
2025-02-27T10:00:00Z,511.319129771,514.697715439,511.319129771,514.429415989,85134
2025-02-27T11:00:00Z,514.429415989,514.936203839,514.141242505,514.449290022,72988
2025-02-27T12:00:00Z,514.419478972,514.946140856,514.210801622,514.926266822,79694
2025-02-27T13:00:00Z,514.926266822,515.919968489,514.737463506,515.154818206,208914
2025-02-27T14:00:00Z,515.154818206,515.641732022,513.147540838,514.091557422,728287
2025-02-27T14:30:00Z,514.091557422,515.651669039,513.735116634,514.856707706,231586
2025-02-27T15:30:00Z,514.866644722,515.800624919,504.139635227,509.714301579,15267596
2025-02-27T16:30:00Z,509.699396054,510.508269211,506.87728332,508.238654603,4147318
2025-02-27T17:30:00Z,508.24859162,509.11311207,505.625219219,508.01010322,3031978
2025-02-27T18:30:00Z,508.000166203,509.4707453,506.469865636,508.888237383,3557534
2025-02-27T19:30:00Z,509.038584445,509.341663454,504.045233569,504.194288819,2605965
2025-02-27T20:30:00Z,504.214162852,504.224099869,499.046914184,499.136347334,9549643
2025-02-27T21:00:00Z,499.215843467,500.418222484,496.900518583,497.11913295,9883340
2025-02-27T22:00:00Z,497.23837715,498.361260033,496.592471066,497.914094283,2028197
2025-02-27T23:00:00Z,497.914094283,498.0432755,497.666662568,497.963779367,489550
2025-02-28T00:00:00Z,497.963779367,498.858110867,497.95384235,498.709055617,244358
2025-02-28T01:00:00Z,498.709055617,499.066887587,497.407306433,497.407306433,235886
2025-02-28T10:00:00Z,497.11913295,499.195969434,497.11913295,498.5798744,125228
2025-02-28T11:00:00Z,498.5798744,499.036977167,498.321511967,498.60968545,73751
2025-02-28T12:00:00Z,498.60968545,499.017103134,498.450693183,498.689181583,57305
2025-02-28T13:00:00Z,498.689181583,498.689181583,496.711715266,497.65573185,356636
2025-02-28T14:00:00Z,497.65573185,499.036977167,496.264549516,497.168818033,1020324
2025-02-28T14:30:00Z,497.168818033,497.844535167,496.433478799,496.761400349,360491
2025-02-28T15:30:00Z,496.980014716,501.054191551,493.800169382,500.984731804,12217509
2025-02-28T16:30:00Z,501.014443484,501.491420284,498.023401467,498.112834617,5807308
2025-02-28T17:30:00Z,498.112834617,500.775855714,497.784913066,499.553702034,2935436
2025-02-28T18:30:00Z,499.6530722,499.6530722,494.406327399,496.980014716,5645631
2025-02-28T19:30:00Z,496.980014716,498.7587407,495.678762383,497.3278103,3522302
2025-02-28T20:30:00Z,497.337747316,501.272805918,496.94026665,501.233057851,4302988
2025-02-28T21:00:00Z,501.233057851,505.575534136,499.225780484,504.969376119,8817743
2025-02-28T22:00:00Z,504.989250152,505.187990486,503.757060085,504.661328602,2105878
2025-02-28T23:00:00Z,504.671265619,504.979213765,504.671265619,504.929628052,206331
2025-03-01T00:00:00Z,504.800446836,505.048872252,504.701076669,504.959439102,34394
2025-03-01T01:00:00Z,504.959439102,505.396667836,504.959439102,505.118431369,64790
2025-03-03T10:00:00Z,504.969376119,507.41388222,504.969376119,507.215141886,159933
2025-03-03T11:00:00Z,507.215141886,507.403945203,506.708354036,507.125708736,42399
2025-03-03T12:00:00Z,507.125708736,508.020040237,506.90709437,507.960418137,103905
2025-03-03T13:00:00Z,507.930607087,509.61989992,507.423819236,508.626198253,347807
2025-03-03T14:00:00Z,508.626198253,508.87462367,507.781551837,508.497911368,586245
2025-03-03T14:30:00Z,508.497911368,509.272104337,508.06972532,508.06972532,232736
2025-03-03T15:30:00Z,508.298276703,509.808703237,501.113813651,505.923329719,8711909
2025-03-03T16:30:00Z,505.933266736,506.638794919,503.26517776,504.184351802,4108217
2025-03-03T17:30:00Z,504.224099869,505.794148503,502.892539635,505.515912036,2913453
2025-03-03T18:30:00Z,505.51819755,506.052510936,499.081693742,499.313623711,4057978
2025-03-03T19:30:00Z,499.335087667,501.928549648,498.560000367,500.040615851,3907310
2025-03-03T20:30:00Z,499.992123209,502.564618085,491.534529581,491.997097707,7943060
2025-03-03T21:00:00Z,492.011506381,494.306957232,490.471268797,493.919413582,8539984
2025-03-03T22:00:00Z,494.217524082,495.708076582,493.829980432,495.549084316,2032144
2025-03-03T23:00:00Z,495.549084316,495.549084316,494.714374915,494.883304199,417854
2025-03-04T00:00:00Z,494.883304199,496.185053383,494.585193699,495.053227184,265829
2025-03-04T01:00:00Z,495.053227184,496.125431283,494.267209165,496.026061116,238398
2025-03-04T10:00:00Z,493.919413582,496.453352833,493.919413582,494.833619115,110860
2025-03-04T11:00:00Z,494.833619115,495.250973816,493.541806948,494.157901982,215975
2025-03-04T12:00:00Z,494.157901982,494.684563865,493.521932915,494.287083199,150310
2025-03-04T13:00:00Z,494.237398115,494.237398115,490.302339514,490.640198081,529846
2025-03-04T14:00:00Z,490.640198081,491.395411348,489.139708564,490.590512997,1205708
2025-03-04T14:30:00Z,490.630261064,492.458672131,490.590512997,491.067489798,919653
2025-03-04T15:30:00Z,491.067489798,493.194011365,484.663082554,486.715076496,18458830
2025-03-04T16:30:00Z,486.635580363,489.139708564,485.443138362,486.297721796,8541461
2025-03-04T17:30:00Z,486.297721796,493.293381532,486.188414613,492.389113015,7286421
2025-03-04T18:30:00Z,492.369238981,494.813745082,490.371898631,491.951884281,5591324
2025-03-04T19:30:00Z,491.971758315,497.874346217,491.310946706,496.443415816,5612178
2025-03-04T20:30:00Z,496.463289849,500.567277734,495.827320782,499.0568512,5923778
2025-03-04T21:00:00Z,499.076725234,499.2953396,490.640198081,492.428861081,9410867
2025-03-04T22:00:00Z,492.508357215,497.11913295,492.180435665,495.827320782,3068375
2025-03-04T23:00:00Z,495.857131833,496.264549516,495.459651166,496.204927416,474766
2025-03-05T00:00:00Z,496.204927416,497.198629083,495.777635699,496.751463333,213650
2025-03-05T01:00:00Z,496.691841233,497.009825766,494.694500882,495.709269024,162056
2025-03-05T10:00:00Z,492.428861081,498.053212517,492.428861081,497.645794833,122206
2025-03-05T11:00:00Z,497.645794833,497.725290966,495.966439016,496.155242333,115334
2025-03-05T12:00:00Z,496.155242333,496.363919683,493.680925182,494.764059999,144225
2025-03-05T13:00:00Z,494.823682099,495.628580449,494.157901982,494.644815799,262963
2025-03-05T14:00:00Z,494.664689832,495.519273266,492.796530698,493.035019098,709427
2025-03-05T14:30:00Z,493.005208048,494.088342865,492.130750581,492.856152798,284649
2025-03-05T15:30:00Z,493.074767165,494.913115249,489.467630114,490.918732658,10451173
2025-03-05T16:30:00Z,490.978056648,493.571617998,489.020464364,490.222843381,5485483
2025-03-05T17:30:00Z,490.193032331,494.495760549,488.16588093,494.386453365,5695495
2025-03-05T18:30:00Z,494.396390382,497.0893219,493.551743965,495.103111008,6157887
2025-03-05T19:30:00Z,495.126761107,500.110174967,493.800169382,498.381134067,5137258
2025-03-05T20:30:00Z,498.410945117,500.457970551,497.4470545,499.613324134,4919014
2025-03-05T21:00:00Z,499.62326115,500.000867784,497.486802566,498.84817385,4967508
2025-03-05T22:00:00Z,498.84817385,498.957481034,496.960140683,497.695479916,1340275
2025-03-05T23:00:00Z,497.695479916,498.063149533,497.65573185,497.844535167,343108
2025-03-06T00:00:00Z,497.71535395,498.499384565,497.3278103,497.71535395,90865
2025-03-06T01:00:00Z,497.615983783,498.341386,497.069447866,497.258251183,97347
2025-03-06T10:00:00Z,498.84817385,498.84817385,492.190372681,492.876026832,211947
2025-03-06T11:00:00Z,492.876026832,493.631240098,491.882325165,492.279805831,165186
2025-03-06T12:00:00Z,492.279805831,493.402688715,491.604088698,493.203948382,141469
2025-03-06T13:00:00Z,493.203948382,493.362940648,491.643836764,492.031380415,307243
2025-03-06T14:00:00Z,492.031380415,492.329490915,490.302339514,490.978056648,821651
2025-03-06T14:30:00Z,490.978056648,491.961821298,490.431520731,490.570638964,283454
2025-03-06T15:30:00Z,490.580575981,494.760383303,488.554219541,494.157901982,11280091
2025-03-06T16:30:00Z,494.147964965,495.439777132,491.484844498,492.925711915,5838804
2025-03-06T17:30:00Z,492.915774898,494.565319665,486.178477596,486.839289204,7294109
2025-03-06T18:30:00Z,486.893942796,488.10625883,485.294083112,486.347406879,4874462
2025-03-06T19:30:00Z,486.357343896,487.031868588,483.276868728,483.763782545,6416071
2025-03-06T20:30:00Z,483.743908512,488.07644778,483.137750495,485.602130629,7647283
2025-03-06T21:00:00Z,485.622004662,486.784238132,484.012207962,485.125153829,7720050
2025-03-06T22:00:00Z,485.254335046,488.19569198,484.886665429,487.251675396,3825515
2025-03-06T23:00:00Z,487.251675396,488.424243363,487.112557163,488.324873197,442532
2025-03-07T00:00:00Z,488.324873197,488.40436933,487.102620146,487.470289763,180533
2025-03-07T01:00:00Z,487.470289763,487.768400263,486.476588096,487.24173838,123935
2025-03-07T10:00:00Z,485.125153829,488.692542813,485.125153829,487.996951647,92795
2025-03-07T11:00:00Z,487.996951647,488.036699713,487.072809096,487.51003783,46349
2025-03-07T12:00:00Z,487.51003783,488.19569198,486.91381683,487.65909308,128631
2025-03-07T13:00:00Z,487.65909308,487.65909308,485.532571512,486.238099696,367855
2025-03-07T14:00:00Z,486.238099696,489.785614647,484.191074262,484.846917362,1394025
2025-03-07T14:30:00Z,484.846917362,485.939989196,483.873089728,484.042019012,746353
2025-03-07T15:30:00Z,484.091704095,489.080086464,483.853215695,484.663082554,9054744
2025-03-07T16:30:00Z,484.618365979,485.333831179,479.77903886,480.106960411,8493851
2025-03-07T17:30:00Z,480.136771461,480.703181411,477.503462043,480.236141627,8593884
2025-03-07T18:30:00Z,480.179798743,486.267910746,479.530613444,484.538869845,7041769
2025-03-07T19:30:00Z,484.578617912,489.80548868,484.220885312,489.338448897,5930164
2025-03-07T20:30:00Z,489.368259947,489.86511078,487.231801363,488.717385355,5339308
2025-03-07T21:00:00Z,488.70247983,490.173158297,485.631941679,488.692542813,5870607
2025-03-07T22:00:00Z,488.682605797,488.901220164,486.784635613,488.096321813,1511062
2025-03-07T23:00:00Z,488.096321813,488.215566013,487.619345013,487.619345013,111763
2025-03-08T00:00:00Z,487.619345013,487.967140597,487.619345013,487.967140597,33818
2025-03-08T01:00:00Z,487.967140597,487.967140597,487.519974846,487.809142031,24745
2025-03-10T09:00:00Z,488.692542813,488.692542813,482.064552695,482.462033361,124603
2025-03-10T10:00:00Z,482.462033361,484.628302995,482.203670928,483.306679778,181910
2025-03-10T11:00:00Z,483.306679778,483.833341662,481.875749378,482.531592478,133839
2025-03-10T12:00:00Z,482.531592478,483.823404645,481.458394678,482.134111811,235549
2025-03-10T13:00:00Z,482.203670928,482.243418995,479.987716211,481.200032244,664982
2025-03-10T13:30:00Z,481.200032244,481.845938328,480.246078644,480.415007927,261234
2025-03-10T14:30:00Z,480.405070911,480.921795777,474.959585775,475.287507326,11334502
2025-03-10T15:30:00Z,475.297444342,475.968192967,471.725086849,474.442860909,10925651
2025-03-10T16:30:00Z,474.442860909,476.119434361,471.779740441,473.151048742,6359009
2025-03-10T17:30:00Z,473.151048742,474.591916159,470.130195674,471.372322758,7372930
2025-03-10T18:30:00Z,471.382259774,471.501503974,468.748950357,469.57372274,8675772
2025-03-10T19:30:00Z,469.583659757,471.213330491,465.708223256,469.638313349,11233762
2025-03-10T20:00:00Z,469.623407824,472.455457575,468.64958019,469.75258904,13801777
2025-03-10T21:00:00Z,470.269313907,470.815849824,469.206053124,470.517739324,3815021
2025-03-10T22:00:00Z,470.517739324,470.656857557,469.00731279,469.027186824,639795
2025-03-10T23:00:00Z,469.09674594,470.169943741,468.043422173,468.252099523,400199
2025-03-11T00:00:00Z,468.26203654,468.748950357,464.823828772,466.463436523,529496
2025-03-11T09:00:00Z,469.75258904,472.892686308,469.75258904,472.852938241,274570
2025-03-11T10:00:00Z,472.852938241,473.230544875,472.087787958,472.356087408,213728
2025-03-11T11:00:00Z,472.356087408,472.713820008,471.501503974,472.187158125,168749
2025-03-11T12:00:00Z,472.187158125,473.121237692,470.607172474,473.091426642,329071
2025-03-11T13:00:00Z,473.091426642,473.200733825,469.822148157,470.129996934,877411
2025-03-11T13:30:00Z,470.130195674,470.855597891,469.12655699,469.21599014,290682
2025-03-11T14:30:00Z,469.374982407,474.075191292,466.791358073,466.980161389,13901548
2025-03-11T15:30:00Z,466.980161389,471.451818891,465.588979056,469.598167801,9860840
2025-03-11T16:30:00Z,469.553848707,472.356087408,467.288208906,468.490587923,7054860
2025-03-11T17:30:00Z,468.639643173,469.673092907,464.177922689,464.267355839,6841950
2025-03-11T18:30:00Z,464.217670755,472.395835475,464.068615505,471.481629941,7977455
2025-03-11T19:30:00Z,471.471692924,475.789326667,470.353778549,472.485268625,10729420
2025-03-11T20:00:00Z,472.534953708,472.902623325,468.53033599,468.629706157,6372135
2025-03-11T21:00:00Z,468.639643173,469.921518324,468.182540407,468.91787964,3109025
2025-03-11T22:00:00Z,468.91787964,469.116619974,468.629706157,469.116619974,458381
2025-03-11T23:00:00Z,469.116619974,470.696605624,468.957627707,470.497865291,192580
2025-03-12T00:00:00Z,470.497865291,470.716380287,469.51410064,470.656956928,110770
2025-03-12T09:00:00Z,468.629706157,472.684008958,468.629706157,472.475331608,125217
2025-03-12T10:00:00Z,472.475331608,472.833064208,472.008291825,472.793316141,107205
2025-03-12T11:00:00Z,472.793316141,472.823127191,471.938732708,472.624386858,95351
2025-03-12T12:00:00Z,472.624386858,473.936073058,472.515079675,473.399474158,361570
2025-03-12T13:00:00Z,473.399474158,478.566722827,472.903020805,476.678689659,2305845
2025-03-12T13:30:00Z,476.678689659,477.03642226,475.406850896,476.012909543,591772
2025-03-12T14:30:00Z,476.142090759,478.030123927,473.329915042,474.542231075,10925732
2025-03-12T15:30:00Z,474.562105109,474.849583001,468.818509473,471.933764199,6931070
2025-03-12T16:30:00Z,471.988417791,476.271271976,471.630685191,475.694925009,5643871
2025-03-12T17:30:00Z,475.794295176,476.867492976,473.836802262,476.231523909,4233166
2025-03-12T18:30:00Z,476.231523909,476.668752643,472.157347075,474.780719475,4076309
2025-03-12T19:30:00Z,474.810530525,476.370642143,473.568403442,474.263994609,4111384
2025-03-12T20:00:00Z,474.313679692,474.989396826,472.713820008,473.916199025,4605114
2025-03-12T21:00:00Z,474.035443225,474.214309525,472.952308408,473.170922775,2188972
2025-03-12T22:00:00Z,473.170922775,473.598214492,473.160985758,473.498844325,378273
2025-03-12T23:00:00Z,473.498844325,474.731034392,473.091426642,474.363364775,197068
2025-03-13T00:00:00Z,474.363364775,475.923476392,474.363364775,475.893665342,129841
2025-03-13T09:00:00Z,473.916199025,473.916199025,469.33523434,471.243141541,159189
2025-03-13T10:00:00Z,471.243141541,474.045380242,470.557487391,474.015569192,154167
2025-03-13T11:00:00Z,474.015569192,474.562105109,472.952308408,473.270292942,167146
2025-03-13T12:00:00Z,473.270292942,473.657836592,471.322637674,472.207032158,287894
2025-03-13T13:00:00Z,472.197095141,473.727395708,470.895345957,472.773442108,742531
2025-03-13T13:30:00Z,472.773442108,473.598214492,472.495205641,473.121237692,206771
2025-03-13T14:30:00Z,473.250418908,473.280329328,467.208712773,470.875471924,8655886
2025-03-13T15:30:00Z,470.885408941,472.207032158,467.705563606,467.978831565,6404026
2025-03-13T16:30:00Z,467.96392604,468.838383507,466.105902663,466.731735973,5323571
2025-03-13T17:30:00Z,466.691987906,468.838383507,463.730756938,464.684710539,5467225
2025-03-13T18:30:00Z,464.615151422,467.318019956,463.492268538,467.30808294,4623293
2025-03-13T19:30:00Z,467.30808294,468.957627707,465.112002256,465.678412206,4824621
2025-03-13T20:00:00Z,465.668475189,466.190168564,463.840064122,465.390238722,7092966
2025-03-13T21:00:00Z,465.489608889,467.258397856,465.251120489,466.443562489,1804345
2025-03-13T22:00:00Z,466.443562489,466.443562489,465.850918815,466.215905437,271133
2025-03-13T23:00:00Z,466.215905437,468.520398973,466.215905437,468.043422173,249619
2025-03-14T00:00:00Z,468.093107257,468.61976914,467.804933773,467.973863056,136986
2025-03-14T09:00:00Z,465.390238722,470.418369157,465.390238722,469.861896224,76195
2025-03-14T10:00:00Z,469.861896224,470.617109491,469.861896224,470.239502857,61025
2025-03-14T11:00:00Z,470.239502857,471.233204524,469.225927157,470.517739324,105023
2025-03-14T12:00:00Z,470.567424407,471.272952591,469.802274124,470.994716124,172069
2025-03-14T13:00:00Z,470.994716124,472.405772491,470.855597891,471.491566958,536047
2025-03-14T13:30:00Z,471.491566958,471.799614474,470.627046507,470.746290707,251154
2025-03-14T14:30:00Z,470.746290707,474.502483009,470.140132691,471.044401208,10601640
2025-03-14T15:30:00Z,471.024527174,475.595554842,470.845660874,475.116093788,5386395
2025-03-14T16:30:00Z,475.138452076,476.529634409,474.23517726,474.383238809,5410406
2025-03-14T17:30:00Z,474.403112842,476.648878609,474.154687425,475.317318376,3491458
2025-03-14T18:30:00Z,475.287507326,475.794295176,474.343490742,474.830404559,3783113
2025-03-14T19:30:00Z,474.850278592,476.768122809,474.840341575,475.698204225,4288646
2025-03-14T20:00:00Z,475.714799042,477.533273093,475.267633292,476.638941593,7547680
2025-03-14T21:00:00Z,476.629004576,476.638941593,475.088766992,475.684987992,1722019
2025-03-14T22:00:00Z,475.684987992,475.734673076,475.237524132,475.585617826,261143
2025-03-14T23:00:00Z,475.585617826,475.724736059,475.535932742,475.655176942,21006
2025-03-15T00:00:00Z,475.655176942,476.247919987,475.585617826,476.161964793,57994
2025-03-17T09:00:00Z,476.638941593,476.638941593,473.637962558,474.621727209,92808
2025-03-17T10:00:00Z,474.621727209,475.029144892,474.273931625,474.731034392,52152
2025-03-17T11:00:00Z,474.731034392,476.301083026,474.721097375,476.152027776,115552
2025-03-17T12:00:00Z,476.042720593,476.907241043,475.963224459,476.191775843,185296
2025-03-17T13:00:00Z,476.191775843,478.427604593,475.615428876,477.801572543,728214
2025-03-17T13:30:00Z,477.801572543,477.801572543,476.291146009,476.559445459,277517
2025-03-17T14:30:00Z,476.589256509,480.097023394,476.161964793,476.937052093,7384981
2025-03-17T15:30:00Z,476.927115076,477.93075376,475.406751526,476.087437168,4454629
2025-03-17T16:30:00Z,476.062594626,477.582958176,474.790656492,475.724736059,2879123
2025-03-17T17:30:00Z,475.764484126,478.19905321,475.426625559,477.985407352,2881421
2025-03-17T18:30:00Z,478.000312877,481.930402969,477.724063813,481.786316228,6963129
2025-03-17T19:30:00Z,481.796253244,482.780017895,481.423615119,481.789396703,5809376
2025-03-17T20:00:00Z,481.806190261,482.114237778,479.57036151,479.729353777,8501337
2025-03-17T21:00:00Z,479.699542727,479.829022054,478.695904043,479.68960571,1010256
2025-03-17T22:00:00Z,479.68960571,479.947868774,479.560424494,479.83866096,244284
2025-03-17T23:00:00Z,479.83866096,480.345448811,479.639920627,480.067212344,70818
2025-03-18T00:00:00Z,480.156645494,480.156645494,479.401432227,479.500802394,95663
2025-03-18T09:00:00Z,479.729353777,479.729353777,478.149368127,479.172880844,74181
2025-03-18T10:00:00Z,479.172880844,479.679668694,478.31829741,478.31829741,70683
2025-03-18T11:00:00Z,478.367982493,478.43754161,477.026485243,478.40773056,104746
2025-03-18T12:00:00Z,478.40773056,479.162943827,477.135792426,478.089746027,205630
2025-03-18T13:00:00Z,478.089746027,478.268612327,476.509760376,476.617875117,386706
2025-03-18T13:30:00Z,476.617875117,477.115918393,476.152027776,476.241460926,285063
2025-03-18T14:30:00Z,476.390516176,476.589256509,470.189817774,471.680370274,9204428
2025-03-18T15:30:00Z,471.670433258,472.49431131,469.434604507,470.954968057,4229638
2025-03-18T16:30:00Z,470.974842091,472.882749291,470.020888491,472.851447689,3899234
2025-03-18T17:30:00Z,472.813190175,472.962245425,470.587298441,471.67182444,3834127
2025-03-18T18:30:00Z,471.710181324,472.683412737,470.696605624,471.655527733,3834800
2025-03-18T19:30:00Z,471.630685191,473.637962558,471.402133808,471.884079116,5120296
2025-03-18T20:00:00Z,471.898984641,472.385898458,470.726416674,471.551189058,5659902
2025-03-18T21:00:00Z,471.640622208,472.455457575,471.610811158,471.670433258,1080891
2025-03-18T22:00:00Z,471.670433258,471.759866408,471.511440991,471.670433258,895892
2025-03-18T23:00:00Z,471.670433258,472.157347075,470.835723857,471.819488508,92142
2025-03-19T00:00:00Z,471.819488508,472.008291825,471.332574691,471.789677458,93908
2025-03-19T09:00:00Z,471.551189058,472.783379125,471.024527174,472.356087408,74271
2025-03-19T10:00:00Z,472.236843208,473.230544875,471.829425524,473.141111725,76668
2025-03-19T11:00:00Z,473.141111725,473.677710625,472.813190175,473.021867525,93375
2025-03-19T12:00:00Z,473.021867525,473.826765875,472.882749291,473.459096258,203852
2025-03-19T13:00:00Z,473.459096258,473.687647642,472.753568075,473.250418908,241371
2025-03-19T13:30:00Z,473.250418908,473.886387975,472.902623325,473.856576925,147742
2025-03-19T14:30:00Z,473.806891842,476.479949326,471.879110608,475.257696276,5389051
2025-03-19T15:30:00Z,475.287507326,476.061104073,473.876450958,475.864847994,3456444
2025-03-19T16:30:00Z,475.882535884,477.374280826,475.565743792,476.648878609,2881410
2025-03-19T17:30:00Z,476.629004576,476.708500709,474.194435492,474.303742675,2314212
2025-03-19T18:30:00Z,474.273931625,477.15566646,473.568403442,475.755739551,6003130
2025-03-19T19:30:00Z,475.794295176,482.273230045,475.734673076,477.836352101,10137894
2025-03-19T20:00:00Z,477.791635526,480.276883396,477.354406793,477.861194643,6901684
2025-03-19T21:00:00Z,477.801572543,478.40773056,477.503462043,477.682328343,2172859
2025-03-19T22:00:00Z,477.682328343,478.069871993,477.682328343,478.069871993,167364
2025-03-19T23:00:00Z,478.069871993,479.520676427,477.741950443,479.133132777,117259
2025-03-20T00:00:00Z,479.133132777,479.65979466,478.994014544,479.65979466,51750
2025-03-20T09:00:00Z,477.861194643,480.732992461,477.861194643,480.226204611,59201
2025-03-20T10:00:00Z,480.256015661,480.335511794,477.384217843,477.920816743,148440
2025-03-20T11:00:00Z,477.861194643,477.861194643,472.654197908,474.651538259,462306
2025-03-20T12:00:00Z,474.651538259,475.595554842,474.134813392,475.406751526,359283
2025-03-20T13:00:00Z,475.406751526,475.684987992,474.740971409,474.870152625,425557
2025-03-20T13:30:00Z,474.870152625,474.870152625,473.747269742,473.806891842,317786
2025-03-20T14:30:00Z,473.876450958,481.041039978,473.180859792,480.320606269,6958847
2025-03-20T15:30:00Z,480.295763727,481.498142744,479.252376977,479.788975877,4258411
2025-03-20T16:30:00Z,479.77903886,480.355385827,475.923476392,476.201712859,4315624
2025-03-20T17:30:00Z,476.181838826,477.672391326,475.049018926,475.049018926,3881781
2025-03-20T18:30:00Z,475.058955942,476.827744909,474.422986875,474.522357042,5199358
2025-03-20T19:30:00Z,474.492545992,476.678689659,474.234183559,475.058955942,5156189
2025-03-20T20:00:00Z,475.128515059,477.18547751,475.118578042,476.241460926,3925457
2025-03-20T21:00:00Z,476.261334959,476.956926126,476.191775843,476.509760376,1040474
2025-03-20T22:00:00Z,476.509760376,476.657523814,476.350768109,476.460075293,163017
2025-03-20T23:00:00Z,476.499823359,476.857555959,476.171901809,476.320957059,54488
2025-03-21T00:00:00Z,476.320957059,476.390516176,475.486247659,476.350768109,73744
2025-03-21T09:00:00Z,476.241460926,476.241460926,473.667773608,474.383238809,77886
2025-03-21T10:00:00Z,474.383238809,474.919837709,473.628025542,474.373301792,54692
2025-03-21T11:00:00Z,474.373301792,475.496184676,473.826765875,474.482608975,65438
2025-03-21T12:00:00Z,474.482608975,475.138452076,474.244120575,474.393175825,122876
2025-03-21T13:00:00Z,474.393175825,475.208011192,471.561126074,471.730055358,601669
2025-03-21T13:30:00Z,471.730055358,471.730055358,469.941392357,470.855597891,784346
2025-03-21T14:30:00Z,471.094086291,473.816828858,469.926486832,473.160985758,8112995
2025-03-21T15:30:00Z,473.170922775,474.760845442,471.968543758,472.505142658,5958467
2025-03-21T16:30:00Z,472.425646525,476.062594626,471.600874141,475.506121692,5416782
2025-03-21T17:30:00Z,475.516058709,476.718437726,474.651538259,474.929774725,3998096
2025-03-21T18:30:00Z,474.959585775,476.807870876,474.462734942,475.391846001,3568819
2025-03-21T19:30:00Z,475.386877492,476.498929028,474.681349309,475.347129426,3706607
2025-03-21T20:00:00Z,475.327255392,478.576659843,475.088766992,477.81150956,7535498
2025-03-21T21:00:00Z,478.099683043,478.626344927,477.592895193,478.338171443,2265389
2025-03-21T22:00:00Z,478.338171443,478.55678581,478.16924216,478.457415643,128845
2025-03-21T23:00:00Z,478.457415643,478.745589127,478.447478627,478.52697476,71799
2025-03-22T00:00:00Z,478.52697476,478.666092993,478.31829741,478.576659843,40037
2025-03-24T09:00:00Z,477.811509689,484.644147255,477.811509689,484.405303346,126412
2025-03-24T10:00:00Z,484.415255175,484.504821641,483.609156982,483.897760039,88440
2025-03-24T11:00:00Z,483.897760039,484.75361738,483.708675277,484.425207005,78571
2025-03-24T12:00:00Z,484.425207005,485.480100937,484.066941141,485.350727153,192846
2025-03-24T13:00:00Z,485.350727153,485.888125949,485.002413119,485.798559483,626049
2025-03-24T13:30:00Z,485.798559483,486.117018028,485.350727153,485.380582642,366426
2025-03-24T14:30:00Z,485.390534471,487.569985143,484.773521039,487.351841039,7177238
2025-03-24T15:30:00Z,487.390852211,488.157143086,486.863405245,487.749118075,3314707
2025-03-24T16:30:00Z,487.754093989,488.361155592,487.152008302,487.331141233,2943577
2025-03-24T17:30:00Z,487.40080404,487.888443688,486.664368654,487.341093063,2128345
2025-03-24T18:30:00Z,487.370948552,487.62969612,486.654416824,487.281382086,2510300
2025-03-24T19:30:00Z,487.291333915,488.624879075,486.843501586,488.147191257,5026407
2025-03-24T20:00:00Z,488.167094916,489.142374212,487.918299177,488.2964687,7396907
2025-03-24T21:00:00Z,488.087480279,488.366131507,487.878491859,487.888443688,2039018
2025-03-24T22:00:00Z,487.879487042,488.236757723,487.838684541,488.037721132,365392
2025-03-24T23:00:00Z,488.037721132,488.07752845,487.530177824,487.699358927,82600
2025-03-25T00:00:00Z,487.699358927,488.117335768,487.63964795,487.838684541,104753
2025-03-25T09:00:00Z,488.2964687,488.2964687,486.415572915,486.73403146,113415
2025-03-25T10:00:00Z,486.73403146,487.62969612,486.475283892,487.550081484,52293
2025-03-25T11:00:00Z,487.550081484,488.535312609,487.102249154,488.366131507,64168
2025-03-25T12:00:00Z,488.366131507,489.331458973,488.097432109,489.18218153,148112
2025-03-25T13:00:00Z,489.18218153,490.047990701,489.052807746,489.092615064,333407
2025-03-25T13:30:00Z,489.092615064,489.779291303,488.863722984,488.993096768,164846
2025-03-25T14:30:00Z,489.022952257,490.276584225,488.057624791,490.276584225,6223505
2025-03-25T15:30:00Z,490.27688278,491.242210247,489.510691423,490.754570599,3443110
2025-03-25T16:30:00Z,490.774474258,490.801244679,489.639965689,489.739483985,3199123
2025-03-25T17:30:00Z,489.739483985,490.883944383,489.004043781,489.152425559,2365775
2025-03-25T18:30:00Z,489.18218153,490.296786439,489.013000427,489.759387644,2032580
2025-03-25T19:30:00Z,489.769339473,490.237075462,489.231940678,489.858905939,2418463
2025-03-25T20:00:00Z,489.878809598,491.182499269,489.878809598,491.082980974,3852721
2025-03-25T21:00:00Z,491.082980974,491.908982826,491.023269997,491.749753554,1390151
2025-03-25T22:00:00Z,491.709946235,491.709946235,491.540765133,491.610328422,68952
2025-03-25T23:00:00Z,491.61042794,491.978645633,491.451198667,491.590524281,114917
2025-03-26T00:00:00Z,491.590524281,492.117971247,491.590524281,491.899030997,49767
2025-03-26T09:00:00Z,490.903848042,491.62037977,489.998231553,490.28683461,48981
2025-03-26T10:00:00Z,490.28683461,490.555534008,489.789243132,489.789243132,51638
2025-03-26T11:00:00Z,489.789243132,490.754570599,489.729532155,490.744618769,42047
2025-03-26T12:00:00Z,490.744618769,491.252162076,490.456015712,491.013318167,108961
2025-03-26T13:00:00Z,491.013318167,491.073029144,490.256979121,490.903848042,283726
2025-03-26T13:30:00Z,490.903848042,491.023269997,489.918616916,490.217171803,140699
2025-03-26T14:30:00Z,489.928568746,490.784426087,484.863187023,486.247287477,7219317
2025-03-26T15:30:00Z,486.246391813,487.122152813,485.569667403,485.997596074,3232863
2025-03-26T16:30:00Z,485.987644244,486.564850358,483.42007222,484.395351516,4679339
2025-03-26T17:30:00Z,484.355544198,484.654099085,482.126433897,482.32537097,3438132
2025-03-26T18:30:00Z,482.335322799,482.892625254,481.230669719,482.693588663,4000155
2025-03-26T19:30:00Z,482.643829515,482.962288061,480.494234333,480.952018492,4381411
2025-03-26T20:00:00Z,480.971922151,482.622333564,480.882355685,482.046719742,5361911
2025-03-26T21:00:00Z,482.086527061,482.245756333,481.369995333,481.569031924,964162
2025-03-26T22:00:00Z,481.569031924,481.65859839,480.563897139,480.563897139,515661
2025-03-26T23:00:00Z,480.563897139,481.667555037,479.499051378,479.837413582,406244
2025-03-27T00:00:00Z,479.847365412,481.071440447,479.698087969,480.773283633,168112
2025-03-27T09:00:00Z,481.21076606,482.116382549,479.976739196,482.076575231,188280
2025-03-27T10:00:00Z,482.076575231,482.464696584,481.708357538,482.195997186,109161
2025-03-27T11:00:00Z,482.195997186,482.76325147,481.22071789,481.22071789,109294
2025-03-27T12:00:00Z,481.22071789,481.758116685,480.195679446,481.529224606,303990
2025-03-27T13:00:00Z,481.529224606,481.897442299,480.633559946,481.021681299,630846
2025-03-27T13:30:00Z,481.021681299,481.330188015,479.747847116,480.056353832,284386
2025-03-27T14:30:00Z,480.086209321,482.355226458,477.936614138,482.355226458,8577529
2025-03-27T15:30:00Z,482.355226458,484.236022725,482.008604235,482.633877686,4164227
2025-03-27T16:30:00Z,482.653781345,483.141420993,480.364860548,481.33516393,5603343
2025-03-27T17:30:00Z,481.379947163,482.086527061,479.469195889,479.698087969,2751699
2025-03-27T18:30:00Z,479.628425162,481.549128265,479.538858696,480.822644708,2272478
2025-03-27T19:30:00Z,480.752981901,482.554263049,480.318684059,482.076575231,2885474
2025-03-27T20:00:00Z,482.09647889,482.126334379,478.802423309,479.300014787,3928766
2025-03-27T21:00:00Z,479.300014787,479.847365412,479.160689173,479.339822105,1282081
2025-03-27T22:00:00Z,479.339822105,479.528906866,479.280111128,479.379629423,357195
2025-03-27T23:00:00Z,479.379629423,479.628425162,479.051219048,479.22040015,53281
2025-03-28T00:00:00Z,479.280111128,479.280111128,478.33468732,478.593434889,96789
2025-03-28T09:00:00Z,479.300014787,479.300014787,476.12538116,477.279793388,101386
2025-03-28T10:00:00Z,477.279793388,478.155554388,477.279793388,477.379311683,43584
2025-03-28T11:00:00Z,477.478829979,478.852182457,477.478829979,478.434205616,118983
2025-03-28T12:00:00Z,478.434205616,478.593434889,477.498733638,478.364542809,114011
2025-03-28T13:00:00Z,478.364542809,478.513422179,476.34432141,476.35427324,455844
2025-03-28T13:30:00Z,476.35427324,478.713852026,476.085573842,477.349456195,437034
2025-03-28T14:30:00Z,477.498733638,478.205313536,470.731489544,470.933014092,10781116
2025-03-28T15:30:00Z,470.950429794,471.457973101,468.965039799,470.084620623,7474409
2025-03-28T16:30:00Z,470.044813305,470.796275954,467.308060179,467.686229702,4015205
2025-03-28T17:30:00Z,467.676277872,468.4325174,466.232366923,466.531817474,5306349
2025-03-28T18:30:00Z,466.511913815,468.134062032,466.233262587,467.099071758,4013876
2025-03-28T19:30:00Z,467.084144014,467.775796168,466.362636372,466.700998576,3976290
2025-03-28T20:00:00Z,466.700998576,467.248349202,465.795382087,466.681094917,7257132
2025-03-28T21:00:00Z,466.740805895,466.760709554,464.441933268,464.451885098,1778001
2025-03-28T22:00:00Z,464.451885098,464.959428405,464.451885098,464.959428405,429206
2025-03-28T23:00:00Z,464.959428405,465.248031462,464.800199132,464.919621087,53000
2025-03-29T00:00:00Z,464.919621087,464.949476576,464.501644246,464.650921689,48673
2025-03-31T09:00:00Z,466.681094917,466.681094917,460.590575233,460.610478892,222724
2025-03-31T10:00:00Z,460.610478892,461.346914278,459.675006914,460.411442301,135219
2025-03-31T11:00:00Z,460.411442301,461.247395983,460.102935585,460.829419142,219233
2025-03-31T12:00:00Z,460.829419142,461.078214881,458.490739198,459.864091675,467165
2025-03-31T13:00:00Z,459.864091675,461.018503903,459.296837391,460.978696585,608170
2025-03-31T13:30:00Z,460.978696585,461.336962449,459.555584959,459.724766062,318987
2025-03-31T14:30:00Z,459.694910573,460.292020346,455.12702081,457.132314464,13041518
2025-03-31T15:30:00Z,457.137290379,461.286009082,457.127338549,460.222357539,6910605
2025-03-31T16:30:00Z,460.152694732,462.590892972,459.635299114,462.570989313,5463784
2025-03-31T17:30:00Z,462.580941143,463.098436279,460.749804505,461.600685932,2725971
2025-03-31T18:30:00Z,461.625565506,464.680777178,460.721242755,464.650921689,4645139
2025-03-31T19:30:00Z,464.650921689,466.283021735,464.063763746,464.541451564,6675318
2025-03-31T20:00:00Z,464.531499734,467.596663236,464.223988201,466.661191258,8686078
2025-03-31T21:00:00Z,466.691046747,466.710950406,465.28783878,465.73567111,2355043
2025-03-31T22:00:00Z,465.73567111,465.845141235,465.557135288,465.815285746,255225
2025-03-31T23:00:00Z,465.815285746,465.815285746,463.686589406,464.84995828,215901
2025-04-01T00:00:00Z,464.84995828,465.595350313,464.005047951,464.40212595,91413
2025-04-01T09:00:00Z,464.690729007,467.73598885,464.690729007,467.099071758,146839
2025-04-01T10:00:00Z,467.099071758,468.124110202,466.939842486,467.576759577,119187
2025-04-01T11:00:00Z,467.576759577,467.616566895,464.133426552,465.596345496,321220
2025-04-01T12:00:00Z,465.596345496,465.705815621,463.436798484,464.481740587,365290
2025-04-01T13:00:00Z,464.481740587,465.337597928,464.033908257,465.07885036,407671
2025-04-01T13:30:00Z,465.07885036,465.74562294,464.889765598,465.048994871,264958
2025-04-01T14:30:00Z,465.048994871,467.019457122,462.182867961,463.924438132,9004064
2025-04-01T15:30:00Z,463.904534473,470.38317551,463.765208859,469.437055074,6268283
2025-04-01T16:30:00Z,469.502438595,471.348502976,468.651557168,469.218811452,4779246
2025-04-01T17:30:00Z,469.328281578,470.184138919,467.825555315,468.472424236,4713077
2025-04-01T18:30:00Z,468.472424236,469.596980975,465.118657678,465.546586349,4356691
2025-04-01T19:30:00Z,465.50677903,467.933831221,465.188320485,467.27820469,3685821
2025-04-01T20:00:00Z,467.27820469,470.890718817,467.019457122,470.422982828,4762797
2025-04-01T21:00:00Z,470.363271851,470.940477965,469.676595612,470.223946237,1439346
2025-04-01T22:00:00Z,470.223946237,470.482693805,470.074668794,470.472741976,220717
2025-04-01T23:00:00Z,470.472741976,472.502915204,470.174187089,471.298743828,171899
2025-04-02T00:00:00Z,471.298743828,471.806287135,471.03999626,471.348502976,129648
2025-04-02T09:00:00Z,468.731171805,469.48751085,467.935025441,468.641605339,74266
2025-04-02T10:00:00Z,468.641605339,469.039678521,468.313194963,468.313194963,42917
2025-04-02T11:00:00Z,468.313194963,468.432616918,466.880131508,467.327963838,138789
2025-04-02T12:00:00Z,467.327963838,467.487193111,466.17355161,466.302925394,210253
2025-04-02T13:00:00Z,466.302925394,466.322829053,464.232944848,465.267935121,795518
2025-04-02T13:30:00Z,465.267935121,465.267935121,463.675642393,464.063763746,293361
2025-04-02T14:30:00Z,463.874678984,470.83100784,463.615931416,470.263753555,7079452
2025-04-02T15:30:00Z,470.253801726,473.040314,469.398143421,472.612385329,5178800
2025-04-02T16:30:00Z,472.562626181,474.334051841,470.59216393,474.284292693,4786518
2025-04-02T17:30:00Z,474.3539555,477.249937899,473.577712795,475.876585421,4714938
2025-04-02T18:30:00Z,475.846729933,475.946248228,470.588183199,470.588183199,4423693
2025-04-02T19:30:00Z,470.59216393,473.050265829,470.403079169,472.512867034,4246193
2025-04-02T20:00:00Z,472.532770693,474.951065273,471.915757261,473.856364023,4948896
2025-04-02T21:00:00Z,473.826508534,480.882355685,457.7841593,459.296837391,8315286
2025-04-02T22:00:00Z,459.296837391,460.729900846,455.79379339,456.022685469,2273032
2025-04-02T23:00:00Z,456.022685469,456.788976345,451.673735956,454.559766525,1757626
2025-04-03T00:00:00Z,454.559766525,454.559766525,452.350460365,453.007281116,615153
2025-04-03T09:00:00Z,473.856364023,473.856364023,457.893629425,459.734717891,279401
2025-04-03T10:00:00Z,459.734717891,460.242261198,456.550132435,456.818831833,220863
2025-04-03T11:00:00Z,456.818831833,457.077579401,454.838417753,455.853504367,315068
2025-04-03T12:00:00Z,455.853504367,456.89844647,455.067309832,455.833600708,643730
2025-04-03T13:00:00Z,455.833600708,457.475652583,452.360412195,452.440026831,1327560
2025-04-03T13:30:00Z,452.440026831,454.350778105,452.002146331,454.121886025,656796
2025-04-03T14:30:00Z,454.24130798,457.853822106,452.629111593,454.201500662,16780706
2025-04-03T15:30:00Z,454.191548832,454.828465923,449.385611306,451.81306157,10414164
2025-04-03T16:30:00Z,451.80310974,455.734082412,451.693639615,455.365864719,8697563
2025-04-03T17:30:00Z,455.405672037,455.778865645,451.837941143,452.280797558,6187744
2025-04-03T18:30:00Z,452.24099024,453.644198207,450.333324034,450.768119467,4486893
2025-04-03T19:30:00Z,450.758167637,452.758485377,449.265393205,449.514188943,7103513
2025-04-03T20:00:00Z,449.524140773,450.316704478,447.971655363,448.4891505,10486446
2025-04-03T21:00:00Z,448.558813307,449.016597466,446.876954113,447.693004136,1679616
2025-04-03T22:00:00Z,447.693004136,448.409535863,447.59348584,448.329921227,789417
2025-04-03T23:00:00Z,448.329921227,448.787705386,446.429121783,447.663148647,289062
2025-04-04T00:00:00Z,447.663148647,448.618524284,446.976472408,447.82237792,212129
2025-04-04T09:00:00Z,448.4891505,448.4891505,445.931530305,446.379362635,185996
2025-04-04T10:00:00Z,446.379362635,446.538591908,444.797021737,445.991241283,207262
2025-04-04T11:00:00Z,445.991241283,446.548543738,433.133477504,434.267986073,1975475
2025-04-04T12:00:00Z,434.267986073,436.09912271,428.157562729,435.352735494,2496770
2025-04-04T13:00:00Z,435.352735494,438.577128268,433.063814697,437.42271604,2896700
2025-04-04T13:30:00Z,437.42271604,438.875683155,435.332831835,435.999604415,951581
2025-04-04T14:30:00Z,436.029459903,438.248717893,430.227543276,430.307157912,22143586
2025-04-04T15:30:00Z,430.287254253,435.810519653,424.047457125,430.914219515,23377856
2025-04-04T16:30:00Z,430.944075003,432.765259811,426.017919376,426.654836467,9510526
2025-04-04T17:30:00Z,426.624980978,428.565587741,423.201551613,425.545207472,10705354
2025-04-04T18:30:00Z,425.49047241,430.247446935,423.908131511,424.196734568,9403723
2025-04-04T19:30:00Z,424.306204693,427.182283433,421.539596078,426.216955967,12506582
2025-04-04T20:00:00Z,426.207004137,429.262215809,420.633979589,420.633979589,14802985
2025-04-04T21:00:00Z,421.181330215,422.146657681,417.668334383,420.136388112,5438423
2025-04-04T22:00:00Z,420.136388112,421.609258885,420.075084842,420.813112521,358330
2025-04-04T23:00:00Z,420.813112521,420.892727158,420.066725305,420.262776347,104111
2025-04-05T00:00:00Z,420.262776347,420.365280192,419.237140794,420.166243601,195309
2025-04-07T09:00:00Z,420.633979589,420.633979589,398.073182,404.721004139,970985
2025-04-07T10:00:00Z,404.721004139,407.288576163,402.412179683,405.676379776,609741
2025-04-07T11:00:00Z,405.676379776,415.060955041,405.029510855,411.179741517,921417
2025-04-07T12:00:00Z,411.179741517,413.98615745,408.522603027,409.905907334,1157058
2025-04-07T13:00:00Z,409.905907334,413.886639154,407.417949947,412.503334847,4805440
2025-04-07T13:30:00Z,412.503334847,412.503334847,405.825657219,405.875416367,1867528
2025-04-07T14:30:00Z,406.69146639,441.005374678,400.451669262,417.07122461,53920360
2025-04-07T15:30:00Z,417.150839247,427.560452956,412.065454347,413.111590669,32944779
2025-04-07T16:30:00Z,413.10044462,421.95757292,413.10044462,418.076359395,14745411
2025-04-07T17:30:00Z,418.066407565,423.94793883,413.568180609,423.689191261,12698321
2025-04-07T18:30:00Z,423.649383943,428.087899922,420.683738737,422.843285749,12150316
2025-04-07T19:30:00Z,422.853237579,426.583481849,418.121142628,418.733180145,10319468
2025-04-07T20:00:00Z,418.723228316,424.206686398,418.563999043,421.649066203,9555071
2025-04-07T21:00:00Z,421.868006454,426.555318172,421.479885101,423.71904675,3813425
2025-04-07T22:00:00Z,423.71904675,424.793844341,423.301069909,424.644566898,388805
2025-04-07T23:00:00Z,424.644566898,426.515510853,423.957890659,426.515510853,305277
2025-04-08T00:00:00Z,426.515510853,427.152427945,425.878593762,426.794162081,390799
2025-04-08T09:00:00Z,421.649066203,429.91903656,421.649066203,428.227225536,371651
2025-04-08T10:00:00Z,428.227225536,428.336695661,425.848738274,425.848738274,251308
2025-04-08T11:00:00Z,425.848738274,428.1476109,425.26158033,427.232042581,220138
2025-04-08T12:00:00Z,427.232042581,432.954344572,426.80411391,432.78516347,1089439
2025-04-08T13:00:00Z,432.78516347,433.89976838,430.715182924,432.088535401,1582093
2025-04-08T13:30:00Z,432.088535401,436.407629426,431.710365879,436.298159301,1708525
2025-04-08T14:30:00Z,436.049363562,441.003782385,433.959479357,439.258828592,20714442
2025-04-08T15:30:00Z,439.263804507,440.388361246,431.969113447,431.998968935,11775651
2025-04-08T16:30:00Z,432.063655828,435.701049528,428.625298718,430.496242673,8411435
2025-04-08T17:30:00Z,430.486290844,431.133159765,420.474750317,420.653883248,14001462
2025-04-08T18:30:00Z,420.554364953,426.714547444,420.166243601,420.648907334,8468429
2025-04-08T19:30:00Z,420.663835078,425.371050455,411.737043972,414.933273068,12135782
2025-04-08T20:00:00Z,414.941533087,414.961536264,407.816023129,414.055820257,12763936
2025-04-08T21:00:00Z,414.21504953,416.344741053,411.896273244,413.99610928,5390056
2025-04-08T22:00:00Z,413.99610928,414.851966621,413.498517802,414.42403795,819715
2025-04-08T23:00:00Z,414.42403795,414.43398978,408.02501155,409.9954738,947930
2025-04-09T00:00:00Z,409.9954738,409.9954738,405.566909651,408.204144481,606900
2025-04-09T09:00:00Z,414.055820257,418.504288066,411.677332994,417.09112827,622748
2025-04-09T10:00:00Z,417.09112827,418.026600247,413.99610928,414.971388575,357633
2025-04-09T11:00:00Z,414.971388575,417.449394133,411.76689946,414.43398978,783368
2025-04-09T12:00:00Z,414.43398978,414.812159303,405.427584037,407.676697515,2007998
2025-04-09T13:00:00Z,407.676697515,413.777169029,406.183923083,411.597718358,2285954
2025-04-09T13:30:00Z,411.597718358,415.727727621,411.508151892,413.687602563,1222418
2025-04-09T14:30:00Z,413.568180609,422.893044897,413.428854995,419.250675282,17022787
2025-04-09T15:30:00Z,419.280530771,421.818247306,413.598036098,418.026600247,8942452
2025-04-09T16:30:00Z,418.036552077,420.604124101,414.839427316,419.439760043,6926893
2025-04-09T17:30:00Z,419.424832299,451.325421922,418.474432577,442.08017227,22553476
2025-04-09T18:30:00Z,442.090124099,459.106856965,441.393496031,457.316423311,31959852
2025-04-09T19:30:00Z,457.32637514,461.24699791,449.553996262,459.913850823,20297147
2025-04-09T20:00:00Z,459.844188016,465.576441837,459.187367266,463.75525703,20608054
2025-04-09T21:00:00Z,462.879496029,465.058946701,461.944024051,465.052677048,4720404
2025-04-09T22:00:00Z,465.052677048,466.153647951,462.153012472,462.332145404,1601617
2025-04-09T23:00:00Z,462.332145404,464.680777178,462.133108813,464.501644246,722369
2025-04-10T00:00:00Z,464.511596075,465.447068053,463.247713722,463.814968007,246689
2025-04-10T09:00:00Z,463.75525703,463.75525703,449.534092603,451.215951797,1010200
2025-04-10T10:00:00Z,451.215951797,454.131837855,450.658649342,452.858003672,292178
2025-04-10T11:00:00Z,452.858003672,456.44066231,452.858003672,453.455113445,440775
2025-04-10T12:00:00Z,453.455113445,455.425575696,453.385450638,454.818514094,507643
2025-04-10T13:00:00Z,454.818514094,456.788976345,450.061539569,452.310653047,1780140
2025-04-10T13:30:00Z,452.310653047,454.101982366,451.126385331,451.126385331,782247
2025-04-10T14:30:00Z,451.375181069,453.395402468,446.110663237,447.971655363,16649244
2025-04-10T15:30:00Z,447.991559022,451.733446933,443.702320486,443.717248231,10947874
2025-04-10T16:30:00Z,443.732175975,444.269574771,430.546001821,432.805067129,21092765
2025-04-10T17:30:00Z,432.735404322,444.418852214,432.436849436,439.338443229,15500417
2025-04-10T18:30:00Z,439.243900848,447.683052306,438.407947166,447.294930954,12244019
2025-04-10T19:30:00Z,447.299906869,448.648379773,441.662195429,441.672147258,12181221
2025-04-10T20:00:00Z,441.751761894,445.762349203,438.258669722,444.030730861,11334641
2025-04-10T21:00:00Z,444.030730861,446.160422385,442.856414975,444.578081487,2944405
2025-04-10T22:00:00Z,444.578081487,444.677599782,443.503283895,443.503283895,339419
2025-04-10T23:00:00Z,443.503283895,446.826199782,443.503283895,445.105528453,192417
2025-04-11T00:00:00Z,445.105528453,445.294613214,440.179372826,441.055133826,258326
2025-04-11T09:00:00Z,444.030730861,447.364593761,440.268939292,442.259305202,474640
2025-04-11T10:00:00Z,442.259305202,448.180643784,441.363640542,448.061221829,250502
2025-04-11T11:00:00Z,448.061221829,449.434574307,446.518688249,447.792522431,240236
2025-04-11T12:00:00Z,447.792522431,448.329921227,443.752079634,446.160422385,384824
2025-04-11T13:00:00Z,446.160422385,448.613548369,444.100393668,444.478563191,1209633
2025-04-11T13:30:00Z,444.478563191,445.583216271,441.204411269,443.324150963,700252
2025-04-11T14:30:00Z,442.50810094,448.209504089,439.20409353,439.960432575,11444892
2025-04-11T15:30:00Z,440.040047212,446.458081607,439.214045359,442.617571065,5995077
2025-04-11T16:30:00Z,442.587715577,447.941799875,441.980653974,446.235061107,4315709
2025-04-11T17:30:00Z,446.259940681,451.524458513,446.259940681,448.05127,5999051
2025-04-11T18:30:00Z,448.081125488,453.594439059,446.876954113,450.91739691,7762737
2025-04-11T19:30:00Z,450.897493251,453.375100736,449.82269566,452.45993049,4568321
2025-04-11T20:00:00Z,452.45993049,453.156558559,451.235855456,452.211134752,7364180
2025-04-11T21:00:00Z,452.02204999,452.768437206,451.464747535,452.300701217,1326220
2025-04-11T22:00:00Z,452.300701217,452.300701217,451.827591241,451.831970046,379392
2025-04-11T23:00:00Z,451.831970046,451.832965229,451.325421922,451.325421922,35356
2025-04-12T00:00:00Z,451.325421922,451.952287665,451.325421922,451.932483524,38365
2025-04-14T09:00:00Z,460.43134596,461.008552074,458.998282505,459.565536789,274674
2025-04-14T10:00:00Z,459.565536789,460.112887414,457.286567822,458.2220398,157487
2025-04-14T11:00:00Z,458.321558095,459.167463607,457.7841593,459.137608118,107111
2025-04-14T12:00:00Z,459.137608118,460.85927463,458.381269073,458.460883709,523743
2025-04-14T13:00:00Z,458.460883709,461.356866108,458.281750777,461.137925858,646291
2025-04-14T13:30:00Z,461.137925858,462.819785052,460.86922646,462.262482597,643977
2025-04-14T14:30:00Z,462.222675279,462.809833222,456.42254998,459.943706312,9297028
2025-04-14T15:30:00Z,459.98351363,461.31705879,455.326057401,455.395720208,5883384
2025-04-14T16:30:00Z,455.425575696,456.510325117,450.449660921,452.280797558,6890603
2025-04-14T17:30:00Z,452.275821644,454.813339142,451.305518262,453.455113445,4146156
2025-04-14T18:30:00Z,453.445161616,456.808880004,452.549496956,456.644077706,3779333
2025-04-14T19:30:00Z,456.589939754,458.918667868,456.390903163,457.624830508,3979079
2025-04-14T20:00:00Z,457.595074538,458.530546516,454.728947628,455.276298253,4832360
2025-04-14T21:00:00Z,455.266346423,455.674371435,451.693639615,454.370681764,2197289
2025-04-14T22:00:00Z,454.370681764,454.420241875,453.80342748,454.220807211,454373
2025-04-14T23:00:00Z,454.141789684,454.400537253,452.181279263,452.270746211,100435
2025-04-15T00:00:00Z,452.270746211,453.733764673,452.211134752,453.075252111,159750
2025-04-15T09:00:00Z,455.276298253,457.435845265,455.276298253,456.749169026,126688
2025-04-15T10:00:00Z,456.589939754,457.316423311,455.853504367,456.281433037,66929
2025-04-15T11:00:00Z,456.281433037,456.88849464,455.56490131,456.281433037,80839
2025-04-15T12:00:00Z,456.281433037,456.44066231,453.634246377,454.0124159,220869
2025-04-15T13:00:00Z,454.0124159,455.286250082,452.778389036,455.156876298,497694
2025-04-15T13:30:00Z,455.156876298,456.341144015,455.156876298,456.331192185,233339
2025-04-15T14:30:00Z,456.331192185,460.152694732,454.947887878,455.883359855,9008322
2025-04-15T15:30:00Z,455.962974492,459.008234334,455.933119003,457.027820254,4589704
2025-04-15T16:30:00Z,457.047723913,458.875775483,456.361047674,458.341461754,4205890
2025-04-15T17:30:00Z,458.371317243,458.6996281,454.529911037,454.90808056,3669379
2025-04-15T18:30:00Z,454.86837276,456.460565969,453.952704923,454.768754946,3522830
2025-04-15T19:30:00Z,454.718995798,456.719313538,454.709043969,455.833600708,3139536
2025-04-15T20:00:00Z,455.823648878,456.400854992,454.868273241,455.78384156,3689977
2025-04-15T21:00:00Z,455.813697049,456.171962912,455.087213491,455.127120328,1290356
2025-04-15T22:00:00Z,455.127120328,455.843552537,451.074834853,451.405036558,566540
2025-04-15T23:00:00Z,451.703591444,451.823013399,449.59380358,450.598938364,436128
2025-04-16T00:00:00Z,450.598938364,450.90744508,449.404718818,450.131202376,187914
2025-04-16T09:00:00Z,455.78384156,455.78384156,445.155287601,449.842599319,409578
2025-04-16T10:00:00Z,449.842599319,451.056722524,449.046452955,449.046452955,185754
2025-04-16T11:00:00Z,449.066356614,450.200865182,448.887223682,449.335056012,131036
2025-04-16T12:00:00Z,449.335056012,450.121250546,448.459295011,449.454477966,211738
2025-04-16T13:00:00Z,449.454477966,449.882406637,447.941799875,448.05127,425634
2025-04-16T13:30:00Z,448.05127,448.27021025,446.588351056,446.797339476,359098
2025-04-16T14:30:00Z,446.867002283,449.106163932,445.065721135,447.693004136,7530798
2025-04-16T15:30:00Z,447.653196818,450.439709092,447.036183386,449.81274383,4113021
2025-04-16T16:30:00Z,449.832647489,449.892358466,446.070855919,447.006327897,3277662
2025-04-16T17:30:00Z,446.981448323,447.633293159,445.513553464,447.016279726,2829856
2025-04-16T18:30:00Z,447.036183386,447.095894363,439.711636837,441.269098161,8953178
2025-04-16T19:30:00Z,441.214363099,441.453207008,435.65129038,436.059315392,7728833
2025-04-16T20:00:00Z,436.069267221,442.388678986,436.069267221,442.040364951,9848675
2025-04-16T21:00:00Z,442.110027758,443.334102793,440.96556736,441.62238811,2448521
2025-04-16T22:00:00Z,441.62238811,442.657378384,441.363640542,442.308367721,265968
2025-04-16T23:00:00Z,442.308367721,442.95593327,441.761713724,442.597667406,134913
2025-04-17T00:00:00Z,442.627522895,442.935233465,441.204411269,442.398630815,132132
2025-04-17T09:00:00Z,442.040364951,447.911944386,442.040364951,445.891722987,94388
2025-04-17T10:00:00Z,445.991241283,447.225268147,445.672782737,446.94661692,75320
2025-04-17T11:00:00Z,446.93666509,446.986424238,445.025913816,445.314516873,138585
2025-04-17T12:00:00Z,445.314516873,445.742445544,444.030730861,445.344372362,236353
2025-04-17T13:00:00Z,445.344372362,447.971655363,445.304565044,445.792204692,774996
2025-04-17T13:30:00Z,445.792204692,446.090759578,444.329285748,445.045817476,450217
2025-04-17T14:30:00Z,445.015961987,445.214998578,440.567494178,440.668306211,7817674
2025-04-17T15:30:00Z,440.657060644,443.602802191,439.233949018,441.106186712,8636095
2025-04-17T16:30:00Z,441.154652121,444.170056475,440.587397837,443.672464998,5830578
2025-04-17T17:30:00Z,443.672464998,444.474980533,441.811472872,441.816448787,3071700
2025-04-17T18:30:00Z,441.86123202,445.593168101,441.846702348,444.50782157,4110490
2025-04-17T19:30:00Z,444.528322339,445.443890658,441.343736883,441.930894826,6027503
2025-04-17T20:00:00Z,441.950798485,443.224632668,440.866049065,441.960750315,4989597
2025-04-17T21:00:00Z,441.930894826,443.762031464,441.721906406,443.154969861,2634774
2025-04-17T22:00:00Z,442.879304182,443.154969861,442.657378384,442.826559486,227294
2025-04-17T23:00:00Z,442.826559486,442.985788759,442.557860088,442.73699302,38160
2025-04-18T00:00:00Z,442.73699302,443.553043043,442.73699302,443.493332066,43362
2025-04-21T09:00:00Z,441.960750315,441.960750315,436.566858699,437.283390427,127581
2025-04-21T10:00:00Z,437.283390427,437.363005063,436.268303812,437.173920301,77613
2025-04-21T11:00:00Z,437.173920301,437.522234336,436.517099551,437.522234336,62084
2025-04-21T12:00:00Z,437.522234336,438.179055086,434.924806823,435.551772085,288277
2025-04-21T13:00:00Z,435.551772085,436.517099551,435.183554391,435.959797096,277856
2025-04-21T13:30:00Z,435.959797096,436.228496494,435.203458051,436.138930028,182778
2025-04-21T14:30:00Z,436.119026369,436.964931881,430.56590548,431.23267806,7303422
2025-04-21T15:30:00Z,431.202822571,432.735404322,429.590626184,429.849373753,5563400
2025-04-21T16:30:00Z,429.869277412,430.12802498,427.92867065,428.605693614,3815993
2025-04-21T17:30:00Z,428.565587741,430.058362173,426.634932808,427.04295782,5208006
2025-04-21T18:30:00Z,426.984739617,427.630115763,425.888545592,427.132524286,3411892
2025-04-21T19:30:00Z,427.127548371,428.535732252,425.868641933,427.689130112,5820734
2025-04-21T20:00:00Z,427.69977857,431.90940247,427.679874911,431.02368964,9563762
2025-04-21T21:00:00Z,431.133159765,431.322244526,430.426579867,430.834604878,2273100
2025-04-21T22:00:00Z,430.834604878,431.151869204,430.834604878,431.01373781,323306
2025-04-21T23:00:00Z,431.01373781,431.282437208,429.819518264,430.456435355,112752
2025-04-22T00:00:00Z,430.456435355,433.123525675,430.456435355,433.00410372,226872
2025-04-22T09:00:00Z,434.616300107,436.079219051,434.457070834,435.711001358,120589
2025-04-22T10:00:00Z,435.711001358,436.009556244,435.00442146,435.352735494,51746
2025-04-22T11:00:00Z,435.352735494,435.591579403,434.795433039,435.382590982,56125
2025-04-22T12:00:00Z,435.382590982,435.492061108,434.198323266,434.457070834,166111
2025-04-22T13:00:00Z,434.457070834,436.387725767,434.208275096,436.387725767,414117
2025-04-22T13:30:00Z,436.387725767,436.885317245,435.979700755,436.855461756,278890
2025-04-22T14:30:00Z,436.706184313,440.438120394,435.511964767,439.811155132,8374341
2025-04-22T15:30:00Z,439.791251473,442.328968008,438.97520145,441.512917985,6801747
2025-04-22T16:30:00Z,441.522869815,445.423986998,439.990089028,444.966202839,6904928
2025-04-22T17:30:00Z,445.025913816,445.244854067,439.024960598,439.293659996,6539201
2025-04-22T18:30:00Z,439.313563655,441.692050917,438.169103256,441.40344786,7142309
2025-04-22T19:30:00Z,441.433303349,442.687233872,439.42303378,439.656901774,6130106
2025-04-22T20:00:00Z,439.651925859,442.846463145,438.885634984,442.338919838,6147961
2025-04-22T21:00:00Z,442.279208861,443.791886952,441.41339969,441.652343117,1132448
2025-04-22T22:00:00Z,441.652343117,452.002146331,441.652343117,450.439709092,1669079
2025-04-22T23:00:00Z,450.439709092,451.653832297,448.638427943,451.514506683,853857
2025-04-23T00:00:00Z,451.514506683,452.46988232,450.698556178,451.494603024,397135
2025-04-23T09:00:00Z,451.026867035,453.693957354,450.817878615,453.027184775,305017
2025-04-23T10:00:00Z,453.027184775,453.56458357,452.768437206,453.475017104,120123
2025-04-23T11:00:00Z,453.475017104,455.495238503,453.385450638,455.286250082,400678
2025-04-23T12:00:00Z,455.286250082,455.863456196,453.892993945,453.892993945,642075
2025-04-23T13:00:00Z,453.892993945,456.540180606,453.813379309,456.390903163,930454
2025-04-23T13:30:00Z,456.390903163,456.490421458,454.609525673,456.01273364,577679
2025-04-23T14:30:00Z,455.962974492,460.351731323,455.23151502,459.615295937,15609483
2025-04-23T15:30:00Z,459.595392278,461.147877687,454.330874446,455.12702081,7353959
2025-04-23T16:30:00Z,455.136972639,456.092348276,451.126385331,453.275980513,6496482
2025-04-23T17:30:00Z,453.251100939,456.370999503,452.867955502,455.256394594,4833454
2025-04-23T18:30:00Z,455.296201912,456.20132081,453.536121338,454.171645173,4191348
2025-04-23T19:30:00Z,454.23135615,455.196683617,451.345325581,451.823013399,4568808
2025-04-23T20:00:00Z,451.862820717,453.80342748,450.69845666,452.370364024,7146891
2025-04-23T21:00:00Z,452.121568286,455.435527526,451.852868888,453.634246377,1955898
2025-04-23T22:00:00Z,453.634246377,454.062175048,452.360412195,453.096847581,558250
2025-04-23T23:00:00Z,453.096847581,453.216269536,451.016915206,452.937618309,243179
2025-04-24T00:00:00Z,452.937618309,453.753668332,452.569400615,453.435209786,101164
2025-04-24T09:00:00Z,452.370364024,452.370364024,447.553678522,448.310017568,189635
2025-04-24T10:00:00Z,448.439391352,449.882406637,448.379680375,449.882406637,104468
2025-04-24T11:00:00Z,449.882406637,453.275980513,449.882406637,452.887859161,255860
2025-04-24T12:00:00Z,452.887859161,452.987377456,450.817878615,451.653832297,381854
2025-04-24T13:00:00Z,451.653832297,454.032319559,451.653832297,453.763620161,678060
2025-04-24T13:30:00Z,453.763620161,454.320922616,453.116751241,454.201500662,249617
2025-04-24T14:30:00Z,454.281115298,460.670189869,453.634246377,460.620430721,9837673
2025-04-24T15:30:00Z,460.610478892,462.271538762,459.356548368,460.749804505,6601857
2025-04-24T16:30:00Z,460.849322801,463.138243597,460.215988368,462.675483523,4752031
2025-04-24T17:30:00Z,462.695387182,463.934389961,462.162964302,463.287521041,4009789
2025-04-24T18:30:00Z,463.317376529,464.302607655,462.541133824,464.053811916,3765664
2025-04-24T19:30:00Z,464.073715575,465.088802189,462.541133824,463.018821643,5462734
2025-04-24T20:00:00Z,463.028773472,465.407260735,462.919303347,465.098754019,6219569
2025-04-24T21:00:00Z,464.969380235,467.099071758,464.740488155,465.73567111,2270046
2025-04-24T22:00:00Z,465.73567111,467.73598885,465.646104644,467.616566895,727547
2025-04-24T23:00:00Z,467.606615065,467.606615065,465.944659531,467.148830906,340403
2025-04-25T00:00:00Z,467.068420123,467.835507145,466.880131508,467.318012008,121661
2025-04-25T09:00:00Z,465.098754019,468.283339475,465.098754019,467.109023588,129644
2025-04-25T10:00:00Z,467.109023588,467.158782736,465.795382087,467.049312611,120784
2025-04-25T11:00:00Z,467.049312611,467.437433963,462.740170415,463.028773472,350840
2025-04-25T12:00:00Z,463.028773472,465.178368655,462.988966154,463.655738734,345949
2025-04-25T13:00:00Z,463.655738734,464.561355223,463.118339938,463.406942995,769746
2025-04-25T13:30:00Z,463.406942995,464.979332064,462.730218586,464.979332064,504964
2025-04-25T14:30:00Z,464.720584496,467.228445542,463.148195427,463.97419728,8453636
2025-04-25T15:30:00Z,464.038884172,466.939842486,463.148195427,465.894900383,3470045
2025-04-25T16:30:00Z,465.855093065,467.805651656,464.969579271,467.666326043,4018812
2025-04-25T17:30:00Z,467.676277872,470.81110418,467.407578474,470.651874908,4959878
2025-04-25T18:30:00Z,470.651874908,470.701634055,466.477281448,469.183980049,5790293
2025-04-25T19:30:00Z,469.208859623,470.169410211,468.979967543,469.16407639,3821835
2025-04-25T20:00:00Z,469.099389498,470.612067589,468.223628497,470.283657214,4679143
2025-04-25T21:00:00Z,470.243849896,471.607250544,470.16423526,470.721537715,1320347
2025-04-25T22:00:00Z,470.721537715,470.970333453,470.572260271,470.701634055,195163
2025-04-25T23:00:00Z,470.701634055,470.701634055,470.223946237,470.422982828,33491
2025-04-26T00:00:00Z,470.422982828,470.840959669,470.172097205,470.715566617,45995
2025-04-28T09:00:00Z,470.283657214,470.283657214,467.73598885,469.606932805,110434
2025-04-28T10:00:00Z,469.606932805,470.532452953,469.248666941,470.014957816,98877
2025-04-28T11:00:00Z,470.014957816,470.074668794,468.8306901,469.019774861,69950
2025-04-28T12:00:00Z,469.019774861,470.343368192,468.770979123,469.925391351,190977
2025-04-28T13:00:00Z,469.925391351,470.731489544,468.860545589,470.482693805,385495
2025-04-28T13:30:00Z,470.482693805,471.219129192,470.38317551,470.731489544,292014
2025-04-28T14:30:00Z,470.751393203,472.520828497,467.994736418,469.308377918,8347547
2025-04-28T15:30:00Z,469.338233407,470.512549294,465.029091212,465.198272314,5193669
2025-04-28T16:30:00Z,465.202253046,466.900035167,463.959767127,464.302607655,4310481
2025-04-28T17:30:00Z,464.372270462,466.123792462,463.785112518,464.153330212,3277125
2025-04-28T18:30:00Z,464.173233871,467.626518724,463.904534473,467.347867497,2757588
2025-04-28T19:30:00Z,467.327963838,469.93534318,466.870179679,469.756210248,3357308
2025-04-28T20:00:00Z,469.746258419,471.452997186,469.427799873,470.134379771,3645321
2025-04-28T21:00:00Z,470.144331601,470.204042578,469.04963035,469.179004134,960859
2025-04-28T22:00:00Z,469.179004134,469.427799873,469.079485839,469.208859623,381764
2025-04-28T23:00:00Z,469.208859623,469.328281578,468.591846191,469.248666941,112072
2025-04-29T00:00:00Z,469.248666941,470.323464533,469.090631888,470.205236797,95760
2025-04-29T09:00:00Z,472.224263977,472.293926783,470.60211576,471.657009692,91512
2025-04-29T10:00:00Z,471.657009692,471.70676884,470.950429794,471.179321874,32551
2025-04-29T11:00:00Z,471.179321874,471.537587738,468.432616918,469.577077316,166143
2025-04-29T12:00:00Z,469.606932805,470.333416362,469.387992555,469.567125487,142017
2025-04-29T13:00:00Z,469.567125487,470.502597464,468.333098623,468.472424236,463975
2025-04-29T13:30:00Z,468.452520577,468.452520577,466.750757724,467.9549291,495480
2025-04-29T14:30:00Z,467.905169952,472.062049155,467.327963838,469.527318169,5818829
2025-04-29T15:30:00Z,469.557173657,472.333734102,469.447305459,470.910622476,3895160
2025-04-29T16:30:00Z,470.910622476,472.174504829,469.646740123,471.248984681,2534556
2025-04-29T17:30:00Z,471.209177362,471.666961522,468.940160225,471.03999626,3618666
2025-04-29T18:30:00Z,471.030044431,474.075304273,470.920574306,473.776749386,4840044
2025-04-29T19:30:00Z,473.826508534,474.129342707,472.791518261,473.209495102,3072960
2025-04-29T20:00:00Z,473.229398761,474.005641466,472.393445079,473.239350591,3163001
2025-04-29T21:00:00Z,473.129880466,473.617918187,471.269883523,472.323782272,1811004
2025-04-29T22:00:00Z,472.323782272,472.323782272,471.517684079,471.766479817,274200
2025-04-29T23:00:00Z,471.816238965,472.214312147,471.169370044,471.229081022,108217
2025-04-30T00:00:00Z,471.229081022,471.338551147,470.771296862,471.149466385,85161
2025-04-30T09:00:00Z,471.239032851,472.662144477,471.089755408,471.527635908,87320
2025-04-30T10:00:00Z,471.527635908,472.393445079,471.527635908,471.826190795,45285
2025-04-30T11:00:00Z,471.826190795,471.915757261,470.751393203,471.388310294,62396
2025-04-30T12:00:00Z,471.418165783,472.045131045,470.024909646,470.37322368,159255
2025-04-30T13:00:00Z,470.37322368,470.432934658,463.904534473,464.571307053,1454102
2025-04-30T13:30:00Z,464.571307053,465.009187553,463.287521041,464.720584496,610152
2025-04-30T14:30:00Z,464.879813769,465.253007377,460.20245388,465.128609507,10062757
2025-04-30T15:30:00Z,465.128609507,468.253483986,464.322511314,467.616566895,6321051
2025-04-30T16:30:00Z,467.596663236,469.039678521,466.582472286,466.964722059,4022627
2025-04-30T17:30:00Z,466.929890656,468.761027293,465.765526599,468.641605339,3606736
2025-04-30T18:30:00Z,468.591846191,471.647057863,468.412713259,469.587029146,5563948
2025-04-30T19:30:00Z,469.547221828,470.38317551,468.452520577,469.179004134,2899381
2025-04-30T20:00:00Z,469.198907793,474.901306126,468.930208396,473.179639613,6097483
2025-04-30T21:00:00Z,473.219446932,478.891989775,471.975468238,478.036132434,4596083
2025-04-30T22:00:00Z,478.036132434,478.164710072,476.732442763,477.339504365,615599
2025-04-30T23:00:00Z,477.399215343,480.126016639,477.23998607,479.399533082,623773
2025-05-01T00:00:00Z,479.379629423,480.096161151,478.583483059,479.737895287,152794
2025-05-01T09:00:00Z,473.179639613,481.459561799,473.179639613,481.399850822,98924
2025-05-01T10:00:00Z,481.409802651,482.31541914,481.180910572,482.195997186,136079
2025-05-01T11:00:00Z,482.195997186,482.444792924,481.419754481,481.87753864,117892
2025-05-01T12:00:00Z,481.87753864,482.395033777,481.389898992,481.957153276,265534
2025-05-01T13:00:00Z,481.957153276,482.613974027,480.673367265,480.76293373,781921
2025-05-01T13:30:00Z,480.742930553,481.578983754,480.344956889,481.131151424,354901
2025-05-01T14:30:00Z,481.081392276,481.957153276,478.503967941,481.817827663,9519224
2025-05-01T15:30:00Z,481.817827663,484.833232016,481.250573378,483.678819789,6738878
2025-05-01T16:30:00Z,483.738530766,483.826106866,479.67818431,481.071440447,5630452
2025-05-01T17:30:00Z,481.014316945,482.514455731,479.986691026,481.827779492,2745332
2025-05-01T18:30:00Z,481.847683151,482.882673425,480.464378844,482.216000363,2627589
2025-05-01T19:30:00Z,482.265659993,482.972239891,481.111247765,482.285563652,2990851
2025-05-01T20:00:00Z,482.265659993,482.365178288,478.424253786,479.359725764,6993530
2025-05-01T21:00:00Z,478.891989775,480.165823957,476.065670183,476.812057399,3469827
2025-05-01T22:00:00Z,476.812057399,477.986373286,476.394080558,476.622972638,442285
2025-05-01T23:00:00Z,476.622972638,476.921527524,475.836778103,476.56326166,254057
2025-05-02T00:00:00Z,476.56326166,477.548492786,476.493598854,476.692635445,149565
2025-05-02T09:00:00Z,479.66823248,480.78283739,478.882037946,478.882037946,156903
2025-05-02T10:00:00Z,478.882037946,480.354908719,478.762615991,480.016546514,56280
2025-05-02T11:00:00Z,479.966787366,480.971922151,479.907076389,480.444475185,100445
2025-05-02T12:00:00Z,480.444475185,480.952018492,479.67818431,480.165823957,162941
2025-05-02T13:00:00Z,480.165823957,484.544628959,479.996642855,484.256025903,1057773
2025-05-02T13:30:00Z,484.256025903,485.350727153,483.927615527,484.037085652,440179
2025-05-02T14:30:00Z,484.196314925,486.30610279,482.494552072,486.291175045,8041388
2025-05-02T15:30:00Z,486.276247301,486.614609506,484.932750312,485.320871664,4269918
2025-05-02T16:30:00Z,485.340775323,488.186998575,485.002413119,487.301285745,5394914
2025-05-02T17:30:00Z,487.313626013,488.306420529,486.644464995,486.963023058,4936448
2025-05-02T18:30:00Z,486.97287537,488.127188079,486.684272313,487.828732711,2646532
2025-05-02T19:30:00Z,487.833708626,488.545264439,486.256343642,487.291333915,4034413
2025-05-02T20:00:00Z,487.241574768,487.331141233,485.609474721,486.475283892,6324166
2025-05-02T21:00:00Z,486.51509121,487.370948552,486.316054619,486.843501586,1488328
2025-05-02T22:00:00Z,486.843501586,486.843501586,486.445428404,486.544946699,146187
2025-05-02T23:00:00Z,486.544946699,486.74398329,486.445428404,486.574802188,37442
2025-05-03T00:00:00Z,486.574802188,486.644464995,486.395669256,486.564850358,37827
2025-05-05T09:00:00Z,486.475283892,486.475283892,481.598887413,482.016864254,173021
2025-05-05T10:00:00Z,482.016864254,482.683636834,481.66855022,482.365178288,73941
2025-05-05T11:00:00Z,482.365178288,482.444792924,481.65859839,482.245756333,109809
2025-05-05T12:00:00Z,482.245756333,482.504503902,481.350091674,481.628742901,204940
2025-05-05T13:00:00Z,481.628742901,482.355226458,481.369995333,482.166141697,436683
2025-05-05T13:30:00Z,482.166141697,482.594070368,481.817827663,482.09647889,158187
2025-05-05T14:30:00Z,482.265659993,484.74366555,481.768068515,483.519590516,6838582
2025-05-05T15:30:00Z,483.524566431,485.052172267,482.305467311,484.415255175,4537777
2025-05-05T16:30:00Z,484.445110664,485.470149108,483.6489643,485.281163864,2089098
2025-05-05T17:30:00Z,485.300968005,485.599522892,484.634195425,485.241257028,2683514
2025-05-05T18:30:00Z,485.251208858,486.221512239,485.161642392,485.957788756,2079501
2025-05-05T19:30:00Z,485.937885096,486.674320483,484.644147255,484.793424698,2778714
2025-05-05T20:00:00Z,484.773521039,485.430341789,483.161324652,483.589253323,4087631
2025-05-05T21:00:00Z,483.63901247,483.728578936,482.166141697,483.061806357,1483512
2025-05-05T22:00:00Z,483.061806357,483.061806357,482.484600243,482.673685004,480931
2025-05-05T23:00:00Z,482.673685004,482.961591433,482.31541914,482.504503902,52098
2025-05-06T00:00:00Z,482.504503902,482.842866106,482.186045356,482.295515481,41763
2025-05-06T09:00:00Z,483.589253323,483.589253323,478.175458047,479.150737343,167457
2025-05-06T10:00:00Z,479.061170877,479.100978196,477.986373286,478.971604411,84491
2025-05-06T11:00:00Z,478.971604411,479.568714184,478.633242207,479.489099548,88171
2025-05-06T12:00:00Z,479.489099548,479.877220901,477.558444615,478.304831832,252597
2025-05-06T13:00:00Z,478.304831832,478.683001355,477.45892632,478.294880002,430619
2025-05-06T13:30:00Z,478.294880002,478.384446468,476.941431183,477.090708627,272064
2025-05-06T14:30:00Z,477.249937899,479.966787366,475.886537251,479.732919372,7502520
2025-05-06T15:30:00Z,479.713015713,480.812692878,479.280111128,480.713174583,2864381
2025-05-06T16:30:00Z,480.693270924,482.713492322,479.290062957,479.877121382,5303180
2025-05-06T17:30:00Z,479.807558094,480.792789219,478.742712332,479.359725764,3137187
2025-05-06T18:30:00Z,479.319918446,480.514038473,478.225217195,480.404667867,3052064
2025-05-06T19:30:00Z,480.33500506,481.101295935,479.847365412,480.872403856,3018220
2025-05-06T20:00:00Z,480.882355685,481.469513629,478.991508071,479.091026366,3874841
2025-05-06T21:00:00Z,479.150737343,479.787654435,477.578348274,478.543675741,1113799
2025-05-06T22:00:00Z,478.543675741,478.543675741,477.289745218,477.289745218,369721
2025-05-06T23:00:00Z,477.289745218,485.151690562,477.289745218,483.997278334,1032150
2025-05-07T00:00:00Z,483.997278334,484.156408089,482.813010618,483.698723448,233886
2025-05-07T09:00:00Z,479.091026366,482.862769766,479.091026366,482.395033777,160864
2025-05-07T10:00:00Z,482.395033777,482.584118538,481.578983754,481.967105106,64590
2025-05-07T11:00:00Z,481.957153276,482.434841095,481.459561799,482.146238038,111402
2025-05-07T12:00:00Z,482.146238038,482.922480743,481.787972174,482.10643072,240928
2025-05-07T13:00:00Z,482.10643072,482.156189867,480.046402003,480.643511776,674036
2025-05-07T13:30:00Z,480.643511776,480.643511776,479.339822105,479.67818431,349856
2025-05-07T14:30:00Z,479.757798946,481.678502049,478.862134286,481.549128265,4675855
2025-05-07T15:30:00Z,481.549128265,481.653821512,477.150419604,477.697869747,4673037
2025-05-07T16:30:00Z,477.67786657,478.732760502,477.110612286,477.6878184,2957741
2025-05-07T17:30:00Z,477.707722059,480.364860548,477.548492786,479.767750775,2207276
2025-05-07T18:30:00Z,479.747847116,479.926980048,474.48531965,476.712539104,5064982
2025-05-07T19:30:00Z,476.692635445,479.827461753,476.035814694,476.757322337,5254788
2025-05-07T20:00:00Z,476.692635445,483.459879539,476.543358001,480.971922151,9670189
2025-05-07T21:00:00Z,480.971922151,482.136286208,480.205531757,481.121199594,1750253
2025-05-07T22:00:00Z,481.121199594,481.369995333,480.713174583,480.77288556,111452
2025-05-07T23:00:00Z,480.77288556,481.081392276,480.026498344,480.961970321,68351
2025-05-08T00:00:00Z,480.961970321,481.559080094,480.912211174,481.041584958,74266
2025-05-08T09:00:00Z,480.971922151,487.828732711,480.971922151,487.729214415,146389
2025-05-08T10:00:00Z,487.729214415,488.51540895,487.430659529,488.147191257,116235
2025-05-08T11:00:00Z,488.147191257,488.386035166,487.689407097,488.326324188,177725
2025-05-08T12:00:00Z,488.326324188,488.346227848,486.694224142,486.97287537,314975
2025-05-08T13:00:00Z,486.97287537,487.718665476,485.480100937,486.475283892,828530
2025-05-08T13:30:00Z,486.475283892,486.624561335,486.047355222,486.256343642,243437
2025-05-08T14:30:00Z,486.176729006,486.385717426,482.902577084,484.484917982,7352608
2025-05-08T15:30:00Z,484.484917982,487.171911961,481.837731322,486.370789682,6724841
2025-05-08T16:30:00Z,486.365913285,490.038038871,485.699041187,489.01399561,7906968
2025-05-08T17:30:00Z,489.027828653,490.326641928,488.873674814,489.440929098,3285226
2025-05-08T18:30:00Z,489.440929098,489.580254712,487.868540029,488.6549336,3034090
2025-05-08T19:30:00Z,488.654734564,490.187316314,488.585071757,489.908665087,3527104
2025-05-08T20:00:00Z,489.928568746,489.988279723,485.63933021,485.937885096,4945317
2025-05-08T21:00:00Z,485.898077778,486.51509121,485.669185699,486.08716254,1507343
2025-05-08T22:00:00Z,486.08716254,486.674320483,485.947936444,486.316054619,98387
2025-05-08T23:00:00Z,486.316054619,486.534994869,485.579619233,486.126969858,89284
2025-05-09T00:00:00Z,486.126969858,486.30610279,485.272804328,485.62937838,108036
2025-05-09T09:00:00Z,485.937885096,487.221671108,485.937885096,486.564850358,62675
2025-05-09T10:00:00Z,486.594705847,487.211719279,486.594705847,487.211719279,37455
2025-05-09T11:00:00Z,487.211719279,488.107383938,487.211719279,487.8585882,77040
2025-05-09T12:00:00Z,487.8585882,489.63001386,485.927933267,487.440611359,465798
2025-05-09T13:00:00Z,487.440611359,488.445746143,487.092297324,487.997913813,469994
2025-05-09T13:30:00Z,487.968058325,488.555216268,487.788925393,487.878491859,207303
2025-05-09T14:30:00Z,487.84863637,489.1722297,485.151690562,485.649381558,4989338
2025-05-09T15:30:00Z,485.689089358,486.644464995,483.852976806,485.63933021,5260808
2025-05-09T16:30:00Z,485.64928204,486.604657676,484.285881391,484.843084328,3043959
2025-05-09T17:30:00Z,484.853135676,485.614450636,483.917663698,484.932750312,3117285
2025-05-09T18:30:00Z,484.942702141,486.29615096,484.554580789,485.370630812,2737956
2025-05-09T19:30:00Z,485.380582642,486.853453415,485.310919835,486.186680835,2475373
2025-05-09T20:00:00Z,486.196632665,486.495187551,485.480100937,485.619426551,3214222
2025-05-09T21:00:00Z,485.718944846,485.997596074,485.340775323,485.878174119,1298479
2025-05-09T22:00:00Z,485.878174119,485.898077778,485.500004596,485.619426551,220329
2025-05-09T23:00:00Z,485.619426551,486.037403392,485.549763744,485.708993017,34151
2025-05-10T00:00:00Z,485.708993017,485.738848505,485.312313091,485.564791007,55283
2025-05-12T09:00:00Z,485.619426551,504.060166707,485.619426551,503.56257523,520667
2025-05-12T10:00:00Z,503.56257523,504.478143548,503.532719741,504.318914275,229740
2025-05-12T11:00:00Z,504.299010616,506.100291765,503.791467309,505.951014322,468665
2025-05-12T12:00:00Z,505.951014322,506.398846651,503.701900843,504.468191719,747927
2025-05-12T13:00:00Z,504.468191719,505.6136473,504.289058787,504.507999037,1050663
2025-05-12T13:30:00Z,504.507999037,505.035346485,503.861130116,504.567710014,519286
2025-05-12T14:30:00Z,504.547806355,504.617469162,499.860494637,500.278471478,11005648
2025-05-12T15:30:00Z,500.318278796,502.049897138,499.064348273,501.34739749,4947792
2025-05-12T16:30:00Z,501.353269069,502.629989282,500.706400149,502.238981899,4491939
2025-05-12T17:30:00Z,502.209126411,504.935927707,502.169319093,504.109925855,4115507
2025-05-12T18:30:00Z,504.109925855,504.88616856,503.940744752,504.697083798,2798169
2025-05-12T19:30:00Z,504.726939287,505.144916128,503.514408374,503.721804502,3963989
2025-05-12T20:00:00Z,503.701900843,505.443471014,503.144598388,505.403663696,7110733
2025-05-12T21:00:00Z,505.32404906,506.448605799,505.075253321,505.55294114,2076589
2025-05-12T22:00:00Z,505.55294114,505.672363094,505.363856378,505.423567355,885177
2025-05-12T23:00:00Z,505.463374674,505.55294114,504.488095378,504.577661844,87459
2025-05-13T00:00:00Z,504.577661844,505.632555776,504.358721594,504.358721594,112911
2025-05-13T09:00:00Z,505.403663696,505.403663696,502.388259343,502.607199593,107358
2025-05-13T10:00:00Z,502.627103252,503.681997184,502.467873979,503.681997184,88087
2025-05-13T11:00:00Z,503.77156365,504.43833623,503.254068513,504.050214877,111517
2025-05-13T12:00:00Z,504.010407559,505.304145401,503.950696582,505.294193571,168598
2025-05-13T13:00:00Z,505.294193571,508.040898527,504.965783196,506.796919833,1003003
2025-05-13T13:30:00Z,506.796919833,507.135282038,506.408798481,506.607835072,256407
2025-05-13T14:30:00Z,506.707353367,512.469462677,505.970917981,511.653412654,12820371
2025-05-13T15:30:00Z,511.673316313,513.613923075,511.081182455,513.270584956,8045595
2025-05-13T16:30:00Z,513.265609041,513.982140768,512.648595609,513.872670643,5912659
2025-05-13T17:30:00Z,513.83375899,514.688720666,513.434790143,514.181177359,5398415
2025-05-13T18:30:00Z,514.196105104,514.897709087,513.156138916,513.852766984,5666316
2025-05-13T19:30:00Z,513.872670643,514.788238962,513.295464529,514.300599314,4754163
2025-05-13T20:00:00Z,514.290647484,514.778287132,512.777969393,513.106379768,6657616
2025-05-13T21:00:00Z,513.106379768,513.176042575,512.559029143,512.709500805,1928795
2025-05-13T22:00:00Z,512.709500805,513.046668791,512.61874012,512.977005984,354327
2025-05-13T23:00:00Z,512.977005984,513.116331598,512.658547438,512.83768037,73716
2025-05-14T00:00:00Z,512.83768037,513.753248689,512.708306586,513.693537711,69863
2025-05-14T09:00:00Z,513.106379768,514.240888337,512.867535859,513.355175507,190162
2025-05-14T10:00:00Z,513.355175507,513.643778564,512.419703529,513.016813302,170826
2025-05-14T11:00:00Z,513.016813302,513.982140768,512.807824881,513.763200518,103359
2025-05-14T12:00:00Z,513.763200518,515.902843872,513.753248689,514.997227382,578635
2025-05-14T13:00:00Z,514.997227382,515.50477069,514.330852876,514.479732246,717404
2025-05-14T13:30:00Z,514.479732246,514.957420064,514.181177359,514.370262121,438399
2025-05-14T14:30:00Z,514.280695655,516.420339008,513.265609041,514.927564576,11149383
2025-05-14T15:30:00Z,514.907660917,515.912795701,513.623874905,515.654048133,6807738
2025-05-14T16:30:00Z,515.644096303,516.201398758,515.345541417,515.912795701,5349603
2025-05-14T17:30:00Z,515.922747531,516.72675584,513.434790143,514.240888337,5706902
2025-05-14T18:30:00Z,514.230936507,515.673951792,514.140374858,514.977323723,3935927
2025-05-14T19:30:00Z,514.987275553,516.320820713,514.718576155,515.191288059,4853604
2025-05-14T20:00:00Z,515.186312144,516.430290838,514.60910603,516.181495099,5509247
2025-05-14T21:00:00Z,516.171543269,516.59947194,515.793373746,516.290965224,1267120
2025-05-14T22:00:00Z,516.290965224,516.350676201,515.295782269,515.435107883,159470
2025-05-14T23:00:00Z,515.50477069,515.872988383,515.355493246,515.783421917,46253
2025-05-15T00:00:00Z,515.783421917,515.793373746,515.247018304,515.654048133,68575
2025-05-15T09:00:00Z,516.181495099,516.181495099,511.52403887,511.912160222,232994
2025-05-15T10:00:00Z,511.912160222,513.046668791,511.334954108,512.937198666,202173
2025-05-15T11:00:00Z,512.937198666,512.937198666,512.151004131,512.708306586,248534
2025-05-15T12:00:00Z,512.708306586,514.17122553,512.61874012,513.305416359,324587
2025-05-15T13:00:00Z,513.305416359,514.688720666,512.469462677,513.693537711,1014385
2025-05-15T13:30:00Z,513.693537711,514.39016578,513.554212098,514.031899916,357713
2025-05-15T14:30:00Z,514.031899916,515.032058786,512.688402927,513.633826734,8352755
2025-05-15T15:30:00Z,513.623874905,516.868171338,512.907343177,516.460146326,6706227
2025-05-15T16:30:00Z,516.499953645,517.773787827,516.022265826,517.345859156,5860190
2025-05-15T17:30:00Z,517.325955497,519.415839703,516.977641463,519.206851282,4477621
2025-05-15T18:30:00Z,519.196899453,519.206851282,515.743614599,516.559664622,5658663
2025-05-15T19:30:00Z,516.529809133,517.316003668,513.992092598,514.410069439,7177370
2025-05-15T20:00:00Z,514.38021395,516.81841219,514.38021395,516.748749383,7418516
2025-05-15T21:00:00Z,516.798508531,517.395618304,516.251157906,516.251157906,1954885
2025-05-15T22:00:00Z,516.251157906,516.519857304,516.251157906,516.300917053,146425
2025-05-15T23:00:00Z,516.300917053,516.37057986,515.93269936,516.101880463,73778
2025-05-16T00:00:00Z,515.972506678,516.669134747,515.962554849,516.669134747,50794
2025-05-16T09:00:00Z,516.519857304,518.440560407,516.519857304,518.042487225,116917
2025-05-16T10:00:00Z,518.042487225,518.14200552,517.4951366,517.4951366,79319
2025-05-16T11:00:00Z,517.4951366,518.251475645,517.306051838,517.942968929,103969
2025-05-16T12:00:00Z,517.942968929,518.619693339,517.733980509,518.420656748,192688
2025-05-16T13:00:00Z,518.420656748,518.987911032,517.395618304,517.48518477,614783
2025-05-16T13:30:00Z,517.48518477,519.48550251,517.126918906,518.161909179,1178671
2025-05-16T14:30:00Z,518.15195735,518.211668327,516.290965224,516.833339934,8416645
2025-05-16T15:30:00Z,516.848267679,516.858219508,514.60910603,516.480049985,8353277
2025-05-16T16:30:00Z,516.490001815,517.733980509,516.460146326,517.335907327,5417383
2025-05-16T17:30:00Z,517.345859156,518.062390884,516.898026827,517.903161611,4526615
2025-05-16T18:30:00Z,517.903161611,518.370001935,517.335907327,517.9330171,3836715
2025-05-16T19:30:00Z,517.9330171,519.03767018,517.798667401,518.803802185,4952804
2025-05-16T20:00:00Z,518.8087781,519.186947623,517.987752162,518.997862862,7980678
2025-05-16T21:00:00Z,519.03767018,519.117284816,516.16159144,516.579568281,1719296
2025-05-16T22:00:00Z,516.579568281,517.405570134,514.83799811,514.937615923,525206
2025-05-16T23:00:00Z,514.977323723,515.007179212,512.121148643,512.620830004,353598
2025-05-17T00:00:00Z,512.620830004,514.002044427,511.623557165,512.141052302,250241
2025-05-19T09:00:00Z,518.997862862,518.997862862,509.623239425,510.170590051,331165
2025-05-19T10:00:00Z,510.170590051,511.225483983,509.792420528,510.926929097,154551
2025-05-19T11:00:00Z,510.926929097,511.862401074,510.090975414,511.404616915,211985
2025-05-19T12:00:00Z,511.404616915,512.081341324,510.867218119,511.882304733,402565
2025-05-19T13:00:00Z,511.882304733,512.240570597,510.926929097,512.061437665,717379
2025-05-19T13:30:00Z,512.061437665,512.160955961,510.648277869,512.121148643,739943
2025-05-19T14:30:00Z,511.762882779,518.440560407,511.762882779,516.665850643,12293088
2025-05-19T15:30:00Z,516.689038406,517.385666474,516.022265826,516.659182917,8251382
2025-05-19T16:30:00Z,516.669134747,518.410704918,513.812959666,518.271379304,4704473
2025-05-19T17:30:00Z,518.281331134,520.012949476,517.634462213,519.48550251,5591160
2025-05-19T18:30:00Z,519.505406169,519.983093987,517.758860083,518.002679907,6499205
2025-05-19T19:30:00Z,518.022583566,519.117284816,517.604606725,517.962872588,5962623
2025-05-19T20:00:00Z,517.972824418,519.759177822,517.913113441,519.495454339,4672900
2025-05-19T21:00:00Z,519.515357998,519.585020805,518.460464066,519.336225066,1637279
2025-05-19T22:00:00Z,519.336225066,519.48550251,519.157092134,519.186947623,247558
2025-05-19T23:00:00Z,519.186947623,519.286465918,518.898344566,518.948203232,34732
2025-05-20T00:00:00Z,518.948203232,520.36126351,518.938151884,519.903479351,120468
2025-05-20T09:00:00Z,519.495454339,519.495454339,516.947785974,517.465281111,103219
2025-05-20T10:00:00Z,517.505088429,517.883257952,517.04730427,517.26624452,60141
2025-05-20T11:00:00Z,517.26624452,518.191764668,517.176678054,518.191764668,71226
2025-05-20T12:00:00Z,518.191764668,518.649548827,518.052439054,518.211668327,182519
2025-05-20T13:00:00Z,518.211668327,518.450512236,517.116967077,517.505088429,399780
2025-05-20T13:30:00Z,517.486179953,518.032535395,516.778604872,517.007496952,212539
2025-05-20T14:30:00Z,516.967689633,517.58967898,515.574433496,516.529809133,8929943
2025-05-20T15:30:00Z,516.490001815,517.873306122,516.231254247,517.186629883,5573588
2025-05-20T16:30:00Z,517.186629883,517.743932338,516.430290838,517.385666474,4141833
2025-05-20T17:30:00Z,517.385666474,518.420656748,517.335907327,517.928041185,2993292
2025-05-20T18:30:00Z,517.9330171,517.982776247,515.206215803,515.435107883,4157461
2025-05-20T19:30:00Z,515.425156053,516.320820713,514.17122553,516.062073144,6137914
2025-05-20T20:00:00Z,516.081976803,517.853402463,516.077000889,517.763835997,6902587
2025-05-20T21:00:00Z,517.743932338,517.843450634,516.59947194,517.04730427,2158933
2025-05-20T22:00:00Z,517.04730427,517.087111588,516.698990236,516.808460361,221475
2025-05-20T23:00:00Z,516.808460361,516.987593292,515.265827262,516.649231088,207075
2025-05-21T00:00:00Z,516.649231088,517.335907327,516.60942377,517.335907327,64044
2025-05-21T09:00:00Z,515.295782269,515.435107883,514.111514553,514.82804628,100425
2025-05-21T10:00:00Z,514.82804628,515.146504826,513.51440478,513.603971245,66941
2025-05-21T11:00:00Z,513.603971245,514.310551143,512.519221825,514.240888337,221874
2025-05-21T12:00:00Z,514.240888337,515.902843872,514.201081018,515.27587861,173454
2025-05-21T13:00:00Z,515.27587861,515.305734098,513.95228528,514.579250541,374617
2025-05-21T13:30:00Z,514.579250541,514.708624326,513.424838314,513.783104177,200380
2025-05-21T14:30:00Z,513.783104177,517.574751236,513.7233932,516.310868883,9880414
2025-05-21T15:30:00Z,516.300917053,519.91343118,516.032217656,519.545213487,7730878
2025-05-21T16:30:00Z,519.535261657,520.271697044,518.908296396,519.794009226,5644479
2025-05-21T17:30:00Z,519.823864714,520.480685465,511.73302729,511.971771681,11562172
2025-05-21T18:30:00Z,511.96191937,514.957420064,510.907025437,512.797873052,12298265
2025-05-21T19:30:00Z,512.83768037,513.842815155,508.777333914,509.344588198,10395418
2025-05-21T20:00:00Z,509.364491857,512.340088893,509.364491857,510.568663233,10187695
2025-05-21T21:00:00Z,510.558711403,510.757747994,509.75261321,510.528855915,1904992
2025-05-21T22:00:00Z,510.528855915,510.668181528,510.419385789,510.499000426,387740
2025-05-21T23:00:00Z,510.499000426,511.225483983,509.762565039,510.508852737,100174
2025-05-22T00:00:00Z,510.508852737,511.215532153,510.250204687,510.489048596,63353
2025-05-22T09:00:00Z,510.568663233,512.509269995,510.568663233,511.912160222,119919
2025-05-22T10:00:00Z,511.912160222,512.300281574,511.454376063,512.081341324,133208
2025-05-22T11:00:00Z,512.081341324,512.151004131,511.275243131,511.663364483,166192
2025-05-22T12:00:00Z,511.663364483,512.967054154,509.055985141,509.065936971,513418
2025-05-22T13:00:00Z,509.065936971,511.782786438,508.050850357,511.693219972,990356
2025-05-22T13:30:00Z,511.693219972,512.529173654,511.06625471,511.145869347,628893
2025-05-22T14:30:00Z,511.185676665,515.04698653,509.832227846,512.708306586,11471506
2025-05-22T15:30:00Z,512.728210245,513.534308439,511.106062028,512.071389495,8043105
2025-05-22T16:30:00Z,512.061437665,514.897709087,511.902208392,513.565457665,7499092
2025-05-22T17:30:00Z,513.564163927,513.703489541,511.832545586,513.509428865,4659818
2025-05-22T18:30:00Z,513.50445295,514.638961519,513.026765132,514.121466382,5431104
2025-05-22T19:30:00Z,514.111514553,515.216167633,513.584067586,514.927564576,4539147
2025-05-22T20:00:00Z,514.937516405,514.987275553,511.117307596,511.52403887,8360056
2025-05-22T21:00:00Z,511.543942529,512.270426086,511.334954108,512.270426086,2502499
2025-05-22T22:00:00Z,512.250522427,512.76702238,512.220666938,512.728210245,234260
2025-05-22T23:00:00Z,512.549077313,512.768017563,510.568663233,510.766903677,224330
2025-05-23T00:00:00Z,510.766903677,511.484231551,510.459193108,511.394665085,103268
2025-05-23T09:00:00Z,511.52403887,512.917295007,511.52403887,511.922112052,93770
2025-05-23T10:00:00Z,511.922112052,512.011678517,510.309915664,511.752930949,141665
2025-05-23T11:00:00Z,511.782786438,511.971871199,510.887121778,511.613605335,57222
2025-05-23T12:00:00Z,511.623557165,511.782786438,502.746525206,503.234164854,1458652
2025-05-23T13:00:00Z,503.234164854,503.482960593,500.855677592,502.65695874,2060573
2025-05-23T13:30:00Z,502.65695874,503.831274627,501.57220932,503.32373132,646395
2025-05-23T14:30:00Z,503.741708161,507.224848504,503.144598388,506.000773469,13363497
2025-05-23T15:30:00Z,506.000773469,507.084726744,504.617469162,506.42870214,7007467
2025-05-23T16:30:00Z,506.388894822,507.573162538,505.433519185,506.558075924,6142315
2025-05-23T17:30:00Z,506.577979583,509.125647948,505.841544196,509.046033312,5458771
2025-05-23T18:30:00Z,509.051009226,509.374443687,507.52340339,508.299646095,6057557
2025-05-23T19:30:00Z,508.259838777,509.036081482,507.075571061,507.722439981,5389454
2025-05-23T20:00:00Z,507.692584493,508.64796013,506.368991163,506.786968004,7582322
2025-05-23T21:00:00Z,506.826775322,506.856630811,505.751977731,506.239617378,2767699
2025-05-23T22:00:00Z,506.239617378,506.299328356,505.951014322,505.99082164,142017
2025-05-23T23:00:00Z,505.99082164,506.130246772,505.742025901,505.751977731,13503
2025-05-24T00:00:00Z,505.751977731,506.037097647,505.751977731,505.891303344,28201
2025-05-27T09:00:00Z,506.786968004,515.793373746,506.786968004,515.007179212,214794
2025-05-27T10:00:00Z,515.007179212,515.93269936,514.967371894,515.474915201,180077
2025-05-27T11:00:00Z,515.474915201,515.882940212,514.728527985,514.788238962,125227
2025-05-27T12:00:00Z,514.788238962,514.897709087,513.982140768,514.569298712,268203
2025-05-27T13:00:00Z,514.569298712,514.758383473,513.584067586,514.131418212,523738
2025-05-27T13:30:00Z,514.131418212,515.027082871,513.574115757,513.753248689,445599
2025-05-27T14:30:00Z,513.663682223,516.669134747,512.111196813,516.350676201,10336834
2025-05-27T15:30:00Z,516.360628031,517.072183844,515.853084724,516.838315849,5405546
2025-05-27T16:30:00Z,516.81841219,517.644414043,516.320820713,517.320979582,4484930
2025-05-27T17:30:00Z,517.335907327,518.679404316,517.311027753,518.375873515,4973735
2025-05-27T18:30:00Z,518.390801259,519.196899453,518.14200552,518.530126873,5353815
2025-05-27T19:30:00Z,518.550030532,518.689356146,517.753884168,517.9330171,4697899
2025-05-27T20:00:00Z,517.9330171,518.768970782,517.405570134,518.709259805,8634692
2025-05-27T21:00:00Z,518.679404316,519.186947623,518.15195735,518.908296396,1239708
2025-05-27T22:00:00Z,518.908296396,519.186947623,518.908296396,519.186947623,161902
2025-05-27T23:00:00Z,519.186947623,519.186947623,518.420656748,518.788874441,77145
2025-05-28T00:00:00Z,518.788874441,519.126042426,518.749067123,518.8087781,102491
2025-05-28T09:00:00Z,518.709259805,518.709259805,517.584703065,517.644414043,101808
2025-05-28T10:00:00Z,517.644414043,517.903161611,517.375714645,517.873306122,78204
2025-05-28T11:00:00Z,517.873306122,520.002997646,517.863354293,520.002997646,163778
2025-05-28T12:00:00Z,520.002997646,520.13237143,519.277509272,519.69449093,184205
2025-05-28T13:00:00Z,519.69449093,520.450829976,519.59347986,519.754201907,358979
2025-05-28T13:30:00Z,519.754201907,520.032853135,519.276514089,519.594972635,186278
2025-05-28T14:30:00Z,519.664635441,521.157409874,518.082294543,518.490319555,7191802
2025-05-28T15:30:00Z,518.500271384,519.007814691,517.793691486,518.545054617,5480006
2025-05-28T16:30:00Z,518.540078702,518.977959202,517.952920759,518.81872993,3663141
2025-05-28T17:30:00Z,518.8087781,519.316321407,518.410704918,519.02771835,3027452
2025-05-28T18:30:00Z,519.02771835,519.604924464,518.490319555,519.097381157,3659677
2025-05-28T19:30:00Z,519.087429328,519.863771551,517.166726224,518.520871671,7455074
2025-05-28T20:00:00Z,518.530126873,518.609841027,515.892892042,516.410387179,8817000
2025-05-28T21:00:00Z,516.460146326,520.221639341,515.48486703,520.060718257,4222942
2025-05-28T22:00:00Z,520.060718257,520.480685465,519.087429328,519.684638619,378503
2025-05-28T23:00:00Z,519.684638619,521.824182454,519.326273237,521.606237387,269408
2025-05-29T00:00:00Z,521.674905011,526.073613672,521.664953181,525.904432569,1383110
2025-05-29T09:00:00Z,516.410387179,528.213257025,516.410387179,526.431879535,280823
2025-05-29T10:00:00Z,526.372168558,527.237977729,526.33236124,526.511494172,107482
2025-05-29T11:00:00Z,526.511494172,526.511494172,524.680357535,525.287419137,247155
2025-05-29T12:00:00Z,525.287419137,525.367033774,523.22739042,523.376667864,304991
2025-05-29T13:00:00Z,523.376667864,524.182766057,522.530762352,523.137823954,1093414
2025-05-29T13:30:00Z,523.137823954,524.272332523,523.00845017,523.824500193,508824
2025-05-29T14:30:00Z,523.794644705,523.943922148,516.748749383,518.569934191,14137310
2025-05-29T15:30:00Z,518.559982361,520.14232326,517.952920759,519.634779953,7863377
2025-05-29T16:30:00Z,519.624828123,519.714394589,514.82804628,517.813595145,9016529
2025-05-29T17:30:00Z,517.823546975,519.127236646,517.405570134,517.564799406,4963755
2025-05-29T18:30:00Z,517.564799406,518.072342713,515.216167633,515.534626178,5496848
2025-05-29T19:30:00Z,515.50477069,517.375714645,515.50477069,516.470098156,6578856
2025-05-29T20:00:00Z,516.470098156,518.400753089,516.450194497,517.425473793,6896544
2025-05-29T21:00:00Z,517.465281111,517.843450634,516.470098156,516.768653042,881786
2025-05-29T22:00:00Z,516.768653042,516.951169596,516.131735951,516.300917053,87128
2025-05-29T23:00:00Z,516.300917053,517.008492135,515.683903621,516.072024974,136474
2025-05-30T00:00:00Z,516.072024974,516.420339008,515.128193459,515.156456655,130371
2025-05-30T09:00:00Z,516.460146326,517.246340861,516.241206076,516.420339008,71775
2025-05-30T10:00:00Z,516.38053169,517.216485372,516.38053169,516.460146326,88122
2025-05-30T11:00:00Z,516.460146326,517.116967077,516.251157906,516.808460361,70624
2025-05-30T12:00:00Z,516.987593292,517.893209782,516.868171338,517.136870736,149028
2025-05-30T13:00:00Z,517.136870736,517.843450634,513.215849893,515.833181065,1649868
2025-05-30T13:30:00Z,515.833181065,517.126918906,515.395300564,517.067207929,466181
2025-05-30T14:30:00Z,516.937834145,517.176678054,513.404934654,516.997545122,10921338
2025-05-30T15:30:00Z,516.987593292,517.355810986,515.415204224,516.58952011,7130317
2025-05-30T16:30:00Z,516.58952011,516.848267679,511.593701676,511.96191937,8554668
2025-05-30T17:30:00Z,511.95196754,512.419703529,509.464010153,511.932063881,12138243
2025-05-30T18:30:00Z,511.922112052,514.907660917,511.653412654,514.489684075,6542903
2025-05-30T19:30:00Z,514.489684075,517.335907327,514.041851746,517.077159758,7236683
2025-05-30T20:00:00Z,517.097063418,518.171861009,516.071328346,516.60942377,10674282
2025-05-30T21:00:00Z,516.619375599,517.515040259,515.72371094,516.659182917,1835993
2025-05-30T22:00:00Z,516.659182917,516.679086576,516.440242667,516.576781769,57702
2025-05-30T23:00:00Z,516.576781769,516.636791301,516.002362167,516.002362167,35040
2025-05-31T00:00:00Z,516.002362167,516.194233441,515.733662769,515.992410337,40892
2025-06-02T09:00:00Z,516.60942377,516.60942377,512.8476322,513.534308439,114524
2025-06-02T10:00:00Z,513.534308439,513.613923075,512.718258416,513.156138916,112714
2025-06-02T11:00:00Z,513.156138916,513.912477962,513.036716961,513.793056007,80661
2025-06-02T12:00:00Z,513.793056007,514.857901769,513.584067586,514.002044427,143912
2025-06-02T13:00:00Z,514.002044427,514.907660917,513.51440478,514.698672496,417836
2025-06-02T13:30:00Z,514.698672496,514.987275553,514.041851746,514.987275553,231972
2025-06-02T14:30:00Z,514.748431644,518.838633589,513.484549291,516.952761889,11884093
2025-06-02T15:30:00Z,516.947785974,517.962872588,516.231254247,516.718893895,7614679
2025-06-02T16:30:00Z,516.758701213,518.510223214,516.390483519,517.982776247,4615102
2025-06-02T17:30:00Z,517.962872588,519.236706771,517.4951366,518.634621083,3537714
2025-06-02T18:30:00Z,518.619693339,520.152275089,518.062390884,520.071963825,5141303
2025-06-02T19:30:00Z,520.072660453,520.928517794,519.664635441,520.629962908,4185042
2025-06-02T20:00:00Z,520.629962908,520.828999499,519.774105566,520.689673885,4566844
2025-06-02T21:00:00Z,520.739433033,521.69480867,520.480685465,521.227072681,1850893
2025-06-02T22:00:00Z,521.227072681,521.366298776,521.137506215,521.187265363,62440
2025-06-02T23:00:00Z,521.157409874,521.157409874,520.261745214,520.381167169,77513
2025-06-03T00:00:00Z,520.381167169,520.938270587,519.286465918,519.734298248,118077
2025-06-03T09:00:00Z,518.500271384,518.739115293,517.594654895,518.609741509,73129
2025-06-03T10:00:00Z,518.609741509,519.117284816,518.3708976,518.759018952,47992
2025-06-03T11:00:00Z,518.759018952,519.833816544,518.460464066,519.823864714,119132
2025-06-03T12:00:00Z,519.823864714,520.789192181,519.575068975,520.64090992,135370
2025-06-03T13:00:00Z,520.64090992,520.978276942,520.062708623,520.79914401,349050
2025-06-03T13:30:00Z,520.79914401,521.271855914,520.550348271,521.157409874,167738
2025-06-03T14:30:00Z,521.037987919,523.277149568,520.172178748,522.884052301,8940832
2025-06-03T15:30:00Z,522.879076386,524.431561796,521.993363556,524.063344103,5721566
2025-06-03T16:30:00Z,524.083247762,525.088382546,523.68517458,524.978912421,5335805
2025-06-03T17:30:00Z,524.978912421,526.193035626,524.919201444,525.829793848,4428590
2025-06-03T18:30:00Z,525.844721592,525.929312143,523.23734225,524.769924001,6453541
2025-06-03T19:30:00Z,524.750020341,525.247611819,524.511176432,525.098334376,4394734
2025-06-03T20:00:00Z,525.098334376,525.396889262,523.943922148,524.759972171,5500837
2025-06-03T21:00:00Z,524.869442296,524.889345955,523.933970318,524.481320944,2138933
2025-06-03T22:00:00Z,524.471369114,524.600742898,524.162862398,524.382598794,288493
2025-06-03T23:00:00Z,524.382598794,525.237659989,524.382598794,524.988864251,69149
2025-06-04T00:00:00Z,524.988864251,525.197852671,524.610694728,524.869442296,55554
2025-06-04T09:00:00Z,525.307322796,526.003950865,525.237659989,525.237659989,79038
2025-06-04T10:00:00Z,525.347130114,525.904432569,525.317274626,525.705395978,45749
2025-06-04T11:00:00Z,525.705395978,526.32240941,525.357081944,526.083565501,88538
2025-06-04T12:00:00Z,526.083565501,526.153228308,525.556118535,525.993999035,96574
2025-06-04T13:00:00Z,525.993999035,526.421927706,523.794644705,525.087188327,617114
2025-06-04T13:30:00Z,525.098334376,525.755155126,524.849538637,525.556118535,184522
2025-06-04T14:30:00Z,525.466552069,527.108603945,523.435781731,525.914384399,10459456
2025-06-04T15:30:00Z,525.904432569,526.879711865,525.018719739,526.183083797,5430275
2025-06-04T16:30:00Z,526.173131967,526.650819786,525.00757369,525.317274626,3861525
2025-06-04T17:30:00Z,525.307322796,526.810049058,525.148093523,526.625940212,2666015
2025-06-04T18:30:00Z,526.620964297,527.228025899,526.173131967,527.158363093,4262780
2025-06-04T19:30:00Z,527.148411263,527.287736877,526.581156979,526.869760036,5516211
2025-06-04T20:00:00Z,526.869760036,527.058844797,526.003950865,526.222891115,5823532
2025-06-04T21:00:00Z,526.212939285,526.402024047,525.864625251,526.033806353,1977339
2025-06-04T22:00:00Z,526.033806353,526.222891115,525.904432569,525.954191717,162984
2025-06-04T23:00:00Z,525.954191717,526.521446001,525.665688178,526.053710013,84284
2025-06-05T00:00:00Z,526.053710013,526.10346916,525.765206474,525.854673422,33363
2025-06-05T09:00:00Z,526.222891115,528.302823491,526.222891115,527.128507604,100321
2025-06-05T10:00:00Z,527.128507604,527.128507604,526.501542342,526.740386251,62410
2025-06-05T11:00:00Z,526.740386251,527.407158831,526.232842944,526.77024174,78556
2025-06-05T12:00:00Z,526.77024174,526.858813023,526.053710013,526.55130149,128745
2025-06-05T13:00:00Z,526.55130149,529.576657673,525.267515478,527.317592365,831812
2025-06-05T13:30:00Z,527.307640536,527.815183843,527.118555774,527.65595457,298949
2025-06-05T14:30:00Z,527.626099081,528.292871661,524.730116682,527.367351513,8686041
2025-06-05T15:30:00Z,527.357399684,530.372804037,525.048575228,530.222829966,10860406
2025-06-05T16:30:00Z,530.213574764,530.482274162,527.65595457,528.820219109,5433471
2025-06-05T17:30:00Z,528.800414968,528.959644241,523.973777637,526.680675274,7353982
2025-06-05T18:30:00Z,526.660771615,527.068796627,522.590473329,525.093358461,6206832
2025-06-05T19:30:00Z,525.078430717,525.854673422,520.14232326,521.90379709,9518260
2025-06-05T20:00:00Z,521.90379709,524.302188012,521.610218118,522.262062954,8316652
2025-06-05T21:00:00Z,522.152592829,522.908931875,520.36126351,520.381167169,2650944
2025-06-05T22:00:00Z,520.381167169,521.008132431,519.585020805,519.585020805,446493
2025-06-05T23:00:00Z,519.585020805,521.47586842,519.495454339,521.426109272,230084
2025-06-06T00:00:00Z,521.455069096,521.764471476,521.037788883,521.147458044,142730
2025-06-06T09:00:00Z,522.262062954,524.391754478,522.262062954,524.162862398,90515
2025-06-06T10:00:00Z,524.162862398,524.859490467,524.003633125,524.769924001,54584
2025-06-06T11:00:00Z,524.769924001,524.959008762,524.023536784,524.043440443,58460
2025-06-06T12:00:00Z,524.043440443,524.670405705,523.734933727,524.381802648,246867
2025-06-06T13:00:00Z,524.381802648,527.148411263,524.212621546,526.581156979,1203711
2025-06-06T13:30:00Z,526.581156979,527.765424695,526.252746603,527.42706249,473178
2025-06-06T14:30:00Z,527.44696615,529.059162537,526.740386251,527.158462611,10574883
2025-06-06T15:30:00Z,527.158363093,529.148729003,526.023854524,527.297688706,6448034
2025-06-06T16:30:00Z,527.287736877,528.362534468,526.839904547,527.307640536,3782416
2025-06-06T17:30:00Z,527.287736877,527.606195422,525.66558866,527.257881388,4079963
2025-06-06T18:30:00Z,527.267833218,529.079066196,527.267833218,528.591426548,3753634
2025-06-06T19:30:00Z,528.581474718,529.238295468,527.506677127,527.740545121,4142094
2025-06-06T20:00:00Z,527.735569206,528.213257025,527.188218581,527.367351513,5835135
2025-06-06T21:00:00Z,527.297688706,527.984464463,527.088700286,527.785328354,1595251
2025-06-06T22:00:00Z,527.785328354,527.944557627,527.44696615,527.44696615,53458
2025-06-06T23:00:00Z,527.44696615,527.725617377,527.387255172,527.725617377,27699
2025-06-07T00:00:00Z,527.725617377,528.233160684,527.695761888,528.233160684,47142
2025-06-09T09:00:00Z,527.456917979,527.626099081,526.660771615,527.43701432,88119
2025-06-09T10:00:00Z,527.43701432,527.486773468,527.019037479,527.178266752,41743
2025-06-09T11:00:00Z,527.178266752,527.387255172,526.77024174,527.048892968,76173
2025-06-09T12:00:00Z,527.048892968,528.193353366,527.019037479,527.88484665,140503
2025-06-09T13:00:00Z,527.88484665,528.054027752,527.43701432,527.576339934,212123
2025-06-09T13:30:00Z,527.576339934,527.964461286,527.44696615,527.466869809,132543
2025-06-09T14:30:00Z,527.586291763,529.228343639,526.461735024,528.899933264,7426910
2025-06-09T15:30:00Z,528.899933264,529.785646094,527.974413116,528.233857312,4656021
2025-06-09T16:30:00Z,528.253064343,528.830270457,528.034124093,528.362534468,2884861
2025-06-09T17:30:00Z,528.372486298,529.666224139,528.362534468,529.039258878,3673555
2025-06-09T18:30:00Z,529.039258878,529.516946696,528.710848502,529.218391809,2576369
2025-06-09T19:30:00Z,529.20843998,529.524211531,528.641185696,529.029307048,4371083
2025-06-09T20:00:00Z,529.019355218,529.19848815,528.024172263,528.143594218,5195757
2025-06-09T21:00:00Z,528.133642388,528.282919832,527.596243593,528.193353366,1782394
2025-06-09T22:00:00Z,528.193353366,528.302823491,527.934605797,528.193353366,309956
2025-06-09T23:00:00Z,528.193353366,528.720800332,528.193353366,528.292871661,141008
2025-06-10T00:00:00Z,528.292871661,528.561571059,528.292871661,528.511811911,60451
2025-06-10T09:00:00Z,531.467505288,531.467505288,526.859808206,528.004268604,77975
2025-06-10T10:00:00Z,528.004268604,528.690944843,527.914702138,528.571522889,72159
2025-06-10T11:00:00Z,528.571522889,529.098969855,528.442149105,528.671041184,93252
2025-06-10T12:00:00Z,528.671041184,529.118873514,527.845039332,529.118873514,110300
2025-06-10T13:00:00Z,529.118873514,529.317910105,528.880029605,529.118873514,311513
2025-06-10T13:30:00Z,529.118873514,529.238295468,528.442149105,528.76060765,136132
2025-06-10T14:30:00Z,528.611330207,529.974730855,528.193353366,529.506994866,6896671
2025-06-10T15:30:00Z,529.506994866,529.87521256,528.820318627,529.108921684,3990601
2025-06-10T16:30:00Z,529.113897599,530.492225992,526.342313069,530.298165316,6927693
2025-06-10T17:30:00Z,530.31309306,530.840540026,529.845357071,529.875312078,3666124
2025-06-10T18:30:00Z,529.895116219,529.953931531,528.223208854,529.487190726,4190812
2025-06-10T19:30:00Z,529.477139378,532.323362629,529.447283889,531.736204686,7460302
2025-06-10T20:00:00Z,531.726252856,531.845674811,530.372804037,531.63668639,5430415
2025-06-10T21:00:00Z,531.706349197,531.785963833,531.029624788,531.338131504,1197616
2025-06-10T22:00:00Z,531.338131504,531.457553458,531.328179674,531.348083333,90334
2025-06-10T23:00:00Z,531.348083333,532.144229697,531.228661378,531.876525482,45894
2025-06-11T00:00:00Z,531.876525482,532.442784584,530.502177821,531.397842481,135004
2025-06-11T09:00:00Z,531.63668639,531.63668639,530.731069901,531.338131504,64711
2025-06-11T10:00:00Z,531.338131504,531.348083333,530.551936969,530.551936969,73407
2025-06-11T11:00:00Z,530.551936969,531.129143083,530.412611355,530.870395515,67979
2025-06-11T12:00:00Z,530.870395515,531.139094913,529.805549753,530.940058322,106364
2025-06-11T13:00:00Z,530.940058322,534.910838312,529.944875367,533.338449243,1638573
2025-06-11T13:30:00Z,533.338449243,533.63700413,532.781146788,532.930424232,388646
2025-06-11T14:30:00Z,533.039894357,533.676811448,530.621599776,533.552413578,8808157
2025-06-11T15:30:00Z,533.557389493,534.194306584,532.263651652,533.05780765,6518993
2025-06-11T16:30:00Z,533.079701675,533.258834607,530.402659526,532.064615061,6261233
2025-06-11T17:30:00Z,532.054663231,533.029942527,531.576975413,532.786122703,3695917
2025-06-11T18:30:00Z,532.796074533,532.860761425,527.556436275,528.977557534,8593474
2025-06-11T19:30:00Z,529.024331133,530.502177821,528.123690559,528.9795479,8103753
2025-06-11T20:00:00Z,528.98949973,529.984682685,528.362534468,529.845357071,6962827
2025-06-11T21:00:00Z,529.845357071,530.402659526,529.487091207,529.696079628,1963477
2025-06-11T22:00:00Z,529.696079628,529.845357071,529.377621082,529.42738023,133485
2025-06-11T23:00:00Z,529.42738023,529.964779026,528.442149105,528.621282036,113643
2025-06-12T00:00:00Z,528.621282036,529.298006446,528.282919832,528.680993014,206457
2025-06-12T09:00:00Z,529.845357071,529.845357071,525.755155126,527.795280184,113722
2025-06-12T10:00:00Z,527.795280184,528.800414968,527.65595457,528.044075923,92978
2025-06-12T11:00:00Z,528.044075923,528.292871661,526.959326502,527.904750309,153189
2025-06-12T12:00:00Z,527.904750309,527.974413116,526.242794774,526.302505751,160731
2025-06-12T13:00:00Z,526.302505751,528.949692412,526.083565501,528.830270457,504725
2025-06-12T13:30:00Z,528.710848502,529.43733206,528.292871661,528.292871661,165977
2025-06-12T14:30:00Z,528.53171557,530.940058322,528.282919832,530.696238498,6316455
2025-06-12T15:30:00Z,530.711166242,532.068396756,529.785745612,530.641503435,5404147
2025-06-12T16:30:00Z,530.651455265,531.746156515,530.074149632,531.550702583,4778811
2025-06-12T17:30:00Z,531.547119924,531.845674811,530.571840628,531.18885406,4051684
2025-06-12T18:30:00Z,531.158998572,531.835722981,530.253382083,530.696238498,3343167
2025-06-12T19:30:00Z,530.701214412,531.477457117,530.30314123,531.059480276,3857558
2025-06-12T20:00:00Z,531.059480276,531.129143083,530.034441833,531.089335765,3681438
2025-06-12T21:00:00Z,531.109239424,531.318227844,530.422563185,530.422563185,1321733
2025-06-12T22:00:00Z,530.422563185,530.591744287,530.382755867,530.54198514,171865
2025-06-12T23:00:00Z,530.54198514,530.54198514,529.377621082,529.765742435,47219
2025-06-13T00:00:00Z,529.765742435,529.933629799,527.486773468,527.516628956,106791
2025-06-13T09:00:00Z,531.089335765,531.089335765,522.082930022,523.147775784,188179
2025-06-13T10:00:00Z,523.157727613,524.222573375,522.719847113,523.774741046,195548
2025-06-13T11:00:00Z,523.744885557,524.461417285,523.107968466,524.34199533,191998
2025-06-13T12:00:00Z,524.34199533,525.625781342,524.262380693,525.247611819,483631
2025-06-13T13:00:00Z,525.247611819,525.635733171,524.252428864,524.590791069,619972
2025-06-13T13:30:00Z,524.590791069,525.158045353,523.864307512,524.759972171,332026
2025-06-13T14:30:00Z,525.138141694,527.845039332,523.605559943,523.834452023,10263719
2025-06-13T15:30:00Z,523.82469923,528.183401536,523.695126409,527.954509457,7546491
2025-06-13T16:30:00Z,527.944557627,529.307958275,527.627392819,528.467028678,4913020
2025-06-13T17:30:00Z,528.481956423,529.044234792,526.899615524,527.307640536,4782998
2025-06-13T18:30:00Z,527.317592365,528.1037869,524.829634978,524.949056932,6113718
2025-06-13T19:30:00Z,524.959008762,525.386937433,523.23734225,523.963825807,10301565
2025-06-13T20:00:00Z,523.963825807,524.959008762,523.197534932,524.421609966,8346503
2025-06-13T21:00:00Z,524.401706307,525.158045353,524.182766057,524.451465455,1510443
2025-06-13T22:00:00Z,524.451465455,524.609699545,524.262380693,524.322091671,234458
2025-06-13T23:00:00Z,524.322091671,524.451465455,523.764789216,524.371850819,20769
2025-06-14T00:00:00Z,524.371850819,524.491272773,524.222573375,524.441513625,32048
2025-06-16T09:00:00Z,524.421609966,527.725617377,524.421609966,527.616147252,123138
2025-06-16T10:00:00Z,527.616147252,527.735569206,526.421927706,526.909567354,86731
2025-06-16T11:00:00Z,526.909567354,527.616147252,526.690627104,527.616147252,118775
2025-06-16T12:00:00Z,527.616147252,528.321731967,526.949374672,528.321731967,193504
2025-06-16T13:00:00Z,528.321731967,529.059162537,528.094332662,528.432197275,487842
2025-06-16T13:30:00Z,528.432197275,528.720800332,527.835087502,527.964461286,212454
2025-06-16T14:30:00Z,527.944557627,532.30345897,527.894798479,532.233796163,9584570
2025-06-16T15:30:00Z,532.233796163,532.791098618,531.626734561,532.004904083,5165215
2025-06-16T16:30:00Z,531.985000424,532.383073606,531.238613208,531.507312606,3990064
2025-06-16T17:30:00Z,531.507312606,532.393025436,530.930106492,532.184037015,2910936
2025-06-16T18:30:00Z,532.174085186,532.482591902,531.238613208,531.596879072,2622045
2025-06-16T19:30:00Z,531.606134273,532.024807743,530.75097356,531.447601629,4237711
2025-06-16T20:00:00Z,531.457553458,531.925289447,530.870395515,531.716301026,5450427
2025-06-16T21:00:00Z,531.716301026,531.935241277,531.328179674,531.42769797,1799115
2025-06-16T22:00:00Z,531.42769797,531.875530299,531.42769797,531.776012004,334455
2025-06-16T23:00:00Z,531.696397367,531.716301026,529.108921684,529.516946696,153596
2025-06-17T00:00:00Z,529.516946696,530.283237571,527.904750309,527.904750309,307732
2025-06-17T09:00:00Z,531.716301026,531.716301026,528.113738729,529.098969855,125345
2025-06-17T10:00:00Z,529.098969855,529.506994866,528.163497877,528.372486298,84988
2025-06-17T11:00:00Z,528.372486298,528.790463139,527.44696615,528.472004593,92699
2025-06-17T12:00:00Z,528.462052764,529.307958275,528.332678979,529.268150957,120073
2025-06-17T13:00:00Z,529.268150957,529.87521256,528.561571059,528.959644241,401066
2025-06-17T13:30:00Z,528.959644241,529.43733206,528.472004593,529.098969855,140215
2025-06-17T14:30:00Z,529.148729003,530.75097356,528.248187947,530.014538173,7239884
2025-06-17T15:30:00Z,529.994634514,530.755949475,529.248247298,529.715983287,4714011
2025-06-17T16:30:00Z,529.725935116,530.671358924,529.42738023,530.143911958,3804864
2025-06-17T17:30:00Z,530.143911958,530.571840628,527.835087502,527.894798479,5109846
2025-06-17T18:30:00Z,527.894798479,528.720800332,525.546166705,525.98902312,7489788
2025-06-17T19:30:00Z,526.003950865,527.287736877,525.367033774,527.20812224,5033282
2025-06-17T20:00:00Z,527.228025899,527.526580786,526.232842944,526.531397831,5497513
2025-06-17T21:00:00Z,526.481638683,527.098652115,526.023854524,526.352264899,1657461
2025-06-17T22:00:00Z,526.352264899,526.402024047,525.874577081,525.874577081,245615
2025-06-17T23:00:00Z,525.874577081,525.993999035,524.312139841,524.541031921,247967
2025-06-18T00:00:00Z,524.541031921,525.755155126,524.371950337,525.26741596,176298
2025-06-18T09:00:00Z,526.531397831,528.591426548,526.531397831,528.452100934,84522
2025-06-18T10:00:00Z,528.452100934,529.158680832,528.422245445,528.462052764,85979
2025-06-18T11:00:00Z,528.462052764,528.472004593,526.601060638,526.720482592,114020
2025-06-18T12:00:00Z,526.720482592,528.432197275,526.591108808,527.785328354,200877
2025-06-18T13:00:00Z,527.785328354,528.193353366,527.257881388,527.357399684,296087
2025-06-18T13:30:00Z,527.357399684,528.054027752,527.327544195,527.367351513,169085
2025-06-18T14:30:00Z,527.546484445,529.616464991,525.934288058,529.4174284,7930477
2025-06-18T15:30:00Z,529.422404315,529.984682685,528.661089355,528.850174116,4905295
2025-06-18T16:30:00Z,528.860125946,529.477139378,528.173449707,528.32272715,3298159
2025-06-18T17:30:00Z,528.302823491,528.900928447,527.068796627,527.082729188,3397686
2025-06-18T18:30:00Z,527.088700286,529.516946696,526.232842944,527.894798479,6079419
2025-06-18T19:30:00Z,527.904750309,529.188536321,524.859490467,525.804914274,10186965
2025-06-18T20:00:00Z,525.745203296,527.735569206,525.486455728,526.441831365,5194886
2025-06-18T21:00:00Z,526.421927706,527.098652115,526.402024047,526.650819786,1721134
2025-06-18T22:00:00Z,526.650819786,526.740386251,526.302505751,526.33236124,152254
2025-06-18T23:00:00Z,526.33236124,526.730434422,525.486455728,526.07371319,126224
2025-06-19T00:00:00Z,526.07371319,526.55130149,525.854673422,526.411975876,48455
2025-06-20T09:00:00Z,526.023854524,526.611012467,524.56093558,524.650502046,121952
2025-06-20T10:00:00Z,524.799779489,525.725299637,524.720164853,525.576022194,68179
2025-06-20T11:00:00Z,525.576022194,525.775058785,525.138141694,525.526263046,89169
2025-06-20T12:00:00Z,525.526263046,528.044075923,525.496407558,527.168314922,192207
2025-06-20T13:00:00Z,527.168314922,528.889981434,527.148411263,528.571522889,485107
2025-06-20T13:30:00Z,528.601378377,530.432515015,528.521863259,529.616464991,564739
2025-06-20T14:30:00Z,529.696079628,530.989817469,525.237659989,526.372168558,10595202
2025-06-20T15:30:00Z,526.382120388,527.048892968,522.57056967,524.565911495,8580780
2025-06-20T16:30:00Z,524.541031921,526.053710013,523.983729466,524.680357535,8971150
2025-06-20T17:30:00Z,524.670405705,525.874577081,523.048257488,523.058209318,5293223
2025-06-20T18:30:00Z,523.068161148,525.546166705,522.35162942,525.048575228,7520638
2025-06-20T19:30:00Z,525.058527058,525.43669658,523.197534932,523.44633067,5580435
2025-06-20T20:00:00Z,523.44633067,524.56093558,523.068161148,524.292236182,10278005
2025-06-20T21:00:00Z,524.162862398,525.824817933,524.11310325,524.978912421,3307631
2025-06-20T22:00:00Z,524.978912421,525.068478887,524.351947159,524.710213023,146625
2025-06-20T23:00:00Z,524.710213023,524.939105103,524.521128262,524.77987583,40630
2025-06-21T00:00:00Z,524.77987583,525.048674746,524.710213023,525.018620221,47849
2025-06-23T09:00:00Z,524.29223657,526.564908329,524.29223657,525.787793691,134134
2025-06-23T10:00:00Z,525.787793691,526.375611173,525.160124175,525.239828241,66472
2025-06-23T11:00:00Z,525.239828241,526.136498977,524.373046529,524.592232709,119172
2025-06-23T12:00:00Z,524.592232709,524.771566856,522.659409122,523.825081079,175037
2025-06-23T13:00:00Z,523.825081079,525.249791249,523.595931891,525.209939216,344157
2025-06-23T13:30:00Z,525.209939216,525.329495315,524.552380677,524.831344906,293414
2025-06-23T14:30:00Z,524.86123393,528.248656711,522.221036762,527.57774774,8891829
2025-06-23T15:30:00Z,527.60106118,528.388138826,526.674501419,526.714353452,4472545
2025-06-23T16:30:00Z,526.704390443,527.184607438,524.482639619,524.612158726,5077800
2025-06-23T17:30:00Z,524.612158726,528.706955088,521.712923345,528.398101834,12558569
2025-06-23T18:30:00Z,528.398101834,530.002146151,528.398101834,528.985919317,6807100
2025-06-23T19:30:00Z,528.995882325,529.613588832,528.467842891,529.264883546,4353226
2025-06-23T20:00:00Z,529.254920537,530.201406315,528.681748677,529.683329889,4784030
2025-06-23T21:00:00Z,529.743107938,530.032035176,529.254920537,529.73314493,1655666
2025-06-23T22:00:00Z,529.73314493,530.022072167,529.663403873,529.95233111,135855
2025-06-23T23:00:00Z,529.95233111,533.140493728,529.544146665,532.85156649,455106
2025-06-24T00:00:00Z,532.85156649,534.116868529,532.841603482,533.738274218,342036
2025-06-24T09:00:00Z,535.48180065,536.039729108,534.136794546,535.352281544,149666
2025-06-24T10:00:00Z,535.352281544,536.507990493,535.352281544,535.631245773,143421
2025-06-24T11:00:00Z,535.631245773,535.780690895,534.814279102,534.923872192,124183
2025-06-24T12:00:00Z,534.923872192,535.451911625,534.136794546,535.402096585,157439
2025-06-24T13:00:00Z,535.402096585,535.551541707,534.266313652,534.9338352,363987
2025-06-24T13:30:00Z,534.9338352,535.511689675,534.71464902,534.82424211,239855
2025-06-24T14:30:00Z,534.903946176,536.049692116,534.286239668,535.417041097,9705319
2025-06-24T15:30:00Z,535.422022601,536.976251877,535.242688454,536.965093308,5884223
2025-06-24T16:30:00Z,536.976251877,537.504291311,536.592676062,537.394698221,5386898
2025-06-24T17:30:00Z,537.384735212,538.007423224,537.115733991,537.295068139,4596694
2025-06-24T18:30:00Z,537.300049643,538.331220989,537.285105131,537.94266367,3416186
2025-06-24T19:30:00Z,537.94266367,538.699852292,537.773292531,538.092108793,4772714
2025-06-24T20:00:00Z,538.082145785,538.376054526,537.733440499,537.78325554,8203076
2025-06-24T21:00:00Z,537.78325554,538.042293752,537.484365294,537.813144564,2249835
2025-06-24T22:00:00Z,537.813144564,538.131960826,537.713514482,537.803181556,242694
2025-06-24T23:00:00Z,537.803181556,537.813144564,537.285105131,537.514254319,64265
2025-06-25T00:00:00Z,537.514254319,538.291368957,537.334920171,538.181775867,54629
2025-06-25T09:00:00Z,537.78325554,538.500592129,537.78325554,538.500592129,64475
2025-06-25T10:00:00Z,538.500592129,538.92900148,538.251516924,538.311294973,63046
2025-06-25T11:00:00Z,538.311294973,539.048557578,538.072182777,538.829371398,82253
2025-06-25T12:00:00Z,538.869223431,539.895413274,538.739704325,539.895413274,123550
2025-06-25T13:00:00Z,539.895413274,540.323822625,539.646338069,540.323822625,274819
2025-06-25T13:30:00Z,540.323822625,540.363674658,539.965154331,540.094673437,172603
2025-06-25T14:30:00Z,540.054821405,541.300197427,539.237854734,539.785820184,12329033
2025-06-25T15:30:00Z,539.795783192,540.642638887,538.749667333,539.168113677,5705931
2025-06-25T16:30:00Z,539.168113677,539.193021197,538.131960826,538.475684608,3637225
2025-06-25T17:30:00Z,538.480666112,539.12328014,537.902811638,538.978916151,4021732
2025-06-25T18:30:00Z,538.988779529,539.028631562,537.384735212,538.316276477,5731005
2025-06-25T19:30:00Z,538.311294973,539.078446603,537.823107572,538.60022221,3434873
2025-06-25T20:00:00Z,538.590259202,539.217928717,538.121997818,539.158150668,4468411
2025-06-25T21:00:00Z,539.158150668,540.094673437,538.869223431,539.387299857,4366638
2025-06-25T22:00:00Z,539.387299857,539.706116118,538.909075464,538.958890505,187607
2025-06-25T23:00:00Z,539.048557578,539.69615311,538.909075464,539.168113677,98394
2025-06-26T00:00:00Z,539.168113677,539.207965709,538.570333186,539.128261644,58525
2025-06-26T09:00:00Z,538.998742538,541.947792959,538.998742538,541.589124664,87441
2025-06-26T10:00:00Z,541.619013689,541.688754746,541.170678321,541.330086452,67254
2025-06-26T11:00:00Z,541.330086452,542.007571008,541.170678321,541.44964255,61629
2025-06-26T12:00:00Z,541.44964255,541.878051902,541.399827509,541.868088893,351244
2025-06-26T13:00:00Z,541.868088893,542.037460032,540.642638887,541.34004946,423186
2025-06-26T13:30:00Z,541.34004946,541.589124664,540.802047018,541.399827509,282663
2025-06-26T14:30:00Z,541.34004946,541.853144381,539.516818963,541.748532795,8790083
2025-06-26T15:30:00Z,541.743551291,542.734870605,541.439679542,541.633958201,5986350
2025-06-26T16:30:00Z,541.638939705,543.213094998,541.302688179,542.799630158,4949853
2025-06-26T17:30:00Z,542.804611662,543.382466137,542.396128327,543.292799063,2784438
2025-06-26T18:30:00Z,543.312725079,544.498323053,543.282836055,544.204115421,7573358
2025-06-26T19:30:00Z,544.209395816,544.4335635,543.731171423,544.139654758,3582838
2025-06-26T20:00:00Z,544.139654758,544.647768176,543.711942817,544.199432807,6499279
2025-06-26T21:00:00Z,544.199432807,544.269173865,543.432281178,544.159580775,2103673
2025-06-26T22:00:00Z,544.159580775,544.807176306,544.119728742,544.528212077,238938
2025-06-26T23:00:00Z,544.528212077,545.056251511,544.12969175,544.777287282,118022
2025-06-27T00:00:00Z,544.728368912,544.827102323,544.199432807,544.358840938,68193
2025-06-27T09:00:00Z,544.199432807,546.301627533,544.199432807,546.301627533,59496
2025-06-27T10:00:00Z,546.301627533,546.301627533,545.813440133,546.162145419,54852
2025-06-27T11:00:00Z,546.162145419,546.241849484,545.763625092,545.923033223,60124
2025-06-27T12:00:00Z,545.873218182,546.969149082,545.843329157,546.969149082,165343
2025-06-27T13:00:00Z,546.969149082,547.158446237,545.614179969,545.813440133,553171
2025-06-27T13:30:00Z,545.813440133,545.853292165,545.026362486,545.026362486,244983
2025-06-27T14:30:00Z,545.235585658,547.955486891,544.717509233,546.994255862,9032328
2025-06-27T15:30:00Z,546.989075098,547.726337703,546.112629268,547.228187294,6086284
2025-06-27T16:30:00Z,547.228187294,547.895708842,546.889445016,547.327817376,4974895
2025-06-27T17:30:00Z,547.337780384,547.396861023,546.580591762,546.730036885,6453400
2025-06-27T18:30:00Z,546.730036885,546.959086443,544.159580775,544.159580775,9089071
2025-06-27T19:30:00Z,544.169543783,544.587990126,542.530628937,544.23928484,9458682
2025-06-27T20:00:00Z,544.23928484,546.356424078,544.23928484,546.062515337,8488200
2025-06-27T21:00:00Z,546.172108427,546.172108427,545.394993789,545.962885255,2491082
2025-06-27T22:00:00Z,545.962885255,546.032626313,545.683921026,545.932996231,354813
2025-06-27T23:00:00Z,545.932996231,545.932996231,545.624142977,545.693884034,44865
2025-06-28T00:00:00Z,545.763625092,545.823403141,545.564364928,545.564364928,54048
2025-06-30T09:00:00Z,546.062515337,549.699013323,546.062515337,549.290529987,97144
2025-06-30T10:00:00Z,549.260640963,550.217089748,549.180936897,549.420049094,102812
2025-06-30T11:00:00Z,549.420049094,550.047718609,549.390160069,549.699013323,77688
2025-06-30T12:00:00Z,549.699013323,549.98794056,549.420049094,549.718939339,148796
2025-06-30T13:00:00Z,549.718939339,549.778717388,548.78241657,549.11119584,396414
2025-06-30T13:30:00Z,549.11119584,549.639235274,549.081306816,549.101232832,229108
2025-06-30T14:30:00Z,549.22078893,549.270603971,546.97911209,548.463500678,8716227
2025-06-30T15:30:00Z,548.478544821,548.533341366,547.497188515,547.85585681,5353521
2025-06-30T16:30:00Z,547.875782826,549.059388198,547.667057805,548.324118194,3583893
2025-06-30T17:30:00Z,548.314155186,549.041454783,548.035190957,548.334081202,3014889
2025-06-30T18:30:00Z,548.334081202,548.662860472,547.148483229,547.935560875,4839536
2025-06-30T19:30:00Z,547.935560875,549.748828364,547.009001114,549.355289541,6788367
2025-06-30T20:00:00Z,549.350308037,550.75509219,549.081306816,549.599383241,8311362
2025-06-30T21:00:00Z,549.599383241,549.87834747,548.792379578,549.151047873,3752906
2025-06-30T22:00:00Z,549.151047873,549.479827143,549.151047873,549.469864135,151966
2025-06-30T23:00:00Z,549.410086086,549.599383241,548.911935677,548.911935677,98826
2025-07-01T00:00:00Z,548.981676734,549.628176335,548.712675513,549.519679176,66114
2025-07-01T09:00:00Z,549.599383241,549.599383241,548.144784047,548.652897464,71595
2025-07-01T10:00:00Z,548.652897464,548.792379578,547.9654499,548.423748276,81537
2025-07-01T11:00:00Z,548.393859251,548.573193398,548.244414129,548.543304374,53477
2025-07-01T12:00:00Z,548.56323039,548.752527546,547.875782826,548.324118194,82346
2025-07-01T13:00:00Z,548.324118194,548.4536373,546.620443795,547.507151523,526032
2025-07-01T13:30:00Z,547.507151523,548.075042989,547.447373474,547.556966564,255870
2025-07-01T14:30:00Z,547.696448679,548.67282348,546.391294607,546.804759447,9144896
2025-07-01T15:30:00Z,546.809740951,547.178372253,542.645203531,544.807176306,14601865
2025-07-01T16:30:00Z,544.807176306,545.345178748,543.193168981,544.6776572,6326711
2025-07-01T17:30:00Z,544.657731184,546.231886476,544.398692971,545.781558506,4431562
2025-07-01T18:30:00Z,545.783551108,546.660295828,545.44480883,545.743699075,3688393
2025-07-01T19:30:00Z,545.733736067,546.261775501,543.900542562,545.758643588,6695320
2025-07-01T20:00:00Z,545.753662084,546.371368591,544.807176306,544.966584437,7432342
2025-07-01T21:00:00Z,544.976547446,545.11602956,544.478397037,544.976547446,2268210
2025-07-01T22:00:00Z,544.976547446,544.976547446,544.578027118,544.627842159,338688
2025-07-01T23:00:00Z,544.627842159,545.654032002,544.627842159,545.601526949,83227
2025-07-02T00:00:00Z,545.601526949,545.793514116,545.21336815,545.33521574,64719
2025-07-02T09:00:00Z,545.843329157,546.162145419,545.365104765,545.454771838,82854
2025-07-02T10:00:00Z,545.454771838,545.624142977,545.135955576,545.584290944,53734
2025-07-02T11:00:00Z,545.584290944,545.673958018,544.647768176,544.926732405,73291
2025-07-02T12:00:00Z,544.926732405,545.325252732,543.80091248,544.398692971,134703
2025-07-02T13:00:00Z,544.398692971,544.876917364,542.525647433,543.262910039,569710
2025-07-02T13:30:00Z,543.262910039,544.259210857,542.954056785,544.249247848,345944
2025-07-02T14:30:00Z,544.139654758,547.606781605,544.099802726,547.432428962,8068915
2025-07-02T15:30:00Z,547.41748445,548.722538891,546.999038106,547.696448679,6949576
2025-07-02T16:30:00Z,547.706411687,548.662860472,547.626707621,548.383896243,3583686
2025-07-02T17:30:00Z,548.383896243,548.762490554,547.875782826,548.085005998,3101715
2025-07-02T18:30:00Z,548.085005998,548.512419049,547.85585681,548.334081202,2697702
2025-07-02T19:30:00Z,548.334081202,548.872083644,548.12485803,548.254377137,3447456
2025-07-02T20:00:00Z,548.249395633,548.961750718,547.995338924,548.762490554,5495029
2025-07-02T21:00:00Z,548.78241657,549.081306816,548.363970227,548.961750718,1803513
2025-07-02T22:00:00Z,548.961750718,549.061380799,548.832231611,548.862120636,72167
2025-07-02T23:00:00Z,548.832231611,549.11119584,548.423748276,548.792379578,66817
2025-07-03T00:00:00Z,548.792379578,548.911935677,548.752527546,548.901972668,53270
2025-07-03T09:00:00Z,548.762490554,550.227052756,548.762490554,549.340345028,54408
2025-07-03T10:00:00Z,549.340345028,549.748828364,549.161010881,549.180936897,54396
2025-07-03T11:00:00Z,549.22078893,549.350308037,548.762490554,549.310456004,54204
2025-07-03T12:00:00Z,549.310456004,549.639235274,549.250677955,549.499753159,89922
2025-07-03T13:00:00Z,549.499753159,551.203427558,549.250677955,550.217089748,604872
2025-07-03T13:30:00Z,550.217089748,551.332946664,550.217089748,551.19346455,227892
2025-07-03T14:30:00Z,551.133686501,554.272034077,551.133686501,554.142514971,9747377
2025-07-03T15:30:00Z,554.142514971,554.610776356,553.594449891,554.361701151,5406913
2025-07-03T16:30:00Z,554.351738143,555.138815789,554.281997086,554.511146274,4112230
2025-07-03T17:00:00Z,554.50716107,554.730332454,553.425178382,554.162440987,4508595
2025-07-03T18:00:00Z,554.132551963,554.4214792,553.54473448,553.724068628,1304048
2025-07-03T19:00:00Z,553.724068628,553.863550742,553.669272083,553.699161107,110551
2025-07-03T20:00:00Z,553.699161107,553.87351375,553.644364562,553.773883668,57225
2025-07-03T21:00:00Z,553.773883668,553.853587734,553.664290578,553.753957652,74028
2025-07-07T09:00:00Z,554.162440987,554.162440987,550.655462108,550.794944223,98121
2025-07-07T10:00:00Z,550.794944223,551.970579188,550.625573084,551.970579188,81658
2025-07-07T11:00:00Z,551.970579188,552.488655613,551.85102309,551.900838131,66483
2025-07-07T12:00:00Z,551.900838131,552.448803581,551.751393008,552.428877564,152837
2025-07-07T13:00:00Z,552.428877564,552.88717594,551.52224382,551.681651951,401072
2025-07-07T13:30:00Z,551.651762926,551.721503983,551.103797476,551.552132844,169806
2025-07-07T14:30:00Z,551.472428779,552.28939545,550.446238936,551.332946664,7656077
2025-07-07T15:30:00Z,551.322983656,551.362835689,550.007866576,550.904537313,4708470
2025-07-07T16:30:00Z,550.894574304,551.890875122,548.790486607,550.227052756,7066465
2025-07-07T17:30:00Z,550.20712674,550.97427837,549.22078893,549.718939339,5592402
2025-07-07T18:30:00Z,549.723920843,551.053982435,547.616744613,547.676522662,5933312
2025-07-07T19:30:00Z,547.676522662,550.127522305,547.547003556,549.131121857,6202358
2025-07-07T20:00:00Z,549.131121857,550.187200724,548.991639742,549.98794056,4752534
2025-07-07T21:00:00Z,549.977977552,550.067644625,548.553267382,548.931861693,1929262
2025-07-07T22:00:00Z,548.931861693,548.991639742,548.583156407,548.772453562,291568
2025-07-07T23:00:00Z,548.772453562,549.300492996,548.314155186,549.180239487,163763
2025-07-08T00:00:00Z,549.151047873,549.87834747,549.11119584,549.758791372,54593
2025-07-08T09:00:00Z,549.98794056,551.96061618,549.98794056,551.63183691,77675
2025-07-08T10:00:00Z,551.63183691,551.731466992,550.994204386,551.093834468,46208
2025-07-08T11:00:00Z,551.093834468,551.731466992,550.655462108,551.562095852,78471
2025-07-08T12:00:00Z,551.562095852,551.811171057,551.204423859,551.482391787,62937
2025-07-08T13:00:00Z,551.482391787,551.751393008,550.844759264,551.332946664,284254
2025-07-08T13:30:00Z,551.402687722,551.791245041,551.224349875,551.352872681,141070
2025-07-08T14:30:00Z,551.332946664,551.502317803,549.250677955,549.858421454,6857561
2025-07-08T15:30:00Z,549.858421454,551.482391787,549.061380799,549.728902347,6798261
2025-07-08T16:30:00Z,549.728902347,551.96061618,549.728902347,551.591984877,3562674
2025-07-08T17:30:00Z,551.601947885,551.721503983,549.908236495,550.770036702,4024626
2025-07-08T18:30:00Z,550.794944223,551.452502763,550.276867797,550.760073694,3274275
2025-07-08T19:30:00Z,550.775018206,550.944389345,549.778717388,550.222071252,4293592
2025-07-08T20:00:00Z,550.227052756,550.53590601,549.778717388,550.296793814,4595662
2025-07-08T21:00:00Z,550.286830805,550.665425116,550.177237715,550.53590601,1766276
2025-07-08T22:00:00Z,550.53590601,550.6454991,550.42631292,550.545869018,201607
2025-07-08T23:00:00Z,550.545869018,550.944389345,550.525943002,550.735166174,24092
2025-07-09T00:00:00Z,550.735166174,551.004167394,550.376497879,550.506016985,64425
2025-07-09T09:00:00Z,550.296793814,550.565795034,550.117459666,550.346608855,44165
2025-07-09T10:00:00Z,550.346608855,551.502317803,550.346608855,551.093834468,51497
2025-07-09T11:00:00Z,551.093834468,551.362835689,550.814870239,551.093834468,45528
2025-07-09T12:00:00Z,551.093834468,551.791245041,551.053982435,551.482391787,61090
2025-07-09T13:00:00Z,551.482391787,551.860986098,551.19346455,551.382761705,248582
2025-07-09T13:30:00Z,551.382761705,552.50858163,551.313020648,552.478692605,151406
2025-07-09T14:30:00Z,552.428877564,555.567225141,552.418914556,554.077755418,9270496
2025-07-09T15:30:00Z,554.082736922,554.082736922,551.053982435,552.473810731,9041337
2025-07-09T16:30:00Z,552.478692605,552.687915777,551.492354795,552.31430297,4012425
2025-07-09T17:30:00Z,552.319284474,553.151195657,552.060246261,552.548433662,4204883
2025-07-09T18:30:00Z,552.518544638,553.564660497,552.040320245,553.250825739,4432310
2025-07-09T19:30:00Z,553.245844235,554.122588955,553.156077531,553.803772693,4445676
2025-07-09T20:00:00Z,553.793809685,554.321849118,553.594549521,554.192330012,5499077
2025-07-09T21:00:00Z,554.172403996,554.391590176,553.714105619,553.993069848,1303105
2025-07-09T22:00:00Z,553.993069848,554.032921881,553.833661718,554.003032857,134885
2025-07-09T23:00:00Z,553.963180824,554.481257249,553.803772693,554.31188611,49915
2025-07-10T00:00:00Z,554.31188611,554.351738143,553.743994644,553.803772693,52433
2025-07-10T09:00:00Z,554.192330012,554.192330012,553.43514139,554.122588955,56431
2025-07-10T10:00:00Z,554.122588955,554.20229302,553.345474317,553.714105619,58619
2025-07-10T11:00:00Z,553.714105619,554.281997086,553.614475538,554.072773914,59682
2025-07-10T12:00:00Z,554.072773914,554.849888552,553.963180824,554.740295462,90644
2025-07-10T13:00:00Z,554.740295462,554.770184486,553.943254808,554.242145053,293696
2025-07-10T13:30:00Z,554.242145053,554.939555626,554.072773914,554.810036519,162539
2025-07-10T14:30:00Z,554.829962536,555.238445871,550.705277149,551.552132844,9708811
2025-07-10T15:30:00Z,551.572058861,553.10636212,551.502317803,553.006034628,5092630
2025-07-10T16:30:00Z,553.006732039,553.639383058,552.184783864,553.251124629,4422457
2025-07-10T17:30:00Z,553.245844235,553.445104399,552.657927122,553.340492813,3333405
2025-07-10T18:30:00Z,553.335511309,554.232182045,553.330828695,553.84860623,2825865
2025-07-10T19:30:00Z,553.858569238,554.102662938,553.644364562,553.753957652,2900198
2025-07-10T20:00:00Z,553.743994644,554.082736922,552.8373609,553.395289358,4119440
2025-07-10T21:00:00Z,553.415215374,553.634401554,552.99676903,553.285696268,1074360
2025-07-10T22:00:00Z,553.285696268,553.395289358,553.255807243,553.306917475,136590
2025-07-10T23:00:00Z,553.295659276,553.963180824,553.235881227,553.963180824,101532
2025-07-11T00:00:00Z,553.963180824,554.172403996,553.76392066,554.072773914,74215
2025-07-11T09:00:00Z,553.395289358,553.395289358,550.197163732,550.97427837,118236
2025-07-11T10:00:00Z,550.97427837,551.153612517,549.948088527,550.077607634,123035
2025-07-11T11:00:00Z,550.027792593,550.715240157,549.818569421,550.256941781,99533
2025-07-11T12:00:00Z,550.256941781,551.452502763,550.167274707,551.093834468,170892
2025-07-11T13:00:00Z,551.093834468,551.352872681,550.476227591,551.014130403,318744
2025-07-11T13:30:00Z,551.014130403,551.352872681,550.625573084,551.183501542,222028
2025-07-11T14:30:00Z,551.253242599,553.335511309,550.007866576,553.036621063,8197112
2025-07-11T15:30:00Z,553.026658055,553.425178382,551.063945443,552.045301749,5721446
2025-07-11T16:30:00Z,552.040320245,553.455067407,552.000468212,553.046683701,4544136
2025-07-11T17:30:00Z,553.056547079,553.734031636,552.50858163,553.385326349,3405761
2025-07-11T18:30:00Z,553.395289358,553.549715984,552.319284474,553.235881227,3621474
2025-07-11T19:30:00Z,553.235881227,553.664290578,551.432576746,552.747693826,5179101
2025-07-11T20:00:00Z,552.747693826,552.802590001,552.120024311,552.149913335,4395331
2025-07-11T21:00:00Z,552.149913335,552.199728376,551.562095852,551.731367361,3244047
2025-07-11T22:00:00Z,551.731367361,551.85102309,551.611910893,551.841060082,199935
2025-07-11T23:00:00Z,551.841060082,551.841060082,551.492354795,551.502317803,28384
2025-07-12T00:00:00Z,551.502317803,551.63183691,551.332946664,551.452502763,29633
2025-07-14T09:00:00Z,552.149913335,552.149913335,550.117459666,550.605647067,117714
2025-07-14T10:00:00Z,550.605647067,551.004167394,550.456201945,550.914500321,54995
2025-07-14T11:00:00Z,550.914500321,550.934426337,550.237015765,550.356571863,79164
2025-07-14T12:00:00Z,550.356571863,550.954352354,550.117459666,550.665425116,119372
2025-07-14T13:00:00Z,550.665425116,551.143649509,550.456201945,550.86468528,300445
2025-07-14T13:30:00Z,550.86468528,551.990505204,550.675388124,551.930727155,182530
2025-07-14T14:30:00Z,551.940690163,553.026658055,549.589420233,551.895956257,10373286
2025-07-14T15:30:00Z,551.860986098,553.863451112,551.492354795,553.599730285,5243868
2025-07-14T16:30:00Z,553.604512529,554.003032857,553.146214153,553.669272083,3187550
2025-07-14T17:30:00Z,553.664290578,554.790210133,553.425178382,554.491220257,3863719
2025-07-14T18:30:00Z,554.501183266,554.884759081,554.167422492,554.496201761,3312080
2025-07-14T19:30:00Z,554.491220257,554.730332454,554.152477979,554.301923102,3437112
2025-07-14T20:00:00Z,554.291960094,554.321849118,553.692984042,554.152477979,3948349
2025-07-14T21:00:00Z,554.142514971,554.242145053,553.843624726,554.162440987,2003045
2025-07-14T22:00:00Z,554.162440987,554.272034077,553.943254808,554.162440987,93512
2025-07-14T23:00:00Z,554.162440987,554.162440987,553.345474317,553.385326349,100458
2025-07-15T00:00:00Z,553.385326349,553.674253587,553.295659276,553.624438546,36117
2025-07-15T09:00:00Z,554.152477979,557.679382875,554.152477979,557.141380433,101348
2025-07-15T10:00:00Z,557.141380433,557.739160924,557.05171336,557.510011736,82795
2025-07-15T11:00:00Z,557.510011736,557.92845808,557.340640597,557.519974744,137170
2025-07-15T12:00:00Z,557.519974744,557.97827312,557.131417425,557.410381654,159730
2025-07-15T13:00:00Z,557.410381654,558.366830439,556.653193032,558.077903202,698897
2025-07-15T13:30:00Z,558.117755235,558.655757677,557.918495071,558.167570276,323515
2025-07-15T14:30:00Z,558.177533284,558.725498734,556.304487746,557.679382875,9723225
2025-07-15T15:30:00Z,557.699308891,557.848754014,555.696744247,557.435289175,6537517
2025-07-15T16:30:00Z,557.450233687,557.7092719,556.613341,556.892305229,4304057
2025-07-15T17:30:00Z,556.897286733,557.241010515,555.397854002,556.254672705,4520565
2025-07-15T18:30:00Z,556.244709697,557.679382875,556.219802177,557.390455638,3462414
2025-07-15T19:30:00Z,557.390455638,557.549863769,555.318149936,555.507447092,5583320
2025-07-15T20:00:00Z,555.5174101,556.115190591,554.600813347,554.660591396,5158537
2025-07-15T21:00:00Z,554.630702372,554.790110503,553.664290578,553.853587734,2071060
2025-07-15T22:00:00Z,553.853587734,553.893439767,553.684216595,553.793809685,216567
2025-07-15T23:00:00Z,553.793809685,554.142514971,552.797508867,553.624438546,114866
2025-07-16T00:00:00Z,553.624438546,553.842429165,553.096399112,553.724068628,82402
2025-07-16T09:00:00Z,554.660591396,554.660591396,552.847323908,553.524808464,62136
2025-07-16T10:00:00Z,553.54473448,553.554697488,552.99676903,553.465030415,44474
2025-07-16T11:00:00Z,553.465030415,553.953217816,553.295659276,553.783846677,74871
2025-07-16T12:00:00Z,553.773883668,554.042884889,553.405252366,553.98310684,129468
2025-07-16T13:00:00Z,553.98310684,555.447669043,553.724068628,555.208556846,541314
2025-07-16T13:30:00Z,555.208556846,555.338075953,554.899703593,555.098963756,186227
2025-07-16T14:30:00Z,555.218519855,555.607077174,552.259506425,553.599531025,8336955
2025-07-16T15:30:00Z,553.604512529,554.521109282,551.024093411,552.991588266,10183818
2025-07-16T16:30:00Z,552.986806022,554.022958873,549.519679176,553.046584071,11020903
2025-07-16T17:30:00Z,553.086436104,555.049148715,552.548433662,554.4214792,5261646
2025-07-16T18:30:00Z,554.431442208,554.61575786,553.863550742,554.521109282,3637256
2025-07-16T19:30:00Z,554.511146274,555.40781701,554.511146274,555.198593838,4375190
2025-07-16T20:00:00Z,555.18863083,555.876078394,555.039185707,555.228482863,4992922
2025-07-16T21:00:00Z,555.228482863,555.288260912,554.819899897,554.949518634,3153649
2025-07-16T22:00:00Z,554.949518634,555.357802709,554.879777576,555.228482863,227182
2025-07-16T23:00:00Z,555.228482863,555.228482863,554.341775135,554.341775135,75322
2025-07-17T00:00:00Z,554.341775135,554.600813347,554.272034077,554.501183266,29996
2025-07-17T09:00:00Z,555.557262133,556.364265795,555.557262133,556.165005632,53523
2025-07-17T10:00:00Z,556.165005632,556.593414983,556.105227583,556.204857664,25202
2025-07-17T11:00:00Z,556.204857664,556.314450754,555.716670264,555.796374329,58267
2025-07-17T12:00:00Z,555.796374329,555.886041403,555.348038961,555.676818231,72568
2025-07-17T13:00:00Z,555.676818231,557.121454417,555.367964977,557.061676368,374559
2025-07-17T13:30:00Z,557.061676368,557.330677589,555.447669043,555.876078394,267565
2025-07-17T14:30:00Z,555.95578246,557.739160924,555.148778797,557.241010515,7743299
2025-07-17T15:30:00Z,557.250973523,559.363131257,557.081602384,559.009344837,5647224
2025-07-17T16:30:00Z,559.009444467,560.130282887,558.735461742,559.746707072,4965778
2025-07-17T17:30:00Z,559.741725568,559.881307313,559.133982069,559.736744064,3493578
2025-07-17T18:30:00Z,559.73176256,560.229912969,559.223649143,559.676966015,4113797
2025-07-17T19:30:00Z,559.676966015,560.06054183,559.447816827,559.806485121,4794897
2025-07-17T20:00:00Z,559.801503617,560.200023945,559.412946298,559.721799552,6308525
2025-07-17T21:00:00Z,559.711836544,560.130282887,559.18379711,559.891170691,2168236
2025-07-17T22:00:00Z,559.891170691,559.911096707,559.572354429,559.771614593,435654
2025-07-17T23:00:00Z,559.771614593,559.771614593,559.422909307,559.642095486,79237
2025-07-18T00:00:00Z,559.642095486,560.419210125,559.642095486,560.289691018,168146
2025-07-18T09:00:00Z,559.721799552,560.648359313,559.721799552,560.578618255,34347
2025-07-18T10:00:00Z,560.578618255,560.71810037,560.429173133,560.459062157,25061
2025-07-18T11:00:00Z,560.459062157,560.538766223,559.901133699,560.180097928,50347
2025-07-18T12:00:00Z,560.180097928,560.3893211,559.871244675,560.17013492,85726
2025-07-18T13:00:00Z,560.17013492,560.309617035,559.901133699,560.249838985,257858
2025-07-18T13:30:00Z,560.249838985,561.714401188,560.020092017,561.016990615,1329098
2025-07-18T14:30:00Z,561.036916632,561.236176795,558.257237349,558.406782102,8299886
2025-07-18T15:30:00Z,558.41664548,559.303353208,558.247274341,558.969592434,8496303
2025-07-18T16:30:00Z,558.974573938,559.84135565,558.057977186,558.645794668,5292212
2025-07-18T17:30:00Z,558.655757677,559.034351987,557.908532063,558.845254092,7123215
2025-07-18T18:30:00Z,558.845054832,559.133982069,558.30705239,558.994499955,6997121
2025-07-18T19:30:00Z,558.979555442,559.303353208,558.506312554,558.874943857,4115201
2025-07-18T20:00:00Z,558.874943857,559.243575159,558.566090603,559.18379711,5305214
2025-07-18T21:00:00Z,559.173834102,559.253538167,558.845054832,559.213686135,2715728
2025-07-18T22:00:00Z,559.213686135,559.502613372,559.18379711,559.299666895,308133
2025-07-18T23:00:00Z,559.299666895,559.40298329,559.203723127,559.383057274,14395
2025-07-19T00:00:00Z,559.383057274,559.51257638,559.313316217,559.373094266,34859
2025-07-21T09:00:00Z,560.927323542,561.246139803,560.688211345,560.837656468,68576
2025-07-21T10:00:00Z,560.837656468,561.04687964,560.757952403,560.82769346,55539
2025-07-21T11:00:00Z,560.82769346,561.206287771,560.668285329,560.847619476,79086
2025-07-21T12:00:00Z,560.877508501,560.877508501,560.478988174,560.518840206,107638
2025-07-21T13:00:00Z,560.518840206,560.668285329,559.542465405,559.592280446,346750
2025-07-21T13:30:00Z,559.592280446,560.130282887,559.243575159,560.090430855,299580
2025-07-21T14:30:00Z,560.010726789,563.806632906,559.980837765,563.785112808,8328268
2025-07-21T15:30:00Z,563.796669898,563.966041037,562.939851194,563.338271891,4307799
2025-07-21T16:30:00Z,563.338371521,563.537532055,562.446682289,562.890036153,4021610
2025-07-21T17:30:00Z,562.872102738,563.94611502,562.85018412,563.83652193,4154229
2025-07-21T18:30:00Z,563.816595914,563.955081728,563.438001603,563.697039816,2741765
2025-07-21T19:30:00Z,563.70202132,563.716965832,562.451663793,562.660787335,5494545
2025-07-21T20:00:00Z,562.655905461,562.880172775,561.70443818,562.083032491,5891364
2025-07-21T21:00:00Z,562.083032491,562.312181679,561.963476392,562.112921515,3409296
2025-07-21T22:00:00Z,562.112921515,562.172699564,561.794105253,561.853883302,133695
2025-07-21T23:00:00Z,561.873809319,562.202588589,561.863846311,562.073069482,95170
2025-07-22T00:00:00Z,562.073069482,562.222514605,561.913661352,562.192625581,60304
2025-07-22T09:00:00Z,561.196324763,561.465325983,560.449099149,560.558692239,95373
2025-07-22T10:00:00Z,560.558692239,560.787841427,560.379358092,560.71810037,187727
2025-07-22T11:00:00Z,560.71810037,561.166435738,560.618470288,561.116620697,99392
2025-07-22T12:00:00Z,561.116620697,561.913661352,561.036916632,561.913661352,128279
2025-07-22T13:00:00Z,561.913661352,562.102958507,561.624734114,561.943550376,294863
2025-07-22T13:30:00Z,561.943550376,562.272329646,561.863846311,562.232477613,170313
2025-07-22T14:30:00Z,562.212551597,562.262366638,556.543599942,557.938421088,14339189
2025-07-22T15:30:00Z,557.92845808,559.412946298,557.888606047,558.894869873,4968406
2025-07-22T16:30:00Z,558.884906865,559.532502396,557.838791006,558.028088161,3926988
2025-07-22T17:30:00Z,558.028088161,559.896152195,557.7092719,559.741725568,3822647
2025-07-22T18:30:00Z,559.741725568,559.84135565,557.988236129,559.07420402,3255370
2025-07-22T19:30:00Z,559.068724366,560.06054183,559.024388979,559.642095486,3764861
2025-07-22T20:00:00Z,559.632132478,560.050578822,559.133982069,559.173834102,5855369
2025-07-22T21:00:00Z,559.203723127,559.243575159,558.396719464,558.616005274,1844749
2025-07-22T22:00:00Z,558.616005274,558.68405262,558.297089382,558.376793448,132159
2025-07-22T23:00:00Z,558.426608489,558.755387758,557.988236129,558.177533284,150601
2025-07-23T00:00:00Z,558.177533284,560.239875977,558.177533284,560.190060936,234361
2025-07-23T09:00:00Z,560.190060936,560.728063378,560.130282887,560.708137362,54862
2025-07-23T10:00:00Z,560.688211345,560.777878419,560.229912969,560.518840206,42460
2025-07-23T11:00:00Z,560.518840206,560.757952403,560.339506059,560.449099149,56611
2025-07-23T12:00:00Z,560.299654026,560.349469067,559.612206462,560.219949961,127315
2025-07-23T13:00:00Z,560.219949961,560.459062157,559.51257638,559.592280446,357442
2025-07-23T13:30:00Z,559.592280446,560.49891419,559.592280446,560.269765002,193865
2025-07-23T14:30:00Z,560.259801994,560.289691018,557.510011736,558.615905644,8793618
2025-07-23T15:30:00Z,558.605942636,559.193760118,557.59967881,558.969592434,4409984
2025-07-23T16:30:00Z,558.96461093,560.987101591,558.63583166,559.014425971,6929409
2025-07-23T17:30:00Z,559.014425971,559.721799552,558.864980848,559.582317437,2840759
2025-07-23T18:30:00Z,559.582317437,561.714401188,559.393020282,561.041898136,4720246
2025-07-23T19:30:00Z,561.036916632,561.295855214,560.792822931,561.007027607,3189120
2025-07-23T20:00:00Z,560.997064599,561.764216229,560.419210125,561.724364196,4710267
2025-07-23T21:00:00Z,561.724364196,563.936152012,561.276028828,563.776743881,3318210
2025-07-23T22:00:00Z,563.776743881,564.175264208,563.218815423,563.457927619,325002
2025-07-23T23:00:00Z,563.457927619,563.557557701,563.159037374,563.22688546,80994
2025-07-24T00:00:00Z,563.22688546,563.637261767,563.208852415,563.587446726,65095
2025-07-24T09:00:00Z,561.724364196,563.537631685,561.724364196,563.378223554,62929
2025-07-24T10:00:00Z,563.378223554,563.557557701,563.258667456,563.457927619,26119
2025-07-24T11:00:00Z,563.457927619,563.497779652,562.820295096,563.039481276,47382
2025-07-24T12:00:00Z,563.039481276,563.735895548,562.870110137,563.308482497,114394
2025-07-24T13:00:00Z,563.308482497,563.466894327,561.92362436,562.670849973,578693
2025-07-24T13:30:00Z,562.670849973,563.129148349,562.371959728,562.929888186,285522
2025-07-24T14:30:00Z,563.039481276,563.677113799,561.211269275,562.023254441,8826209
2025-07-24T15:30:00Z,562.03321745,563.547594693,561.943550376,563.173981886,4266272
2025-07-24T16:30:00Z,563.17896339,563.627298758,562.182662572,562.451663793,4227094
2025-07-24T17:30:00Z,562.456645297,564.135412176,562.292255662,563.363279042,3711912
2025-07-24T18:30:00Z,563.368260546,564.135412176,563.159037374,563.976004045,3931739
2025-07-24T19:30:00Z,563.976004045,564.145375184,563.059407292,563.971022541,6124688
2025-07-24T20:00:00Z,563.956078028,564.085597135,562.890036153,562.919925178,8531552
2025-07-24T21:00:00Z,562.999629243,563.587446726,562.760517047,563.467890628,1296199
2025-07-24T22:00:00Z,563.467890628,563.477754006,563.281781635,563.320936257,127638
2025-07-24T23:00:00Z,563.320936257,563.926189004,563.268630464,563.627298758,73161
2025-07-25T00:00:00Z,563.627298758,563.816595914,563.378223554,563.716965832,44038
2025-07-25T09:00:00Z,562.919925178,563.338371521,562.700738998,563.208852415,41177
2025-07-25T10:00:00Z,563.208852415,563.208852415,562.770480055,563.159037374,33232
2025-07-25T11:00:00Z,563.159037374,563.587446726,563.099259325,563.497779652,34883
2025-07-25T12:00:00Z,563.497779652,563.537631685,562.90996217,562.999629243,46779
2025-07-25T13:00:00Z,562.999629243,563.477853636,562.870110137,563.139011728,247672
2025-07-25T13:30:00Z,563.139011728,563.198889407,562.541330867,562.810332088,204535
2025-07-25T14:30:00Z,562.840221112,564.215116241,562.182662572,563.936152012,6841867
2025-07-25T15:30:00Z,563.936152012,564.334672339,563.567520709,564.259949778,3835252
2025-07-25T16:30:00Z,564.254968274,565.490381288,563.856447947,565.316028645,4547820
2025-07-25T17:30:00Z,565.301084133,565.594992874,564.575777137,564.872674781,2610996
2025-07-25T18:30:00Z,564.872674781,565.221380067,564.454228437,565.027101408,1935879
2025-07-25T19:30:00Z,565.032082912,565.211417059,564.698322138,564.723229658,3274354
2025-07-25T20:00:00Z,564.708285146,564.987448635,563.966041037,564.27489429,4762019
2025-07-25T21:00:00Z,564.284857298,564.892600797,563.926189004,564.872674781,2067715
2025-07-25T22:00:00Z,564.872674781,564.872674781,564.633562585,564.71326665,97096
2025-07-25T23:00:00Z,564.71326665,564.921792411,564.697923617,564.783107337,26112
2025-07-26T00:00:00Z,564.783107337,564.962341855,564.783107337,564.942415838,23425
2025-07-28T09:00:00Z,564.27489429,567.771910161,564.27489429,567.204018695,98935
2025-07-28T10:00:00Z,567.194055687,567.303648777,566.865276417,566.954943491,53726
2025-07-28T11:00:00Z,566.954943491,566.954943491,565.978568689,566.197754869,72124
2025-07-28T12:00:00Z,566.197754869,566.506608122,566.098124787,566.387052024,71488
2025-07-28T13:00:00Z,566.387052024,566.765646335,565.998494705,566.586312188,315037
2025-07-28T13:30:00Z,566.586312188,566.636127229,565.460492264,565.580048362,369376
2025-07-28T14:30:00Z,565.639826411,566.935017474,565.440566247,566.357163,7415918
2025-07-28T15:30:00Z,566.337236983,566.725794302,564.773044699,565.815872765,4020991
2025-07-28T16:30:00Z,565.824142062,566.46675609,565.669715435,566.152921332,3353698
2025-07-28T17:30:00Z,566.152921332,566.16288434,565.201454051,565.430702869,2775940
2025-07-28T18:30:00Z,565.435584743,565.94389742,564.862711773,565.37082519,2990688
2025-07-28T19:30:00Z,565.37082519,565.560122345,564.991732729,565.360862182,3243863
2025-07-28T20:00:00Z,565.360862182,566.187791861,565.201454051,566.038346738,4809968
2025-07-28T21:00:00Z,566.098124787,566.606238204,566.018420722,566.506608122,1673151
2025-07-28T22:00:00Z,566.506608122,566.57634918,566.299277922,566.347199992,145398
2025-07-28T23:00:00Z,566.347199992,566.964906499,566.347199992,566.915091458,56911
2025-07-29T00:00:00Z,566.936013775,566.974869507,566.705967916,566.964906499,31527
2025-07-29T09:00:00Z,568.479283742,568.59883984,567.9412813,568.329838619,88502
2025-07-29T10:00:00Z,568.329838619,568.887767078,568.329838619,568.728358947,60573
2025-07-29T11:00:00Z,568.728358947,568.957508135,568.638691873,568.778173988,59282
2025-07-29T12:00:00Z,568.778173988,568.937582118,568.299949595,568.81802602,112643
2025-07-29T13:00:00Z,568.81802602,569.087027241,568.140541464,568.309912603,282045
2025-07-29T13:30:00Z,568.309912603,568.798100004,568.190356505,568.678543906,175101
2025-07-29T14:30:00Z,568.648654881,569.993660985,567.303648777,567.78187317,9596169
2025-07-29T15:30:00Z,567.771910161,568.190356505,565.321010149,565.445547751,6639053
2025-07-29T16:30:00Z,565.440566247,566.775609343,564.82285974,565.759382509,7180674
2025-07-29T17:30:00Z,565.739456493,566.885202433,565.081897953,566.46665646,3537113
2025-07-29T18:30:00Z,566.476719098,566.636127229,565.390751206,565.769345517,3482908
2025-07-29T19:30:00Z,565.769345517,566.456793082,565.291121125,565.301084133,2933908
2025-07-29T20:00:00Z,565.311047141,565.440566247,564.434302421,565.161602018,8578909
2025-07-29T21:00:00Z,565.241306084,565.37082519,565.002193887,565.141676002,2528840
2025-07-29T22:00:00Z,565.15163901,565.380788198,565.091860961,565.191491043,46376
2025-07-29T23:00:00Z,565.181528035,565.689641452,565.15163901,565.609937386,111654
2025-07-30T00:00:00Z,565.609937386,565.839086574,565.470455272,565.689641452,49536
2025-07-30T09:00:00Z,565.161602018,566.606238204,565.161602018,565.948679664,45201
2025-07-30T10:00:00Z,565.948679664,566.327273975,565.799234542,566.207717877,38045
2025-07-30T11:00:00Z,566.207717877,566.546460155,566.13797682,566.526534139,60214
2025-07-30T12:00:00Z,566.566386172,566.895165442,566.397015033,566.57634918,109320
2025-07-30T13:00:00Z,566.57634918,566.596275196,565.729493484,566.177828853,365840
2025-07-30T13:30:00Z,566.177828853,566.177828853,565.69960446,566.068235763,95645
2025-07-30T14:30:00Z,566.078198771,567.004758531,565.171565026,566.46675609,6102891
2025-07-30T15:30:00Z,566.476719098,567.361434224,565.774327021,566.068235763,3380335
2025-07-30T16:30:00Z,566.078198771,567.492945932,565.80919755,567.223944711,2161646
2025-07-30T17:30:00Z,567.228926216,567.383352842,566.835387392,566.994895153,1373975
2025-07-30T18:30:00Z,567.01472154,567.791836178,566.666016253,567.682243088,3448174
2025-07-30T19:30:00Z,567.692206096,568.509172767,562.95977721,563.886336971,15525519
2025-07-30T20:00:00Z,563.906262988,566.167865844,563.607372742,565.91879064,6353682
2025-07-30T21:00:00Z,565.998494705,570.930183754,565.69960446,570.193020779,3659071
2025-07-30T22:00:00Z,570.193020779,571.55785327,570.013587002,571.398445139,338558
2025-07-30T23:00:00Z,571.398445139,571.986262621,570.979998795,571.956373597,267430
2025-07-31T00:00:00Z,571.956373597,572.165596769,571.787002458,571.826854491,108231
2025-07-31T09:00:00Z,565.91879064,574.865571986,565.91879064,573.660047996,201764
2025-07-31T10:00:00Z,573.660047996,573.79953011,573.261527669,573.281453685,101961
2025-07-31T11:00:00Z,573.281453685,573.769641086,573.082193521,573.25156466,59720
2025-07-31T12:00:00Z,573.122045554,573.670011004,572.574080104,572.833118317,250768
2025-07-31T13:00:00Z,572.833118317,573.929049217,572.673710186,573.779604094,527584
2025-07-31T13:30:00Z,573.779604094,573.789567102,572.354893924,572.394745957,332766
2025-07-31T14:30:00Z,572.414671973,572.504339047,569.087027241,569.814426468,12229041
2025-07-31T15:30:00Z,569.814326838,570.202884157,566.073217267,567.313611785,8606536
2025-07-31T16:30:00Z,567.323574793,569.236472364,567.194055687,569.027249192,4781247
2025-07-31T17:30:00Z,569.0372122,569.306213421,564.952378846,565.341932466,5703514
2025-07-31T18:30:00Z,565.380788198,566.367126008,561.784142245,564.49408047,11347717
2025-07-31T19:30:00Z,564.484117462,565.609937386,563.308482497,563.468588038,6801220
2025-07-31T20:00:00Z,563.517705668,564.394450388,561.925417701,562.919925178,9002986
2025-07-31T21:00:00Z,562.95977721,565.2612321,561.425473951,562.332107695,3791209
2025-07-31T22:00:00Z,562.332107695,563.019555259,561.216250779,561.285991836,400384
2025-07-31T23:00:00Z,561.285991836,562.601108916,560.359432075,561.345769885,261218
2025-08-01T00:00:00Z,561.345769885,561.81393164,560.787841427,561.525104032,213955
2025-08-01T09:00:00Z,562.919925178,562.919925178,556.165005632,557.340640597,419152
2025-08-01T10:00:00Z,557.340640597,557.92845808,556.693045065,557.7092719,241200
2025-08-01T11:00:00Z,557.7092719,557.7092719,555.387890994,555.945819452,291271
2025-08-01T12:00:00Z,555.945819452,557.75908694,555.915930427,557.729197916,353837
2025-08-01T13:00:00Z,557.729197916,558.685646701,556.145079615,556.204857664,1386937
2025-08-01T13:30:00Z,556.344339779,557.101528401,555.806337337,556.50374791,499554
2025-08-01T14:30:00Z,556.762786122,556.952083278,549.838495437,554.321849118,21258158
2025-08-01T15:30:00Z,554.321849118,555.198593838,552.269469433,552.327454141,8422876
2025-08-01T16:30:00Z,552.319284474,555.777444613,552.17980236,554.899703593,6455864
2025-08-01T17:30:00Z,554.899703593,555.158741805,550.794944223,551.08387146,6650534
2025-08-01T18:30:00Z,551.063945443,552.249543417,549.639235274,552.07020927,5966605
2025-08-01T19:30:00Z,552.07020927,553.304028203,551.034056419,551.731466992,5678246
2025-08-01T20:00:00Z,551.731466992,553.375363341,550.765055198,551.831097073,8354385
2025-08-01T21:00:00Z,551.831097073,552.129987319,551.482391787,551.572058861,3179574
2025-08-01T22:00:00Z,551.572058861,552.149913335,551.462465771,552.139950327,149427
2025-08-01T23:00:00Z,552.139950327,552.139950327,551.454196474,551.74143,56770
2025-08-02T00:00:00Z,551.74143,551.831097073,550.954352354,551.003370354,36393
2025-08-04T09:00:00Z,551.831097073,556.304487746,551.831097073,556.304487746,146305
2025-08-04T10:00:00Z,556.304487746,556.633267016,556.105227583,556.105227583,89260
2025-08-04T11:00:00Z,556.135116607,556.633267016,556.055412542,556.264635713,191556
2025-08-04T12:00:00Z,556.264635713,556.573488967,555.587151157,555.856152378,190783
2025-08-04T13:00:00Z,555.856152378,556.693045065,555.648822178,556.533836194,441343
2025-08-04T13:30:00Z,556.533836194,557.061676368,556.453833239,557.041750351,273230
2025-08-04T14:30:00Z,556.981972302,561.04687964,556.882342221,560.747989394,12724227
2025-08-04T15:30:00Z,560.767915411,560.867545493,559.273464184,559.851318658,5913529
2025-08-04T16:30:00Z,559.831392642,561.425473951,559.542465405,561.136546713,4809358
2025-08-04T17:30:00Z,561.131565209,561.624734114,560.872526997,561.520122528,4425429
2025-08-04T18:30:00Z,561.525104032,561.649641635,560.60850728,561.191343258,3752761
2025-08-04T19:30:00Z,561.186361754,562.03321745,560.93728655,561.216250779,3443866
2025-08-04T20:00:00Z,561.216250779,562.227496109,560.897434517,562.013291433,7667245
2025-08-04T21:00:00Z,562.013291433,563.308482497,561.714401188,563.308482497,3259955
2025-08-04T22:00:00Z,563.308482497,563.39814957,563.109222333,563.28855648,146206
2025-08-04T23:00:00Z,563.28855648,563.428038595,562.52140485,562.770480055,120346
2025-08-05T00:00:00Z,562.770480055,563.208852415,562.491515826,562.880073145,74352
2025-08-05T09:00:00Z,562.013291433,563.906262988,562.013291433,562.939851194,99316
2025-08-05T10:00:00Z,562.939851194,563.378223554,562.890036153,563.308482497,55409
2025-08-05T11:00:00Z,563.308482497,564.354598356,563.298519489,564.195190225,81978
2025-08-05T12:00:00Z,564.195190225,564.474154454,563.707002824,564.1653012,176385
2025-08-05T13:00:00Z,564.1653012,564.624595877,563.228778431,563.667150791,727019
2025-08-05T13:30:00Z,563.667150791,563.817392955,563.109222333,563.198889407,326924
2025-08-05T14:30:00Z,563.298519489,564.464888856,561.196324763,561.863846311,9761124
2025-08-05T15:30:00Z,561.863846311,561.908679847,558.227348325,559.034351987,9535351
2025-08-05T16:30:00Z,559.014425971,560.000763781,557.659456859,559.681947519,5742437
2025-08-05T17:30:00Z,559.652058495,560.329543051,558.227348325,559.972169947,3772413
2025-08-05T18:30:00Z,559.980837765,560.987101591,559.163173683,559.235604753,4179369
2025-08-05T19:30:00Z,559.223649143,559.602243454,557.714253404,559.044314996,5719245
2025-08-05T20:00:00Z,559.044314996,559.18379711,557.81886499,558.1974593,5504298
2025-08-05T21:00:00Z,558.147644259,558.894869873,556.932157262,557.001898319,2436781
2025-08-05T22:00:00Z,557.001898319,557.629567834,557.001898319,557.081602384,278599
2025-08-05T23:00:00Z,557.081602384,557.529937752,556.045449533,556.962046286,156999
2025-08-06T00:00:00Z,556.962046286,557.201158482,556.17496864,556.17496864,112768
2025-08-06T09:00:00Z,560.259801994,560.359432075,558.725498734,558.96461093,94757
2025-08-06T10:00:00Z,558.96461093,559.273464184,558.157607268,558.506312554,79551
2025-08-06T11:00:00Z,558.506312554,558.685646701,557.569789785,558.366830439,91677
2025-08-06T12:00:00Z,558.366830439,559.552428413,558.267200358,559.223649143,120837
2025-08-06T13:00:00Z,559.223649143,559.422909307,558.406682472,559.204719427,370933
2025-08-06T13:30:00Z,559.204719427,559.592280446,558.944684914,559.07420402,183459
2025-08-06T14:30:00Z,559.034351987,561.804068262,558.556127595,559.751688576,9311439
2025-08-06T15:30:00Z,559.771614593,562.944832698,559.283427192,562.790406071,6356914
2025-08-06T16:30:00Z,562.770480055,564.245005266,562.172699564,563.826558922,5030256
2025-08-06T17:30:00Z,563.821577418,564.324709331,563.28855648,564.05570811,3805823
2025-08-06T18:30:00Z,564.045745102,565.141676002,563.731910344,565.071934945,3474817
2025-08-06T19:30:00Z,565.071934945,565.580048362,564.852748765,565.321010149,4371403
2025-08-06T20:00:00Z,565.311047141,565.659752427,564.792970716,565.221380067,5501869
2025-08-06T21:00:00Z,565.201454051,565.211417059,564.613636568,564.872674781,1910174
2025-08-06T22:00:00Z,564.872674781,565.649789419,562.660886965,565.450529255,568554
2025-08-06T23:00:00Z,565.460492264,566.546460155,564.314746323,566.13797682,451753
2025-08-07T00:00:00Z,566.13797682,566.397015033,565.739456493,565.898864624,99461
2025-08-07T09:00:00Z,565.221380067,568.847915045,565.221380067,568.48924675,188591
2025-08-07T10:00:00Z,568.48924675,569.615066675,568.080763415,569.485547568,90416
2025-08-07T11:00:00Z,569.485547568,570.073365051,569.435732527,569.794400822,139536
2025-08-07T12:00:00Z,569.794400822,570.262662206,568.987397159,569.096990249,212717
2025-08-07T13:00:00Z,569.096990249,569.80436383,568.947545127,569.405843503,413622
2025-08-07T13:30:00Z,569.405843503,569.923919928,569.286287405,569.47558456,175029
2025-08-07T14:30:00Z,569.555288626,571.199184975,568.150504472,568.912674598,10600542
2025-08-07T15:30:00Z,568.917656102,569.346065454,567.054573572,567.373389834,6132447
2025-08-07T16:30:00Z,567.358445322,567.871540243,566.167865844,566.974869507,4403712
2025-08-07T17:30:00Z,566.964906499,567.293685769,564.479135958,564.902563806,5359878
2025-08-07T18:30:00Z,564.892600797,565.550159337,563.019555259,563.95807063,5148352
2025-08-07T19:30:00Z,563.966041037,565.221280437,563.459521701,564.613636568,4070921
2025-08-07T20:00:00Z,564.633562585,567.204018695,564.573784536,567.134277638,5514717
2025-08-07T21:00:00Z,567.164166662,567.911392276,567.084462597,567.642391055,1357632
2025-08-07T22:00:00Z,567.642391055,567.642391055,567.074499589,567.333537801,407777
2025-08-07T23:00:00Z,567.333537801,568.678543906,567.333537801,568.369690652,174913
2025-08-08T00:00:00Z,568.369690652,568.429468701,567.991096341,568.090726423,72170
2025-08-08T09:00:00Z,567.134277638,570.880368714,567.134277638,568.668580898,47226
2025-08-08T10:00:00Z,568.668580898,569.196620331,568.618765857,568.827989028,29487
2025-08-08T11:00:00Z,568.827989028,569.136842282,568.827989028,568.92761911,37240
2025-08-08T12:00:00Z,568.977434151,569.306213421,568.837952037,569.156768298,86620
2025-08-08T13:00:00Z,569.156768298,569.176694315,567.801799186,568.110652439,349387
2025-08-08T13:30:00Z,568.110652439,568.469320734,567.871540243,568.469320734,86303
2025-08-08T14:30:00Z,568.339801628,571.677409368,568.040911382,571.498075221,8052814
2025-08-08T15:30:00Z,571.488112212,572.135707744,570.740886599,571.268926033,5893772
2025-08-08T16:30:00Z,571.249000016,572.21541181,569.993660985,571.876669532,4311026
2025-08-08T17:30:00Z,571.876669532,572.075929695,571.011780791,571.149369934,2827259
2025-08-08T18:30:00Z,571.154351438,572.643821161,571.11948091,572.235337826,2863677
2025-08-08T19:30:00Z,572.245300834,572.584043112,572.125744736,572.250282338,3036332
2025-08-08T20:00:00Z,572.245300834,572.554154088,571.547890262,572.424634981,5378323
2025-08-08T21:00:00Z,572.43459799,573.699900028,572.404708965,573.670011004,1962272
2025-08-08T22:00:00Z,573.670011004,573.789567102,573.520565881,573.630158971,236071
2025-08-08T23:00:00Z,573.630158971,573.630158971,573.490676857,573.570380922,25265
2025-08-09T00:00:00Z,573.570380922,573.849345151,573.520565881,573.849245521,32398
2025-08-11T09:00:00Z,573.351194742,573.351194742,571.428334163,572.235337826,123273
2025-08-11T10:00:00Z,572.235337826,572.942711407,572.225374818,572.733488235,63697
2025-08-11T11:00:00Z,572.733488235,573.221675636,572.454524006,572.87297035,82328
2025-08-11T12:00:00Z,572.87297035,573.14197157,572.693636202,573.062267505,111074
2025-08-11T13:00:00Z,573.062267505,573.520565881,572.414671973,572.733488235,316361
2025-08-11T13:30:00Z,572.76337726,572.823155309,572.235337826,572.59400612,175431
2025-08-11T14:30:00Z,572.564117096,573.794548606,571.707298392,573.420935799,6874058
2025-08-11T15:30:00Z,573.430898808,573.635140475,572.524265063,572.992526448,3120946
2025-08-11T16:30:00Z,572.952674415,574.666311822,572.559135592,574.21299495,3697874
2025-08-11T17:30:00Z,574.217976454,574.309636129,572.758395755,572.867988845,2822617
2025-08-11T18:30:00Z,572.863007341,573.062167875,571.587742294,571.762094937,3634335
2025-08-11T19:30:00Z,571.757113433,572.155633761,570.999924812,571.258963024,2873193
2025-08-11T20:00:00Z,571.263944528,571.406415545,569.455658544,570.730923591,6297329
2025-08-11T21:00:00Z,570.691071558,570.90029473,570.123180092,570.362292288,2700659
2025-08-11T22:00:00Z,570.362292288,570.860442697,570.362292288,570.655005468,115802
2025-08-11T23:00:00Z,570.655005468,570.930183754,570.129157897,570.730923591,69509
2025-08-12T00:00:00Z,570.730923591,570.840516681,570.402144321,570.591441476,34431
2025-08-12T09:00:00Z,570.730923591,571.547890262,570.720960583,570.820590664,47695
2025-08-12T10:00:00Z,570.820590664,571.099554893,570.730923591,570.740886599,32156
2025-08-12T11:00:00Z,570.740886599,570.910257738,570.591441476,570.651219525,32913
2025-08-12T12:00:00Z,570.651219525,570.840516681,570.063402043,570.830553673,102434
2025-08-12T13:00:00Z,570.830553673,575.104684182,570.730923591,573.988827266,1378804
2025-08-12T13:30:00Z,573.988827266,574.198050437,572.783303276,572.972600431,491590
2025-08-12T14:30:00Z,573.03237848,574.805793936,570.367273792,573.520565881,11690267
2025-08-12T15:30:00Z,573.520565881,576.081058983,573.022415472,575.423500444,6160412
2025-08-12T16:30:00Z,575.423500444,576.629024433,575.134573206,576.519431343,3777740
2025-08-12T17:30:00Z,576.529394352,577.266656957,576.42976427,576.745691259,3481099
2025-08-12T18:30:00Z,576.738617523,577.804659399,576.688802482,577.475880129,2877309
2025-08-12T19:30:00Z,577.505769153,577.627816003,577.097186188,577.600417731,3512657
2025-08-12T20:00:00Z,577.585473219,578.203179726,577.226804924,577.90428948,6649108
2025-08-12T21:00:00Z,577.884363464,578.302809808,577.63528826,578.252297356,1200068
2025-08-12T22:00:00Z,578.252297356,578.252994767,577.754844358,577.85447444,644148
2025-08-12T23:00:00Z,577.85447444,578.003919562,577.655214276,577.79469639,90632
2025-08-13T00:00:00Z,577.79469639,578.651515094,577.734918341,578.502069971,102409
2025-08-13T09:00:00Z,577.90428948,579.896891116,577.90428948,579.378814691,103533
2025-08-13T10:00:00Z,579.378814691,579.76737201,579.21940656,579.737482986,37177
2025-08-13T11:00:00Z,579.737482986,579.837113067,579.309073634,579.398740707,44823
2025-08-13T12:00:00Z,579.398740707,579.627889896,579.209443552,579.398740707,64176
2025-08-13T13:00:00Z,579.398740707,580.335263476,579.348925667,579.996521198,345083
2025-08-13T13:30:00Z,579.996521198,580.634153722,579.967528844,580.624190714,143086
2025-08-13T14:30:00Z,580.604264697,581.162093525,578.262957775,578.492106963,8956327
2025-08-13T15:30:00Z,578.482143955,578.880664282,576.922933175,577.724955333,7820348
2025-08-13T16:30:00Z,577.754844358,578.521995988,577.316471998,577.63528826,3466573
2025-08-13T17:30:00Z,577.615362243,578.243031759,576.798395572,578.193316348,4089574
2025-08-13T18:30:00Z,578.193216718,578.447273426,577.167026875,577.754844358,3212506
2025-08-13T19:30:00Z,577.764807366,578.432328914,576.838247605,578.003919562,4874076
2025-08-13T20:00:00Z,578.01388257,578.492106963,577.41610208,578.193216718,4309557
2025-08-13T21:00:00Z,578.183253709,578.56184802,577.665177284,577.734918341,3499236
2025-08-13T22:00:00Z,577.734918341,577.914252489,577.734918341,577.864437448,148308
2025-08-13T23:00:00Z,577.864437448,578.332698832,577.386213055,578.262957775,41825
2025-08-14T00:00:00Z,578.262957775,578.651515094,578.094582937,578.312673186,53086
2025-08-14T09:00:00Z,578.193216718,578.213142734,577.754844358,577.814622407,34386
2025-08-14T10:00:00Z,577.814622407,578.12347566,577.675140292,577.814622407,33893
2025-08-14T11:00:00Z,577.814622407,578.113512652,577.714992325,578.01388257,19457
2025-08-14T12:00:00Z,578.01388257,578.601700053,577.90428948,578.531958996,137405
2025-08-14T13:00:00Z,578.531958996,578.751145176,574.606533773,575.841946787,1724692
2025-08-14T13:30:00Z,575.841946787,576.260393131,575.164462231,576.100985,535177
2025-08-14T14:30:00Z,576.140837033,578.651515094,575.77220573,578.432328914,10258930
2025-08-14T15:30:00Z,578.422365906,579.727519977,576.310208172,576.898025654,6047404
2025-08-14T16:30:00Z,576.898025654,578.193216718,576.32017118,576.798395572,5891525
2025-08-14T17:30:00Z,576.788432564,579.079924446,576.788432564,579.010183388,4301371
2025-08-14T18:30:00Z,579.020146397,579.040072413,577.122193338,577.266656957,4189770
2025-08-14T19:30:00Z,577.266656957,578.252994767,577.037507769,577.864437448,4140976
2025-08-14T20:00:00Z,577.844511431,578.596718549,577.670158788,577.74488135,5424799
2025-08-14T21:00:00Z,577.705029317,577.714992325,576.509468335,577.037507769,2265242
2025-08-14T22:00:00Z,577.037507769,577.037507769,576.808358581,576.878099638,290839
2025-08-14T23:00:00Z,576.878099638,577.147100859,576.609098417,577.057433785,80551
2025-08-15T00:00:00Z,577.057433785,577.445991104,576.907988662,576.907988662,48626
2025-08-15T09:00:00Z,577.74488135,578.691367127,576.917951671,577.057433785,41417
2025-08-15T10:00:00Z,577.057433785,577.356324031,576.967766711,577.027544761,33418
2025-08-15T11:00:00Z,577.027544761,577.864437448,576.768506548,577.724955333,36140
2025-08-15T12:00:00Z,577.724955333,578.073660619,577.57551021,577.924215497,85801
2025-08-15T13:00:00Z,577.924215497,577.944141513,577.157063867,577.57551021,251412
2025-08-15T13:30:00Z,577.57551021,578.053734603,577.176989883,577.625325251,376869
2025-08-15T14:30:00Z,577.655214276,577.695066309,574.267791495,576.350060204,9898327
2025-08-15T15:30:00Z,576.350060204,576.499505327,574.706163855,575.074795157,9479438
2025-08-15T16:30:00Z,575.064832149,575.463352476,573.445145909,574.208013446,9677683
2025-08-15T17:30:00Z,574.217976454,575.612199819,574.108383364,575.134573206,4468745
2025-08-15T18:30:00Z,575.124610198,576.130874024,575.034943125,575.582908574,3900756
2025-08-15T19:30:00Z,575.582908574,575.712427681,574.402292105,575.19933276,4360349
2025-08-15T20:00:00Z,575.194351255,575.66261264,574.805793936,575.204314264,5270081
2025-08-15T21:00:00Z,575.124610198,575.244166296,574.45708865,574.89546101,1389148
2025-08-15T22:00:00Z,574.89546101,575.034943125,574.795830928,575.034943125,125819
2025-08-15T23:00:00Z,575.034943125,575.343796378,574.865571986,575.343696748,35160
2025-08-16T00:00:00Z,575.343696748,575.343696748,574.89546101,574.925350035,49598
2025-08-18T09:00:00Z,575.204314264,575.303944345,573.769641086,574.506903691,93132
2025-08-18T10:00:00Z,574.506903691,574.586607756,573.68993702,574.168161413,39834
2025-08-18T11:00:00Z,574.168161413,574.825719953,574.068531331,574.736052879,46890
2025-08-18T12:00:00Z,574.736052879,574.855608977,573.809493118,574.397310601,82103
2025-08-18T13:00:00Z,574.397310601,574.477014666,573.789567102,574.437162634,256733
2025-08-18T13:30:00Z,574.437162634,574.755978896,574.038642307,574.307643527,151238
2025-08-18T14:30:00Z,574.307643527,575.627742111,573.515584377,574.467051658,7645239
2025-08-18T15:30:00Z,574.467051658,574.765941904,573.113278107,573.719427524,4736477
2025-08-18T16:30:00Z,573.719826045,574.506903691,573.351194742,574.317606536,3073276
2025-08-18T17:30:00Z,574.327569544,574.576644748,573.211712628,574.312625032,2820681
2025-08-18T18:30:00Z,574.307543897,575.034943125,573.849345151,574.277754503,3219203
2025-08-18T19:30:00Z,574.277754503,575.343796378,574.247865478,574.845645969,3266707
2025-08-18T20:00:00Z,574.855608977,575.433463452,574.727683952,574.975165075,2903642
2025-08-18T21:00:00Z,574.985128084,575.164462231,574.686237838,574.805793936,1276731
2025-08-18T22:00:00Z,574.805793936,574.955239059,574.805793936,574.865571986,110719
2025-08-18T23:00:00Z,574.865571986,575.900628905,574.865571986,575.543156172,83387
2025-08-19T00:00:00Z,575.543156172,575.612797599,575.124709828,575.174425239,24965
2025-08-19T09:00:00Z,574.975165075,574.975165075,573.939012225,574.865571986,35398
2025-08-19T10:00:00Z,574.865571986,575.22424028,574.746015887,574.855608977,32684
2025-08-19T11:00:00Z,574.855608977,574.855608977,574.008753282,574.307643527,39618
2025-08-19T12:00:00Z,574.307643527,574.56668174,574.088457347,574.546755724,49225
2025-08-19T13:00:00Z,574.546755724,574.696200846,573.709863037,573.759678078,217422
2025-08-19T13:30:00Z,573.759678078,574.277754503,573.610232955,574.168161413,176965
2025-08-19T14:30:00Z,574.257828487,574.427199626,570.890331722,570.975017291,12336186
2025-08-19T15:30:00Z,570.989961803,571.727224409,568.280023579,569.844215863,9855185
2025-08-19T16:30:00Z,569.834252855,570.058420539,568.299949595,568.728358947,4931057
2025-08-19T17:30:00Z,568.748284963,568.907693094,566.606238204,567.593871205,7498102
2025-08-19T18:30:00Z,567.592576014,568.309912603,567.01472154,567.303648777,4226574
2025-08-19T19:30:00Z,567.303648777,567.423204875,566.147939828,566.944980482,5030841
2025-08-19T20:00:00Z,566.954943491,567.34350081,566.397015033,567.174129671,6582019
2025-08-19T21:00:00Z,567.184092679,567.582613006,567.054573572,567.213981703,2065861
2025-08-19T22:00:00Z,567.213981703,567.383352842,566.616201212,566.735757311,314528
2025-08-19T23:00:00Z,566.735757311,567.492945932,566.735757311,566.875239425,164430
2025-08-20T00:00:00Z,566.875239425,567.054573572,565.829123566,565.978568689,196540
2025-08-20T09:00:00Z,567.174129671,567.174129671,564.952378846,565.898864624,157894
2025-08-20T10:00:00Z,565.898864624,566.526534139,565.769345517,566.347199992,87281
2025-08-20T11:00:00Z,566.347199992,566.586312188,565.719530476,566.24756991,74370
2025-08-20T12:00:00Z,566.24756991,566.805498368,565.271195108,565.888901615,220310
2025-08-20T13:00:00Z,565.888901615,566.46675609,565.530233321,566.217680885,545847
2025-08-20T13:30:00Z,566.217680885,566.317310967,565.69960446,566.207717877,289583
2025-08-20T14:30:00Z,566.227643893,566.347199992,557.440270679,558.208418609,22540848
2025-08-20T15:30:00Z,558.237311333,561.415510943,556.772749131,561.355732893,13198179
2025-08-20T16:30:00Z,561.350751389,563.238741439,559.592280446,563.109222333,10193219
2025-08-20T17:30:00Z,563.109222333,563.137118756,561.206287771,561.863846311,6086192
2025-08-20T18:30:00Z,561.863846311,563.527668677,560.518840206,561.007027607,7225057
2025-08-20T19:30:00Z,560.987101591,564.414376405,560.93728655,563.657187783,6360955
2025-08-20T20:00:00Z,563.657187783,564.792970716,563.50774266,563.806632906,6365260
2025-08-20T21:00:00Z,563.766780873,563.896299979,563.358297538,563.607372742,2931049
2025-08-20T22:00:00Z,563.607372742,563.647224775,563.418075587,563.497779652,300729
2025-08-20T23:00:00Z,563.497779652,564.105523151,563.497779652,563.687076808,116746
2025-08-21T00:00:00Z,563.687076808,563.826558922,563.308482497,563.607372742,87518
2025-08-21T09:00:00Z,563.806632906,564.653488601,563.188926399,563.188926399,107206
2025-08-21T10:00:00Z,563.188926399,563.906262988,563.079333309,563.328408513,52015
2025-08-21T11:00:00Z,563.328408513,563.637261767,562.63099794,563.537631685,91449
2025-08-21T12:00:00Z,563.537631685,564.015856077,562.401848752,562.750554039,159126
2025-08-21T13:00:00Z,562.750554039,562.80036908,561.196324763,561.365695902,686484
2025-08-21T13:30:00Z,561.365695902,562.262366638,561.026953623,562.262366638,206467
2025-08-21T14:30:00Z,562.262366638,564.394450388,559.771614593,564.314746323,12269766
2025-08-21T15:30:00Z,564.324709331,564.324709331,560.927423172,562.192625581,7097674
2025-08-21T16:30:00Z,562.192625581,563.129148349,560.180097928,560.419210125,5200853
2025-08-21T17:30:00Z,560.419210125,561.126583705,558.904832881,559.547446909,5284483
2025-08-21T18:30:00Z,559.542465405,561.390603422,559.422909307,560.802785939,4392830
2025-08-21T19:30:00Z,560.802785939,562.122884523,560.349469067,561.694375541,4576233
2025-08-21T20:00:00Z,561.694475172,561.734327204,560.897434517,561.196324763,5174303
2025-08-21T21:00:00Z,561.206287771,561.415510943,560.817730452,561.305917853,844506
2025-08-21T22:00:00Z,561.305917853,561.305917853,561.007027607,561.236176795,60261
2025-08-21T23:00:00Z,561.236176795,561.92362436,561.236176795,561.863846311,115156
2025-08-22T00:00:00Z,561.863846311,561.981808327,561.604808098,561.973439401,118087
2025-08-22T09:00:00Z,560.927323542,562.342070703,560.82769346,562.272329646,118633
2025-08-22T10:00:00Z,562.272329646,562.332107695,561.804068262,562.282292654,48319
2025-08-22T11:00:00Z,562.282292654,562.820295096,562.272329646,562.551293875,92771
2025-08-22T12:00:00Z,562.551293875,562.90996217,562.043180458,562.242440621,198639
2025-08-22T13:00:00Z,562.242440621,562.820295096,562.013291433,562.053143466,411296
2025-08-22T13:30:00Z,562.053143466,562.611071924,561.973439401,562.52140485,197985
2025-08-22T14:30:00Z,562.5811829,571.458223188,561.186361754,569.565251634,16761171
2025-08-22T15:30:00Z,569.595140658,571.866706523,569.580196146,571.199184975,7999972
2025-08-22T16:30:00Z,571.179258959,571.767076442,568.857878053,569.107252148,5203669
2025-08-22T17:30:00Z,569.12189777,571.094573389,568.459357726,571.084610381,4897885
2025-08-22T18:30:00Z,571.084610381,571.288852049,570.382218305,570.541626435,3162776
2025-08-22T19:30:00Z,570.57151546,571.049739853,569.888252359,570.083328059,3521331
2025-08-22T20:00:00Z,570.073365051,570.262662206,569.027249192,569.854178871,6141891
2025-08-22T21:00:00Z,569.864141879,570.382218305,569.505473585,570.282588223,2176881
2025-08-22T22:00:00Z,570.282588223,570.302514239,570.043476026,570.1331431,493784
2025-08-22T23:00:00Z,570.1331431,570.372255296,570.003623994,570.372255296,24031
2025-08-23T00:00:00Z,570.372255296,570.68110855,570.232773182,570.521700419,51095
2025-08-25T09:00:00Z,569.854178871,569.854178871,568.568950816,568.568950816,86310
2025-08-25T10:00:00Z,568.568950816,568.678543906,568.060837399,568.429468701,118439
2025-08-25T11:00:00Z,568.429468701,568.479283742,567.512871949,567.881503251,166355
2025-08-25T12:00:00Z,567.881503251,568.369690652,567.692206096,568.299949595,85102
2025-08-25T13:00:00Z,568.299949595,568.299949595,567.492945932,567.881503251,392800
2025-08-25T13:30:00Z,567.881503251,568.349764636,567.83168821,568.299949595,216849
2025-08-25T14:30:00Z,568.289986587,569.824289846,567.054573572,569.36599147,9905343
2025-08-25T15:30:00Z,569.346065454,570.845498185,569.14680529,570.740786969,4462475
2025-08-25T16:30:00Z,570.750849607,571.166406678,570.292551231,570.740886599,3316883
2025-08-25T17:30:00Z,570.720960583,571.069665869,570.083328059,570.387299439,2593885
2025-08-25T18:30:00Z,570.382218305,570.551589444,569.734622773,569.943845945,2861173
2025-08-25T19:30:00Z,569.933882936,570.143106108,569.520418097,569.644955699,2923264
2025-08-25T20:00:00Z,569.634992691,569.744585781,568.070800407,568.210282521,5141090
2025-08-25T21:00:00Z,568.250134554,568.778173988,568.030948374,568.429468701,1557618
2025-08-25T22:00:00Z,568.429468701,568.429468701,568.110652439,568.340000888,111370
2025-08-25T23:00:00Z,568.340000888,568.808162642,568.340000888,568.608802848,37195
2025-08-26T00:00:00Z,568.608802848,568.70843293,568.040911382,568.230208538,68598
2025-08-26T09:00:00Z,567.064536581,567.751984145,566.974869507,567.403278859,65339
2025-08-26T10:00:00Z,567.403278859,567.971170325,567.333537801,567.83168821,67629
2025-08-26T11:00:00Z,567.83168821,568.519135775,567.83168821,568.289986587,87311
2025-08-26T12:00:00Z,568.289986587,568.289986587,567.094425605,567.702169104,90303
2025-08-26T13:00:00Z,567.702169104,567.901429268,567.034647556,567.602539022,290422
2025-08-26T13:30:00Z,567.602539022,567.841651219,567.56268699,567.712132112,130042
2025-08-26T14:30:00Z,567.72209512,569.590159154,566.695905278,569.47558456,9153442
2025-08-26T15:30:00Z,569.465621552,569.69477074,568.568950816,568.629027755,3517922
2025-08-26T16:30:00Z,568.628728865,569.769493301,568.260097562,569.455658544,2880745
2025-08-26T17:30:00Z,569.455658544,569.615066675,568.678543906,569.320360893,2450938
2025-08-26T18:30:00Z,569.336102446,569.395880495,567.9412813,569.346065454,3550072
2025-08-26T19:30:00Z,569.346065454,570.302514239,569.266361388,570.033513018,4886213
2025-08-26T20:00:00Z,570.02355001,570.800664648,569.226509356,570.491811394,5397368
2025-08-26T21:00:00Z,570.521700419,571.079628877,570.422070337,570.999924812,1257949
2025-08-26T22:00:00Z,570.999924812,571.079628877,570.850479689,570.970035787,133237
2025-08-26T23:00:00Z,570.970035787,571.298815057,570.90029473,571.229074,94034
2025-08-27T00:00:00Z,571.229074,571.378519123,571.059702861,571.209147983,50048
2025-08-27T09:00:00Z,570.491811394,570.979998795,570.153069116,570.581478468,124905
2025-08-27T10:00:00Z,570.581478468,570.950109771,570.57151546,570.860442697,41094
2025-08-27T11:00:00Z,570.860442697,571.049739853,570.750849607,570.970035787,37617
2025-08-27T12:00:00Z,570.970035787,571.268926033,570.880368714,571.089591885,59991
2025-08-27T13:00:00Z,571.089591885,571.428334163,570.053439035,570.481848386,358227
2025-08-27T13:30:00Z,570.481848386,570.561552452,569.385917487,569.625029683,354608
2025-08-27T14:30:00Z,569.47558456,571.059702861,568.260097562,570.850579319,9200479
2025-08-27T15:30:00Z,570.870405705,571.278889041,570.531663427,570.690971928,5313757
2025-08-27T16:30:00Z,570.68110855,571.647520343,569.625029683,570.1331431,4000026
2025-08-27T17:30:00Z,570.113217084,571.194203471,569.535362609,570.960172409,3004944
2025-08-27T18:30:00Z,570.970035787,572.280171363,570.970035787,572.090874207,2868206
2025-08-27T19:30:00Z,572.085892703,572.125744736,569.80436383,570.870405705,4610095
2025-08-27T20:00:00Z,570.870405705,572.02113315,570.860442697,571.368556114,3877631
2025-08-27T21:00:00Z,571.418371155,572.843081325,566.875239425,569.485547568,2489921
2025-08-27T22:00:00Z,569.485547568,570.1331431,568.979725643,569.515436593,356976
2025-08-27T23:00:00Z,569.535362609,569.654918707,568.499209758,568.917656102,145848
2025-08-28T00:00:00Z,568.917656102,569.087027241,568.560880779,568.698469922,82819
2025-08-28T09:00:00Z,571.707298392,572.444560998,570.880368714,571.398445139,159572
2025-08-28T10:00:00Z,571.398445139,571.66744636,571.249000016,571.308778065,62721
2025-08-28T11:00:00Z,571.308778065,571.587742294,570.979998795,571.229074,59031
2025-08-28T12:00:00Z,571.229074,571.398445139,570.561552452,571.398445139,71500
2025-08-28T13:00:00Z,571.378519123,572.424634981,570.870405705,571.826854491,689149
2025-08-28T13:30:00Z,571.826854491,572.374819941,571.787002458,571.99622563,227755
2025-08-28T14:30:00Z,571.986262621,574.397310601,570.342366272,571.689165718,13610713
2025-08-28T15:30:00Z,571.717261401,574.636422797,571.677409368,572.733388605,7219317
2025-08-28T16:30:00Z,572.733488235,574.955239059,572.693636202,574.686237838,4646942
2025-08-28T17:30:00Z,574.67627483,574.845645969,573.9091232,574.835682961,4577014
2025-08-28T18:30:00Z,574.835682961,575.234203288,574.706163855,575.194351255,3440342
2025-08-28T19:30:00Z,575.204314264,575.722390689,575.084758165,575.242671845,3685447
2025-08-28T20:00:00Z,575.234203288,575.861872804,574.905424018,574.945276051,6064177
2025-08-28T21:00:00Z,574.945276051,575.124610198,574.56668174,574.825719953,1811730
2025-08-28T22:00:00Z,574.825719953,574.945276051,574.706163855,574.775904912,381916
2025-08-28T23:00:00Z,574.78586792,574.815756945,574.217976454,574.277754503,59444
2025-08-29T00:00:00Z,574.277754503,574.586607756,574.277754503,574.506903691,21087
2025-08-29T09:00:00Z,574.945276051,574.945276051,571.966336605,572.016151646,117135
2025-08-29T10:00:00Z,572.016151646,572.693636202,571.617631319,572.454524006,114679
2025-08-29T11:00:00Z,572.454524006,572.76337726,571.876669532,572.10581872,107749
2025-08-29T12:00:00Z,572.10581872,572.623895145,572.056003679,572.21541181,97383
2025-08-29T13:00:00Z,572.21541181,573.160901286,571.816891482,572.8131923,532017
2025-08-29T13:30:00Z,572.8131923,572.942711407,572.464487014,572.48441303,238911
2025-08-29T14:30:00Z,572.529246567,572.902859374,567.144240646,568.835959435,15674352
2025-08-29T15:30:00Z,568.837952037,569.25639838,566.855313409,568.429568331,7979037
2025-08-29T16:30:00Z,568.419505693,568.534080287,567.064536581,567.751984145,5188876
2025-08-29T17:30:00Z,567.742021137,568.628728865,566.436867065,567.114351621,4647027
2025-08-29T18:30:00Z,567.12431463,568.27006057,566.825424384,567.433267513,4749286
2025-08-29T19:30:00Z,567.443130891,568.519135775,567.373389834,567.991096341,4618785
2025-08-29T20:00:00Z,567.991096341,568.733340451,567.074499589,568.289986587,8944156
2025-08-29T21:00:00Z,568.250134554,568.529098783,567.702169104,567.841651219,2562989
2025-08-29T22:00:00Z,567.841651219,568.16046748,567.293685769,567.592576014,331471
2025-08-29T23:00:00Z,567.592576014,567.881503251,567.243870728,567.592576014,85999
2025-08-30T00:00:00Z,567.592576014,567.702169104,567.433167883,567.572649998,40557
2025-09-02T09:00:00Z,568.289986587,568.289986587,563.348334529,564.304783315,168500
2025-09-02T10:00:00Z,564.304783315,564.792970716,563.876373963,563.906262988,119032
2025-09-02T11:00:00Z,563.906262988,564.344635347,562.501478834,562.90996217,234866
2025-09-02T12:00:00Z,562.90996217,563.099259325,562.14281054,562.272329646,208915
2025-09-02T13:00:00Z,562.272329646,562.272329646,558.496349546,559.213686135,1083273
2025-09-02T13:30:00Z,559.213686135,559.940985732,558.755387758,559.153908086,329272
2025-09-02T14:30:00Z,559.233612151,563.607372742,557.465178199,563.149074366,19358605
2025-09-02T15:30:00Z,563.129148349,563.129148349,559.163871094,559.502613372,8678731
2025-09-02T16:30:00Z,559.492650364,559.492650364,557.500048728,558.476423529,7014832
2025-09-02T17:30:00Z,558.471442025,560.917360534,558.466460521,560.728063378,5484329
2025-09-02T18:30:00Z,560.728063378,562.272329646,560.728063378,560.807767444,6228442
2025-09-02T19:30:00Z,560.817730452,562.640960949,560.658322321,562.501478834,5465020
2025-09-02T20:00:00Z,562.491515826,563.871392459,562.411811761,563.527668677,7235398
2025-09-02T21:00:00Z,563.527668677,566.157902836,563.388186562,566.018420722,3761457
2025-09-02T22:00:00Z,566.018420722,566.197754869,565.888901615,566.098124787,253048
2025-09-02T23:00:00Z,566.098124787,566.190581503,564.972304863,565.121749985,166321
2025-09-03T00:00:00Z,565.121749985,565.201454051,564.773243959,564.962341855,84607
2025-09-03T09:00:00Z,563.527668677,567.333537801,563.527668677,567.074499589,145608
2025-09-03T10:00:00Z,567.074499589,567.642391055,566.606238204,567.512871949,64149
2025-09-03T11:00:00Z,567.512871949,567.732058129,567.184092679,567.602539022,98064
2025-09-03T12:00:00Z,567.602539022,567.971170325,566.815461376,566.994795523,362092
2025-09-03T13:00:00Z,566.994795523,567.742021137,566.616201212,567.164166662,527266
2025-09-03T13:30:00Z,567.164166662,567.951244309,566.994795523,567.164166662,340806
2025-09-03T14:30:00Z,567.12431463,568.299949595,565.878938607,567.403278859,12484166
2025-09-03T15:30:00Z,567.403278859,569.580196146,567.084462597,567.174129671,7524928
2025-09-03T16:30:00Z,567.154203654,568.134065509,566.646090237,567.393315851,6580217
2025-09-03T17:30:00Z,567.413241867,568.070800407,566.387052024,567.23390772,4259186
2025-09-03T18:30:00Z,567.223944711,567.433167883,564.93245283,565.380788198,6321011
2025-09-03T19:30:00Z,565.360862182,565.659752427,564.628581081,565.490381288,5806080
2025-09-03T20:00:00Z,565.490381288,567.971170325,565.460492264,567.961207317,7482000
2025-09-03T21:00:00Z,567.901429268,568.30632592,567.761947153,567.901429268,2047263
2025-09-03T22:00:00Z,567.901429268,568.040911382,567.791836178,567.801799186,72210
2025-09-03T23:00:00Z,567.901429268,567.961207317,567.443130891,567.444625343,87952
2025-09-04T00:00:00Z,567.444625343,567.959413975,567.403278859,567.542760973,27215
2025-09-04T09:00:00Z,567.961207317,569.286287405,567.961207317,569.017286184,66375
2025-09-04T10:00:00Z,569.017286184,569.535362609,568.907693094,569.505473585,69329
2025-09-04T11:00:00Z,569.505473585,569.91395692,569.14680529,569.326139437,108017
2025-09-04T12:00:00Z,569.326139437,569.595140658,568.638691873,568.977434151,107932
2025-09-04T13:00:00Z,568.977434151,569.644955699,568.369690652,568.728358947,448673
2025-09-04T13:30:00Z,568.728358947,568.748284963,568.170430489,568.628728865,216837
2025-09-04T14:30:00Z,568.628728865,570.232773182,566.920072962,568.658617889,11177370
2025-09-04T15:30:00Z,568.628728865,570.412107329,568.608802848,570.182958141,6935103
2025-09-04T16:30:00Z,570.202884157,570.402144321,569.405843503,569.578004284,3960352
2025-09-04T17:30:00Z,569.565251634,571.00988782,569.480566064,570.910257738,3922024
2025-09-04T18:30:00Z,570.90029473,571.657483352,570.691071558,571.438297172,3842238
2025-09-04T19:30:00Z,571.443278676,572.539209575,571.358593106,572.200467297,5359534
2025-09-04T20:00:00Z,572.185522785,573.47075084,572.046040671,573.102119538,7208269
2025-09-04T21:00:00Z,573.14197157,574.118346372,572.952674415,573.540491898,3631777
2025-09-04T22:00:00Z,573.540491898,574.227939462,573.47075084,574.008753282,268671
2025-09-04T23:00:00Z,574.008753282,574.208013446,573.719826045,574.078494339,111960
2025-09-05T00:00:00Z,574.088457347,574.277754503,574.008753282,574.088457347,91819
2025-09-05T09:00:00Z,573.102119538,576.290282155,573.102119538,576.290282155,86869
2025-09-05T10:00:00Z,576.290282155,576.360023213,576.051169959,576.140837033,54347
2025-09-05T11:00:00Z,576.140837033,576.290282155,575.921650853,576.091021992,99682
2025-09-05T12:00:00Z,576.091021992,576.559283376,575.841946787,575.841946787,95424
2025-09-05T13:00:00Z,575.841946787,578.312772816,574.78586792,578.302809808,1793063
2025-09-05T13:30:00Z,578.302809808,578.860738266,578.223105742,578.382513873,766290
2025-09-05T14:30:00Z,578.34266184,578.970331356,572.394745957,573.001493155,20620504
2025-09-05T15:30:00Z,572.972600431,573.281453685,569.415806511,572.504339047,14079023
2025-09-05T16:30:00Z,572.494376039,573.371120759,571.587742294,572.195485793,7461122
2025-09-05T17:30:00Z,572.255263842,573.191786611,571.627594327,572.524265063,5605294
2025-09-05T18:30:00Z,572.54419108,573.052304497,571.368556114,572.743351613,4654439
2025-09-05T19:30:00Z,572.743451243,573.939012225,572.469468518,573.714844541,4767570
2025-09-05T20:00:00Z,573.719826045,573.988827266,572.793465544,573.929049217,6518637
2025-09-05T21:00:00Z,573.9091232,574.01871629,573.331268726,573.450824824,1580938
2025-09-05T22:00:00Z,573.450824824,573.58034393,572.952674415,572.952674415,109475
2025-09-05T23:00:00Z,572.952674415,573.002489456,572.728307471,572.87297035,26915
2025-09-06T00:00:00Z,572.87297035,572.892896366,572.76337726,572.76337726,22940
2025-09-08T09:00:00Z,573.929049217,575.861872804,573.929049217,575.77220573,50749
2025-09-08T10:00:00Z,575.77220573,576.240467114,575.533093534,576.120911016,58117
2025-09-08T11:00:00Z,576.120911016,576.389912237,575.891761828,575.99139191,68257
2025-09-08T12:00:00Z,575.99139191,576.160763049,575.722390689,575.732353697,78839
2025-09-08T13:00:00Z,575.732353697,576.100985,575.295276528,576.021280934,281837
2025-09-08T13:30:00Z,576.021280934,576.489542319,575.901724836,576.340097196,168008
2025-09-08T14:30:00Z,576.230504106,578.412402898,575.931613861,578.103549644,13848106
2025-09-08T15:30:00Z,578.093586636,578.691367127,577.645251268,578.417384402,6001232
2025-09-08T16:30:00Z,578.412402898,578.591737045,577.107248826,577.356324031,4723921
2025-09-08T17:30:00Z,577.346361022,577.505769153,576.240467114,576.711119621,4659283
2025-09-08T18:30:00Z,576.733636019,577.067396793,575.702464673,576.898025654,4182506
2025-09-08T19:30:00Z,576.907988662,576.997655736,575.632723615,575.871835812,3701780
2025-09-08T20:00:00Z,575.88179882,576.878099638,575.88179882,576.728654515,6739864
2025-09-08T21:00:00Z,576.708728499,576.828384227,576.419801262,576.559283376,1682411
2025-09-08T22:00:00Z,576.559283376,576.858173622,576.409838253,576.858173622,37193
2025-09-08T23:00:00Z,576.858173622,577.266656957,576.638987442,577.186952891,58303
2025-09-09T00:00:00Z,577.186952891,577.315475697,576.708728499,576.778469556,30948
2025-09-09T09:00:00Z,576.728654515,578.073660619,576.728654515,577.734918341,77142
2025-09-09T10:00:00Z,577.734918341,578.023845579,577.555584194,577.734918341,44588
2025-09-09T11:00:00Z,577.734918341,578.093586636,577.615362243,577.74488135,42532
2025-09-09T12:00:00Z,577.74488135,577.90428948,576.987692728,577.90428948,81207
2025-09-09T13:00:00Z,577.90428948,578.063697611,577.525097389,577.63528826,321025
2025-09-09T13:30:00Z,577.63528826,577.645251268,576.688802482,577.515732161,368439
2025-09-09T14:30:00Z,577.52569517,578.053734603,576.21057809,576.937877687,9798770
2025-09-09T15:30:00Z,576.927914679,576.967766711,574.905424018,576.290282155,7674604
2025-09-09T16:30:00Z,576.290282155,577.485843137,575.548038046,577.107248826,4816168
2025-09-09T17:30:00Z,577.117211834,578.008901066,576.828284597,577.675140292,3457141
2025-09-09T18:30:00Z,577.6851033,577.834548423,577.236767932,577.475880129,4600112
2025-09-09T19:30:00Z,577.485843137,578.143401677,577.236767932,578.033808587,4033203
2025-09-09T20:00:00Z,578.033808587,578.790997208,577.545621186,578.362587857,5153676
2025-09-09T21:00:00Z,578.332698832,579.528259814,577.864437448,578.908859595,3128889
2025-09-09T22:00:00Z,578.908859595,579.598000871,578.860738266,579.498370789,140843
2025-09-09T23:00:00Z,579.498370789,579.498370789,578.930479323,579.030109405,124040
2025-09-10T00:00:00Z,579.030109405,579.030109405,578.531958996,578.751145176,145213
2025-09-10T09:00:00Z,578.362587857,580.126040305,578.362587857,579.050035421,98543
2025-09-10T10:00:00Z,579.050035421,579.378814691,578.7810342,579.358888675,83876
2025-09-10T11:00:00Z,579.358888675,579.797261035,579.259258593,579.737482986,92488
2025-09-10T12:00:00Z,579.737482986,580.544486648,579.713571766,580.345226485,151701
2025-09-10T13:00:00Z,580.345226485,582.606829341,579.707593961,581.720121613,1098573
2025-09-10T13:30:00Z,581.720121613,581.939307793,581.092452098,581.490972425,213552
2025-09-10T14:30:00Z,581.580639499,581.610528523,579.179554527,580.693931771,13513163
2025-09-10T15:30:00Z,580.683968763,581.291712262,579.697531323,580.175855345,6853345
2025-09-10T16:30:00Z,580.195781362,580.813388239,579.269221601,579.568111846,4583010
2025-09-10T17:30:00Z,579.568111846,580.136003313,578.581774037,578.790997208,3899399
2025-09-10T18:30:00Z,578.790997208,579.388777699,577.85447444,578.163327693,4525008
2025-09-10T19:30:00Z,578.148383181,578.67144111,576.409838253,576.97772972,5860777
2025-09-10T20:00:00Z,576.987692728,578.990257372,576.967766711,578.551885012,6293751
2025-09-10T21:00:00Z,578.551885012,578.800960217,578.113512652,578.203179726,1731527
2025-09-10T22:00:00Z,578.203179726,578.243031759,578.053734603,578.153265055,114657
2025-09-10T23:00:00Z,578.153265055,579.289546138,578.083623628,579.139602865,145820
2025-09-11T00:00:00Z,579.139602865,579.43859274,578.960368347,579.119776478,48769
2025-09-11T09:00:00Z,579.468481765,580.215707378,579.468481765,579.827150059,54608
2025-09-11T10:00:00Z,579.807224043,579.966632174,579.448555748,579.737482986,48800
2025-09-11T11:00:00Z,579.737482986,580.414967542,579.727519977,580.375115509,50238
2025-09-11T12:00:00Z,580.375115509,580.544486648,580.175855345,580.345226485,105244
2025-09-11T13:00:00Z,580.345226485,581.012748033,577.864437448,580.664042746,1136639
2025-09-11T13:30:00Z,580.664042746,581.152230147,580.195781362,581.142267139,309534
2025-09-11T14:30:00Z,581.08248909,581.690232589,579.468481765,580.793561853,12107544
2025-09-11T15:30:00Z,580.783598844,582.716422431,580.703894779,582.517162268,7267724
2025-09-11T16:30:00Z,582.517162268,582.716422431,581.710158605,582.198346006,4136861
2025-09-11T17:30:00Z,582.228235031,582.407569178,581.510898442,581.989122834,3383326
2025-09-11T18:30:00Z,581.969196818,582.497236251,581.74004763,582.148530965,3464619
2025-09-11T19:30:00Z,582.148530965,582.636718366,582.058863891,582.427495194,3560556
2025-09-11T20:00:00Z,582.417532186,582.706459423,581.844659216,581.919381777,6839484
2025-09-11T21:00:00Z,581.929344785,582.218272022,581.74004763,581.789862671,1856301
2025-09-11T22:00:00Z,581.789862671,582.576940317,581.690232589,582.50719926,128295
2025-09-11T23:00:00Z,582.50719926,582.50719926,581.720121613,581.979259456,263496
2025-09-12T00:00:00Z,581.979259456,582.268087063,581.819751695,582.168456981,32497
2025-09-12T09:00:00Z,581.919381777,582.367717145,581.19208218,581.979159826,92704
2025-09-12T10:00:00Z,581.969196818,582.367717145,581.819751695,582.158493973,46761
2025-09-12T11:00:00Z,582.158493973,582.487273243,582.048900883,582.467347227,48519
2025-09-12T12:00:00Z,582.467347227,583.045201701,582.188382998,582.99538666,80227
2025-09-12T13:00:00Z,582.99538666,583.005349669,582.258124055,582.895756579,500341
2025-09-12T13:30:00Z,582.88579357,583.124905767,582.816052513,582.865867554,144220
2025-09-12T14:30:00Z,582.875830562,583.707741745,581.939307793,583.583204143,9828714
2025-09-12T15:30:00Z,583.593167151,584.659209026,583.43375902,583.966779958,6717624
2025-09-12T16:30:00Z,583.971761462,584.449985855,583.603130159,584.410133822,4553042
2025-09-12T17:30:00Z,584.410133822,584.808654149,584.210873658,584.28559622,6566631
2025-09-12T18:30:00Z,584.28559622,584.938173255,584.06641004,584.813635653,6932821
2025-09-12T19:30:00Z,584.808654149,585.685398869,584.699061059,584.848506182,5774654
2025-09-12T20:00:00Z,584.868432198,585.056633423,583.951835446,584.489837887,7472153
2025-09-12T21:00:00Z,584.499800896,584.728950084,584.220836667,584.579604591,1662828
2025-09-12T22:00:00Z,584.579604591,584.659209026,584.330429757,584.330429757,283657
2025-09-12T23:00:00Z,584.330429757,584.608696575,584.330429757,584.519726912,24826
2025-09-13T00:00:00Z,584.519726912,584.599430977,584.410133822,584.469911871,16164
2025-09-15T09:00:00Z,585.426360656,585.426360656,583.832279348,584.31050374,186688
2025-09-15T10:00:00Z,584.31050374,584.370281789,583.921946421,584.270651707,64450
2025-09-15T11:00:00Z,584.270651707,585.137433419,584.230799675,584.997951305,85493
2025-09-15T12:00:00Z,584.997951305,585.506064722,584.997951305,585.416397648,159275
2025-09-15T13:00:00Z,585.416397648,586.133734237,585.358412941,586.113808221,490952
2025-09-15T13:30:00Z,586.113808221,586.372846433,585.914548057,586.263253343,268439
2025-09-15T14:30:00Z,586.263253343,588.375411078,586.118789725,588.107107267,10004658
2025-09-15T15:30:00Z,588.096446849,588.465078151,587.692945017,588.094454247,5328802
2025-09-15T16:30:00Z,588.08648384,588.993117585,588.021724287,588.485004168,4899725
2025-09-15T17:30:00Z,588.485004168,588.903450511,588.08648384,588.106409857,4109229
2025-09-15T18:30:00Z,588.116372865,588.993017955,588.006779775,588.335658675,3847073
2025-09-15T19:30:00Z,588.345522053,588.709171852,587.907149693,588.574671241,4621556
2025-09-15T20:00:00Z,588.564708233,589.600861084,588.360466565,589.491267994,7360075
2025-09-15T21:00:00Z,589.521157018,589.521157018,588.873561487,589.112673683,2595316
2025-09-15T22:00:00Z,589.112673683,589.242192789,589.013043601,589.013043601,224059
2025-09-15T23:00:00Z,589.013043601,589.082784658,588.85363547,588.863598478,80446
2025-09-16T00:00:00Z,588.863598478,589.390641611,588.863598478,589.361748887,34079
2025-09-16T09:00:00Z,589.491267994,591.802685892,589.491267994,591.553610687,124263
2025-09-16T10:00:00Z,591.553610687,591.762833859,591.075386294,591.284609466,44532
2025-09-16T11:00:00Z,591.284609466,591.37427654,591.105275319,591.244757433,51661
2025-09-16T12:00:00Z,591.244757433,591.26468345,590.507494828,590.776496049,128527
2025-09-16T13:00:00Z,590.776496049,590.82631109,590.009344419,590.627050926,362262
2025-09-16T13:30:00Z,590.597161902,590.906015155,590.358049705,590.368012714,258813
2025-09-16T14:30:00Z,590.417827754,590.666902959,588.803820429,589.217285269,9762672
2025-09-16T15:30:00Z,589.222266773,589.650676125,588.554745225,588.734079372,4501840
2025-09-16T16:30:00Z,588.724116364,588.993117585,588.30567002,588.96322856,3528431
2025-09-16T17:30:00Z,588.953265552,589.441452953,588.5248562,589.122636691,3719980
2025-09-16T18:30:00Z,589.142562707,589.262118806,588.883524495,589.097729171,3166117
2025-09-16T19:30:00Z,589.092747667,589.770232223,589.023006609,589.2919082,3759911
2025-09-16T20:00:00Z,589.287026326,589.879825313,588.823746446,588.993117585,5690015
2025-09-16T21:00:00Z,588.96322856,589.411563928,588.923376527,589.082784658,1499325
2025-09-16T22:00:00Z,589.082784658,589.272081814,589.082784658,589.152525716,292004
2025-09-16T23:00:00Z,589.152525716,589.561009051,589.023006609,589.471341977,36203
2025-09-17T00:00:00Z,589.471341977,589.541083035,589.301970838,589.40160092,15574
2025-09-17T09:00:00Z,588.993117585,589.610824092,587.458814325,588.734079372,132882
2025-09-17T10:00:00Z,588.734079372,589.102710675,588.624486282,588.734079372,41287
2025-09-17T11:00:00Z,588.734079372,588.873561487,587.917112701,588.405300102,86289
2025-09-17T12:00:00Z,588.405300102,588.782898112,588.116372865,588.445152135,99719
2025-09-17T13:00:00Z,588.445152135,588.993117585,588.375411078,588.96322856,227917
2025-09-17T13:30:00Z,588.96322856,589.162488724,588.704190348,588.943302544,126727
2025-09-17T14:30:00Z,588.913413519,589.381674904,586.821181802,586.901583278,9202899
2025-09-17T15:30:00Z,586.910848875,587.369147251,586.054129802,586.262057782,4844268
2025-09-17T16:30:00Z,586.263253343,586.532254564,585.814917975,586.438303397,3277987
2025-09-17T17:30:00Z,586.432624482,586.432624482,585.351638095,586.17358627,3685392
2025-09-17T18:30:00Z,586.183549278,588.913413519,583.354054955,586.980589932,13150366
2025-09-17T19:30:00Z,586.980589932,589.561009051,582.20332751,589.052895634,21603751
2025-09-17T20:00:00Z,589.082784658,589.481304986,587.090183022,587.81748262,10673532
2025-09-17T21:00:00Z,587.747741562,588.863598478,587.668037497,588.385374086,1704085
2025-09-17T22:00:00Z,588.385374086,588.405300102,587.947101356,588.235928963,223223
2025-09-17T23:00:00Z,588.235928963,590.058163159,588.19607693,589.968496086,166154
2025-09-18T00:00:00Z,589.968496086,590.417628494,589.968496086,590.358049705,138342
2025-09-18T09:00:00Z,587.81748262,594.014473707,587.81748262,593.954695658,219181
2025-09-18T10:00:00Z,593.954695658,594.014473707,593.486434274,593.705620454,147169
2025-09-18T11:00:00Z,593.705620454,593.94473265,593.107839963,593.426656225,126948
2025-09-18T12:00:00Z,593.426656225,594.582365174,593.147691996,594.253585904,315121
2025-09-18T13:00:00Z,594.253585904,594.71188428,592.978320857,592.998246873,618638
2025-09-18T13:30:00Z,592.998246873,593.058024922,592.071687112,592.769097685,443755
2025-09-18T14:30:00Z,592.709319636,595.27230349,590.766533041,595.239923714,16644938
2025-09-18T15:30:00Z,595.229960705,595.927371278,593.954695658,595.130330624,9918778
2025-09-18T16:30:00Z,595.130330624,595.688259082,593.695657446,594.860631992,6762835
2025-09-18T17:30:00Z,594.871292411,595.474054406,594.652106231,594.662069239,4545022
2025-09-18T18:30:00Z,594.672032247,594.741773305,593.730527974,594.079332891,5422641
2025-09-18T19:30:00Z,594.084214765,594.741773305,593.576101348,593.680712933,4320946
2025-09-18T20:00:00Z,593.675731429,593.914843626,593.087913947,593.117802971,8279428
2025-09-18T21:00:00Z,593.167618012,593.72554647,592.828875734,593.546212323,2979457
2025-09-18T22:00:00Z,593.546212323,593.795287528,593.486434274,593.665768421,169439
2025-09-18T23:00:00Z,593.665768421,594.193807855,593.476471266,594.084214765,52077
2025-09-19T00:00:00Z,594.094177773,594.303400945,593.964658667,594.143992814,102465
2025-09-19T09:00:00Z,593.087913947,593.795287528,592.988283865,593.605990372,79312
2025-09-19T10:00:00Z,593.625916388,594.134029806,593.546212323,593.576101348,59889
2025-09-19T11:00:00Z,593.576101348,594.193807855,593.476471266,594.064288748,66818
2025-09-19T12:00:00Z,594.064288748,594.313363953,593.815213544,594.313363953,81446
2025-09-19T13:00:00Z,594.313363953,594.741773305,594.213733871,594.373142002,405388
2025-09-19T13:30:00Z,594.343252977,595.588629,594.295928689,595.080515583,539187
2025-09-19T14:30:00Z,595.120367615,596.216298515,594.348234481,595.409294853,11003851
2025-09-19T15:30:00Z,595.409294853,595.57667339,593.904880617,594.084214765,10704455
2025-09-19T16:30:00Z,594.074251757,596.385669654,593.645842405,596.216298515,9444303
2025-09-19T17:30:00Z,596.206335507,596.602962863,595.69822209,595.907445262,3973975
2025-09-19T18:30:00Z,595.907445262,596.46537372,595.862611725,596.017038352,3127966
2025-09-19T19:30:00Z,596.017038352,597.033265186,595.907445262,596.804115998,5651803
2025-09-19T20:00:00Z,596.804115998,597.83030584,596.495262744,597.132895268,9189478
2025-09-19T21:00:00Z,597.242488358,597.750601775,597.063154211,597.292303399,3684522
2025-09-19T22:00:00Z,597.292303399,597.431785513,596.724411932,596.873857055,121205
2025-09-19T23:00:00Z,596.873857055,597.242488358,596.873857055,597.23252535,21474
2025-09-20T00:00:00Z,597.23252535,597.7804908,597.132895268,597.471637546,41037
2025-09-22T09:00:00Z,597.132895398,597.132895398,595.381313299,595.391287856,122446
2025-09-22T10:00:00Z,595.391287856,595.570829883,594.902534558,595.381313299,105730
2025-09-22T11:00:00Z,595.381313299,595.999735839,595.171847599,595.171847599,91717
2025-09-22T12:00:00Z,595.171847599,595.580804441,595.062127471,595.560855326,155863
2025-09-22T13:00:00Z,595.560855326,595.969812167,595.0322038,595.740397354,361971
2025-09-22T13:30:00Z,595.740397354,596.368794451,595.451135198,596.279023438,211186
2025-09-22T14:30:00Z,596.219176095,598.453476885,596.199226981,598.403703845,11749668
2025-09-22T15:30:00Z,598.393629543,599.191594111,598.085914456,598.792611827,6763747
2025-09-22T16:30:00Z,598.802586384,600.099278807,598.244011186,600.034444186,11839866
2025-09-22T17:30:00Z,600.04741111,600.538159319,599.959635007,600.408490077,5585249
2025-09-22T18:30:00Z,600.403502798,600.992001667,600.149151592,600.887268818,4653221
2025-09-22T19:30:00Z,600.887268818,601.336123887,600.737650461,601.101721795,5451332
2025-09-22T20:00:00Z,601.106709074,601.156581859,600.46833742,600.667828562,7055457
2025-09-22T21:00:00Z,600.657854004,600.77754869,600.268846278,600.617955776,2510920
2025-09-22T22:00:00Z,600.617955776,600.967065275,600.617955776,600.859539549,408143
2025-09-22T23:00:00Z,600.859539549,600.859539549,600.149151592,600.39851552,51472
2025-09-23T00:00:00Z,600.39851552,600.797497804,600.39851552,600.70772679,36781
2025-09-23T09:00:00Z,600.667828562,601.445844015,599.810016651,600.907217932,92084
2025-09-23T10:00:00Z,600.907217932,601.166556417,600.767574133,601.096734517,75106
2025-09-23T11:00:00Z,601.096734517,601.216429202,600.578057548,600.897243375,86897
2025-09-23T12:00:00Z,600.897243375,600.897243375,600.099278807,600.827421475,113586
2025-09-23T13:00:00Z,600.827421475,601.076785403,600.438413748,601.036887174,260029
2025-09-23T13:30:00Z,601.036887174,601.066810846,600.677803119,600.697752233,164864
2025-09-23T14:30:00Z,600.837396032,601.036887174,599.09184854,599.660398294,10738193
2025-09-23T15:30:00Z,599.680347409,600.169100707,599.146708604,599.770118423,7445220
2025-09-23T16:30:00Z,599.770118423,599.859889436,598.732764484,599.121871957,5438006
2025-09-23T17:30:00Z,599.121772211,599.620500066,597.535817632,597.61062681,8078144
2025-09-23T18:30:00Z,597.595664975,597.855003459,595.461109755,596.219176095,11806732
2025-09-23T19:30:00Z,596.209201538,596.817649521,595.580804441,595.99474856,6242090
2025-09-23T20:00:00Z,595.99474856,596.937344206,595.989761282,596.678005722,9974809
2025-09-23T21:00:00Z,596.638107493,597.246555476,596.518412808,596.797700407,3439174
2025-09-23T22:00:00Z,596.797700407,597.329643537,596.797700407,597.329643537,594456
2025-09-23T23:00:00Z,597.329643537,597.388293933,596.917395092,597.196682691,51952
2025-09-24T00:00:00Z,597.196682691,597.236580919,596.877496864,596.877496864,34144
2025-09-24T09:00:00Z,598.283909415,598.503349671,598.004621816,598.273934858,104097
2025-09-24T10:00:00Z,598.273934858,598.603095242,598.244011186,598.543247899,91274
2025-09-24T11:00:00Z,598.543247899,598.633018913,598.044520044,598.493375114,82291
2025-09-24T12:00:00Z,598.493375114,598.672917142,597.795156117,598.234036629,110234
2025-09-24T13:00:00Z,598.234036629,598.283909415,597.665486874,597.944774473,632858
2025-09-24T13:30:00Z,597.944774473,598.124316501,597.745283331,598.034545487,172530
2025-09-24T14:30:00Z,598.054494601,598.373680429,595.610728112,596.40869268,10846339
2025-09-24T15:30:00Z,596.398718123,596.697954836,595.421411018,595.835155647,5303803
2025-09-24T16:30:00Z,595.840142925,595.845130204,591.850320085,593.536020235,13259662
2025-09-24T17:30:00Z,593.536020235,594.583348731,593.087165166,594.363908474,5136202
2025-09-24T18:30:00Z,594.363908474,594.952407343,593.176936179,593.645740363,4448725
2025-09-24T19:30:00Z,593.651924589,594.593323288,593.545994792,594.144468218,3797078
2025-09-24T20:00:00Z,594.144468218,594.79281443,593.595867578,594.583348731,4619284
2025-09-24T21:00:00Z,594.553425059,594.912509115,594.553425059,594.713017973,1051877
2025-09-24T22:00:00Z,594.713017973,594.832712658,594.636313629,594.732967087,96762
2025-09-24T23:00:00Z,594.732967087,594.882585444,594.583348731,594.802788987,57651
2025-09-25T00:00:00Z,594.802788987,594.952407343,594.583348731,594.952407343,39634
2025-09-25T09:00:00Z,594.583348731,595.181822157,594.134493661,594.393832146,82906
2025-09-25T10:00:00Z,594.393832146,594.523501388,593.466198335,593.745485934,132881
2025-09-25T11:00:00Z,593.745485934,593.954951633,592.987419595,593.376427321,111417
2025-09-25T12:00:00Z,593.376427321,593.466198335,590.992508175,591.102228303,259084
2025-09-25T13:00:00Z,591.102228303,591.960040213,589.955154236,590.49378032,1175323
2025-09-25T13:30:00Z,590.49378032,590.922686275,589.835459551,590.613475005,686167
2025-09-25T14:30:00Z,590.693271462,592.27922604,587.002685335,591.740599957,19203461
2025-09-25T15:30:00Z,591.740599957,592.627338083,590.882788046,591.241872102,9408960
2025-09-25T16:30:00Z,591.221922988,593.600854856,591.221922988,592.059785784,7240815
2025-09-25T17:30:00Z,592.059785784,592.997394152,590.42395842,591.172050202,6126652
2025-09-25T18:30:00Z,591.162075645,591.42141413,587.760751674,590.822940704,9385678
2025-09-25T19:30:00Z,590.822940704,592.229353255,590.503754877,591.451337801,8954229
2025-09-25T20:00:00Z,591.451337801,592.34904794,591.07729191,592.019887556,6650182
2025-09-25T21:00:00Z,592.03983667,592.408895283,591.541108815,592.139582241,1260167
2025-09-25T22:00:00Z,592.139582241,592.139582241,591.860294642,591.950165402,103432
2025-09-25T23:00:00Z,591.950165402,592.787928453,591.950165402,592.209404141,81871
2025-09-26T00:00:00Z,592.209404141,592.219378698,591.659407062,591.659407062,56984
2025-09-26T09:00:00Z,592.019887556,592.827826681,591.11220286,591.11220286,106501
2025-09-26T10:00:00Z,591.11220286,591.930116542,590.753118804,591.850320085,125805
2025-09-26T11:00:00Z,591.850320085,592.129607684,591.122177417,591.451337801,236162
2025-09-26T12:00:00Z,591.451337801,592.767979338,591.271795773,592.408895283,124381
2025-09-26T13:00:00Z,592.41886984,595.052152914,592.189455027,593.785384163,864620
2025-09-26T13:30:00Z,593.785384163,593.865180619,592.618360982,592.618360982,280248
2025-09-26T14:30:00Z,592.837801238,594.683094302,589.556171952,590.723195133,14417495
2025-09-26T15:30:00Z,590.743144247,592.498666297,590.034950693,592.259276926,8843526
2025-09-26T16:30:00Z,592.259276926,593.431287385,590.763093361,592.96747048,6813534
2025-09-26T17:30:00Z,592.96747048,594.292690137,592.508640854,594.114544547,5767214
2025-09-26T18:30:00Z,594.114544547,594.593323288,593.057241494,594.264162903,5181852
2025-09-26T19:30:00Z,594.27413746,594.782839873,593.994849862,594.513526831,4187457
2025-09-26T20:00:00Z,594.513526831,594.752916201,593.889618284,594.453679488,5888570
2025-09-26T21:00:00Z,594.513526831,595.012254686,594.423755817,594.523800625,1401219
2025-09-26T22:00:00Z,594.523800625,594.703043416,594.48360316,594.603297845,78077
2025-09-26T23:00:00Z,594.603297845,594.769573712,594.503552274,594.683094302,12348
2025-09-27T00:00:00Z,594.683094302,594.742941644,594.633221516,594.633221516,8407
2025-09-29T09:00:00Z,597.675461432,598.672917142,597.47597029,598.623044356,131308
2025-09-29T10:00:00Z,598.623044356,598.762688155,598.144265615,598.144265615,112526
2025-09-29T11:00:00Z,598.144265615,598.822535498,598.014596373,598.533273342,100208
2025-09-29T12:00:00Z,598.533273342,598.593120685,597.685435989,598.184163844,188232
2025-09-29T13:00:00Z,598.184163844,598.962179297,597.946370402,598.747028101,433454
2025-09-29T13:30:00Z,598.747028101,598.95220474,597.515868518,597.615614089,290032
2025-09-29T14:30:00Z,597.585690418,600.518210205,597.520855796,600.074342414,11338444
2025-09-29T15:30:00Z,600.074342414,600.189049821,597.845028902,597.95474903,6124107
2025-09-29T16:30:00Z,597.95474903,598.114341944,596.987216992,597.525843075,6075245
2025-09-29T17:30:00Z,597.535817632,597.95474903,596.388743566,597.161771741,3996116
2025-09-29T18:30:00Z,597.156784462,598.034545487,596.757802178,597.805828893,3734415
2025-09-29T19:30:00Z,597.810117952,597.894901688,595.890015711,596.538361922,4771551
2025-09-29T20:00:00Z,596.538361922,597.535817632,596.358819894,597.206657248,7519943
2025-09-29T21:00:00Z,597.231593641,597.426097504,596.488489137,596.638107493,2513750
2025-09-29T22:00:00Z,596.638107493,596.64808205,596.528387365,596.628132936,899061
2025-09-29T23:00:00Z,596.628132936,597.176733577,596.548336479,597.146809905,60821
2025-09-30T00:00:00Z,597.146809905,597.290343782,596.867522306,596.867522306,43720
2025-09-30T09:00:00Z,596.189252424,596.71790395,595.580804441,596.428641794,108529
2025-09-30T10:00:00Z,596.438616351,596.907420535,596.129405081,596.33887078,162276
2025-09-30T11:00:00Z,596.33887078,596.737853064,595.79027014,596.598209265,157344
2025-09-30T12:00:00Z,596.598209265,596.847573192,596.179277867,596.558311036,122678
2025-09-30T13:00:00Z,596.558311036,597.485944847,596.199226981,597.226606362,786705
2025-09-30T13:30:00Z,597.226606362,597.256530033,596.727878507,596.737853064,217570
2025-09-30T14:30:00Z,596.907420535,597.146809905,594.583348731,596.009710396,8554364
2025-09-30T15:30:00Z,595.999735839,597.884927131,595.281567728,595.909964825,7045707
2025-09-30T16:30:00Z,595.919939382,597.446046618,595.510982541,596.658056607,4930567
2025-09-30T17:30:00Z,596.668031164,596.967267877,594.815855657,595.191796714,5306068
2025-09-30T18:30:00Z,595.171847599,597.236481174,594.812763544,597.09693712,4980322
2025-09-30T19:30:00Z,597.086962563,598.004621816,596.807674964,597.895001433,4335364
2025-09-30T20:00:00Z,597.904876245,599.181619554,597.321364654,598.842484612,7548486
2025-09-30T21:00:00Z,598.812560941,598.872408284,597.316377376,597.416122947,1721238
2025-09-30T22:00:00Z,597.416122947,597.855003459,597.416122947,597.695410546,366457
2025-09-30T23:00:00Z,597.695410546,598.273934858,597.09693712,597.326351933,112363
2025-10-01T00:00:00Z,597.33632649,597.615514343,597.017140663,597.226606362,77776
2025-10-01T09:00:00Z,598.842484612,598.842484612,593.10711428,594.613272402,317877
2025-10-01T10:00:00Z,594.613272402,595.740397354,594.503552274,595.281567728,177833
2025-10-01T11:00:00Z,595.281567728,595.680550012,594.683094302,594.912509115,139468
2025-10-01T12:00:00Z,594.9623819,596.598209265,594.912509115,596.518412808,382566
2025-10-01T13:00:00Z,596.518412808,596.658056607,595.301516842,595.999735839,1178290
2025-10-01T13:30:00Z,595.999735839,596.40869268,595.590778998,595.640651783,402399
2025-10-01T14:30:00Z,595.65062634,598.822535498,594.822738101,598.593120685,11599382
2025-10-01T15:30:00Z,598.603095242,599.490830824,598.383654986,598.78263727,6102605
2025-10-01T16:30:00Z,598.802586384,600.159126149,598.792611827,600.044418743,4518671
2025-10-01T17:30:00Z,600.049406021,601.156581859,599.71027108,601.006963503,3743205
2025-10-01T18:30:00Z,601.01693806,601.964520985,600.548133876,601.715157057,4421125
2025-10-01T19:30:00Z,601.695307688,602.243808583,601.60044965,602.004419213,4377051
2025-10-01T20:00:00Z,601.994444656,602.25378314,599.94966045,601.715157057,7062504
2025-10-01T21:00:00Z,601.745080728,601.7750044,601.296225659,601.665284272,2298092
2025-10-01T22:00:00Z,601.665284272,601.745280219,601.475767687,601.6353606,53638
2025-10-01T23:00:00Z,601.6353606,601.904673642,601.485742244,601.794953514,57525
2025-10-02T00:00:00Z,601.794953514,602.083816687,601.545589586,601.904673642,67381
2025-10-02T09:00:00Z,601.715157057,604.238720003,601.715157057,604.238720003,206529
2025-10-02T10:00:00Z,604.238720003,604.328491017,603.420806321,603.829763162,239446
2025-10-02T11:00:00Z,603.829763162,604.478109374,603.779890377,604.188847218,174032
2025-10-02T12:00:00Z,604.188847218,605.156379257,604.138974432,605.116481028,148893
2025-10-02T13:00:00Z,605.116481028,605.45561597,604.976837229,605.415717741,503402
2025-10-02T13:30:00Z,605.415717741,605.844623696,605.415717741,605.545386983,434658
2025-10-02T14:30:00Z,605.515463312,605.615208883,601.904673642,603.380908093,10670745
2025-10-02T15:30:00Z,603.410831764,603.739992148,601.39597123,602.582943525,6264834
2025-10-02T16:30:00Z,602.553019853,603.545488285,601.605436929,603.051747708,4296154
2025-10-02T17:30:00Z,603.041773151,603.909559619,602.433325168,603.690219108,3511971
2025-10-02T18:30:00Z,603.70009392,604.338465574,603.510577335,604.158923547,3197888
2025-10-02T19:30:00Z,604.148948989,604.567880388,603.93948329,604.498058488,2851406
2025-10-02T20:00:00Z,604.498058488,604.607778616,603.749966705,604.188847218,5771258
2025-10-02T21:00:00Z,604.178872661,604.557905831,603.959432405,604.119025318,5200895
2025-10-02T22:00:00Z,604.119025318,604.119025318,603.865073094,603.959432405,197003
2025-10-02T23:00:00Z,603.959432405,604.089101647,603.360958979,604.059177976,49347
2025-10-03T00:00:00Z,604.059177976,604.518007602,603.93948329,604.508033045,43949
2025-10-03T09:00:00Z,604.31851646,606.253580538,604.31851646,606.153834967,125065
2025-10-03T10:00:00Z,606.153834967,606.293478766,605.924420153,606.233631423,130937
2025-10-03T11:00:00Z,606.233631423,606.492969908,605.565336098,605.685030783,159579
2025-10-03T12:00:00Z,605.685030783,605.874547368,604.956888115,605.0067609,232346
2025-10-03T13:00:00Z,605.086557357,605.305997613,604.288592789,604.677600516,504068
2025-10-03T13:30:00Z,604.677600516,605.056633686,604.577854945,604.976837229,198914
2025-10-03T14:30:00Z,604.966862672,605.780287803,602.981925809,603.924521455,8197743
2025-10-03T15:30:00Z,603.919534176,605.161665772,603.650221134,604.956888115,4640839
2025-10-03T16:30:00Z,604.946913557,605.470577805,604.24869456,605.176328371,4397130
2025-10-03T17:30:00Z,605.166353814,605.216226599,602.243808583,602.363503269,6247792
2025-10-03T18:30:00Z,602.333579597,603.111595051,599.854902158,602.602892639,9300624
2025-10-03T19:30:00Z,602.602892639,602.692663653,601.211441923,601.804928071,4810360
2025-10-03T20:00:00Z,601.804928071,602.32360504,601.236378316,601.645335157,5629054
2025-10-03T21:00:00Z,601.645335157,601.864775414,601.106709074,601.336123887,1797907
2025-10-03T22:00:00Z,601.336123887,601.605436929,601.046861731,601.595462372,69501
2025-10-03T23:00:00Z,601.595462372,601.872256331,601.425894901,601.765029843,13998
2025-10-04T00:00:00Z,601.765029843,601.794953514,601.366047559,601.435869458,26241
2025-10-06T09:00:00Z,601.645335157,604.557905831,601.645335157,604.368389246,195969
2025-10-06T10:00:00Z,604.368389246,605.126455585,604.308541903,605.026710014,221438
2025-10-06T11:00:00Z,605.026710014,606.193733195,604.787320644,605.884521925,294239
2025-10-06T12:00:00Z,605.884521925,606.203707752,604.857142544,606.183758638,445520
2025-10-06T13:00:00Z,606.183758638,607.510374732,606.054089396,606.333376994,784846
2025-10-06T13:30:00Z,606.333376994,606.961774092,606.054089396,606.93185042,384020
2025-10-06T14:30:00Z,606.901926749,607.061818899,604.547931273,605.201264763,10054351
2025-10-06T15:30:00Z,605.196277485,606.014191167,604.428236588,605.653710674,4735781
2025-10-06T16:30:00Z,605.655107112,606.946812256,605.589674017,606.637600986,4334428
2025-10-06T17:30:00Z,606.652562822,607.320858147,606.163809524,607.081468777,3581558
2025-10-06T18:30:00Z,607.076481498,607.529625627,606.772257507,607.400654604,3741509
2025-10-06T19:30:00Z,607.410629161,607.809611445,606.981723206,607.115382271,3265903
2025-10-06T20:00:00Z,607.101417891,607.251036248,606.07403851,606.163809524,7987722
2025-10-06T21:00:00Z,606.163809524,606.293478766,605.924420153,606.143860409,1676411
2025-10-06T22:00:00Z,606.143860409,606.443097122,606.064063953,606.323402437,232513
2025-10-06T23:00:00Z,606.323402437,606.45307168,605.086557357,605.136430142,119023
2025-10-07T00:00:00Z,605.156379257,605.45561597,604.975839773,605.226201156,116884
2025-10-07T09:00:00Z,606.163809524,606.163809524,604.956888115,605.964318382,167273
2025-10-07T10:00:00Z,605.964318382,606.45307168,605.874547368,606.433122565,216795
2025-10-07T11:00:00Z,606.433122565,606.552817251,606.00421661,606.024165724,174205
2025-10-07T12:00:00Z,606.024165724,606.901926749,605.954343825,606.891952192,146518
2025-10-07T13:00:00Z,606.901926749,607.979178916,606.552817251,607.899382459,644020
2025-10-07T13:30:00Z,607.899382459,608.388135757,607.400654604,607.520349289,498372
2025-10-07T14:30:00Z,607.470476504,608.158720944,606.792206621,606.926863142,9545603
2025-10-07T15:30:00Z,606.936837699,607.350781819,603.131544165,603.670170249,11663881
2025-10-07T16:30:00Z,603.640246577,603.749966705,601.495716801,602.77246011,12594860
2025-10-07T17:30:00Z,602.77246011,604.089101647,602.183961241,603.086658658,5330642
2025-10-07T18:30:00Z,603.071696823,603.25123885,601.675258829,602.672714539,4981355
2025-10-07T19:30:00Z,602.692663653,603.271187965,602.533070739,602.682689096,3432577
2025-10-07T20:00:00Z,602.672714539,603.580399235,602.523096182,602.971951252,4723109
2025-10-07T21:00:00Z,602.971951252,603.500602778,602.971951252,603.211340622,3879502
2025-10-07T22:00:00Z,603.211340622,603.350984421,603.061722266,603.181416951,63064
2025-10-07T23:00:00Z,603.191391508,603.809814048,603.181416951,603.739992148,71859
2025-10-08T00:00:00Z,603.739992148,603.739992148,602.582943525,602.662640236,75828
2025-10-08T09:00:00Z,602.971951252,604.597804059,602.971951252,603.999330633,245321
2025-10-08T10:00:00Z,603.999330633,604.268643675,603.76991582,604.039228861,197547
2025-10-08T11:00:00Z,604.039228861,604.298567346,603.360958979,604.288592789,190804
2025-10-08T12:00:00Z,604.288592789,604.448185702,603.370933536,604.099076204,213298
2025-10-08T13:00:00Z,604.099076204,604.099076204,602.961976695,603.380908093,584497
2025-10-08T13:30:00Z,603.380908093,604.308541903,603.271187965,603.859686834,239070
2025-10-08T14:30:00Z,603.869661391,607.395667325,603.720043034,607.081468777,11952204
2025-10-08T15:30:00Z,607.061519663,607.799636888,606.03912756,607.550272961,5893657
2025-10-08T16:30:00Z,607.530323846,608.507830442,607.390680047,607.94845728,4521452
2025-10-08T17:30:00Z,607.939280687,608.298364743,607.480451061,608.291981026,2949696
2025-10-08T18:30:00Z,608.3083393,609.036481968,608.149743842,608.697347027,6286169
2025-10-08T19:30:00Z,608.707321584,609.495311595,608.288390186,609.385591467,4614639
2025-10-08T20:00:00Z,609.385591467,610.193530592,609.186100325,609.884319322,9050128
2025-10-08T21:00:00Z,609.884319322,610.672309333,609.664879066,610.37307262,2943825
2025-10-08T22:00:00Z,610.37307262,610.422945405,610.139568238,610.208392682,578417
2025-10-08T23:00:00Z,610.208392682,610.75210579,610.208392682,610.75210579,69761
2025-10-09T00:00:00Z,610.75210579,611.349681505,610.692258447,611.071291617,99269
2025-10-09T09:00:00Z,609.884319322,610.273327049,609.106303868,609.225998553,240996
2025-10-09T10:00:00Z,609.225998553,610.153632364,609.136227539,609.734700965,157531
2025-10-09T11:00:00Z,609.734700965,610.023963121,609.335718681,609.694802737,178205
2025-10-09T12:00:00Z,609.694802737,610.23342882,609.555158938,609.565133495,215950
2025-10-09T13:00:00Z,609.565133495,610.06386135,609.525235266,610.043912236,445178
2025-10-09T13:30:00Z,610.043912236,610.103759578,609.605031723,609.904268436,276199
2025-10-09T14:30:00Z,609.92421755,610.053886793,607.92930613,608.088899044,9875172
2025-10-09T15:30:00Z,608.108848158,608.627525127,606.682486493,607.510374732,6041983
2025-10-09T16:30:00Z,607.500400175,608.637499684,606.792206621,608.158720944,4402255
2025-10-09T17:30:00Z,608.178670058,608.328288414,606.133985598,606.293478766,6034880
2025-10-09T18:30:00Z,606.293478766,607.699891317,605.93439471,607.191188905,4783225
2025-10-09T19:30:00Z,607.181214348,608.557703228,606.991697763,608.418857393,4034114
2025-10-09T20:00:00Z,608.418059428,609.206049439,608.3781612,609.146202097,6904579
2025-10-09T21:00:00Z,609.136227539,609.265896782,608.587626899,608.914293644,1564886
2025-10-09T22:00:00Z,608.914293644,609.026507411,608.841479377,609.006558297,198488
2025-10-09T23:00:00Z,609.006558297,609.744675523,609.006558297,609.653907053,112581
2025-10-10T00:00:00Z,609.653907053,610.073835907,609.471272912,610.024262358,84736
2025-10-10T09:00:00Z,609.146202097,610.562589205,609.146202097,610.462843634,162297
2025-10-10T10:00:00Z,610.462843634,610.512716419,608.438008542,608.517804999,335366
2025-10-10T11:00:00Z,608.517804999,609.595057166,608.517804999,609.585082609,222241
2025-10-10T12:00:00Z,609.585082609,610.133683249,609.585082609,610.133683249,162546
2025-10-10T13:00:00Z,610.133683249,610.393021734,609.315769567,609.475362481,442405
2025-10-10T13:30:00Z,609.515260709,609.944166665,609.475362481,609.764624637,184204
2025-10-10T14:30:00Z,609.844421094,611.619892257,609.405540581,610.33816167,9165512
2025-10-10T15:30:00Z,610.37307262,610.861825918,597.575815606,598.039532766,19343018
2025-10-10T16:30:00Z,597.974698145,600.159126149,594.41378126,597.286453705,17828855
2025-10-10T17:30:00Z,597.216631805,598.393629543,592.817852124,595.525944376,10673736
2025-10-10T18:30:00Z,595.421211527,596.368794451,593.756657438,594.373883031,7403898
2025-10-10T19:30:00Z,594.363908474,594.832712658,590.653373233,591.098737208,8220406
2025-10-10T20:00:00Z,591.132151974,591.7306254,587.551285975,588.000141045,14018469
2025-10-10T21:00:00Z,587.970217373,589.077393211,582.194948812,583.491641235,6244945
2025-10-10T22:00:00Z,583.491641235,584.139987447,580.559121448,581.656322729,1877507
2025-10-10T23:00:00Z,581.656322729,586.703448622,581.596575132,586.035153296,813646
2025-10-11T00:00:00Z,586.035153296,589.057444097,586.005229625,588.429047,513220
2025-10-13T09:00:00Z,588.000141045,600.049406021,588.000141045,599.271390568,658369
2025-10-13T10:00:00Z,599.271390568,599.411034367,598.373680429,598.652968027,532687
2025-10-13T11:00:00Z,598.652968027,599.33123791,598.174189287,598.732764484,677096
2025-10-13T12:00:00Z,598.732764484,599.101823097,595.939888496,597.436072061,1437770
2025-10-13T13:00:00Z,597.436072061,598.393629543,596.747827621,597.236580919,2162353
2025-10-13T13:30:00Z,597.216631805,599.690321966,597.206657248,598.323807643,1910077
2025-10-13T14:30:00Z,598.154240172,600.208998935,595.710473683,598.104367387,17127429
2025-10-13T15:30:00Z,598.124316501,599.630474623,596.163518066,599.366747333,9239551
2025-10-13T16:30:00Z,599.371136139,600.70772679,598.772662713,600.129202478,5951651
2025-10-13T17:30:00Z,600.139177035,601.296225659,599.620500066,600.009507793,6267932
2025-10-13T18:30:00Z,600.039431464,601.196480088,599.630574369,601.126658188,3468125
2025-10-13T19:30:00Z,601.136632745,601.415920344,599.500805381,600.268846278,4845852
2025-10-13T20:00:00Z,600.268846278,601.136533,600.119227921,600.478311977,7456282
2025-10-13T21:00:00Z,600.508235648,600.627930333,599.969609565,600.139177035,3523594
2025-10-13T22:00:00Z,600.139177035,600.458362862,600.139177035,600.25887172,495096
2025-10-13T23:00:00Z,600.25887172,600.716803637,599.94966045,600.697752233,49086
2025-10-14T00:00:00Z,600.717701347,600.717701347,600.004121532,600.278820835,69634
2025-10-14T09:00:00Z,600.478311977,600.478311977,592.568488196,594.992305572,341004
2025-10-14T10:00:00Z,594.992305572,595.471084312,593.48614745,593.705587706,309810
2025-10-14T11:00:00Z,593.705587706,593.835256948,590.49378032,591.770523628,564640
2025-10-14T12:00:00Z,591.770523628,594.383857589,591.531134258,594.154442775,541264
2025-10-14T13:00:00Z,594.154442775,594.304061132,591.810421857,593.226808965,1103906
2025-10-14T13:30:00Z,593.286656308,594.164417332,593.03729238,593.65571492,627114
2025-10-14T14:30:00Z,593.79535872,595.860092039,588.628538142,595.780295583,15861095
2025-10-14T15:30:00Z,595.770321025,596.867522306,594.523501388,595.321465956,8263616
2025-10-14T16:30:00Z,595.34141507,599.490830824,595.281567728,599.341212467,9120830
2025-10-14T17:30:00Z,599.339217556,601.156581859,599.007064804,600.63790489,7243394
2025-10-14T18:30:00Z,600.657854004,600.837495778,599.520754495,600.348642734,5021529
2025-10-14T19:30:00Z,600.348642734,600.627930333,599.550678166,600.009507793,4669252
2025-10-14T20:00:00Z,600.009507793,600.039431464,594.852661772,596.47851458,11529165
2025-10-14T21:00:00Z,596.508438251,597.276479148,595.161873042,596.47851458,3658751
2025-10-14T22:00:00Z,596.458565465,596.707929393,596.275931325,596.628132936,150084
2025-10-14T23:00:00Z,596.628132936,597.894901688,596.47851458,597.106911677,98454
2025-10-15T00:00:00Z,597.106911677,597.904876245,596.877496864,596.937344206,99279
2025-10-15T09:00:00Z,596.47851458,600.887268818,596.47851458,600.757599575,226548
2025-10-15T10:00:00Z,600.757599575,602.213884912,600.687777676,601.7750044,352718
2025-10-15T11:00:00Z,601.7750044,601.974495542,601.236378316,601.695207943,228214
2025-10-15T12:00:00Z,601.695207943,601.725131614,601.006963503,601.515665915,327908
2025-10-15T13:00:00Z,601.515665915,603.131544165,601.335724905,602.952002137,1083672
2025-10-15T13:30:00Z,602.952002137,602.971951252,602.283706812,602.303655926,452770
2025-10-15T14:30:00Z,602.473223397,605.126455585,599.979584122,604.847167986,13652846
2025-10-15T15:30:00Z,604.857142544,605.156379257,603.560450121,603.675756001,6463081
2025-10-15T16:30:00Z,603.680144806,603.839737719,599.495818102,601.494120872,9663238
2025-10-15T17:30:00Z,601.475767687,601.675258829,594.41378126,596.438616351,10689558
2025-10-15T18:30:00Z,596.433629073,600.598006662,596.199226981,599.839940322,6702729
2025-10-15T19:30:00Z,599.869863994,601.455818572,599.71027108,601.036887174,4251439
2025-10-15T20:00:00Z,601.08675996,601.206454645,598.752713598,600.687777676,6092111
2025-10-15T21:00:00Z,600.627930333,601.535615029,600.338668177,601.036887174,2128508
2025-10-15T22:00:00Z,601.036887174,601.066810846,600.25887172,600.722688626,250973
2025-10-15T23:00:00Z,600.722688626,602.164012127,600.722688626,601.836048689,163596
2025-10-16T00:00:00Z,601.836048689,601.865772869,600.647779702,601.01693806,75547
2025-10-16T09:00:00Z,600.687777676,603.879635948,600.687777676,602.971951252,233788
2025-10-16T10:00:00Z,602.971951252,603.600348349,602.662739982,603.510577335,183045
2025-10-16T11:00:00Z,603.510577335,604.198821775,603.46070455,603.789864934,328847
2025-10-16T12:00:00Z,603.789864934,604.508033045,603.610322906,604.089101647,199894
2025-10-16T13:00:00Z,604.089101647,604.827218872,603.221315179,604.38833836,929892
2025-10-16T13:30:00Z,604.38833836,604.597804059,603.480653664,603.560450121,409422
2025-10-16T14:30:00Z,603.570424678,605.475565084,602.822332895,604.418262031,11441173
2025-10-16T15:30:00Z,604.438211145,606.76228295,602.94202758,603.407041432,8165903
2025-10-16T16:30:00Z,603.39088265,604.228745446,599.371136139,599.545690888,9888488
2025-10-16T17:30:00Z,599.540703609,601.675258829,596.119430524,600.887368563,11730809
2025-10-16T18:30:00Z,600.860337514,601.505691358,594.433730374,595.281567728,8110874
2025-10-16T19:30:00Z,595.281567728,598.164214729,593.984875305,596.179277867,8874925
2025-10-16T20:00:00Z,596.179277867,598.802586384,595.520957098,598.463451442,7274849
2025-10-16T21:00:00Z,598.473426,599.02202664,596.428641794,597.555766746,2484455
2025-10-16T22:00:00Z,597.555766746,597.555766746,597.09693712,597.346301047,268858
2025-10-16T23:00:00Z,597.47597029,599.081873983,596.249099766,596.259074323,263542
2025-10-17T00:00:00Z,596.259074323,596.947318763,595.840142925,596.707929393,193264
2025-10-17T09:00:00Z,598.463451442,598.463451442,588.608589028,590.553627662,588525
2025-10-17T10:00:00Z,590.553627662,592.209404141,590.394034749,590.673322347,454327
2025-10-17T11:00:00Z,590.673322347,592.568488196,590.35413652,592.538564525,418932
2025-10-17T12:00:00Z,592.538564525,596.548336479,592.388946169,596.229150652,905710
2025-10-17T13:00:00Z,596.189252424,597.964723587,595.670575454,596.468540022,1230898
2025-10-17T13:30:00Z,596.40869268,597.316377376,595.999735839,596.069557738,419650
2025-10-17T14:30:00Z,596.428641794,601.784978957,594.852661772,600.548133876,15364541
2025-10-17T15:30:00Z,600.538159319,600.652866726,595.501007984,596.348845337,13724365
2025-10-17T16:30:00Z,596.378769009,601.644636938,594.906524381,601.465693384,10326473
2025-10-17T17:30:00Z,601.415920344,602.044317441,598.593120685,599.331337656,6821941
2025-10-17T18:30:00Z,599.351187024,603.400857207,598.71281537,603.061722266,7655851
2025-10-17T19:30:00Z,603.071696823,603.969406962,602.154037569,603.30101189,4675144
2025-10-17T20:00:00Z,603.301111636,603.301111636,602.183961241,602.39342694,6631804
2025-10-17T21:00:00Z,602.39342694,603.690119363,602.064266556,603.430780878,2473768
2025-10-17T22:00:00Z,603.381606312,603.420806321,602.961976695,603.161467837,393533
2025-10-17T23:00:00Z,603.161467837,603.301111636,602.473223397,602.712612767,44952
2025-10-18T00:00:00Z,602.712612767,603.809814048,602.39342694,603.450729992,72958
2025-10-20T09:00:00Z,602.39342694,605.964318382,602.39342694,604.597804059,225158
2025-10-20T10:00:00Z,604.617753173,605.196277485,604.308541903,604.897040772,159329
2025-10-20T11:00:00Z,604.897040772,605.266099385,603.759941263,603.849712276,340544
2025-10-20T12:00:00Z,603.849712276,604.956888115,603.730017591,604.837193429,227729
2025-10-20T13:00:00Z,604.837193429,605.93439471,604.607778616,605.884521925,742803
2025-10-20T13:30:00Z,605.884521925,606.38324978,605.585285212,605.595259769,385359
2025-10-20T14:30:00Z,605.595259769,609.585082609,605.520450591,609.54428667,11437784
2025-10-20T15:30:00Z,609.535209823,610.61246199,609.146202097,610.432919962,6841242
2025-10-20T16:30:00Z,610.472818191,611.021418831,609.844421094,610.223454263,5854400
2025-10-20T17:30:00Z,610.223454263,611.161062631,609.714751851,610.811953132,3942002
2025-10-20T18:30:00Z,610.811953132,611.240859088,610.68228389,610.831902246,3086806
2025-10-20T19:30:00Z,610.841876804,610.876787753,609.887311689,610.482792748,4062242
2025-10-20T20:00:00Z,610.482792748,610.811953132,609.954141222,609.984064893,5280850
2025-10-20T21:00:00Z,609.99403945,610.582538319,609.774599194,610.582538319,2700159
2025-10-20T22:00:00Z,610.582538319,610.642385662,610.363098063,610.532665533,313105
2025-10-20T23:00:00Z,610.532665533,610.592512876,610.154729565,610.44289452,80636
2025-10-21T00:00:00Z,610.44289452,610.99149516,610.383047177,610.502741862,81549
2025-10-21T09:00:00Z,609.984064893,610.223454263,609.026507411,609.255922225,168252
2025-10-21T10:00:00Z,609.255922225,609.964115779,609.255922225,609.61500628,223134
2025-10-21T11:00:00Z,609.644929952,609.75465008,609.096329311,609.565133495,238224
2025-10-21T12:00:00Z,609.565133495,610.30325072,609.465387924,610.273327049,239534
2025-10-21T13:00:00Z,610.273327049,610.462843634,609.864370208,610.053886793,673152
2025-10-21T13:30:00Z,610.053886793,610.193530592,609.415515138,610.053886793,341872
2025-10-21T14:30:00Z,610.083810464,610.163606921,607.799636888,608.178670058,10392636
2025-10-21T15:30:00Z,608.168695501,610.163507175,607.769713217,609.484040345,7201766
2025-10-21T16:30:00Z,609.495311595,611.051342503,609.051443804,610.92167326,4943353
2025-10-21T17:30:00Z,610.933542983,611.162359323,608.817041712,609.644929952,6253498
2025-10-21T18:30:00Z,609.654904509,610.642385662,609.37561691,610.402996291,3318416
2025-10-21T19:30:00Z,610.408781534,610.642385662,609.969103057,610.258365213,3329604
2025-10-21T20:00:00Z,610.253377935,610.871800475,609.694802737,609.824471979,4720061
2025-10-21T21:00:00Z,609.854395651,610.033937678,608.338262971,609.196074882,2023550
2025-10-21T22:00:00Z,609.196074882,609.475362481,608.727968917,609.325744124,327302
2025-10-21T23:00:00Z,609.315769567,609.644929952,609.036382223,609.295820453,73059
2025-10-22T00:00:00Z,609.295820453,609.295820453,608.61755057,608.697347027,70748
2025-10-22T09:00:00Z,610.043912236,610.143657807,608.986609183,609.335718681,259487
2025-10-22T10:00:00Z,609.335718681,609.485337038,608.507830442,609.44543881,292946
2025-10-22T11:00:00Z,609.44543881,610.44289452,609.006558297,609.75465008,248976
2025-10-22T12:00:00Z,609.75465008,609.874344765,607.948257789,608.338262971,335827
2025-10-22T13:00:00Z,608.338262971,609.345693239,608.208593729,609.176125768,566024
2025-10-22T13:30:00Z,609.176125768,609.555258683,608.906812726,609.265896782,296337
2025-10-22T14:30:00Z,609.265896782,609.854395651,605.69500534,605.874547368,10779585
2025-10-22T15:30:00Z,605.884521925,608.248491958,603.440755435,603.570424678,10464509
2025-10-22T16:30:00Z,603.570424678,606.024165724,602.956989416,603.59536107,7620135
2025-10-22T17:30:00Z,603.620297463,604.158923547,599.730220194,600.747625018,9183421
2025-10-22T18:30:00Z,600.70772679,601.515665915,598.214087515,600.877294261,7567793
2025-10-22T19:30:00Z,600.867319704,603.341009864,600.248897163,603.140820503,6137857
2025-10-22T20:00:00Z,603.131544165,604.298567346,603.121569608,603.949457847,5185819
2025-10-22T21:00:00Z,603.859686834,604.727473301,603.46070455,603.809814048,2033865
2025-10-22T22:00:00Z,603.809814048,603.809814048,602.672714539,602.822332895,182608
2025-10-22T23:00:00Z,602.862231124,604.288592789,602.862231124,603.999729615,219614
2025-10-23T00:00:00Z,603.999729615,604.358414689,602.70263821,602.769667234,103999
2025-10-23T09:00:00Z,603.949457847,605.784776354,603.949457847,605.016735457,150923
2025-10-23T10:00:00Z,605.016735457,605.176328371,603.620297463,604.408287474,298198
2025-10-23T11:00:00Z,604.408287474,604.597804059,603.839737719,604.158923547,194560
2025-10-23T12:00:00Z,604.158923547,604.218770889,602.104164784,602.373477826,478653
2025-10-23T13:00:00Z,602.373477826,603.25123885,601.46579313,603.181416951,802159
2025-10-23T13:30:00Z,603.161467837,603.410831764,601.585487815,603.360958979,504265
2025-10-23T14:30:00Z,603.370933536,607.280959919,602.981925809,606.487982629,10867217
2025-10-23T15:30:00Z,606.502944465,607.719840431,606.213682309,607.261010805,4636721
2025-10-23T16:30:00Z,607.300909033,608.388135757,605.854598254,607.769713217,4807038
2025-10-23T17:30:00Z,607.75973866,608.856939941,607.510374732,607.92930613,3927513
2025-10-23T18:30:00Z,607.919331573,609.744675523,607.879433345,609.605031723,4624688
2025-10-23T19:30:00Z,609.600044445,609.814497422,609.056431083,609.590069887,3204658
2025-10-23T20:00:00Z,609.585082609,609.585082609,608.527779556,609.026507411,5803401
2025-10-23T21:00:00Z,609.06640564,610.053886793,608.946710955,609.624980837,2102060
2025-10-23T22:00:00Z,609.624980837,610.083810464,609.44543881,609.894293879,276208
2025-10-23T23:00:00Z,609.894293879,610.243403378,609.654904509,610.004014007,103645
2025-10-24T00:00:00Z,610.004014007,610.253377935,610.004014007,610.193530592,53797
2025-10-24T09:00:00Z,609.026507411,612.118620112,609.026507411,611.689714157,217575
2025-10-24T10:00:00Z,611.689714157,612.657246196,611.689714157,612.268238469,158204
2025-10-24T11:00:00Z,612.268238469,612.60737341,612.018874541,612.028849098,161611
2025-10-24T12:00:00Z,612.028849098,612.487678725,611.959027199,612.188442012,203453
2025-10-24T13:00:00Z,612.188442012,615.709460668,611.659790486,614.233226218,1386777
2025-10-24T13:30:00Z,614.233226218,615.071089014,614.133480647,614.322997231,552424
2025-10-24T14:30:00Z,614.422742802,616.327883209,613.564930892,615.190783699,11510071
2025-10-24T15:30:00Z,615.180809142,616.268035866,613.614803677,616.038621053,7013887
2025-10-24T16:30:00Z,616.058570167,616.696941821,615.260605599,616.09407959,4749102
2025-10-24T17:30:00Z,616.098468395,616.696941821,615.709460668,616.347832323,3771001
2025-10-24T18:30:00Z,616.327883209,616.846560178,616.05128874,616.307934094,3622726
2025-10-24T19:30:00Z,616.32289593,616.831598342,615.928900925,616.676992707,4873695
2025-10-24T20:00:00Z,616.691954543,616.716890935,615.180809142,615.529918641,7639886
2025-10-24T21:00:00Z,615.450122184,615.859079025,615.180809142,615.499994969,1626973
2025-10-24T22:00:00Z,615.499994969,615.829155354,615.480045855,615.749358897,95312
2025-10-24T23:00:00Z,615.749358897,615.859079025,615.639638769,615.659587883,13540
2025-10-25T00:00:00Z,615.659587883,615.948850039,615.659587883,615.948850039,36236
2025-10-27T09:00:00Z,615.529918641,622.751497981,615.529918641,622.65175241,347560
2025-10-27T10:00:00Z,622.65175241,623.509564321,622.34254114,623.509564321,305021
2025-10-27T11:00:00Z,623.519538878,623.818775591,623.27017495,623.489615206,252546
2025-10-27T12:00:00Z,623.489615206,623.689106348,622.871192666,623.070683808,364672
2025-10-27T13:00:00Z,623.070683808,623.589360777,623.020811023,623.260200393,808764
2025-10-27T13:30:00Z,623.260200393,623.519538878,622.89114178,623.000861908,397590
2025-10-27T14:30:00Z,622.931040009,624.347427117,622.442286711,624.202796039,10938008
2025-10-27T15:30:00Z,624.19780876,624.985798771,623.798826476,624.906002315,6960857
2025-10-27T16:30:00Z,624.915976872,625.235162699,624.696536615,625.045646114,4944510
2025-10-27T17:30:00Z,625.055620671,625.384781055,624.787803813,624.995773328,4590706
2025-10-27T18:30:00Z,625.005747886,625.798725175,624.8860532,625.684017768,4819252
2025-10-27T19:30:00Z,625.693992325,626.087987331,625.474552069,625.624170426,5779029
2025-10-27T20:00:00Z,625.624170426,626.95078652,625.564422829,626.491956893,10290672
2025-10-27T21:00:00Z,626.491956893,627.698878303,626.491956893,627.499387161,2680821
2025-10-27T22:00:00Z,627.499387161,627.529310832,627.349768804,627.469463489,367712
2025-10-27T23:00:00Z,627.469463489,627.469463489,627.110379434,627.327924524,138490
2025-10-28T00:00:00Z,627.327924524,627.788649316,627.279946904,627.339794247,112401
2025-10-28T09:00:00Z,626.491956893,626.980710191,626.142847395,626.731346264,227736
2025-10-28T10:00:00Z,626.731346264,627.02060842,626.621626136,626.960761077,144686
2025-10-28T11:00:00Z,626.960761077,627.39964159,626.741320821,626.970735634,205017
2025-10-28T12:00:00Z,626.980710191,627.599132732,626.970735634,627.429565261,285284
2025-10-28T13:00:00Z,627.429565261,628.097860587,627.339794247,627.818572988,633588
2025-10-28T13:30:00Z,627.818572988,628.975621611,627.768700202,628.736232241,707512
2025-10-28T14:30:00Z,628.756181355,629.753637065,628.167682486,628.586613884,11723920
2025-10-28T15:30:00Z,628.586613884,628.796079584,627.678929188,628.551702935,4794551
2025-10-28T16:30:00Z,628.546715656,629.753637065,627.649005517,629.688802444,5012297
2025-10-28T17:30:00Z,629.688802444,630.970533031,629.364629338,630.52666524,10445851
2025-10-28T18:30:00Z,630.531652519,631.948039627,630.456843341,631.838319499,7867332
2025-10-28T19:30:00Z,631.838319499,633.055215465,631.72839988,632.93552078,5837798
2025-10-28T20:00:00Z,632.93552078,633.065190022,631.24982063,631.309667973,8517892
2025-10-28T21:00:00Z,631.299693416,631.758523042,631.070278602,631.618879243,4230284
2025-10-28T22:00:00Z,631.618879243,632.24727634,631.459286329,632.137556212,300442
2025-10-28T23:00:00Z,632.137556212,632.137556212,631.588955572,631.658777471,181220
2025-10-29T00:00:00Z,631.658777471,632.017861527,631.439337215,631.898166842,80035
2025-10-29T09:00:00Z,631.309667973,635.030177771,631.309667973,634.072620289,286674
2025-10-29T10:00:00Z,634.072620289,634.092569404,633.085139137,633.334503064,413179
2025-10-29T11:00:00Z,633.334503064,634.132467632,633.144986479,633.603816106,281213
2025-10-29T12:00:00Z,633.603816106,634.730941058,633.543968763,634.192314975,351901
2025-10-29T13:00:00Z,634.192314975,634.491551688,633.444223192,633.833230919,699999
2025-10-29T13:30:00Z,633.833230919,634.202289532,633.783358134,634.012772947,363258
2025-10-29T14:30:00Z,633.972874718,635.389261827,633.69358712,634.701017387,12546876
2025-10-29T15:30:00Z,634.701017387,634.960355871,633.264681164,633.648701613,6352034
2025-10-29T16:30:00Z,633.648701613,633.773383576,632.416843811,633.533994206,6327017
2025-10-29T17:30:00Z,633.533994206,633.972874718,632.815826095,633.045240908,5098424
2025-10-29T18:30:00Z,633.025291794,634.431704345,632.446767482,633.474146863,5950226
2025-10-29T19:30:00Z,633.484121421,634.321984217,628.646461227,632.117607098,17686523
2025-10-29T20:00:00Z,632.137556212,634.351907888,631.080253159,634.152416746,7639864
2025-10-29T21:00:00Z,634.371857002,636.556285007,631.299693416,632.855724323,2571393
2025-10-29T22:00:00Z,632.855724323,633.364426735,630.880762017,631.17999873,292795
2025-10-29T23:00:00Z,631.17999873,633.38437585,631.17999873,632.396495714,421353
2025-10-30T00:00:00Z,632.396495714,633.365025209,631.439337215,633.095113694,138924
2025-10-30T09:00:00Z,634.152416746,636.785699821,633.234757493,634.022747504,207960
2025-10-30T10:00:00Z,634.022747504,634.561373587,632.267225454,632.516589382,209604
2025-10-30T11:00:00Z,632.55648761,633.434248635,632.307123683,633.164935593,212544
2025-10-30T12:00:00Z,633.164935593,634.451653459,632.965444451,633.823256362,196771
2025-10-30T13:00:00Z,633.823256362,634.082594847,629.613993266,629.614990721,1390822
2025-10-30T13:30:00Z,629.63394238,630.711194547,629.484324023,630.372059605,630567
2025-10-30T14:30:00Z,630.56157619,631.888192285,626.162796509,628.028038687,17615579
2025-10-30T15:30:00Z,628.01806413,629.913229979,627.060506648,628.955572752,8130548
2025-10-30T16:30:00Z,628.965647054,629.893280865,626.771244492,629.554145923,5265609
2025-10-30T17:30:00Z,629.584069594,629.584069594,627.56920906,629.045443511,4423488
2025-10-30T18:30:00Z,629.055418068,629.39455301,627.200250193,627.519336275,3733314
2025-10-30T19:30:00Z,627.579183617,628.153319124,624.733242986,625.803712454,6695436
2025-10-30T20:00:00Z,625.833636125,626.646562528,624.347427117,624.457147245,7452551
2025-10-30T21:00:00Z,624.427223574,631.189973288,624.018266733,631.189973288,4514523
2025-10-30T22:00:00Z,631.189973288,631.888192285,631.040354931,631.189973288,615636
2025-10-30T23:00:00Z,631.189973288,631.888192285,630.810940118,631.030380374,199139
2025-10-31T00:00:00Z,631.030380374,631.748548485,630.641372647,631.668752028,134530
2025-10-31T09:00:00Z,624.457147245,633.055215465,624.457147245,632.536538496,227647
2025-10-31T10:00:00Z,632.536538496,632.86569888,631.648802914,632.187428998,166845
2025-10-31T11:00:00Z,632.217352669,632.486665711,631.6986757,632.167479883,204450
2025-10-31T12:00:00Z,632.17745444,633.31455395,631.838319499,633.075164579,329067
2025-10-31T13:00:00Z,633.075164579,634.31200966,632.706105967,632.86569888,1173832
2025-10-31T13:30:00Z,632.86569888,632.995368123,632.366971025,632.38692014,485880
2025-10-31T14:30:00Z,632.55648761,632.586411282,629.244934653,630.32218682,12413097
2025-10-31T15:30:00Z,630.32218682,632.137556212,630.172568463,631.040354931,7209957
2025-10-31T16:30:00Z,631.040354931,631.529108229,626.681473478,627.87842033,10450100
2025-10-31T17:30:00Z,627.888394887,628.656435784,625.196660908,625.594246754,8762317
2025-10-31T18:30:00Z,625.604221312,628.147733372,625.095518899,628.008089573,6834059
2025-10-31T19:30:00Z,628.01806413,630.072822892,627.090430319,629.843408079,6311459
2025-10-31T20:00:00Z,629.848395358,630.63139809,627.439539818,627.469463489,9293885
2025-10-31T21:00:00Z,627.589158174,627.70885286,626.990684748,627.409616147,2315730
2025-10-31T22:00:00Z,627.409616147,627.599132732,627.299796273,627.539285389,88615
2025-10-31T23:00:00Z,627.539285389,627.63903096,627.499387161,627.599132732,13651
2025-11-01T00:00:00Z,627.599132732,627.599132732,627.429565261,627.449514375,24556
2025-11-03T10:00:00Z,627.469463489,631.608904686,627.469463489,631.01043126,279462
2025-11-03T11:00:00Z,631.01043126,631.768497599,630.860812903,631.239846073,299133
2025-11-03T12:00:00Z,631.239846073,632.137556212,631.239846073,631.569006457,274869
2025-11-03T13:00:00Z,631.569006457,632.217352669,631.349566201,631.509159115,409038
2025-11-03T14:00:00Z,631.509159115,632.38692014,631.070278602,632.327072797,718829
2025-11-03T14:30:00Z,632.327072797,633.883103705,632.327072797,633.723510791,698347
2025-11-03T15:30:00Z,633.494095978,634.202289532,628.676384898,628.92564908,9357945
2025-11-03T16:30:00Z,628.925748826,630.571550747,628.247478943,629.090329018,5436467
2025-11-03T17:30:00Z,629.085341739,631.309667973,628.900812433,630.292263149,4629462
2025-11-03T18:30:00Z,630.302237706,631.6986757,630.267326756,631.219896959,3067252
2025-11-03T19:30:00Z,631.219896959,631.808395828,629.953128207,630.142644792,3133571
2025-11-03T20:30:00Z,630.132670235,630.87078746,629.430062433,630.232415806,2974608
2025-11-03T21:00:00Z,630.262339477,630.531652519,629.582573411,630.471805176,3815659
2025-11-03T22:00:00Z,630.481779733,632.137556212,630.202791371,630.471805176,1602322
2025-11-03T23:00:00Z,630.471805176,630.790991004,630.132670235,630.132670235,166568
2025-11-04T00:00:00Z,630.132670235,630.222441249,629.39455301,629.524222252,94557
2025-11-04T01:00:00Z,629.524222252,629.524222252,627.479438046,628.177657043,196218
2025-11-04T10:00:00Z,630.471805176,630.471805176,619.96859655,620.098265792,570926
2025-11-04T11:00:00Z,620.098265792,622.41236304,619.390072238,622.123100884,527899
2025-11-04T12:00:00Z,622.123100884,622.901116337,621.813889614,622.232821012,374168
2025-11-04T13:00:00Z,622.232821012,622.921065452,621.335110873,622.023355313,623091
2025-11-04T14:00:00Z,622.023355313,622.312617469,620.367578834,621.075772388,1476300
2025-11-04T14:30:00Z,621.075772388,621.883711513,620.317706049,621.634347586,742781
2025-11-04T15:30:00Z,621.694194928,625.354857384,619.78775783,621.396953127,13493835
2025-11-04T16:30:00Z,624.626714716,625.255111813,621.604423914,622.390419014,6473324
2025-11-04T17:30:00Z,622.402388482,622.990887351,619.310176036,620.946103146,6323768
2025-11-04T18:30:00Z,620.951090424,621.365034544,618.572158556,618.904012071,5474464
2025-11-04T19:30:00Z,618.90131894,620.387527948,618.332769186,619.719232623,5299920
2025-11-04T20:30:00Z,619.719232623,619.838927308,617.654499303,618.721776913,6187904
2025-11-04T21:00:00Z,618.741726027,619.250428439,616.881471128,617.674448417,10638420
2025-11-04T22:00:00Z,617.674448417,618.04350703,616.337857766,617.624575632,4550298
2025-11-04T23:00:00Z,617.624575632,617.724321203,616.527374351,616.671805937,453102
2025-11-05T00:00:00Z,616.671805937,617.464982718,615.859079025,615.889002696,275615
2025-11-05T01:00:00Z,615.829155354,615.829155354,613.535007221,613.624778234,344953
2025-11-05T10:00:00Z,617.674448417,617.674448417,614.273124446,616.317908651,256501
2025-11-05T11:00:00Z,616.317908651,616.836585621,613.814294819,613.904065833,265370
2025-11-05T12:00:00Z,613.904065833,615.569816869,613.684625577,615.499994969,198553
2025-11-05T13:00:00Z,615.499994969,616.826611064,614.961368886,616.657043593,394186
2025-11-05T14:00:00Z,616.657043593,618.252972729,616.178264852,618.04350703,1284023
2025-11-05T14:30:00Z,618.04350703,618.083405258,616.627119922,616.896432963,602664
2025-11-05T15:30:00Z,616.916382077,621.155568845,615.639638769,620.457349848,13017477
2025-11-05T16:30:00Z,620.457349848,621.873736956,619.749156294,621.764016828,6838654
2025-11-05T17:30:00Z,621.764016828,623.050734694,621.41490733,622.861218109,4107646
2025-11-05T18:30:00Z,622.861218109,623.953432111,622.771447095,623.838724705,2948032
2025-11-05T19:30:00Z,623.828750148,624.8860532,623.699080905,624.417249017,3764609
2025-11-05T20:30:00Z,624.422236295,625.005747886,623.818775591,623.95323262,4509713
2025-11-05T21:00:00Z,623.953432111,623.95841939,621.474754672,621.694194928,7802823
2025-11-05T22:00:00Z,621.714144043,622.242795569,620.636891876,621.350870673,2031319
2025-11-05T23:00:00Z,621.350870673,621.773991385,621.215416188,621.694194928,250273
2025-11-06T00:00:00Z,621.694194928,622.511609883,620.776535675,622.472210382,132063
2025-11-06T01:00:00Z,622.472210382,622.472210382,619.63933642,620.76336926,284578
2025-11-06T10:00:00Z,621.694194928,622.003406198,620.158113135,621.534602015,234206
2025-11-06T11:00:00Z,621.534602015,622.751497981,621.504678343,622.153024555,293131
2025-11-06T12:00:00Z,622.153024555,622.691650638,621.913635185,622.03332987,248663
2025-11-06T13:00:00Z,622.03332987,623.080658365,622.023355313,622.781421652,402461
2025-11-06T14:00:00Z,622.781421652,623.778877362,622.352515697,622.472210382,626531
2025-11-06T14:30:00Z,622.472210382,622.641777853,620.018469336,620.128189464,685591
2025-11-06T15:30:00Z,620.20798592,620.457349848,613.734498363,616.148341181,15828277
2025-11-06T16:30:00Z,616.158315738,616.347832323,610.652360219,612.008899984,12432149
2025-11-06T17:30:00Z,611.978976313,611.98895087,608.747219813,609.894293879,9618254
2025-11-06T18:30:00Z,609.864370208,612.587424296,609.435464252,611.799434285,8776842
2025-11-06T19:30:00Z,611.779485171,614.532462931,611.410426558,614.38294432,5933864
2025-11-06T20:30:00Z,614.382844574,614.562386602,612.407882268,612.507627839,4637252
2025-11-06T21:00:00Z,612.497653282,612.91658468,609.394369077,610.113734135,8844725
2025-11-06T22:00:00Z,610.123708692,611.6099177,609.764624637,611.460299344,2734840
2025-11-06T23:00:00Z,611.460299344,611.540095801,611.021418831,611.220909973,441692
2025-11-07T00:00:00Z,611.220909973,612.028849098,610.532665533,611.579994029,222138
2025-11-07T01:00:00Z,611.579994029,612.387933154,610.801978575,611.799434285,154512
2025-11-07T10:00:00Z,610.113734135,612.118620112,610.06386135,610.462843634,162763
2025-11-07T11:00:00Z,610.462843634,610.861825918,608.747219813,609.44543881,198705
2025-11-07T12:00:00Z,609.44543881,609.44543881,606.24360598,608.547728671,572078
2025-11-07T13:00:00Z,608.547728671,608.916787283,605.724929011,606.433122565,479301
2025-11-07T14:00:00Z,606.433122565,607.650018532,605.744878125,606.872003078,1267141
2025-11-07T14:30:00Z,606.872003078,607.101417891,605.974292939,606.532868136,434414
2025-11-07T15:30:00Z,606.76228295,606.782232064,601.316174773,603.410831764,17667014
2025-11-07T16:30:00Z,603.39088265,603.70009392,598.633018913,599.221517782,12150530
2025-11-07T17:30:00Z,599.221517782,600.877294261,597.146809905,600.119227921,10390587
2025-11-07T18:30:00Z,600.074342414,602.318617762,598.3337822,602.243808583,7862002
2025-11-07T19:30:00Z,602.263757698,603.341009864,600.737650461,603.051747708,6954243
2025-11-07T20:30:00Z,603.051747708,607.261010805,603.051747708,605.535412426,11885354
2025-11-07T21:00:00Z,605.550374262,608.398110314,605.525437869,608.188644615,8324466
2025-11-07T22:00:00Z,608.198619172,609.654904509,608.098873601,609.654904509,3064195
2025-11-07T23:00:00Z,609.654904509,609.694802737,609.405540581,609.644929952,254265
2025-11-08T00:00:00Z,609.644929952,610.302851738,609.644929952,610.243403378,80444
2025-11-08T01:00:00Z,610.243403378,610.592512876,610.183556035,610.592512876,87886
2025-11-10T10:00:00Z,608.188644615,618.093379815,608.188644615,617.694397531,259716
2025-11-10T11:00:00Z,617.694397531,617.844015888,617.115873219,617.205644233,226440
2025-11-10T12:00:00Z,617.205644233,617.554753732,616.607170807,617.554753732,217141
2025-11-10T13:00:00Z,617.554753732,617.674448417,616.786712835,617.395160818,406140
2025-11-10T14:00:00Z,617.395160818,617.824066774,616.90640752,617.754244874,775039
2025-11-10T14:30:00Z,617.744270317,617.764219431,616.926356635,617.195669676,437673
2025-11-10T15:30:00Z,617.345288033,620.457349848,616.986203977,619.878825536,12988231
2025-11-10T16:30:00Z,619.89877465,620.397502505,615.799231682,616.038720798,9698370
2025-11-10T17:30:00Z,616.038621053,618.292870957,615.320452941,617.664573605,5497382
2025-11-10T18:30:00Z,617.704372088,620.227935035,617.704372088,619.619487052,4831967
2025-11-10T19:30:00Z,619.639436166,621.175517959,619.639436166,620.936128589,5072299
2025-11-10T20:30:00Z,620.946103146,621.96350797,620.696739218,621.499691065,5510738
2025-11-10T21:00:00Z,621.494703786,622.72157431,621.225390745,621.644322143,7443887
2025-11-10T22:00:00Z,621.5844748,622.382439368,621.484729229,621.773991385,2121926
2025-11-10T23:00:00Z,621.773991385,622.153024555,621.734093157,622.013380756,216236
2025-11-11T00:00:00Z,622.013380756,622.382439368,621.394958215,622.312617469,109648
2025-11-11T01:00:00Z,622.312617469,622.941014566,622.013380756,622.232821012,107098
2025-11-11T10:00:00Z,621.644322143,621.644322143,618.801573369,618.941217169,141441
2025-11-11T11:00:00Z,618.941217169,619.649410723,618.771649698,619.390072238,89235
2025-11-11T12:00:00Z,619.390072238,619.988545664,619.080860968,619.439945024,113841
2025-11-11T13:00:00Z,619.41999591,619.818978194,618.472412985,618.73175147,297393
2025-11-11T14:00:00Z,618.73175147,619.499792366,618.242998172,618.791598812,900202
2025-11-11T14:30:00Z,618.791598812,619.509766923,618.502336656,619.001064511,296884
2025-11-11T15:30:00Z,618.991089954,619.988545664,617.245542462,617.544779175,9558737
2025-11-11T16:30:00Z,617.564728289,618.651955013,616.118417509,616.73684005,6136873
2025-11-11T17:30:00Z,616.756789164,618.771649698,615.948850039,617.97368513,5450923
2025-11-11T18:30:00Z,618.003608801,620.577044533,617.923812345,619.868751233,4336506
2025-11-11T19:30:00Z,619.868850979,621.135619731,619.021013626,620.34762972,4770734
2025-11-11T20:30:00Z,620.34762972,620.80616011,619.938672879,620.257858706,3950166
2025-11-11T21:00:00Z,620.257858706,621.015925046,619.310275781,619.988545664,5804336
2025-11-11T22:00:00Z,619.938672879,620.926154032,619.459894138,620.20798592,2787359
2025-11-11T23:00:00Z,620.20798592,620.666815547,620.20798592,620.517197191,39692
2025-11-12T00:00:00Z,620.517197191,620.577044533,619.579588823,620.118214907,91569
2025-11-12T01:00:00Z,620.118214907,621.235365302,620.078316678,620.886255803,102950
2025-11-12T10:00:00Z,619.988545664,624.357401674,619.988545664,624.237706989,115847
2025-11-12T11:00:00Z,624.237706989,624.447172688,623.290124064,623.549462549,87433
2025-11-12T12:00:00Z,623.549462549,623.848699262,622.093177212,622.172973669,97079
2025-11-12T13:00:00Z,622.172973669,623.818775591,621.913635185,623.589360777,362815
2025-11-12T14:00:00Z,623.589360777,624.048190404,623.459691535,623.778877362,374317
2025-11-12T14:30:00Z,623.778877362,623.778877362,623.110582037,623.230276722,175305
2025-11-12T15:30:00Z,623.250225836,623.27017495,618.023557916,619.230479325,11036922
2025-11-12T16:30:00Z,619.240453882,619.449919581,616.407679665,618.452463871,7485588
2025-11-12T17:30:00Z,618.462438428,619.080860968,616.238112195,617.853990445,5251598
2025-11-12T18:30:00Z,617.834041331,619.599537937,617.736290671,619.165644703,4470007
2025-11-12T19:30:00Z,619.150782613,619.823965472,618.138265322,618.442489314,5799690
2025-11-12T20:30:00Z,618.452463871,619.030988183,617.584677403,618.961166283,4056721
2025-11-12T21:00:00Z,618.97114084,620.118214907,618.711802355,619.499792366,5253584
2025-11-12T22:00:00Z,619.489817809,620.168087692,619.360148567,619.499792366,2145151
2025-11-12T23:00:00Z,619.499792366,619.858876422,619.41999591,619.41999591,179883
2025-11-13T00:00:00Z,619.41999591,619.699283508,616.59719625,617.464982718,355727
2025-11-13T01:00:00Z,617.464982718,618.881369826,617.445033604,618.023557916,196717
2025-11-13T10:00:00Z,619.499792366,621.41490733,617.345288033,618.083405258,221149
2025-11-13T11:00:00Z,618.083405258,619.669359837,618.053481587,619.011039068,121622
2025-11-13T12:00:00Z,619.011039068,619.639436166,617.794143102,618.771649698,121501
2025-11-13T13:00:00Z,618.741726027,619.320250339,617.825064229,618.671904127,171319
2025-11-13T14:00:00Z,618.671904127,618.871395269,616.338855221,616.467527008,763688
2025-11-13T14:30:00Z,616.467527008,616.726865493,614.991292557,616.078519281,585872
2025-11-13T15:30:00Z,615.968799153,616.547323465,611.280757316,613.74447292,12302232
2025-11-13T16:30:00Z,613.754447477,613.784371148,608.866914498,609.904268436,10421172
2025-11-13T17:30:00Z,609.894293879,610.851851361,608.128797272,610.113734135,8938142
2025-11-13T18:30:00Z,610.083810464,610.622436547,605.964318382,606.263555095,6957873
2025-11-13T19:30:00Z,606.253580538,607.520349289,604.777346087,607.430578275,8089964
2025-11-13T20:30:00Z,607.430578275,607.699891317,604.537956716,606.24360598,7757164
2025-11-13T21:00:00Z,606.253580538,607.979178916,605.286048499,606.852053964,10713703
2025-11-13T22:00:00Z,606.842079406,608.487881328,606.38324978,606.522893579,3317011
2025-11-13T23:00:00Z,606.522893579,606.671614226,606.403198894,606.552817251,443520
2025-11-14T00:00:00Z,606.602690036,608.078924487,606.552817251,607.091443334,221983
2025-11-14T01:00:00Z,607.091443334,607.839535116,606.742333835,606.971748649,185719
2025-11-14T10:00:00Z,606.852053964,606.852053964,603.001874923,603.291137079,318982
2025-11-14T11:00:00Z,603.291137079,604.498058488,602.971951252,603.360958979,184707
2025-11-14T12:00:00Z,603.360958979,603.360958979,599.321263353,600.70772679,686293
2025-11-14T13:00:00Z,600.70772679,600.70772679,596.687980279,598.084418273,1300953
2025-11-14T14:00:00Z,598.084418273,599.032001197,596.438616351,597.864978016,1788038
2025-11-14T14:30:00Z,597.864978016,598.95220474,597.446046618,597.994647259,638717
2025-11-14T15:30:00Z,598.02457093,605.38579407,595.65062634,604.936939,22479413
2025-11-14T16:30:00Z,604.976837229,611.181011745,604.178872661,610.522690976,11710389
2025-11-14T17:30:00Z,610.562589205,611.789459728,608.99658374,611.06131706,7841438
2025-11-14T18:30:00Z,611.071291617,611.570019472,607.640043974,608.717296141,7994481
2025-11-14T19:30:00Z,608.717296141,610.048899514,606.832104849,609.619993559,6477083
2025-11-14T20:30:00Z,609.61500628,610.782029461,607.699891317,608.128797272,6075350
2025-11-14T21:00:00Z,608.118822715,608.657448799,606.433122565,607.31088359,9164876
2025-11-14T22:00:00Z,607.330832704,608.627525127,606.592715479,608.248491958,3184957
2025-11-14T23:00:00Z,608.248491958,609.92421755,608.108848158,608.777143484,150736
2025-11-15T00:00:00Z,608.777143484,609.23597311,608.587626899,609.206049439,49762
2025-11-15T01:00:00Z,609.225998553,609.914242993,609.225998553,609.804522865,41116
2025-11-17T10:00:00Z,607.31088359,613.505083549,607.31088359,611.729612385,202036
2025-11-17T11:00:00Z,611.729612385,611.879230742,609.016532854,609.644929952,161169
2025-11-17T12:00:00Z,609.644929952,610.712207561,608.966660069,609.724726408,166538
2025-11-17T13:00:00Z,609.774599194,609.774599194,607.520349289,607.99912803,425055
2025-11-17T14:00:00Z,607.99912803,608.158720944,605.056633686,606.702435607,925327
2025-11-17T14:30:00Z,606.702435607,606.702435607,604.45816026,604.567880388,420812
2025-11-17T15:30:00Z,604.757396973,610.92167326,603.70009392,608.128797272,12714582
2025-11-17T16:30:00Z,608.098873601,608.557703228,603.500602778,606.498954642,8892824
2025-11-17T17:30:00Z,606.512919022,609.624980837,606.38324978,608.398110314,6500917
2025-11-17T18:30:00Z,608.408084871,608.75719437,603.720043034,604.378363803,6277799
2025-11-17T19:30:00Z,604.338465574,606.054089396,600.578057548,601.595462372,6977789
2025-11-17T20:30:00Z,601.595462372,602.019381049,598.343756757,599.71027108,8543841
2025-11-17T21:00:00Z,599.700296523,602.203910355,599.032001197,602.124113898,8966155
2025-11-17T22:00:00Z,602.134088455,603.01184948,601.874749971,602.513121625,1971453
2025-11-17T23:00:00Z,602.513121625,602.562994411,602.034342884,602.124113898,116775
2025-11-18T00:00:00Z,602.124113898,603.660195692,601.994145419,602.822332895,414072
2025-11-18T01:00:00Z,602.822332895,603.25123885,600.70772679,601.216429202,172690
2025-11-18T10:00:00Z,600.208998935,601.405945787,596.777751293,600.957090717,316492
2025-11-18T11:00:00Z,600.957090717,601.126658188,599.770118423,600.77754869,153165
2025-11-18T12:00:00Z,600.627930333,600.897243375,599.101823097,600.01948235,289158
2025-11-18T13:00:00Z,600.01948235,600.049406021,596.678005722,597.465995732,674719
2025-11-18T14:00:00Z,597.465995732,599.371136139,597.465995732,598.423553214,983241
2025-11-18T14:30:00Z,598.423553214,599.032001197,597.525843075,597.855003459,445007
2025-11-18T15:30:00Z,598.09439283,600.77754869,591.082279188,593.865180619,23621002
2025-11-18T16:30:00Z,593.865180619,596.802787431,589.835459551,596.348845337,14804404
2025-11-18T17:30:00Z,596.348845337,597.625588646,593.449241588,593.615018727,8634159
2025-11-18T18:30:00Z,593.565943906,599.819991208,592.588437311,598.273934858,8533198
2025-11-18T19:30:00Z,598.273934858,600.099278807,597.416122947,597.874952574,5667487
2025-11-18T20:30:00Z,597.904876245,600.25887172,596.318921666,597.465995732,6811561
2025-11-18T21:00:00Z,597.465995732,597.825079788,594.673119744,594.79281443,8215112
2025-11-18T22:00:00Z,594.822738101,594.992305572,593.376427321,593.48614745,3112434
2025-11-18T23:00:00Z,593.48614745,593.96492619,593.48614745,593.735511377,602915
2025-11-19T00:00:00Z,593.845231505,595.840142925,593.785384163,594.922483672,304312
2025-11-19T01:00:00Z,594.922483672,595.146911207,592.787928453,594.114544547,158913
2025-11-19T10:00:00Z,594.79281443,597.246555476,594.204315561,597.086962563,180397
2025-11-19T11:00:00Z,597.146809905,597.904876245,596.837598635,597.725334217,180598
2025-11-19T12:00:00Z,597.725334217,598.473426,597.436072061,597.545792189,169456
2025-11-19T13:00:00Z,597.545792189,598.214087515,597.057038891,597.615614089,338864
2025-11-19T14:00:00Z,597.615614089,597.874952574,596.268949135,596.837598635,955983
2025-11-19T14:30:00Z,596.837598635,597.136835348,595.451135198,595.570829883,527933
2025-11-19T15:30:00Z,595.550880769,604.617753173,594.623246959,603.81968886,15992351
2025-11-19T16:30:00Z,603.819788605,604.178872661,596.747827621,597.884927131,12529598
2025-11-19T17:30:00Z,597.884927131,598.283909415,594.832712658,596.049608624,7907730
2025-11-19T18:30:00Z,596.009710396,597.386199276,593.077190608,595.256631335,8425382
2025-11-19T19:30:00Z,595.221720385,598.104367387,594.742941644,595.121974814,6380942
2025-11-19T20:30:00Z,595.121974814,600.218973492,594.583348731,599.391085253,7070040
2025-11-19T21:00:00Z,599.406047088,600.807372615,597.376324464,598.343756757,6223747
2025-11-19T22:00:00Z,598.283909415,604.328491017,597.057038891,603.809814048,4532662
2025-11-19T23:00:00Z,603.809814048,605.355870399,602.722587324,603.859686834,895527
2025-11-20T00:00:00Z,603.929508733,607.520149798,603.869661391,607.470476504,503895
2025-11-20T01:00:00Z,607.470476504,608.75719437,607.093438245,607.989153473,296382
2025-11-20T10:00:00Z,598.343756757,609.44543881,598.343756757,606.443097122,214326
2025-11-20T11:00:00Z,606.443097122,608.009102587,605.585285212,607.729814988,181294
2025-11-20T12:00:00Z,607.729814988,608.049000816,606.173784081,607.181214348,368492
2025-11-20T13:00:00Z,607.121367005,608.767168927,606.463046237,608.747219813,313516
2025-11-20T14:00:00Z,608.747219813,611.350579216,607.899382459,610.531069604,1845311
2025-11-20T14:30:00Z,610.532665533,610.961571489,609.774599194,610.153632364,591153
2025-11-20T15:30:00Z,610.06386135,612.22834024,608.477906771,611.220909973,17249921
2025-11-20T16:30:00Z,611.23088453,612.467729611,602.293681369,602.752510995,16044690
2025-11-20T17:30:00Z,602.762485553,603.291137079,589.42650271,591.740599957,23771474
2025-11-20T18:30:00Z,591.690727172,595.371438487,588.329301429,592.977445037,19526272
2025-11-20T19:30:00Z,592.947521366,593.516071121,585.845636711,589.276884353,12242773
2025-11-20T20:30:00Z,589.266909796,590.593525891,586.723397736,587.930319145,9537052
2025-11-20T21:00:00Z,587.930319145,588.399123329,583.262226422,584.179885675,9753523
2025-11-20T22:00:00Z,584.159936561,584.199834789,582.643803882,582.763498567,4604322
2025-11-20T23:00:00Z,582.763498567,582.873218695,581.935610328,582.75352401,534684
2025-11-21T00:00:00Z,582.793422238,584.86803037,581.317187788,584.080140104,706379
2025-11-21T01:00:00Z,584.06019099,585.765840254,583.611335921,585.326959742,281013
2025-11-21T10:00:00Z,584.179885675,586.334390009,581.805941085,581.915661214,448395
2025-11-21T11:00:00Z,581.915661214,583.361971993,578.793624841,583.262226422,684391
2025-11-21T12:00:00Z,583.312099208,584.758409987,581.317187788,582.344567169,820639
2025-11-21T13:00:00Z,582.44431274,587.381718504,579.900800679,585.646145569,2617220
2025-11-21T14:00:00Z,585.646145569,588.129810287,584.578867959,586.952812549,2396683
2025-11-21T14:30:00Z,586.952812549,587.511387747,585.45762644,585.865585825,689763
2025-11-21T15:30:00Z,585.975305953,588.269454086,581.6862464,582.115152356,22420903
2025-11-21T16:30:00Z,582.125126913,585.351896134,579.262429025,585.287061513,15543360
2025-11-21T17:30:00Z,585.277086956,590.548640384,584.449198717,589.73571398,14274687
2025-11-21T18:30:00Z,589.725739423,591.102228303,585.965331396,587.441565847,7812470
2025-11-21T19:30:00Z,587.441565847,595.461109755,587.062532677,595.062127471,11306506
2025-11-21T20:30:00Z,595.062127471,595.381313299,590.443907534,590.463856648,8511771
2025-11-21T21:00:00Z,590.42395842,592.014900277,587.940293702,588.568690799,11287133
2025-11-21T22:00:00Z,588.598614471,589.695815752,588.379174214,589.436477267,4332263
2025-11-21T23:00:00Z,589.436477267,589.596070181,589.306808025,589.346706253,105836
2025-11-22T00:00:00Z,589.346706253,589.895306894,589.017545869,589.825484994,51860
2025-11-22T01:00:00Z,589.825484994,590.563602219,589.695815752,590.553627662,40275
2025-11-24T10:00:00Z,588.568690799,594.713017973,588.568690799,591.371541344,397470
2025-11-24T11:00:00Z,591.371541344,591.710676286,589.905281451,590.842889818,233812
2025-11-24T12:00:00Z,590.842889818,592.269251483,590.274340063,592.099684013,316134
2025-11-24T13:00:00Z,592.099684013,593.565943906,591.331643116,593.396376436,504328
2025-11-24T14:00:00Z,593.306605422,594.713017973,592.997394152,593.176936179,959420
2025-11-24T14:30:00Z,593.176936179,594.972356457,593.097139723,593.865180619,476864
2025-11-24T15:30:00Z,593.765435048,599.730220194,593.645740363,598.992102969,14963021
2025-11-24T16:30:00Z,598.967166576,602.422652392,598.293883972,602.01439377,8242935
2025-11-24T17:30:00Z,601.984470099,602.672714539,601.146607302,602.483197954,5261679
2025-11-24T18:30:00Z,602.473223397,604.158923547,602.423350611,603.620297463,5344522
2025-11-24T19:30:00Z,603.610322906,604.348440131,603.201366065,603.66518297,4147561
2025-11-24T20:30:00Z,603.690119363,604.368389246,602.70263821,603.749966705,5387943
2025-11-24T21:00:00Z,603.730017591,605.136430142,603.520551892,603.620297463,9747992
2025-11-24T22:00:00Z,603.749966705,604.707524187,603.520551892,604.45816026,3237811
2025-11-24T23:00:00Z,604.45816026,605.216226599,604.408287474,604.946913557,342138
2025-11-25T00:00:00Z,604.867117101,605.036684571,604.178872661,604.418262031,456728
2025-11-25T01:00:00Z,604.418262031,604.448185702,603.400857207,604.308541903,147791
2025-11-25T10:00:00Z,603.620297463,603.620297463,601.116683631,601.934597313,229874
2025-11-25T11:00:00Z,601.934597313,602.792409224,601.46579313,602.662739982,164593
2025-11-25T12:00:00Z,602.662739982,602.952002137,601.655309714,602.343554154,156315
2025-11-25T13:00:00Z,602.353528711,604.827218872,602.203910355,603.261213408,541352
2025-11-25T14:00:00Z,603.261213408,604.358414689,602.364301233,602.592918082,963840
2025-11-25T14:30:00Z,602.622841753,602.802383781,601.585487815,601.725131614,448812
2025-11-25T15:30:00Z,601.974495542,602.533070739,595.800244697,600.129800952,17505138
2025-11-25T16:30:00Z,600.129202478,602.572968968,599.680447154,601.884724528,7514679
2025-11-25T17:30:00Z,601.874749971,605.824674582,601.565538701,605.196277485,6511155
2025-11-25T18:30:00Z,605.196277485,606.872003078,604.837193429,605.974292939,5443517
2025-11-25T19:30:00Z,605.979280217,606.62263915,604.328491017,604.976936974,3559857
2025-11-25T20:30:00Z,605.016735457,606.702435607,603.919534176,606.577753643,5950487
2025-11-25T21:00:00Z,606.582740922,608.70742133,606.561495115,607.340807261,6922199
2025-11-25T22:00:00Z,607.350781819,607.799636888,606.772257507,606.977334401,1303554
2025-11-25T23:00:00Z,606.977334401,607.45052739,606.552817251,607.340807261,138464
2025-11-26T00:00:00Z,607.290934476,607.669967646,606.971748649,607.500400175,73101
2025-11-26T01:00:00Z,607.500400175,608.487881328,607.091443334,608.348237529,133930
2025-11-26T10:00:00Z,609.44543881,610.412970848,608.767168927,609.186100325,143644
2025-11-26T11:00:00Z,609.186100325,610.502741862,609.186100325,610.333174391,141743
2025-11-26T12:00:00Z,610.333174391,610.782029461,609.794548308,609.884319322,154824
2025-11-26T13:00:00Z,609.884319322,610.033937678,608.467932214,609.814497422,298213
2025-11-26T14:00:00Z,609.814497422,610.861825918,609.644929952,610.732156675,758633
2025-11-26T14:30:00Z,610.732156675,611.141113517,609.864370208,611.051342503,295995
2025-11-26T15:30:00Z,610.951596932,612.338060369,608.836990826,610.163606921,9919544
2025-11-26T16:30:00Z,610.23342882,613.74447292,610.223454263,613.365539495,5685848
2025-11-26T17:30:00Z,613.405337978,614.622233944,613.026304808,613.739485641,5128261
2025-11-26T18:30:00Z,613.74447292,614.492564702,612.387933154,613.953938619,4290283
2025-11-26T19:30:00Z,613.958925897,613.98386229,612.487678725,613.904065833,3053077
2025-11-26T20:30:00Z,613.91404039,614.283099003,613.026304808,613.944063807,3942842
2025-11-26T21:00:00Z,613.943964062,614.063658747,612.687169867,612.707118981,6987758
2025-11-26T22:00:00Z,612.74701721,613.575005194,612.697144424,613.265694179,1401251
2025-11-26T23:00:00Z,613.265694179,613.43526165,613.076177594,613.43526165,88014
2025-11-27T00:00:00Z,613.43526165,613.704574691,613.195872279,613.505083549,58537
2025-11-27T01:00:00Z,613.505083549,613.644727349,613.235770508,613.634752792,45131
2025-11-28T10:00:00Z,612.707118981,615.559842312,612.707118981,615.250631042,68146
2025-11-28T11:00:00Z,615.250631042,615.519944083,615.180809142,615.370325727,47513
2025-11-28T12:00:00Z,615.370325727,615.529918641,615.180809142,615.270580156,50724
2025-11-28T13:00:00Z,615.270580156,616.028646496,615.081063571,615.799231682,121453
2025-11-28T14:00:00Z,615.799231682,615.799231682,614.67210673,614.861623315,353101
2025-11-28T14:30:00Z,614.861623315,615.240656485,614.29307356,614.512513816,146299
2025-11-28T15:30:00Z,614.542437488,616.008697381,613.851599663,614.74192863,6547754
2025-11-28T16:30:00Z,614.74192863,616.367781437,614.517501095,615.200758256,4123339
2025-11-28T17:30:00Z,615.210732813,616.42762878,614.851648758,615.948850039,4294312
2025-11-28T18:00:00Z,615.948850039,617.744270317,615.340402056,617.674448417,5207192
2025-11-28T19:00:00Z,617.604626517,617.913837787,617.165746005,617.286637637,1529998
2025-11-28T20:00:00Z,617.286637637,617.73429576,617.21561879,617.72302451,125155
2025-11-28T21:00:00Z,617.72302451,617.933786902,617.484931832,617.484931832,373398
2025-11-28T22:00:00Z,617.484931832,617.674448417,617.225593348,617.534804618,45795
2025-12-01T10:00:00Z,614.283099003,614.283099003,612.497653282,612.727068095,163736
2025-12-01T11:00:00Z,612.717093538,613.933989505,612.717093538,613.475159878,92844
2025-12-01T12:00:00Z,613.43526165,613.60482912,612.697144424,613.066203037,113905
2025-12-01T13:00:00Z,613.066203037,613.265694179,611.041367946,611.350579216,452560
2025-12-01T14:00:00Z,611.350579216,612.43780594,611.131138959,612.338060369,899815
2025-12-01T14:30:00Z,612.308136697,613.116075822,611.859281628,612.078721884,334091
2025-12-01T15:30:00Z,612.068747327,615.281851405,610.961571489,613.724523805,11446766
2025-12-01T16:30:00Z,613.74447292,616.03732436,612.386636462,615.110987242,5364849
2025-12-01T17:30:00Z,615.110987242,617.175720562,615.091038128,616.849826845,3858161
2025-12-01T18:30:00Z,616.846560178,617.864064747,616.557298022,617.075875245,2807781
2025-12-01T19:30:00Z,617.105898662,617.784168545,615.350177122,615.450122184,3500987
2025-12-01T20:30:00Z,615.460096741,615.928900925,614.494559614,615.57789626,4181870
2025-12-01T21:00:00Z,615.59974054,616.088493838,614.731954073,615.59974054,6182606
2025-12-01T22:00:00Z,615.609715097,615.839129911,615.180809142,615.589765983,1152680
2025-12-01T23:00:00Z,615.589765983,615.829155354,615.529918641,615.819180796,137010
2025-12-02T00:00:00Z,615.819180796,616.128392067,615.101012685,615.519944083,226936
2025-12-02T01:00:00Z,615.519944083,615.968799153,615.200758256,615.809206239,40991
2025-12-02T10:00:00Z,615.59974054,616.866509292,615.59974054,616.647069036,70009
2025-12-02T11:00:00Z,616.647069036,618.023557916,616.557298022,617.774193988,82225
2025-12-02T12:00:00Z,617.774193988,618.252972729,617.544779175,617.604626517,96637
2025-12-02T13:00:00Z,617.604626517,618.063456144,617.056025877,618.063456144,158166
2025-12-02T14:00:00Z,618.063456144,618.402591085,617.614601074,618.2130745,376211
2025-12-02T14:30:00Z,618.2130745,618.602082227,617.694397531,617.824066774,309808
2025-12-02T15:30:00Z,617.883914116,621.754042271,617.405135375,619.815287607,12261070
2025-12-02T16:30:00Z,619.809003636,622.162999112,616.696941821,617.105898662,10931536
2025-12-02T17:30:00Z,617.085949548,620.821421182,616.018671938,620.606968204,7270575
2025-12-02T18:30:00Z,620.606968204,621.045848717,617.998621523,619.599537937,5037255
2025-12-02T19:30:00Z,619.599537937,620.736637447,618.801573369,620.138164021,4339779
2025-12-02T20:30:00Z,620.138164021,621.524627458,619.988545664,621.300199923,4420324
2025-12-02T21:00:00Z,621.305187201,621.634347586,620.27780782,620.41745162,5867823
2025-12-02T22:00:00Z,620.41745162,620.636891876,620.217960478,620.626917319,2799418
2025-12-02T23:00:00Z,620.626917319,620.916179475,620.457349848,620.806459346,313426
2025-12-03T00:00:00Z,620.806459346,621.235365302,620.768157047,621.165543402,60760
2025-12-03T01:00:00Z,621.165543402,621.400543967,619.933785346,621.145594288,146812
2025-12-03T10:00:00Z,620.41745162,621.983457084,620.41745162,621.524627458,97563
2025-12-03T11:00:00Z,621.504678343,621.783965942,620.736637447,621.175517959,49949
2025-12-03T12:00:00Z,621.175517959,621.6542967,620.846357575,621.375009101,40351
2025-12-03T13:00:00Z,621.375009101,622.133075441,620.956077703,621.923609742,123646
2025-12-03T14:00:00Z,621.923609742,622.442286711,621.544576572,621.754042271,634679
2025-12-03T14:30:00Z,621.754042271,621.833838728,616.228137638,618.133278044,2615986
2025-12-03T15:30:00Z,618.04350703,619.948647436,616.457552451,618.831497041,10625600
2025-12-03T16:30:00Z,618.811547926,620.696739218,618.173176272,619.759130851,8335294
2025-12-03T17:30:00Z,619.779079965,621.335110873,618.891344383,621.045848717,5958660
2025-12-03T18:30:00Z,621.045848717,621.494703786,620.527171748,621.225390745,3267580
2025-12-03T19:30:00Z,621.235365302,621.953533413,621.125645174,621.764016828,3595072
2025-12-03T20:30:00Z,621.754042271,622.631803296,621.574500243,622.564874018,4311878
2025-12-03T21:00:00Z,622.561981396,622.571955953,621.524627458,621.933584299,5498865
2025-12-03T22:00:00Z,621.948546134,622.013380756,621.41490733,621.634347586,2326177
2025-12-03T23:00:00Z,621.634347586,621.694194928,621.454805558,621.534602015,150485
2025-12-04T00:00:00Z,621.534602015,621.913635185,621.41490733,621.704169485,131472
2025-12-04T01:00:00Z,621.704169485,622.093177212,621.165543402,621.34508543,78234
2025-12-04T10:00:00Z,621.933584299,622.851243552,620.956077703,622.751497981,98354
2025-12-04T11:00:00Z,622.711599753,622.821319881,621.6542967,621.704169485,94714
2025-12-04T12:00:00Z,621.704169485,622.013380756,621.305187201,621.993431641,65212
2025-12-04T13:00:00Z,621.983457084,622.432312154,621.913635185,622.073228098,66513
2025-12-04T14:00:00Z,622.073228098,622.192922783,621.065797831,621.394958215,393223
2025-12-04T14:30:00Z,621.394958215,623.838724705,621.394958215,623.190378493,843719
2025-12-04T15:30:00Z,623.33999685,623.349971407,618.741726027,620.41745162,12113543
2025-12-04T16:30:00Z,620.437400734,621.604423914,618.382641971,620.237909592,7084365
2025-12-04T17:30:00Z,620.227935035,621.883711513,619.799029079,620.686664916,5317708
2025-12-04T18:30:00Z,620.686764661,621.295212644,620.048393007,621.180505238,3700415
2025-12-04T19:30:00Z,621.175517959,621.434856444,617.963710573,619.015228382,5070837
2025-12-04T20:30:00Z,619.021013626,620.906204917,618.831497041,619.739181737,5141227
2025-12-04T21:00:00Z,619.758831614,621.424881887,619.689308951,621.355059987,4871295
2025-12-04T22:00:00Z,621.315161759,621.534602015,621.03587416,621.414807584,2014651
2025-12-04T23:00:00Z,621.414807584,621.41490733,621.085746945,621.215316442,75022
2025-12-05T00:00:00Z,621.195467073,621.7241186,620.866306689,621.085746945,66938
2025-12-05T01:00:00Z,621.085746945,621.923609742,620.936128589,621.89368607,50015
2025-12-05T10:00:00Z,621.355059987,624.147935975,621.355059987,623.758928248,104717
2025-12-05T11:00:00Z,623.758928248,624.118012304,623.619284449,623.709055463,57334
2025-12-05T12:00:00Z,623.709055463,623.918521162,623.429767864,623.748953691,42172
2025-12-05T13:00:00Z,623.748953691,624.078114075,623.060709251,623.379895078,112423
2025-12-05T14:00:00Z,623.379895078,623.509564321,620.397502505,621.225390745,769953
2025-12-05T14:30:00Z,621.215416188,622.881167223,621.195467073,622.811345324,286443
2025-12-05T15:30:00Z,622.791396209,627.319845133,622.65175241,626.581727907,13034664
2025-12-05T16:30:00Z,626.581727907,627.165239498,622.911090895,623.25012609,10049537
2025-12-05T17:30:00Z,623.250225836,624.766358515,622.123100884,623.170429379,6685779
2025-12-05T18:30:00Z,623.180403936,624.427223574,622.432312154,624.357401674,5436272
2025-12-05T19:30:00Z,624.35321236,624.696536615,623.469566347,623.828750148,4048258
2025-12-05T20:30:00Z,623.838724705,624.347427117,623.359945964,623.908546605,3605482
2025-12-05T21:00:00Z,623.898572047,624.242694267,622.731548867,623.88859749,5721421
2025-12-05T22:00:00Z,623.908546605,624.357401674,623.848699262,624.108037747,3267506
2025-12-05T23:00:00Z,624.108037747,624.227732432,623.95841939,624.147836229,312081
2025-12-06T00:00:00Z,624.147836229,624.157810786,624.038215847,624.038215847,43798
2025-12-06T01:00:00Z,624.038215847,624.147935975,623.868648376,623.918521162,36329
2025-12-08T10:00:00Z,623.88859749,625.723915997,623.88859749,625.135417128,62844
2025-12-08T11:00:00Z,625.135417128,625.743865111,624.906002315,625.624170426,65776
2025-12-08T12:00:00Z,625.624170426,625.703966883,625.095518899,625.19526447,34426
2025-12-08T13:00:00Z,625.19526447,626.083000052,624.965849657,625.893483467,149350
2025-12-08T14:00:00Z,625.893483467,626.591702464,625.444628398,626.043101824,501948
2025-12-08T14:30:00Z,626.043101824,626.362287651,625.394556121,625.534399412,174777
2025-12-08T15:30:00Z,625.614195869,627.240048676,622.352515697,623.399844192,9825562
2025-12-08T16:30:00Z,623.399844192,623.95841939,621.614398472,622.482184939,6239983
2025-12-08T17:30:00Z,622.472210382,622.661726967,620.786510232,621.378998924,4207715
2025-12-08T18:30:00Z,621.37999638,623.280149507,621.253518996,621.684220371,4853036
2025-12-08T19:30:00Z,621.644322143,621.953533413,620.108240349,620.902015603,4712992
2025-12-08T20:30:00Z,620.89623036,621.474754672,620.507222633,621.305187201,3556407
2025-12-08T21:00:00Z,621.315161759,622.691650638,620.696739218,622.691650638,5673160
2025-12-08T22:00:00Z,622.661726967,623.519538878,622.322592026,623.509564321,2398950
2025-12-08T23:00:00Z,623.509564321,623.609309892,623.389869635,623.509564321,522684
2025-12-09T00:00:00Z,623.549462549,624.018266733,623.190378493,623.998317618,367579
2025-12-09T01:00:00Z,624.008292176,624.008292176,623.639233563,623.818775591,115217
2025-12-09T10:00:00Z,622.691650638,623.310073179,622.242795569,622.372464811,45739
2025-12-09T11:00:00Z,622.372464811,623.210327608,621.115670617,622.681676081,166759
2025-12-09T12:00:00Z,622.65175241,622.950989123,621.764016828,622.72157431,95117
2025-12-09T13:00:00Z,622.72157431,622.821319881,622.123100884,622.522083168,119988
2025-12-09T14:00:00Z,622.522083168,622.571955953,621.195467073,621.433958734,423196
2025-12-09T14:30:00Z,621.433958734,621.624373029,620.816433904,621.404932772,166561
2025-12-09T15:30:00Z,621.424881887,622.691650638,619.41999591,622.382439368,8117669
2025-12-09T16:30:00Z,622.41236304,623.674643241,621.89368607,623.190378493,5001991
2025-12-09T17:30:00Z,623.20035305,624.217757875,622.681676081,623.619284449,5346908
2025-12-09T18:30:00Z,623.629259006,624.187834203,623.190378493,624.048190404,3362285
2025-12-09T19:30:00Z,624.048190404,624.277605217,623.220202419,623.689106348,3806724
2025-12-09T20:30:00Z,623.694093627,623.838724705,623.040760137,623.389869635,3454811
2025-12-09T21:00:00Z,623.369920521,623.95841939,623.130531151,623.459691535,5254687
2025-12-09T22:00:00Z,623.529513435,623.529513435,622.861218109,623.03078558,1606988
2025-12-09T23:00:00Z,623.03078558,623.110582037,622.611854182,622.871192666,98872
2025-12-10T00:00:00Z,622.871192666,623.150480265,622.731548867,622.771447095,38714
2025-12-10T01:00:00Z,622.771447095,623.259003446,622.341244447,622.341244447,48990
2025-12-10T10:00:00Z,623.459691535,624.307528889,623.459691535,623.778877362,53413
2025-12-10T11:00:00Z,623.778877362,624.247681546,621.514652901,622.362490254,118075
2025-12-10T12:00:00Z,622.362490254,623.330022293,622.093177212,622.691650638,123917
2025-12-10T13:00:00Z,622.711599753,622.731548867,621.803915056,622.302642911,112559
2025-12-10T14:00:00Z,622.302642911,623.95841939,622.212871898,622.861218109,358901
2025-12-10T14:30:00Z,622.861218109,623.080658365,622.043304427,622.20289734,237440
2025-12-10T15:30:00Z,622.262744683,622.861218109,620.337655163,621.973482527,7288745
2025-12-10T16:30:00Z,621.973482527,622.35131875,619.410021352,622.252770126,6332450
2025-12-10T17:30:00Z,622.232821012,622.501834817,621.355059987,621.694194928,3861999
2025-12-10T18:30:00Z,621.664271257,623.080658365,621.025899603,621.287133253,3313759
2025-12-10T19:30:00Z,621.27526353,624.516994588,621.005950488,622.751497981,8064530
2025-12-10T20:30:00Z,622.771447095,627.609107289,621.41490733,626.811142721,14470654
2025-12-10T21:00:00Z,626.821117278,627.459488932,625.758826947,626.013178153,6664252
2025-12-10T22:00:00Z,625.95333081,626.19272018,624.925951429,625.993229038,3110267
2025-12-10T23:00:00Z,625.993229038,626.02315271,624.806256744,625.085544342,220390
2025-12-11T00:00:00Z,625.085544342,625.693992325,623.935777145,624.278502927,526259
2025-12-11T01:00:00Z,624.278502927,624.317503446,622.881167223,623.160454822,173774
2025-12-11T10:00:00Z,626.013178153,626.013178153,617.275466133,621.235365302,187600
2025-12-11T11:00:00Z,621.235365302,621.604423914,620.756586561,621.145594288,81300
2025-12-11T12:00:00Z,621.165543402,621.913635185,621.005950488,621.7241186,86545
2025-12-11T13:00:00Z,621.754042271,623.57938622,621.644322143,623.40981875,259559
2025-12-11T14:00:00Z,623.40981875,623.559437106,621.983457084,622.212871898,737704
2025-12-11T14:30:00Z,622.212871898,623.110582037,622.133075441,622.232821012,282370
2025-12-11T15:30:00Z,622.232821012,622.382439368,616.148341181,621.185492516,16558082
2025-12-11T16:30:00Z,621.185492516,621.464780115,617.724321203,617.993634244,9880615
2025-12-11T17:30:00Z,617.993634244,622.093276958,617.913837787,621.305187201,7593817
2025-12-11T18:30:00Z,621.305187201,622.357502975,620.716887824,621.764016828,4913822
2025-12-11T19:30:00Z,621.754042271,623.679131791,621.494703786,623.584373499,4686502
2025-12-11T20:30:00Z,623.589360777,624.187834203,623.040760137,623.115569315,4129308
2025-12-11T21:00:00Z,623.110582037,624.127986861,622.671701524,623.988343061,5756541
2025-12-11T22:00:00Z,623.998317618,627.539285389,623.848699262,626.920862849,1696709
2025-12-11T23:00:00Z,626.920862849,627.010633863,622.41236304,623.260200393,985923
2025-12-12T00:00:00Z,623.260200393,624.377350788,622.41236304,622.931040009,347833
2025-12-12T01:00:00Z,622.911090895,623.280149507,622.262744683,622.432312154,88614
2025-12-12T10:00:00Z,623.988343061,623.988343061,616.716890935,621.165543402,172551
2025-12-12T11:00:00Z,621.115670617,621.983457084,620.646866433,621.055823274,63303
2025-12-12T12:00:00Z,621.065797831,621.135619731,619.868850979,620.287782377,107600
2025-12-12T13:00:00Z,620.287782377,621.384983658,620.028443893,620.696739218,293427
2025-12-12T14:00:00Z,620.696739218,622.093177212,620.497248076,622.093177212,578649
2025-12-12T14:30:00Z,622.093177212,622.222846455,620.287782377,620.307731491,316748
2025-12-12T15:30:00Z,620.497248076,621.953533413,614.587322995,614.702030401,16810301
2025-12-12T16:30:00Z,614.692055844,616.676992707,610.183556035,612.377958597,14874309
2025-12-12T17:30:00Z,612.368582513,614.213277103,609.804522865,612.328085811,10869961
2025-12-12T18:30:00Z,612.328085811,615.898977253,611.619892257,615.170834585,7628209
2025-12-12T19:30:00Z,615.150885471,615.260605599,612.128594669,612.397907711,5205496
2025-12-12T20:30:00Z,612.417856825,613.355465193,611.879230742,612.018874541,5227154
2025-12-12T21:00:00Z,612.018874541,612.318111254,610.462843634,612.05877277,9802420
2025-12-12T22:00:00Z,612.018874541,612.36798404,611.769510614,611.879130996,2960770
2025-12-12T23:00:00Z,611.879130996,611.979076058,611.739586943,611.819383399,177424
2025-12-13T00:00:00Z,611.819383399,611.819383399,611.290731873,611.297315081,31100
2025-12-13T01:00:00Z,611.297315081,611.430375672,611.190986302,611.243153236,39304
2025-12-15T10:00:00Z,615.43017307,615.43017307,613.086152151,614.881572429,106116
2025-12-15T11:00:00Z,614.881572429,615.270580156,614.702030401,615.140910914,63528
2025-12-15T12:00:00Z,615.140910914,615.66956244,614.951394329,615.609715097,72628
2025-12-15T13:00:00Z,615.579791426,615.709460668,614.831699644,615.509969526,230833
2025-12-15T14:00:00Z,615.509969526,616.228137638,615.130936357,616.158315738,591362
2025-12-15T14:30:00Z,616.158315738,616.836585621,615.958824596,616.66701815,372294
2025-12-15T15:30:00Z,616.796687392,616.846560178,607.769713217,608.61755057,14646885
2025-12-15T16:30:00Z,608.587626899,613.345490636,608.268441072,613.066203037,7404757
2025-12-15T17:30:00Z,613.071190315,613.215821393,609.824471979,610.512716419,5309878
2025-12-15T18:30:00Z,610.542640091,611.420401115,608.956685512,609.285845896,3447537
2025-12-15T19:30:00Z,609.295820453,611.310680987,608.876889055,610.193530592,4100743
2025-12-15T20:30:00Z,610.183556035,610.672309333,609.465387924,609.794548308,3804647
2025-12-15T21:00:00Z,609.804522865,609.954141222,608.846965384,608.986609183,5945800
2025-12-15T22:00:00Z,608.936736397,609.495311595,608.767168927,609.285845896,2709884
2025-12-15T23:00:00Z,609.285845896,609.44543881,609.106303868,609.146202097,295006
2025-12-16T00:00:00Z,609.216023996,609.854395651,607.879433345,608.189741816,174899
2025-12-16T01:00:00Z,608.358212086,608.457957657,606.812155735,606.961873837,261400
2025-12-16T10:00:00Z,608.986609183,608.986609183,604.258669118,605.45561597,228404
2025-12-16T11:00:00Z,605.45561597,607.590171189,605.106506471,606.941824977,110189
2025-12-16T12:00:00Z,606.941824977,608.088899044,606.702435607,608.049000816,153872
2025-12-16T13:00:00Z,608.098873601,608.807067155,607.819586002,608.218568286,221537
2025-12-16T14:00:00Z,608.218568286,610.343148949,606.862028521,607.221112576,1239462
2025-12-16T14:30:00Z,607.221112576,608.088899044,606.45307168,606.473020794,415441
2025-12-16T15:30:00Z,606.712410164,610.931647817,605.425692298,606.951799535,12671936
2025-12-16T16:30:00Z,606.941824977,609.390578745,605.824674582,606.752308393,7485924
2025-12-16T17:30:00Z,606.752308393,609.644929952,606.333376994,607.729814988,5860209
2025-12-16T18:30:00Z,607.699991063,608.846965384,605.365944701,606.084013067,5653945
2025-12-16T19:30:00Z,606.103962181,609.575108052,606.034140281,607.984166194,5661689
2025-12-16T20:30:00Z,607.979178916,610.313225277,607.789662331,610.23342882,5168814
2025-12-16T21:00:00Z,610.23342882,611.949052642,610.193530592,610.193530592,6220510
2025-12-16T22:00:00Z,610.253377935,610.293276163,608.747219813,609.046456526,3253035
2025-12-16T23:00:00Z,609.046456526,609.495311595,608.946710955,609.345693239,315783
2025-12-17T00:00:00Z,609.325744124,609.92421755,608.4479831,608.986609183,341718
2025-12-17T01:00:00Z,608.986609183,609.125854,607.739789545,608.637499684,150351
2025-12-17T10:00:00Z,610.193530592,612.627322524,610.193530592,612.477704168,172114
2025-12-17T11:00:00Z,612.477704168,613.155974051,612.29816214,612.946508352,117132
2025-12-17T12:00:00Z,612.946508352,613.315566964,612.587424296,613.215821393,94018
2025-12-17T13:00:00Z,613.215821393,613.564930892,612.74701721,613.154976595,281840
2025-12-17T14:00:00Z,613.154976595,613.305592407,610.891749589,612.547526068,1334422
2025-12-17T14:30:00Z,612.547526068,612.91658468,611.360553773,611.500197572,356863
2025-12-17T15:30:00Z,611.500197572,612.088696441,607.340807261,609.156176654,11713486
2025-12-17T16:30:00Z,609.116278425,609.47516299,601.735106171,603.201366065,13068139
2025-12-17T17:30:00Z,603.161467837,603.455717271,601.186505531,602.612867196,8622783
2025-12-17T18:30:00Z,602.612867196,603.610322906,601.216429202,601.874749971,7264261
2025-12-17T19:30:00Z,601.879737249,602.029355606,600.039431464,600.218973492,6982060
2025-12-17T20:30:00Z,600.218973492,601.296225659,599.770118423,600.508235648,7254501
2025-12-17T21:00:00Z,600.518210205,600.917192489,598.752713598,598.882382841,8776319
2025-12-17T22:00:00Z,598.842484612,601.46579313,598.842484612,600.518210205,3972765
2025-12-17T23:00:00Z,600.518210205,601.316174773,600.378566406,601.186505531,294355
2025-12-18T00:00:00Z,601.186505531,601.385996673,599.790067537,599.869863994,150252
2025-12-18T01:00:00Z,599.919736779,601.435869458,599.221517782,601.213237344,199017
2025-12-18T10:00:00Z,598.882382841,603.989356076,598.882382841,603.959432405,182631
2025-12-18T11:00:00Z,603.959432405,604.019279747,603.261213408,603.550475563,103141
2025-12-18T12:00:00Z,603.550475563,604.45816026,603.450729992,604.128999875,158065
2025-12-18T13:00:00Z,604.128999875,604.368389246,603.710068477,603.899585062,207813
2025-12-18T14:00:00Z,603.909559619,607.909357016,603.191391508,606.881977635,1675702
2025-12-18T14:30:00Z,606.881977635,608.348237529,606.881977635,608.138771829,609548
2025-12-18T15:30:00Z,608.248491958,609.605031723,605.375819513,609.275771593,19112218
2025-12-18T16:30:00Z,609.265896782,611.37052833,608.906812726,609.984064893,11336039
2025-12-18T17:30:00Z,609.974090336,611.360553773,605.964318382,607.061519663,12011663
2025-12-18T18:30:00Z,607.041570548,610.497754584,606.702435607,610.183556035,6796429
2025-12-18T19:30:00Z,610.183556035,611.141113517,607.659993089,608.228542843,6164556
2025-12-18T20:30:00Z,608.218568286,609.076380197,606.173784081,608.886863612,6899036
2025-12-18T21:00:00Z,608.886863612,609.724726408,607.510374732,607.560247518,8487328
2025-12-18T22:00:00Z,607.600145746,607.669967646,606.273529652,606.742333835,4000287
2025-12-18T23:00:00Z,606.742333835,607.570222075,606.722384721,607.560247518,861818
2025-12-19T00:00:00Z,607.560247518,607.68383228,606.612664593,607.679942203,157942
2025-12-19T01:00:00Z,607.679942203,607.92930613,606.93185042,607.430578275,111608
2025-12-19T10:00:00Z,610.672309333,611.240859088,609.485337038,611.001469717,109007
2025-12-19T11:00:00Z,610.971546046,611.011444274,610.353123506,610.492767305,72515
2025-12-19T12:00:00Z,610.452869077,610.562589205,609.44543881,609.964115779,106499
2025-12-19T13:00:00Z,609.964115779,610.37307262,608.507830442,608.517804999,161475
2025-12-19T14:00:00Z,608.517804999,609.944166665,608.388135757,609.525135521,499773
2025-12-19T14:30:00Z,609.525135521,610.911698703,608.956685512,610.393021734,537765
2025-12-19T15:30:00Z,610.393021734,616.04859561,610.313225277,613.834243934,15108190
2025-12-19T16:30:00Z,613.834243934,615.081063571,612.67719531,614.632208502,10190006
2025-12-19T17:30:00Z,614.642183059,615.519944083,613.525032663,615.390274841,5574948
2025-12-19T18:30:00Z,615.400249398,615.928900925,614.991292557,615.420198512,4082559
2025-12-19T19:30:00Z,615.420198512,615.66956244,614.712004958,615.549867755,5370007
2025-12-19T20:30:00Z,615.534905919,615.819180796,615.280554713,615.66956244,3889866
2025-12-19T21:00:00Z,615.649613326,615.90895181,614.392819131,615.480045855,9431803
2025-12-19T22:00:00Z,615.66956244,616.42762878,615.330427499,616.028646496,4420204
2025-12-19T23:00:00Z,616.028646496,616.926356635,616.028646496,616.527374351,739143
2025-12-20T00:00:00Z,616.527374351,616.916382077,616.477501565,616.846560178,34154
2025-12-20T01:00:00Z,616.846560178,617.225593348,616.846560178,617.21561879,41915
2025-12-22T10:00:00Z,615.480046401,619.19943774,615.480046401,618.919790263,92495
2025-12-22T11:00:00Z,618.919790263,619.109551051,618.799941345,618.809928754,53895
2025-12-22T12:00:00Z,618.809928754,619.069601411,618.670105016,618.670105016,57617
2025-12-22T13:00:00Z,618.670105016,619.588946725,618.620167967,619.539009676,148160
2025-12-22T14:00:00Z,619.539009676,619.99843053,619.419160757,619.958480891,403920
2025-12-22T14:30:00Z,619.958480891,620.667586992,619.868594202,620.637624762,380844
2025-12-22T15:30:00Z,620.567712893,620.86733519,617.973483177,618.400444949,10154737
2025-12-22T16:30:00Z,618.410432359,619.1594881,616.992220156,618.959739903,8302762
2025-12-22T17:30:00Z,618.959739903,619.119538461,618.430407179,618.650130196,4555446
2025-12-22T18:30:00Z,618.640142786,619.299311839,618.040898194,618.400444949,4785529
2025-12-22T19:30:00Z,618.400444949,618.660117606,618.080847833,618.620167967,4019941
2025-12-22T20:30:00Z,618.620167967,618.929777673,618.150759702,618.3505079,3835544
2025-12-22T21:00:00Z,618.34052049,618.710054656,618.180721932,618.430407179,5363337
2025-12-22T22:00:00Z,618.390457539,618.809928754,618.390457539,618.670105016,1260595
2025-12-22T23:00:00Z,618.670105016,618.929777673,618.660117606,618.730029475,201045
2025-12-23T00:00:00Z,618.730029475,619.188451589,618.730029475,618.919790263,48253
2025-12-23T01:00:00Z,618.969727313,619.18945033,618.889828033,619.13951328,38981
2025-12-23T10:00:00Z,618.570230917,619.399185937,618.490331638,619.14950069,71054
2025-12-23T11:00:00Z,619.14950069,619.319286658,618.720042066,618.979714722,94738
2025-12-23T12:00:00Z,618.979714722,618.979714722,618.410432359,618.500319048,74565
2025-12-23T13:00:00Z,618.500319048,618.740016885,617.811187766,618.400444949,73464
2025-12-23T14:00:00Z,618.400444949,618.430407179,616.572748941,616.862383828,519624
2025-12-23T14:30:00Z,616.852396418,617.471615831,616.612698581,617.391716551,282062
2025-12-23T15:30:00Z,617.421678781,619.933512366,617.002207566,618.119598984,9696575
2025-12-23T16:30:00Z,618.110810063,619.968468301,618.090835243,619.738757873,5252620
2025-12-23T17:30:00Z,619.738757873,620.547738074,619.459110397,620.288065417,5979903
2025-12-23T18:30:00Z,620.288065417,620.622643648,619.908543841,620.387939515,4259218
2025-12-23T19:30:00Z,620.397926925,620.887310009,620.328015056,620.767461091,3196386
2025-12-23T20:30:00Z,620.767461091,621.23187565,620.667586992,621.067083387,3367202
2025-12-23T21:00:00Z,621.057095977,621.626378341,620.977196698,621.326756044,5041780
2025-12-23T22:00:00Z,621.426630143,621.6863028,621.256844175,621.456592373,2767038
2025-12-23T23:00:00Z,621.456592373,621.458789603,621.216894536,621.326756044,367165
2025-12-24T00:00:00Z,621.326756044,621.566453881,621.236869355,621.366705684,48556
2025-12-24T01:00:00Z,621.386680503,621.71626503,621.386680503,621.566453881,28495
2025-12-24T10:00:00Z,621.326756044,621.456592373,620.937247059,621.306781224,25761
2025-12-24T11:00:00Z,621.286806405,621.286806405,621.027133748,621.196919716,18435
2025-12-24T12:00:00Z,621.196919716,621.336743454,621.017146338,621.117020437,27840
2025-12-24T13:00:00Z,621.117020437,621.756214669,621.097045617,621.736239849,60071
2025-12-24T14:00:00Z,621.736239849,622.075811785,621.386680503,621.896038407,204206
2025-12-24T14:30:00Z,621.896038407,621.906025817,621.057095977,621.077070797,167641
2025-12-24T15:30:00Z,621.206907126,622.290541098,620.937247059,621.697588573,5561478
2025-12-24T16:30:00Z,621.697488699,622.645094148,621.536491652,622.575182279,3377918
2025-12-24T17:30:00Z,622.585169689,623.294275791,622.50527041,623.084540183,3535129
2025-12-24T18:00:00Z,623.074552773,623.494023988,622.864817166,623.144464642,3142262
2025-12-24T19:00:00Z,623.154452052,623.214376512,622.134537755,622.235610343,2041926
2025-12-24T20:00:00Z,622.245597753,622.465320771,622.236609084,622.315509622,269250
2025-12-24T21:00:00Z,622.315509622,622.53523264,622.315509622,622.415383721,17789
2025-12-24T22:00:00Z,622.415383721,622.445345951,622.235610343,622.235610343,17392
2025-12-26T10:00:00Z,623.144464642,623.384162479,622.415383721,623.33422543,26256
2025-12-26T11:00:00Z,623.33422543,623.763684055,623.33422543,623.464061759,23382
2025-12-26T12:00:00Z,623.464061759,623.633847726,623.124489823,623.3042632,20459
2025-12-26T13:00:00Z,623.3042632,623.813621104,623.184414282,623.703759596,39252
2025-12-26T14:00:00Z,623.703759596,624.432840517,623.583910677,623.793646285,289531
2025-12-26T14:30:00Z,623.813621104,624.13321822,623.694970675,623.873545564,195295
2025-12-26T15:30:00Z,623.873545564,624.727469108,622.355459262,623.553948447,6727354
2025-12-26T16:30:00Z,623.543961038,624.20313009,622.914754215,623.513998808,4173877
2025-12-26T17:30:00Z,623.523986218,623.708753301,622.715006018,623.454074349,2758443
2025-12-26T18:30:00Z,623.454074349,623.49432361,622.834854936,623.204389102,2369087
2025-12-26T19:30:00Z,623.204389102,623.883532973,623.184414282,623.474049168,2146898
2025-12-26T20:30:00Z,623.474049168,623.813621104,623.134477232,623.274300971,2659072
2025-12-26T21:00:00Z,623.274300971,623.429105824,622.884791985,623.104515003,5414480
2025-12-26T22:00:00Z,623.074552773,623.264313561,622.814780242,622.888986698,1589520
2025-12-26T23:00:00Z,622.888986698,622.888986698,622.715006018,622.734980837,352059
2025-12-27T00:00:00Z,622.734980837,622.814880116,622.625418951,622.814880116,155566
2025-12-27T01:00:00Z,622.814880116,622.914154971,622.415383721,622.415383721,19172
2025-12-29T10:00:00Z,623.104515003,623.104515003,619.98844312,620.657599582,112626
2025-12-29T11:00:00Z,620.657599582,620.81739814,620.218153548,620.258103187,30174
2025-12-29T12:00:00Z,620.258103187,620.927259649,620.01840535,620.787435911,44619
2025-12-29T13:00:00Z,620.787435911,621.007158928,620.01840535,620.298052827,123692
2025-12-29T14:00:00Z,620.298052827,620.647612172,618.230658981,618.999689542,555588
2025-12-29T14:30:00Z,619.029651772,619.469097807,618.140772292,619.21941256,318589
2025-12-29T15:30:00Z,619.319286658,621.995912506,618.250633801,620.248115777,9407000
2025-12-29T16:30:00Z,620.238128367,620.907284829,618.565237212,619.289324429,4356207
2025-12-29T17:30:00Z,619.249374789,619.598934135,617.951011505,618.196801662,3914100
2025-12-29T18:30:00Z,618.200696752,619.429148167,618.120797473,619.239387379,3056676
2025-12-29T19:30:00Z,619.239387379,619.878581612,618.809928754,619.444129282,2565717
2025-12-29T20:30:00Z,619.439135577,620.912278534,619.399185937,620.328015056,3648729
2025-12-29T21:00:00Z,620.333008761,620.537750664,619.828644562,620.088317219,3332333
2025-12-29T22:00:00Z,620.098304629,620.248115777,619.798682333,620.178203908,798191
2025-12-29T23:00:00Z,620.178203908,620.198178728,619.968468301,619.999629019,71494
2025-12-30T00:00:00Z,619.999629019,620.138254268,619.30031058,619.309299248,74689
2025-12-30T01:00:00Z,619.299311839,619.738757873,619.129525871,619.175867452,47784
2025-12-30T10:00:00Z,620.088317219,620.467838795,619.948493481,620.168216498,53267
2025-12-30T11:00:00Z,620.188191318,620.338002466,619.778707513,619.918531251,20747
2025-12-30T12:00:00Z,619.918531251,620.118279449,619.339261478,620.088317219,33207
2025-12-30T13:00:00Z,620.088317219,620.298052827,619.558984495,619.908543841,45979
2025-12-30T14:00:00Z,619.858606792,620.288065417,619.039639182,619.558984495,287355
2025-12-30T14:30:00Z,619.558984495,619.758732693,618.959739903,618.969727313,114047
2025-12-30T15:30:00Z,619.059614001,620.967209289,618.600193147,619.164481805,6919311
2025-12-30T16:30:00Z,619.1594881,621.396667913,618.799941345,620.927259649,5003239
2025-12-30T17:30:00Z,620.927259649,620.987184108,619.229399969,619.758732693,3527763
2025-12-30T18:30:00Z,619.758732693,620.138254268,619.409173347,620.088317219,2949974
2025-12-30T19:30:00Z,620.088317219,620.248115777,619.548997086,620.033386465,2542889
2025-12-30T20:30:00Z,620.03838017,620.158229088,618.819916164,619.344255183,3309284
2025-12-30T21:00:00Z,619.339261478,619.57396561,618.435400884,618.650130196,4497348
2025-12-30T22:00:00Z,618.640142786,618.949752493,618.460369409,618.650130196,1399864
2025-12-30T23:00:00Z,618.650130196,618.809928754,618.620167967,618.670404638,348072
2025-12-31T00:00:00Z,618.720042066,618.899815443,617.911061865,618.180821806,62391
2025-12-31T01:00:00Z,618.190709342,618.190709342,617.002207566,617.181980944,112017
2025-12-31T10:00:00Z,617.451641011,617.451641011,615.913579889,616.243164415,50333
2025-12-31T11:00:00Z,616.243164415,616.782484549,616.103340677,616.632673401,33460
2025-12-31T12:00:00Z,616.71257268,617.271867633,616.582736351,617.271867633,21746
2025-12-31T13:00:00Z,617.271867633,617.761250717,617.062132025,617.721301078,73564
2025-12-31T14:00:00Z,617.721301078,619.718783054,617.571489929,619.419160757,325176
2025-12-31T14:30:00Z,619.419160757,619.788694923,618.570230917,618.610180557,158356
2025-12-31T15:30:00Z,618.869853214,619.17946292,616.253151825,617.062132025,7863229
2025-12-31T16:30:00Z,617.052144616,617.211943174,615.673882052,616.942283107,4963056
2025-12-31T17:30:00Z,616.952270517,617.191968354,616.263139235,616.707578975,3277655
2025-12-31T18:30:00Z,616.71257268,617.132043895,616.353025924,617.072219309,3385927
2025-12-31T19:30:00Z,617.082106845,617.821175176,616.53080182,616.562761531,3109741
2025-12-31T20:30:00Z,616.562761531,616.64266081,613.976022373,614.105858701,6006467
2025-12-31T21:00:00Z,614.105858701,614.964775951,613.276903681,613.536576338,8635931
2025-12-31T22:00:00Z,613.506614108,613.896123093,612.957306565,613.007243614,2352603
2025-12-31T23:00:00Z,613.007243614,613.536576338,613.007243614,613.526588928,434641
2026-01-01T00:00:00Z,613.526588928,613.576525977,613.456677059,613.556551158,29807
2026-01-01T01:00:00Z,613.556551158,613.586513387,613.426714829,613.486639288,24835
2026-01-02T10:00:00Z,613.536576338,620.547738074,613.536576338,620.417901745,163381
2026-01-02T11:00:00Z,620.447863975,620.517775844,619.818657152,620.357977286,107668
2026-01-02T12:00:00Z,620.357977286,620.627637353,619.99843053,620.278078007,80274
2026-01-02T13:00:00Z,620.278078007,620.278078007,619.14950069,619.698808234,196997
2026-01-02T14:00:00Z,619.698808234,619.798682333,619.13951328,619.458910648,423990
2026-01-02T14:30:00Z,619.458910648,619.768720103,618.740016885,619.129525871,215965
2026-01-02T15:30:00Z,619.279337019,622.065824375,613.836198634,614.635191425,16226956
2026-01-02T16:30:00Z,614.635191425,617.341779502,609.981058421,611.988527806,14152083
2026-01-02T17:30:00Z,611.958565577,613.157054762,610.230743668,612.238113179,5755938
2026-01-02T18:30:00Z,612.238213053,612.565001105,610.380554816,610.989786818,4002928
2026-01-02T19:30:00Z,610.979799409,613.037205844,609.381813828,612.817482826,6937102
2026-01-02T20:30:00Z,612.817482826,613.926085323,612.293143808,613.33682814,5134585
2026-01-02T21:00:00Z,613.32684073,613.546563748,611.72885515,612.348074562,6264593
2026-01-02T22:00:00Z,612.318112332,612.967293975,612.138338955,612.477910891,1917981
2026-01-02T23:00:00Z,612.477910891,612.50787312,612.278162693,612.477910891,233722
2026-01-03T00:00:00Z,612.477910891,612.707621318,612.378036792,612.707121947,24656
2026-01-03T01:00:00Z,612.707121947,612.927344335,612.627722039,612.917356925,20344
2026-01-05T10:00:00Z,612.348074562,615.88361766,612.348074562,615.434184215,90627
2026-01-05T11:00:00Z,615.434184215,616.502837072,615.414209395,616.412950383,73929
2026-01-05T12:00:00Z,616.412950383,616.982232746,616.213202186,616.742534909,92305
2026-01-05T13:00:00Z,616.742534909,617.191968354,616.212203445,616.472874843,173375
2026-01-05T14:00:00Z,616.472874843,617.291842453,615.603970183,616.932295697,669962
2026-01-05T14:30:00Z,616.952270517,618.620167967,616.912320877,618.33053308,578214
2026-01-05T15:30:00Z,618.540268688,619.449122987,615.943542119,619.199537614,13535311
2026-01-05T16:30:00Z,619.21941256,619.758732693,618.34052049,619.459110397,5541370
2026-01-05T17:30:00Z,619.449122987,620.02839276,617.840151255,618.140772292,5124594
2026-01-05T18:30:00Z,618.170734522,618.33053308,616.442912613,617.611439569,4461648
2026-01-05T19:30:00Z,617.611439569,618.090835243,617.082106845,617.122056485,4532139
2026-01-05T20:30:00Z,617.122056485,617.601452159,616.263139235,617.471615831,4733705
2026-01-05T21:00:00Z,617.48160324,617.801200357,616.67262304,617.211943174,4923170
2026-01-05T22:00:00Z,617.181980944,617.261880223,616.852496292,616.998911721,1905528
2026-01-05T23:00:00Z,616.998911721,617.821175176,616.872371238,617.012194976,263637
2026-01-06T00:00:00Z,617.012194976,617.371741732,616.588928545,616.691698993,82064
2026-01-06T01:00:00Z,616.691698993,617.042157206,616.412950383,616.630875667,46781
2026-01-06T10:00:00Z,616.922308287,617.761250717,616.602711171,617.281855043,114415
2026-01-06T11:00:00Z,617.301829863,617.52155288,616.942283107,617.421678781,43980
2026-01-06T12:00:00Z,617.421678781,617.821175176,617.371741732,617.53154029,52500
2026-01-06T13:00:00Z,617.53154029,618.750004295,617.411691371,618.570230917,111848
2026-01-06T14:00:00Z,618.570230917,618.779966525,617.401703961,618.070860423,426519
2026-01-06T14:30:00Z,618.010935964,618.500319048,617.441653601,618.500319048,179908
2026-01-06T15:30:00Z,618.450381999,621.806151718,617.761250717,621.64635316,10715300
2026-01-06T16:30:00Z,621.63636575,621.66632798,618.510306458,619.419160757,7283109
2026-01-06T17:30:00Z,619.419160757,621.017146338,618.979714722,620.799920173,4640703
2026-01-06T18:30:00Z,620.80741073,622.000906211,620.787435911,621.361711979,3804359
2026-01-06T19:30:00Z,621.356818148,622.655081558,621.136995256,622.52524523,3981459
2026-01-06T20:30:00Z,622.53523264,622.854829756,622.355459262,622.565194869,3650048
2026-01-06T21:00:00Z,622.565194869,623.235649695,622.51525782,622.635106738,6058698
2026-01-06T22:00:00Z,622.675056378,623.154452052,622.605144509,623.114502413,1872474
2026-01-06T23:00:00Z,623.114502413,623.264313561,622.914754215,623.054577953,93875
2026-01-07T00:00:00Z,623.064565363,623.404137299,622.797601897,622.944716445,56904
2026-01-07T01:00:00Z,622.944716445,623.384162479,622.844842346,623.102817143,51421
2026-01-07T10:00:00Z,622.635106738,622.635106738,620.687561812,621.316768634,143730
2026-01-07T11:00:00Z,621.296793815,621.516516832,620.717524042,620.977196698,71024
2026-01-07T12:00:00Z,620.957221879,621.6863028,620.81739814,621.6863028,61471
2026-01-07T13:00:00Z,621.6863028,622.035862146,621.386680503,621.66632798,152904
2026-01-07T14:00:00Z,621.66632798,622.315509622,621.406655323,622.205648114,480947
2026-01-07T14:30:00Z,622.205648114,622.335484442,621.566453881,622.295534803,224433
2026-01-07T15:30:00Z,622.255585163,624.362928648,621.776189489,624.043331532,9350924
2026-01-07T16:30:00Z,624.043331532,625.521468194,622.734980837,624.752437633,6880738
2026-01-07T17:30:00Z,624.752337759,627.009592266,624.622601305,626.864774823,5075735
2026-01-07T18:30:00Z,626.869768528,627.149416004,625.491505964,625.571405243,3874257
2026-01-07T19:30:00Z,625.591380063,626.749919609,624.652563534,624.857305437,4722814
2026-01-07T20:30:00Z,624.862299142,625.381544581,623.723734415,623.913495203,4782067
2026-01-07T21:00:00Z,623.923482613,623.963432253,622.834854936,623.234351331,6967930
2026-01-07T22:00:00Z,623.294275791,623.384162479,622.924741625,623.3042632,1898203
2026-01-07T23:00:00Z,623.3042632,623.394149889,623.214376512,623.244338741,89613
2026-01-08T00:00:00Z,623.31425061,623.603885497,622.905765546,623.004640904,55357
2026-01-08T01:00:00Z,622.964691265,623.464061759,622.645094148,623.464061759,48192
2026-01-08T10:00:00Z,623.234351331,623.234351331,621.366705684,621.796164309,71055
2026-01-08T11:00:00Z,621.796164309,621.906025817,621.186932306,621.856088768,55831
2026-01-08T12:00:00Z,621.856088768,622.215635524,621.117020437,621.816139128,84116
2026-01-08T13:00:00Z,621.816139128,622.015887326,621.316768634,621.786176899,97198
2026-01-08T14:00:00Z,621.786176899,622.993355131,621.536491652,622.565194869,442195
2026-01-08T14:30:00Z,622.565194869,622.834854936,621.965950277,622.235610343,201768
2026-01-08T15:30:00Z,622.245597753,622.635106738,617.022182386,620.088317219,14344421
2026-01-08T16:30:00Z,620.078329809,620.288065417,618.018925892,618.32054567,7741438
2026-01-08T17:30:00Z,618.300570851,619.638883774,617.341779502,618.590205737,5455052
2026-01-08T18:30:00Z,618.580218327,620.208166138,618.180721932,619.119538461,4948821
2026-01-08T19:30:00Z,619.119538461,619.539009676,617.621426979,618.36049531,4808152
2026-01-08T20:30:00Z,618.3505079,619.678833414,618.010935964,619.489072626,4943775
2026-01-08T21:00:00Z,619.509047446,620.068342399,619.279337019,619.688820824,5131550
2026-01-08T22:00:00Z,619.658858594,621.047108568,619.618908955,620.318027646,1811814
2026-01-08T23:00:00Z,620.318027646,620.887310009,620.198178728,620.587687713,140962
2026-01-09T00:00:00Z,620.587687713,620.687561812,619.430146908,619.519034856,99003
2026-01-09T01:00:00Z,619.509047446,619.958480891,619.299311839,619.319286658,58790
2026-01-09T10:00:00Z,619.678833414,620.947234469,619.439135577,620.86733519,65108
2026-01-09T11:00:00Z,620.86733519,621.246856765,620.777448501,621.067083387,54671
2026-01-09T12:00:00Z,621.067083387,621.926000637,620.85734778,621.316768634,60901
2026-01-09T13:00:00Z,621.316768634,621.556466471,620.657599582,621.456592373,83426
2026-01-09T14:00:00Z,621.456592373,622.814880116,620.966410296,622.774930477,888752
2026-01-09T14:30:00Z,622.774930477,623.234351331,620.298052827,620.567712893,574598
2026-01-09T15:30:00Z,620.627637353,624.108249696,618.280596031,623.953444843,13117314
2026-01-09T16:30:00Z,623.963432253,625.092009569,621.736239849,624.183854389,7400841
2026-01-09T17:30:00Z,624.18315527,625.671279342,623.743709235,625.366663341,4661341
2026-01-09T18:30:00Z,625.371657046,625.900989769,624.652563534,625.271782947,4092036
2026-01-09T19:30:00Z,625.261795537,626.67002033,625.251808127,626.460284723,3433653
2026-01-09T20:30:00Z,626.470272132,627.099478955,626.240561705,626.675014035,4068688
2026-01-09T21:00:00Z,626.67002033,626.799856658,625.8310779,625.86104013,6687947
2026-01-09T22:00:00Z,625.881014949,626.110725377,625.661291932,625.891002359,3971177
2026-01-09T23:00:00Z,625.894398079,626.050800917,625.80111567,625.910977179,455650
2026-01-10T00:00:00Z,625.910977179,626.210599476,625.86104013,626.030826098,52832
2026-01-10T01:00:00Z,626.030826098,626.259537784,625.960914229,626.080763147,19799
2026-01-12T10:00:00Z,625.86104013,625.86104013,619.469097807,620.377952106,172868
2026-01-12T11:00:00Z,620.367964696,620.897297419,620.098304629,620.577700303,110841
2026-01-12T12:00:00Z,620.557725483,621.176944896,620.537750664,620.767461091,103608
2026-01-12T13:00:00Z,620.767461091,621.856088768,620.697549222,621.6863028,259443
2026-01-12T14:00:00Z,621.6863028,621.906025817,621.107033027,621.456592373,721060
2026-01-12T14:30:00Z,621.456592373,621.71626503,620.887310009,621.596416111,421481
2026-01-12T15:30:00Z,621.526504242,625.970901638,621.476567192,625.691254162,11487119
2026-01-12T16:30:00Z,625.681266752,626.600108461,624.303004188,626.140687606,5517572
2026-01-12T17:30:00Z,626.145681311,626.919705577,625.691254162,626.65004551,2931638
2026-01-12T18:30:00Z,626.6400581,627.483994235,626.080763147,627.339176792,2578886
2026-01-12T19:30:00Z,627.339176792,627.628811678,626.65004551,627.46901312,2759064
2026-01-12T20:30:00Z,627.47900053,628.053276598,627.229315283,627.349164202,3560309
2026-01-12T21:00:00Z,627.349164202,627.46901312,626.380385443,626.380385443,4810924
2026-01-12T22:00:00Z,626.410347673,626.909718167,625.950926819,626.110725377,1550720
2026-01-12T23:00:00Z,626.110725377,626.419835712,626.110725377,626.419835712,151358
2026-01-13T00:00:00Z,626.419835712,626.419835712,625.04207252,625.072034749,107175
2026-01-13T01:00:00Z,625.072034749,625.111984389,624.520729724,624.632588714,144585
2026-01-13T10:00:00Z,626.380385443,626.380385443,625.151934028,625.571405243,83822
2026-01-13T11:00:00Z,625.571405243,625.631329702,624.652563534,624.752437633,55150
2026-01-13T12:00:00Z,624.752437633,625.271782947,624.612613895,625.241820717,66906
2026-01-13T13:00:00Z,625.241820717,625.731203801,625.04207252,625.161921438,176846
2026-01-13T14:00:00Z,625.161921438,628.717439355,624.98214806,626.959655217,1166287
2026-01-13T14:30:00Z,626.959655217,627.698723548,626.240561705,626.270523935,225609
2026-01-13T15:30:00Z,626.480259542,628.677489716,623.154452052,623.873545564,10596105
2026-01-13T16:30:00Z,623.833595924,625.86104013,623.094527593,625.399821541,5356611
2026-01-13T17:30:00Z,625.341694816,628.248031091,625.121971799,626.839706424,5847236
2026-01-13T18:30:00Z,626.839806298,627.119453775,624.073293761,624.632588714,4873254
2026-01-13T19:30:00Z,624.622601305,625.331707406,623.35420025,624.432840517,4008339
2026-01-13T20:30:00Z,624.422853107,624.902248781,623.444086939,623.499017693,3739137
2026-01-13T21:00:00Z,623.494023988,625.501493374,622.90976051,625.451556325,4796937
2026-01-13T22:00:00Z,625.391631865,625.85105272,625.111984389,625.211858488,3236257
2026-01-13T23:00:00Z,625.171908848,625.311732586,624.782399863,625.281770357,169110
2026-01-14T00:00:00Z,625.171908848,625.517772852,624.912236191,624.996629805,42738
2026-01-14T01:00:00Z,624.996629805,625.761166031,624.892261371,625.411606685,41036
2026-01-14T10:00:00Z,625.451556325,625.451556325,623.813621104,624.14320563,75727
2026-01-14T11:00:00Z,624.14320563,624.17316786,620.81739814,621.426630143,263661
2026-01-14T12:00:00Z,621.426630143,622.095786605,620.84736037,621.566453881,133411
2026-01-14T13:00:00Z,621.566453881,622.54522005,620.577700303,622.415383721,199066
2026-01-14T14:00:00Z,622.415383721,623.074552773,621.316768634,621.796164309,636720
2026-01-14T14:30:00Z,621.796164309,622.215635524,621.286806405,621.286806405,228591
2026-01-14T15:30:00Z,621.456592373,622.665068968,616.472874843,618.390457539,18953482
2026-01-14T16:30:00Z,618.37048272,618.879840624,614.974763361,617.53154029,12539017
2026-01-14T17:30:00Z,617.53154029,617.851137406,614.15579575,615.514083494,8957737
2026-01-14T18:30:00Z,615.494108674,615.883517785,614.085883881,615.598976478,5551660
2026-01-14T19:30:00Z,615.593982773,616.273126645,613.786261585,615.983491758,6665949
2026-01-14T20:30:00Z,615.983491758,617.901074455,614.745052933,617.152018714,6795536
2026-01-14T21:00:00Z,617.162006124,619.019664362,617.142031304,618.769979115,8402636
2026-01-14T22:00:00Z,618.819916164,619.379211118,616.922308287,618.220671572,2832527
2026-01-14T23:00:00Z,618.220671572,618.36049531,617.461628421,617.681351438,127807
2026-01-15T00:00:00Z,617.681351438,618.300570851,617.132043895,618.090835243,155978
2026-01-15T01:00:00Z,618.090835243,618.170734522,617.651389208,618.030910784,79195
2026-01-15T10:00:00Z,618.769979115,623.683784776,618.769979115,623.164439462,267305
2026-01-15T11:00:00Z,623.164439462,623.583910677,622.854829756,623.32423802,169587
2026-01-15T12:00:00Z,623.37417507,624.293016779,623.35420025,623.913495203,377309
2026-01-15T13:00:00Z,623.913495203,624.2131175,623.124489823,624.093268581,395373
2026-01-15T14:00:00Z,624.093268581,625.631329702,623.673797366,625.092009569,1371464
2026-01-15T14:30:00Z,625.092009569,626.460284723,625.04207252,625.940939409,643976
2026-01-15T15:30:00Z,625.81110308,626.480259542,623.823608514,624.352941238,12663003
2026-01-15T16:30:00Z,624.362928648,629.20682244,622.974678674,625.381644455,8667473
2026-01-15T17:30:00Z,625.351682226,626.190624656,624.722475403,624.812362092,4283347
2026-01-15T18:30:00Z,624.815657938,625.241820717,624.063306351,625.211958362,4077468
2026-01-15T19:30:00Z,625.201871078,625.531455604,622.685043788,622.874804576,4642936
2026-01-15T20:30:00Z,622.864817166,622.994653494,620.248115777,620.927259649,8308421
2026-01-15T21:00:00Z,620.937247059,621.107033027,619.968468301,620.997171518,6307717
2026-01-15T22:00:00Z,620.897297419,621.087058207,620.308040236,620.637624762,1327276
2026-01-15T23:00:00Z,620.637624762,621.316768634,620.547738074,621.047108568,179691
2026-01-16T00:00:00Z,621.047108568,621.703381271,620.597675123,621.456592373,186345
2026-01-16T01:00:00Z,621.456592373,621.975937686,621.256844175,621.955962867,66201
2026-01-16T10:00:00Z,620.997171518,624.18315527,620.997171518,623.553948447,117796
2026-01-16T11:00:00Z,623.553948447,624.672538354,623.434099529,624.462802747,98795
2026-01-16T12:00:00Z,624.462802747,624.902248781,623.813621104,623.943457433,123653
2026-01-16T13:00:00Z,623.943457433,624.362928648,623.294275791,623.873545564,180129
2026-01-16T14:00:00Z,623.873545564,624.023356712,623.184414282,623.733721825,546378
2026-01-16T14:30:00Z,623.733721825,624.97216065,623.673797366,624.532714616,445843
2026-01-16T15:30:00Z,624.712487994,625.291757767,619.878581612,619.968468301,16009204
2026-01-16T16:30:00Z,619.958480891,621.132001552,618.100822653,621.066983513,13122520
2026-01-16T17:30:00Z,621.077070797,621.916013227,620.342996171,620.657599582,5297501
2026-01-16T18:30:00Z,620.657599582,621.346730864,619.529022266,621.097045617,5034251
2026-01-16T19:30:00Z,621.097045617,621.776189489,619.97845571,620.203172433,5501440
2026-01-16T20:30:00Z,620.198178728,621.336743454,620.138254268,620.907284829,4909299
2026-01-16T21:00:00Z,620.897297419,621.176845022,620.188191318,620.477826204,6636051
2026-01-16T22:00:00Z,620.268090597,620.657599582,619.948493481,620.243721317,2477690
2026-01-16T23:00:00Z,620.243721317,620.497801024,619.918531251,620.218053673,474771
2026-01-17T00:00:00Z,620.218053673,620.617649943,619.938506071,620.597675123,40305
2026-01-17T01:00:00Z,620.597675123,620.967209289,620.218153548,620.344094786,42466
2026-01-20T10:00:00Z,620.477826204,620.477826204,606.285716765,607.254495523,533229
2026-01-20T11:00:00Z,607.254495523,608.932380383,606.615301291,608.193312052,214498
2026-01-20T12:00:00Z,608.163349822,609.451725697,608.133387593,608.852481104,232524
2026-01-20T13:00:00Z,608.852481104,610.810013441,608.602795857,610.180806618,410098
2026-01-20T14:00:00Z,610.180806618,610.600277833,608.313160971,609.012279662,1685231
2026-01-20T14:30:00Z,609.012279662,610.00103324,608.722644776,609.981058421,596881
2026-01-20T15:30:00Z,609.761335403,612.822476531,609.551599796,612.663676714,20346264
2026-01-20T16:30:00Z,612.657684268,614.265657259,611.539094362,613.676400076,11301283
2026-01-20T17:30:00Z,613.676400076,614.280638374,611.818741838,612.109075844,8295369
2026-01-20T18:30:00Z,612.108376725,612.108376725,609.841234682,609.921133961,7097357
2026-01-20T19:30:00Z,609.911146551,610.100907339,607.534143,607.813790477,8280158
2026-01-20T20:30:00Z,607.803803067,608.261226439,606.70518798,607.014797686,9296868
2026-01-20T21:00:00Z,607.034772506,607.364357032,606.285716765,607.294445163,9987767
2026-01-20T22:00:00Z,607.294445163,607.933639395,606.884961358,607.354369622,2955431
2026-01-20T23:00:00Z,607.354369622,607.434268901,607.134646605,607.374344442,437376
2026-01-21T00:00:00Z,607.374344442,608.083450543,606.415553093,606.57605077,168474
2026-01-21T01:00:00Z,606.57605077,608.3431232,606.57605077,608.203299462,149880
2026-01-21T10:00:00Z,607.294445163,609.731373174,607.134646605,607.144634015,184119
2026-01-21T11:00:00Z,607.144634015,608.532883988,606.984835457,607.713916378,85440
2026-01-21T12:00:00Z,607.713916378,607.853740116,604.99734089,605.147152039,223612
2026-01-21T13:00:00Z,605.147152039,606.205817486,604.737668234,606.115930797,295546
2026-01-21T14:00:00Z,606.115930797,607.024785096,605.0073283,606.085968567,1014500
2026-01-21T14:30:00Z,606.085968567,610.180806618,605.746396631,608.35311061,1697484
2026-01-21T15:30:00Z,608.702669956,613.306865911,607.098192559,613.131586867,14194105
2026-01-21T16:30:00Z,613.127092533,615.843568146,613.097130303,614.974763361,8162616
2026-01-21T17:30:00Z,614.974763361,615.02470041,607.454243721,608.982317433,12456555
2026-01-21T18:30:00Z,608.982317433,610.280780591,607.644004509,609.681436124,6943932
2026-01-21T19:30:00Z,609.691423534,614.99473818,608.932380383,614.305606899,6875840
2026-01-21T20:30:00Z,614.305606899,619.638883774,614.065909061,615.683969336,16671261
2026-01-21T21:00:00Z,615.683869462,616.412950383,614.735065523,615.504096084,7803220
2026-01-21T22:00:00Z,615.354284936,616.762509729,615.314335296,616.223189596,2482667
2026-01-21T23:00:00Z,616.223189596,616.602711171,615.923567299,616.552774122,293686
2026-01-22T00:00:00Z,616.552774122,617.701326258,616.552774122,617.271867633,388797
2026-01-22T01:00:00Z,617.361754322,617.956105084,617.122056485,617.419181929,64501
2026-01-22T10:00:00Z,615.504096084,621.276818995,615.504096084,620.85734778,182401
2026-01-22T11:00:00Z,620.85734778,620.987184108,620.198178728,620.707536632,142668
2026-01-22T12:00:00Z,620.647612172,621.256844175,620.118279449,620.258103187,218759
2026-01-22T13:00:00Z,620.258103187,620.767461091,619.928518661,620.667586992,190361
2026-01-22T14:00:00Z,620.667586992,621.833017851,620.357977286,621.756214669,886716
2026-01-22T14:30:00Z,621.749123608,621.816139128,621.007158928,621.306781224,471579
2026-01-22T15:30:00Z,621.566453881,621.67631539,617.002207566,618.32054567,12202322
2026-01-22T16:30:00Z,618.3505079,620.547638199,617.851137406,620.268090597,5770848
2026-01-22T17:30:00Z,620.228140957,620.887310009,619.768720103,620.397926925,4181203
2026-01-22T18:30:00Z,620.417901745,621.456592373,620.417901745,620.871829524,3267462
2026-01-22T19:30:00Z,620.86733519,621.246856765,620.118279449,621.127007847,2578545
2026-01-22T20:30:00Z,621.136995256,621.216894536,618.690079836,618.730029475,4497223
2026-01-22T21:00:00Z,618.700067246,620.04836758,618.130784883,619.97845571,5416125
2026-01-22T22:00:00Z,619.958480891,620.318027646,618.759991705,619.309299248,1685472
2026-01-22T23:00:00Z,619.309299248,619.618908955,618.879840624,619.028453283,382843
2026-01-23T00:00:00Z,618.959739903,619.204731067,618.110810063,618.891625767,102739
2026-01-23T01:00:00Z,618.891625767,619.798682333,618.470356819,619.768720103,77491
2026-01-23T10:00:00Z,619.97845571,621.256844175,617.311817272,617.781225537,161694
2026-01-23T11:00:00Z,617.731288487,618.100822653,617.591464749,618.070860423,65442
2026-01-23T12:00:00Z,618.070860423,620.108292039,618.000948554,618.819916164,267416
2026-01-23T13:00:00Z,618.879840624,619.519034856,618.390457539,619.409173347,152101
2026-01-23T14:00:00Z,619.409173347,619.588946725,617.801200357,618.060873013,558208
2026-01-23T14:30:00Z,618.060873013,619.019664362,617.711313668,618.859865804,364977
2026-01-23T15:30:00Z,618.949752493,622.675056378,617.871112226,622.265572573,11149163
2026-01-23T16:30:00Z,622.285547393,624.612514021,622.245497879,623.304363075,6540412
2026-01-23T17:30:00Z,623.3042632,624.17316786,622.595157099,623.474049168,4620277
2026-01-23T18:30:00Z,623.484036578,623.523986218,620.752479976,622.420377426,5209534
2026-01-23T19:30:00Z,622.435358541,622.954703855,621.496542012,622.250591458,3361807
2026-01-23T20:30:00Z,622.245597753,622.555207459,620.957122005,621.416642733,3955576
2026-01-23T21:00:00Z,621.406655323,622.47530818,621.077070797,621.935988047,5397084
2026-01-23T22:00:00Z,622.005899916,622.065824375,620.517775844,620.637624762,1633496
2026-01-23T23:00:00Z,620.637624762,621.007158928,620.447863975,620.597675123,156038
2026-01-24T00:00:00Z,620.597675123,620.919069973,620.577700303,620.738597476,26770
2026-01-24T01:00:00Z,620.738597476,620.967209289,620.717524042,620.80741073,25830
2026-01-26T10:00:00Z,620.887310009,622.055836965,618.540268688,619.279337019,209555
2026-01-26T11:00:00Z,619.249374789,620.617649943,619.17946292,620.068342399,87912
2026-01-26T12:00:00Z,620.068342399,620.557725483,619.838631972,620.537750664,52327
2026-01-26T13:00:00Z,620.527763254,621.536491652,620.467838795,620.997171518,92118
2026-01-26T14:00:00Z,620.997171518,621.746227259,620.248115777,621.65634057,615808
2026-01-26T14:30:00Z,621.65634057,622.555207459,621.596416111,622.51525782,219447
2026-01-26T15:30:00Z,622.425371131,625.667284378,621.336743454,624.692513174,8631999
2026-01-26T16:30:00Z,624.692513174,626.210599476,624.412865697,626.110725377,5035096
2026-01-26T17:30:00Z,626.130700196,626.819831478,625.701241572,626.300486164,3953545
2026-01-26T18:30:00Z,626.300486164,626.370398034,625.381644455,626.190624656,4206129
2026-01-26T19:30:00Z,626.190624656,626.759907019,625.671279342,626.030826098,2807465
2026-01-26T20:30:00Z,626.040813508,626.320460984,625.261795537,625.581392653,3090195
2026-01-26T21:00:00Z,625.591380063,625.930951999,624.612713769,624.672538354,5645297
2026-01-26T22:00:00Z,624.702500584,625.331707406,624.462802747,625.04207252,1103884
2026-01-26T23:00:00Z,625.04207252,625.171908848,624.712487994,624.812861463,62879
2026-01-27T00:00:00Z,624.812861463,625.920964589,624.632588714,625.751278495,78552
2026-01-27T01:00:00Z,625.751278495,626.080763147,625.461543735,626.030826098,76428
2026-01-27T10:00:00Z,624.672538354,628.387854829,624.672538354,627.928433975,105053
2026-01-27T11:00:00Z,627.928433975,628.717439355,627.898471745,628.677489716,116004
2026-01-27T12:00:00Z,628.667502306,629.556381785,628.3578926,629.306696538,134888
2026-01-27T13:00:00Z,629.306696538,629.306696538,628.32793037,628.647527486,135561
2026-01-27T14:00:00Z,628.647527486,628.927174963,628.138169582,628.29796814,459062
2026-01-27T14:30:00Z,628.29796814,628.737414175,628.078245123,628.128182172,225501
2026-01-27T15:30:00Z,628.118194763,630.275475297,626.550171411,629.526419556,9791887
2026-01-27T16:30:00Z,629.536406966,631.034518448,629.446520277,630.645009462,5043355
2026-01-27T17:30:00Z,630.664984282,630.86473248,629.716180343,630.505185724,4033968
2026-01-27T18:30:00Z,630.495198314,630.694946512,629.426545457,630.355374576,3219975
2026-01-27T19:30:00Z,630.355374576,630.82478284,630.275475297,630.725707734,3062181
2026-01-27T20:30:00Z,630.734896151,631.246950656,630.385336805,630.822485736,4027132
2026-01-27T21:00:00Z,630.809801725,630.924656939,630.125664148,630.335399756,5688578
2026-01-27T22:00:00Z,630.305437526,631.334140744,629.955878181,631.104430317,2604747
2026-01-27T23:00:00Z,631.104430317,631.404052613,631.104430317,631.364102974,128960
2026-01-28T00:00:00Z,631.334140744,632.033259436,631.254241465,631.803549008,93575
2026-01-28T01:00:00Z,631.803549008,633.490422537,631.803549008,633.481433868,138735
2026-01-28T10:00:00Z,630.335399756,635.578789943,630.335399756,635.468928434,114609
2026-01-28T11:00:00Z,635.468928434,636.327845684,635.209255777,636.307870864,95705
2026-01-28T12:00:00Z,636.307870864,636.487644242,635.548827713,636.267921225,121800
2026-01-28T13:00:00Z,636.267921225,636.307870864,635.01949499,635.379041745,218668
2026-01-28T14:00:00Z,635.379041745,635.938336699,634.719872693,635.189280958,616243
2026-01-28T14:30:00Z,635.189280958,635.299142466,634.230489609,634.450212627,393657
2026-01-28T15:30:00Z,634.659948234,635.79851296,633.561333147,633.890917673,11146641
2026-01-28T16:30:00Z,633.880930263,634.260451839,632.188064289,632.992050784,7011563
2026-01-28T17:30:00Z,632.988854813,632.988854813,631.014543628,631.63376304,4614967
2026-01-28T18:30:00Z,631.64375045,632.717397012,631.244254055,632.452730651,3288171
2026-01-28T19:30:00Z,632.47270547,633.29167308,631.384077793,631.553863761,4442137
2026-01-28T20:30:00Z,631.553863761,633.691169476,631.304178514,632.792202712,7629117
2026-01-28T21:00:00Z,632.792302586,633.121887112,631.793561598,632.422768421,6553255
2026-01-28T22:00:00Z,632.213032813,635.478915844,628.208081452,635.059444629,3497344
2026-01-28T23:00:00Z,635.059444629,635.918361879,634.699897874,635.468928434,378366
2026-01-29T00:00:00Z,635.458941024,635.618739582,632.422768421,632.712403307,387355
2026-01-29T01:00:00Z,632.712403307,632.822264816,631.074468087,632.422768421,188765
2026-01-29T10:00:00Z,632.422768421,635.219243187,632.422768421,633.751093935,112812
2026-01-29T11:00:00Z,633.711144295,634.340351118,633.181811572,633.271698261,74566
2026-01-29T12:00:00Z,633.271698261,633.641232426,632.902164095,633.431496819,135977
2026-01-29T13:00:00Z,633.511396098,633.980804362,632.48269288,632.962088554,224344
2026-01-29T14:00:00Z,632.962088554,633.581307967,632.342869142,633.35159754,495129
2026-01-29T14:30:00Z,633.34161013,633.401534589,631.62377563,631.753611959,371285
2026-01-29T15:30:00Z,631.853486058,632.872201865,621.916013227,622.335484442,18862359
2026-01-29T16:30:00Z,622.305522212,622.734980837,617.49159065,621.107033027,15283393
2026-01-29T17:30:00Z,621.097045617,625.141946618,620.687561812,624.832336912,11023898
2026-01-29T18:30:00Z,624.812362092,625.781140851,622.675056378,625.01211029,7539622
2026-01-29T19:30:00Z,625.01211029,626.280511345,624.382903467,625.791128261,5973798
2026-01-29T20:30:00Z,625.781140851,625.980889048,624.702500584,625.161921438,7132408
2026-01-29T21:00:00Z,625.161921438,629.18684762,624.99213547,628.637540076,7779485
2026-01-29T22:00:00Z,628.537665978,629.766117393,627.728685777,628.31794296,4652840
2026-01-29T23:00:00Z,628.31794296,629.246772079,628.128182172,628.887225323,221620
2026-01-30T00:00:00Z,628.887225323,629.106948341,625.960914229,628.118194763,251950
2026-01-30T01:00:00Z,628.118194763,628.457766699,626.470272132,627.01967955,118852
2026-01-30T10:00:00Z,623.284288381,624.2131175,620.457851385,621.556466471,181588
2026-01-30T11:00:00Z,621.556466471,623.793646285,621.556466471,623.194401692,167691
2026-01-30T12:00:00Z,623.234351331,626.060788327,623.204389102,625.791128261,266794
2026-01-30T13:00:00Z,625.791128261,626.600108461,624.572664255,625.161921438,195746
2026-01-30T14:00:00Z,625.161921438,626.210599476,623.713747006,624.701501843,670036
2026-01-30T14:30:00Z,624.662550944,625.231833307,624.253067139,624.962173241,264002
2026-01-30T15:30:00Z,624.922223601,627.465018156,623.863558154,623.953444843,12322489
2026-01-30T16:30:00Z,623.943457433,627.319201972,622.964691265,624.053318941,9710432
2026-01-30T17:30:00Z,624.063306351,625.511480784,621.346730864,623.653822546,6915218
2026-01-30T18:30:00Z,623.653822546,623.973419662,618.517797015,620.977196698,7963884
2026-01-30T19:30:00Z,620.967209289,623.613773033,619.279237145,622.035862146,6526378
2026-01-30T20:30:00Z,622.025874736,622.585169689,618.54056831,619.13951328,7059909
2026-01-30T21:00:00Z,619.129525871,622.355459262,619.009676952,621.087058207,9829010
2026-01-30T22:00:00Z,621.087058207,621.796164309,619.828644562,620.078329809,3244155
2026-01-30T23:00:00Z,620.078329809,620.437876565,619.718783054,619.748745283,170373
2026-01-31T00:00:00Z,619.748745283,620.178203908,619.217814574,619.217814574,93078
2026-01-31T01:00:00Z,619.217814574,619.469097807,619.019664362,619.459110397,70139
2026-02-02T10:00:00Z,621.087058207,621.087058207,613.406740009,615.793730971,307059
2026-02-02T11:00:00Z,615.793730971,616.223189596,614.305606899,614.675141064,155538
2026-02-02T12:00:00Z,614.675141064,616.66263563,614.505355096,615.773756151,138296
2026-02-02T13:00:00Z,615.773756151,617.621426979,615.713831692,616.68261045,280996
2026-02-02T14:00:00Z,616.68261045,617.831162586,615.88361766,617.591464749,811273
2026-02-02T14:30:00Z,617.591464749,618.220671572,617.401703961,618.160747112,335813
2026-02-02T15:30:00Z,617.921049275,626.809844068,617.881099636,625.691254162,12694875
2026-02-02T16:30:00Z,625.721216391,626.68000774,624.20313009,626.350423214,6965741
2026-02-02T17:30:00Z,626.350423214,627.10447266,624.99213547,626.899730757,5037367
2026-02-02T18:30:00Z,626.919705577,627.51895017,626.480259542,626.819831478,3118859
2026-02-02T19:30:00Z,626.819831478,627.698723548,626.70996997,627.059529315,2918913
2026-02-02T20:30:00Z,627.049541905,627.06452302,624.635085567,625.686260457,6511917
2026-02-02T21:00:00Z,625.681266752,625.771153441,624.872286552,625.351682226,6959291
2026-02-02T22:00:00Z,625.451556325,626.450297313,624.962173241,625.81110308,2320480
2026-02-02T23:00:00Z,625.81110308,626.590121051,625.791128261,626.490246952,161203
2026-02-03T00:00:00Z,626.480259542,628.32793037,625.791128261,627.658773908,172183
2026-02-03T01:00:00Z,627.658773908,628.577615617,626.929692987,627.746163745,130490
2026-02-03T10:00:00Z,625.351682226,629.306696538,625.351682226,628.34790519,103022
2026-02-03T11:00:00Z,628.34790519,628.877237913,627.828559876,628.158144402,79389
2026-02-03T12:00:00Z,628.158144402,628.248031091,627.558899809,627.828559876,81670
2026-02-03T13:00:00Z,627.828559876,628.967124602,627.279252333,628.607577847,159945
2026-02-03T14:00:00Z,628.607577847,629.12692316,628.158144402,628.268005911,410755
2026-02-03T14:30:00Z,628.268005911,628.487728928,627.259277513,627.339176792,206694
2026-02-03T15:30:00Z,627.50896276,629.18684762,616.303088875,618.140772292,19469658
2026-02-03T16:30:00Z,618.120797473,620.168216498,616.572748941,616.902333467,10704990
2026-02-03T17:30:00Z,616.922308287,617.821175176,614.595241785,614.944801131,8883341
2026-02-03T18:30:00Z,614.904851491,615.224448608,612.4878983,612.937331745,8543744
2026-02-03T19:30:00Z,612.897382105,613.586513387,610.190794028,612.068427085,9630853
2026-02-03T20:30:00Z,612.018490036,613.216879348,610.580303013,612.91236322,7651225
2026-02-03T21:00:00Z,612.917356925,615.993479168,612.887394696,615.743793921,9716207
2026-02-03T22:00:00Z,615.703844282,616.452900023,614.125833521,614.924826311,5099289
2026-02-03T23:00:00Z,614.924826311,615.074637459,614.125833521,614.22570762,187321
2026-02-04T00:00:00Z,614.22570762,615.494108674,613.676400076,615.144549328,215009
2026-02-04T01:00:00Z,615.224448608,615.334210242,613.982214567,614.065909061,90860
2026-02-04T10:00:00Z,615.743793921,615.8236932,613.616475617,614.735065523,162055
2026-02-04T11:00:00Z,614.735065523,616.343038514,614.555292146,615.83368061,127511
2026-02-04T12:00:00Z,615.893605069,616.602711171,615.574007953,616.412950383,106634
2026-02-04T13:00:00Z,616.412950383,616.842409008,614.605229195,614.974763361,185005
2026-02-04T14:00:00Z,614.974763361,615.05466264,613.276903681,613.636450437,660711
2026-02-04T14:30:00Z,613.596500797,614.375518768,612.827470236,614.025959422,262501
2026-02-04T15:30:00Z,614.245682439,614.325581718,607.52415559,610.949837179,17198989
2026-02-04T16:30:00Z,610.959824589,611.489157312,605.956132239,608.093437953,12035964
2026-02-04T17:30:00Z,608.143375003,608.243249101,601.901243828,602.240815764,10040412
2026-02-04T18:30:00Z,602.240815764,603.768889475,599.714001064,603.579128687,10270763
2026-02-04T19:30:00Z,603.549166458,604.15839846,600.952439889,604.068511772,8031068
2026-02-04T20:30:00Z,604.058524362,608.183324642,603.988612493,606.425540503,10086864
2026-02-04T21:00:00Z,606.415553093,607.364357032,604.448033347,604.987353481,7487371
2026-02-04T22:00:00Z,604.717693414,609.311901959,602.001117926,607.634017099,4480605
2026-02-04T23:00:00Z,607.634017099,607.983576445,605.726421812,606.278226207,442694
2026-02-05T00:00:00Z,606.305691585,607.853740116,606.006069288,606.425540503,221040
2026-02-05T01:00:00Z,606.425540503,608.233261692,605.726421812,607.55411782,123763
2026-02-05T10:00:00Z,604.987353481,607.324407392,604.547907446,605.816308501,161977
2026-02-05T11:00:00Z,605.816308501,607.284457753,605.586598073,605.906195189,119287
2026-02-05T12:00:00Z,605.906195189,606.625288701,604.817567513,605.706446992,153368
2026-02-05T13:00:00Z,605.706446992,606.405565683,597.996166565,599.983661131,1155988
2026-02-05T14:00:00Z,599.983661131,601.881269008,599.18466834,599.424366177,1451007
2026-02-05T14:30:00Z,599.414378767,601.102251037,598.38567555,599.334479488,615168
2026-02-05T15:30:00Z,599.454328407,604.048536952,594.17098858,594.840145042,22779016
2026-02-05T16:30:00Z,594.830157633,599.793900343,594.011190022,599.694026244,15673544
2026-02-05T17:30:00Z,599.694026244,601.74144527,598.316762422,601.102251037,8206250
2026-02-05T18:30:00Z,601.122225857,602.290752813,598.006153974,598.555461518,7665077
2026-02-05T19:30:00Z,598.515511878,601.102251037,596.837627018,599.314504669,7173707
2026-02-05T20:30:00Z,599.314504669,600.348201591,596.088571277,596.248369836,9342563
2026-02-05T21:00:00Z,596.228395016,597.137249315,594.540522746,596.278332065,8278366
2026-02-05T22:00:00Z,596.278332065,597.866330236,590.685382532,591.134815977,4397584
2026-02-05T23:00:00Z,591.134815977,591.214715256,589.546817806,590.355798006,1085721
2026-02-06T00:00:00Z,590.355798006,592.163519195,588.008756685,588.957560623,567817
2026-02-06T01:00:00Z,588.957560623,590.655420303,586.70040599,590.515596564,567478
2026-02-06T10:00:00Z,595.249628848,600.06356041,593.851391464,599.304517259,432012
2026-02-06T11:00:00Z,599.284542439,600.403132346,598.36570073,600.343207886,223360
2026-02-06T12:00:00Z,600.313245657,602.160916484,600.303258247,601.761420089,432441
2026-02-06T13:00:00Z,601.761420089,601.841319368,599.434353587,599.923736671,494396
2026-02-06T14:00:00Z,599.923736671,601.641571171,599.364441718,600.373170116,1113907
2026-02-06T14:30:00Z,600.373170116,600.812616151,598.795159355,599.094781651,487419
2026-02-06T15:30:00Z,599.434353587,604.847529742,598.016141384,602.889997406,20755794
2026-02-06T16:30:00Z,602.889997406,606.085968567,600.88252802,605.366875056,11547424
2026-02-06T17:30:00Z,605.356887646,607.024785096,604.697718594,606.914923587,7898221
2026-02-06T18:30:00Z,606.924910997,608.223274282,606.145893027,607.419287786,7238204
2026-02-06T19:30:00Z,607.414294081,607.903677165,606.845011718,607.803803067,4961790
2026-02-06T20:30:00Z,607.793815657,608.32314838,606.595326471,607.923651985,5697642
2026-02-06T21:00:00Z,607.923651985,610.640227473,607.693941558,608.882443334,11744824
2026-02-06T22:00:00Z,608.852481104,609.23200268,607.464231131,607.913664575,4276447
2026-02-06T23:00:00Z,607.913664575,608.38307284,607.903677165,608.073463133,317766
2026-02-07T00:00:00Z,608.073463133,608.462972119,608.033513494,608.38307284,358451
2026-02-07T01:00:00Z,608.38307284,608.832506284,608.35311061,608.772581825,39342
2026-02-09T10:00:00Z,608.882443334,609.831247272,607.154621424,607.424281491,198601
2026-02-09T11:00:00Z,607.424281491,607.54413041,604.567882266,606.435527913,224040
2026-02-09T12:00:00Z,606.435527913,607.014797686,605.816308501,606.545389422,125172
2026-02-09T13:00:00Z,606.545389422,607.853740116,605.736409222,607.833765296,186390
2026-02-09T14:00:00Z,607.813790477,609.142115991,607.202361244,607.301636098,658447
2026-02-09T14:30:00Z,607.301636098,607.624029689,606.305691585,606.68521316,297789
2026-02-09T15:30:00Z,606.775099849,611.469182493,604.308209609,609.756341698,16244088
2026-02-09T16:30:00Z,609.761335403,613.976022373,609.721385764,613.936072733,6968549
2026-02-09T17:30:00Z,613.926085323,615.414209395,613.556551158,614.615216605,5220663
2026-02-09T18:30:00Z,614.625204015,615.03468782,612.887394696,613.636450437,5638224
2026-02-09T19:30:00Z,613.626463027,615.583995363,613.33682814,615.479127559,5698648
2026-02-09T20:30:00Z,615.474133855,615.683869462,613.936072733,614.15579575,5109023
2026-02-09T21:00:00Z,614.14580834,614.844827158,613.436702239,613.546563748,7166997
2026-02-09T22:00:00Z,613.556551158,614.405480997,613.496626698,614.135820931,2138446
2026-02-09T23:00:00Z,614.135820931,614.265657259,613.956047553,614.265657259,881455
2026-02-10T00:00:00Z,614.265657259,614.884876672,613.37677778,613.716349716,132485
2026-02-10T01:00:00Z,613.716349716,614.065909061,612.957306565,613.556551158,84166
2026-02-10T10:00:00Z,613.546563748,615.224448608,613.476651879,614.235695029,85698
2026-02-10T11:00:00Z,614.235695029,614.465405457,613.796248995,614.025959422,67512
2026-02-10T12:00:00Z,613.966034963,614.475392867,613.526588928,614.435443227,46916
2026-02-10T13:00:00Z,614.425455817,615.663894642,613.636450437,613.666412666,231752
2026-02-10T14:00:00Z,613.666412666,614.478488964,612.55781017,614.455418047,586417
2026-02-10T14:30:00Z,614.455418047,615.03468782,614.335569128,614.485380276,294758
2026-02-10T15:30:00Z,614.530323621,616.243164415,611.628981051,615.154536738,15850554
2026-02-10T16:30:00Z,615.134561919,616.023441398,613.466664469,613.916097913,7026540
2026-02-10T17:30:00Z,613.876148274,614.755040343,612.837457646,614.315594308,5399639
2026-02-10T18:30:00Z,614.315594308,615.05466264,612.437961251,612.51786053,3924534
2026-02-10T19:30:00Z,612.50787312,613.256928861,612.028477446,612.707621318,5916490
2026-02-10T20:30:00Z,612.707621318,613.017231024,611.359320984,611.594025116,5268242
2026-02-10T21:00:00Z,611.589031411,611.938590757,610.240731077,610.700151932,6898403
2026-02-10T22:00:00Z,610.710139342,611.638968461,610.480428915,611.628981051,1913117
2026-02-10T23:00:00Z,611.628981051,611.628981051,611.129610557,611.299396525,270582
2026-02-11T00:00:00Z,611.299396525,612.348074562,611.299396525,611.996218112,116578
2026-02-11T01:00:00Z,612.008502626,612.52784794,611.838716658,612.457936071,41174
2026-02-11T10:00:00Z,610.700151932,612.228225644,610.480428915,610.500403734,92774
2026-02-11T11:00:00Z,610.430491865,610.480428915,609.132128581,610.430491865,111420
2026-02-11T12:00:00Z,610.430491865,611.569056591,610.430491865,610.670189702,95073
2026-02-11T13:00:00Z,610.670189702,612.208250824,610.590290423,611.479169903,177156
2026-02-11T14:00:00Z,611.479169903,616.402962973,611.249459475,616.243164415,1331498
2026-02-11T14:30:00Z,616.215699038,616.293101465,615.364272346,615.653907232,380124
2026-02-11T15:30:00Z,615.603970183,616.742534909,606.924910997,607.354369622,16127007
2026-02-11T16:30:00Z,607.384331852,612.158313774,607.184583654,610.190794028,10591948
2026-02-11T17:30:00Z,610.190794028,612.687646498,608.967336318,612.49788571,6118644
2026-02-11T18:30:00Z,612.50787312,613.33682814,610.390542226,612.203257119,5814077
2026-02-11T19:30:00Z,612.208250824,614.2057328,611.6789181,613.916097913,5326398
2026-02-11T20:30:00Z,613.926085323,614.105858701,612.318112332,612.378036792,4695497
2026-02-11T21:00:00Z,612.378036792,613.276903681,612.078414495,612.338087152,5009856
2026-02-11T22:00:00Z,612.238213053,612.917356925,612.008502626,612.253793413,2294923
2026-02-11T23:00:00Z,612.253793413,612.667671678,612.253793413,612.557710295,157929
2026-02-12T00:00:00Z,612.50787312,612.577385493,610.510391144,611.189535016,149828
2026-02-12T01:00:00Z,611.189535016,612.078414495,610.730114162,611.928603347,102314
2026-02-12T10:00:00Z,612.338087152,614.375518768,612.338087152,614.275644669,86639
2026-02-12T11:00:00Z,614.19574539,614.645178834,613.736324535,613.986009782,56343
2026-02-12T12:00:00Z,614.085883881,614.565279555,613.856173454,614.505355096,112173
2026-02-12T13:00:00Z,614.505355096,614.884876672,613.926085323,614.255669849,119518
2026-02-12T14:00:00Z,614.2057328,615.723819102,613.36679037,615.134561919,518216
2026-02-12T14:30:00Z,615.134561919,615.234436017,613.656425256,613.706362306,203167
2026-02-12T15:30:00Z,613.936072733,615.03468782,609.701410944,611.209509836,14362392
2026-02-12T16:30:00Z,611.209509836,611.70888033,601.042326578,601.182150316,15138119
2026-02-12T17:30:00Z,601.187144021,603.758902065,600.89251543,602.52046324,13785504
2026-02-12T18:30:00Z,602.450551371,604.15839846,600.782653921,601.751432679,8085150
2026-02-12T19:30:00Z,601.781394909,603.868763574,601.351936284,602.490501011,7059836
2026-02-12T20:30:00Z,602.440563961,604.201244449,600.652817593,600.827597265,7682839
2026-02-12T21:00:00Z,600.822603561,601.536703367,598.815034301,599.883787032,9980667
2026-02-12T22:00:00Z,599.843837392,601.66154599,599.354454308,601.212112546,3193337
2026-02-12T23:00:00Z,601.212112546,601.781394909,601.157681162,601.74144527,258792
2026-02-13T00:00:00Z,601.74144527,601.971155697,599.454328407,601.371911104,427996
2026-02-13T01:00:00Z,601.371911104,602.240815764,598.575436338,599.154706111,324334
2026-02-13T10:00:00Z,600.383157526,601.192137726,598.915008273,600.283283427,120160
2026-02-13T11:00:00Z,600.283283427,601.002376938,599.284542439,599.324492079,77759
2026-02-13T12:00:00Z,599.324492079,599.324492079,596.897551478,598.994907553,199195
2026-02-13T13:00:00Z,599.084794241,599.644089195,597.856342826,598.485549649,305650
2026-02-13T14:00:00Z,598.465574829,601.521722252,596.66784105,600.622755489,1962548
2026-02-13T14:30:00Z,600.622755489,601.521722252,599.004894962,599.604139555,547680
2026-02-13T15:30:00Z,599.674051424,602.720211438,595.669100062,602.190878714,18138935
2026-02-13T16:30:00Z,602.180891304,604.138423641,599.084794241,602.250803173,8808476
2026-02-13T17:30:00Z,602.220840944,605.077240169,601.242074776,604.597844495,7146996
2026-02-13T18:30:00Z,604.617819315,605.666497352,603.429317539,604.727680824,6474700
2026-02-13T19:30:00Z,604.747655643,605.716434402,603.700176095,603.998599902,5374257
2026-02-13T20:30:00Z,603.988612493,604.587857085,599.873799622,600.143359815,7784115
2026-02-13T21:00:00Z,600.133472279,601.242074776,599.334479488,601.162175496,8977741
2026-02-13T22:00:00Z,601.012364348,601.631683635,600.323233067,600.323233067,3099813
2026-02-13T23:00:00Z,600.323233067,600.602880543,600.323233067,600.602880543,181439
2026-02-14T00:00:00Z,600.602880543,600.722729462,600.143459689,600.223358968,54070
2026-02-14T01:00:00Z,600.223358968,600.293270837,599.644089195,599.893774442,36075
2026-02-17T10:00:00Z,601.162175496,601.162175496,597.157224135,598.315763681,118229
2026-02-17T11:00:00Z,598.315763681,598.565448928,596.028646818,596.398180984,91596
2026-02-17T12:00:00Z,596.547992132,597.237123414,595.599188193,596.74774033,116550
2026-02-17T13:00:00Z,596.74774033,597.846355416,595.699062292,595.918785309,221014
2026-02-17T14:00:00Z,595.918785309,598.645348207,594.320799729,596.546993391,893225
2026-02-17T14:30:00Z,596.547992132,597.926254695,596.547992132,597.666582038,253807
2026-02-17T15:30:00Z,597.621638694,601.441822973,592.942537165,594.450636057,16600729
2026-02-17T16:30:00Z,594.420673827,600.942452479,592.592977819,599.304517259,12605869
2026-02-17T17:30:00Z,599.274555029,600.732716872,597.896292466,599.953698901,7497947
2026-02-17T18:30:00Z,599.963686311,600.687773527,596.438130623,600.278289722,7310979
2026-02-17T19:30:00Z,600.303258247,602.820085537,599.843837392,601.911231237,6408656
2026-02-17T20:30:00Z,601.921218647,603.189619702,600.233346378,600.404730331,6874500
2026-02-17T21:00:00Z,600.413119755,600.942452479,599.494278047,600.542956084,7209704
2026-02-17T22:00:00Z,600.483031625,601.491760023,599.803887753,600.313245657,2279517
2026-02-17T23:00:00Z,600.373170116,600.542956084,600.190700137,600.243333788,163658
2026-02-18T00:00:00Z,600.243333788,600.542956084,598.745222306,598.865071224,206999
2026-02-18T01:00:00Z,598.949564712,599.916046366,598.944970503,599.334379614,161692
2026-02-18T10:00:00Z,600.542956084,604.547907446,600.542956084,603.818826525,138934
2026-02-18T11:00:00Z,603.818826525,604.507957806,603.758902065,604.098474001,76598
2026-02-18T12:00:00Z,604.098474001,604.18836069,603.279506391,603.449292359,101637
2026-02-18T13:00:00Z,603.449292359,605.03729053,602.170903894,603.239556752,328936
2026-02-18T14:00:00Z,603.239556752,604.028562132,601.561671892,601.801369729,476260
2026-02-18T14:30:00Z,601.801369729,602.270777993,601.222099956,601.301999235,246283
2026-02-18T15:30:00Z,601.351936284,607.703928968,599.963686311,607.304432573,17657976
2026-02-18T16:30:00Z,607.294445163,608.712657366,606.435527913,608.173337232,7524514
2026-02-18T17:30:00Z,608.173337232,609.003290993,607.324407392,608.093437953,6482977
2026-02-18T18:30:00Z,608.092539086,608.992304842,607.164608834,607.454243721,4832714
2026-02-18T19:30:00Z,607.464231131,607.753866017,605.496711384,605.751390336,6657834
2026-02-18T20:30:00Z,605.746396631,605.936157419,602.490501011,602.972393537,10396612
2026-02-18T21:00:00Z,602.969896685,605.911188894,602.860035176,605.02730312,7763036
2026-02-18T22:00:00Z,604.937416431,605.187101678,604.231905797,604.517945216,1154004
2026-02-18T23:00:00Z,604.517945216,604.931024489,604.23829774,604.917441611,169824
2026-02-19T00:00:00Z,604.917441611,605.83628332,604.637794135,605.138962362,130766
2026-02-19T01:00:00Z,605.227051318,605.286975777,604.018574722,604.647781545,119775
2026-02-19T10:00:00Z,605.02730312,605.396837286,602.52046324,603.429317539,131145
2026-02-19T11:00:00Z,603.429317539,603.688990196,601.901243828,602.490501011,126101
2026-02-19T12:00:00Z,602.490501011,603.239556752,602.140941665,603.129695243,86432
2026-02-19T13:00:00Z,603.129695243,603.549166458,601.591634121,602.939934455,136226
2026-02-19T14:00:00Z,602.939934455,603.169644882,601.132213267,602.54043806,492377
2026-02-19T14:30:00Z,602.56041288,602.98977163,601.911231237,602.100992025,219985
2026-02-19T15:30:00Z,602.051054976,604.857517152,600.333220476,602.640312159,13519310
2026-02-19T16:30:00Z,602.630324749,605.052271645,602.430576551,602.989871505,7629193
2026-02-19T17:30:00Z,602.999858914,604.108461411,601.2670433,602.670274388,6957199
2026-02-19T18:30:00Z,602.670274388,602.929947045,599.993648541,600.947446184,12319427
2026-02-19T19:30:00Z,600.932465069,602.390626912,600.403132346,601.431835563,5615693
2026-02-19T20:30:00Z,601.421848153,601.821344549,600.06356041,600.922477659,5819542
2026-02-19T21:00:00Z,600.912490249,602.800110717,600.792641331,602.710224028,5880875
2026-02-19T22:00:00Z,602.800110717,602.939934455,601.801369729,602.140941665,1714957
2026-02-19T23:00:00Z,602.140941665,602.250803173,601.851306778,602.091004615,467689
2026-02-20T00:00:00Z,602.071029796,603.309468621,601.851306778,603.069770784,152554
2026-02-20T01:00:00Z,603.089645729,603.868763574,602.650299569,603.589116097,178136
2026-02-20T10:00:00Z,602.710224028,605.84627073,602.710224028,604.737668234,112608
2026-02-20T11:00:00Z,604.737668234,604.947403841,603.878750984,603.908713213,47926
2026-02-20T12:00:00Z,603.908713213,603.908713213,601.74144527,602.180891304,143347
2026-02-20T13:00:00Z,602.150929075,602.640312159,601.242074776,602.170903894,198271
2026-02-20T14:00:00Z,602.170903894,602.999858914,599.564189916,600.682779822,875329
2026-02-20T14:30:00Z,600.682779822,601.012364348,598.944970503,599.384416538,382317
2026-02-20T15:30:00Z,599.364441718,608.213286872,598.475562239,605.586598073,16492580
2026-02-20T16:30:00Z,605.646522533,609.581562025,604.028562132,605.706446992,13602058
2026-02-20T17:30:00Z,605.706446992,609.351851598,603.319456031,604.477995577,10013005
2026-02-20T18:30:00Z,604.497970396,607.324407392,604.128436231,605.376862466,9528787
2026-02-20T19:30:00Z,605.406824695,609.132128581,604.507957806,607.506178252,9211883
2026-02-20T20:30:00Z,607.484205951,608.073463133,606.555376832,606.71517539,5631664
2026-02-20T21:00:00Z,606.7251628,608.133387593,606.635276111,608.043500904,5902867
2026-02-20T22:00:00Z,608.043500904,608.37308543,607.803803067,608.033513494,1831421
2026-02-20T23:00:00Z,608.033513494,608.113412773,607.693941558,607.923651985,96261
2026-02-21T00:00:00Z,607.923651985,608.163349822,607.793815657,608.163349822,42105
2026-02-21T01:00:00Z,608.163349822,608.203299462,607.853740116,607.983576445,27996
2026-02-23T10:00:00Z,606.795074669,606.795074669,604.1983481,605.83628332,172022
2026-02-23T11:00:00Z,605.83628332,606.385590864,605.02730312,605.566623254,121338
2026-02-23T12:00:00Z,605.566623254,605.966119649,604.078499181,604.597844495,116289
2026-02-23T13:00:00Z,604.597844495,604.897466792,603.509216818,603.978625083,266623
2026-02-23T14:00:00Z,603.978625083,605.187101678,603.589116097,604.747655643,492315
2026-02-23T14:30:00Z,604.747655643,605.88622037,604.697718594,605.796333681,214106
2026-02-23T15:30:00Z,605.841277025,607.244508113,602.465532486,603.219581932,13925941
2026-02-23T16:30:00Z,603.209594522,603.903719509,598.295788861,600.922477659,11961898
2026-02-23T17:30:00Z,600.90250284,601.192137726,599.674051424,600.083535229,7438219
2026-02-23T18:30:00Z,600.083535229,601.941293341,598.525499288,601.696501925,6698068
2026-02-23T19:30:00Z,601.70149563,601.921218647,599.284542439,599.414378767,6154501
2026-02-23T20:30:00Z,599.414378767,599.783912933,598.550467813,599.21463057,6292525
2026-02-23T21:00:00Z,599.21463057,600.777660216,599.16469352,600.652817593,7243729
2026-02-23T22:00:00Z,600.672792412,601.341948874,600.423107165,601.122225857,2590827
2026-02-23T23:00:00Z,601.122225857,601.341948874,601.000479331,601.232087366,130774
2026-02-24T00:00:00Z,601.232087366,601.991130517,600.742704282,601.122225857,155662
2026-02-24T01:00:00Z,601.182150316,601.931206057,600.84257838,601.781394909,97386
2026-02-24T10:00:00Z,600.652817593,602.660286978,600.652817593,602.630324749,143071
2026-02-24T11:00:00Z,602.630324749,603.069770784,602.190878714,602.55042547,59419
2026-02-24T12:00:00Z,602.55042547,602.810098127,601.781394909,602.300740223,83295
2026-02-24T13:00:00Z,602.300740223,603.908713213,601.411860743,601.941193467,392956
2026-02-24T14:00:00Z,601.941193467,603.698977606,601.880969386,603.3893679,506963
2026-02-24T14:30:00Z,603.3893679,603.3893679,601.292011825,601.301999235,251499
2026-02-24T15:30:00Z,601.641571171,606.67522575,598.974932733,606.615301291,16555236
2026-02-24T16:30:00Z,606.595326471,607.444256311,605.546648434,606.66523834,7737586
2026-02-24T17:30:00Z,606.65525093,608.143375003,605.586598073,607.773840837,6363104
2026-02-24T18:30:00Z,607.763853427,608.223274282,606.691704977,606.794775046,4534926
2026-02-24T19:30:00Z,606.795074669,607.54413041,606.046018928,606.395578274,4937170
2026-02-24T20:30:00Z,606.395578274,607.693941558,606.235779716,606.305691585,5423204
2026-02-24T21:00:00Z,606.305691585,608.053488314,606.205817486,607.104684375,5418510
2026-02-24T22:00:00Z,607.074722145,607.244508113,606.445615197,606.755125029,2438027
2026-02-24T23:00:00Z,606.755125029,606.934898407,606.73515021,606.805062079,102636
2026-02-25T00:00:00Z,606.805062079,607.54413041,606.235779716,607.384331852,134297
2026-02-25T01:00:00Z,607.384331852,608.113412773,606.825036898,608.033513494,126321
2026-02-25T10:00:00Z,607.104684375,608.542871398,607.104684375,608.403047659,71646
2026-02-25T11:00:00Z,608.423022479,608.712657366,608.043500904,608.223274282,69453
2026-02-25T12:00:00Z,608.223274282,609.481687927,608.093437953,609.411776057,115151
2026-02-25T13:00:00Z,609.411776057,610.02100806,609.002292252,609.781310223,279441
2026-02-25T14:00:00Z,609.781310223,610.440479275,609.471700517,610.070945109,436516
2026-02-25T14:30:00Z,610.070945109,610.730114162,609.591549435,610.290668127,457968
2026-02-25T15:30:00Z,610.300655537,615.114587099,610.230743668,614.485380276,15184767
2026-02-25T16:30:00Z,614.485380276,614.665153654,612.837457646,613.686387486,8010185
2026-02-25T17:30:00Z,613.686387486,614.685128474,613.536676212,614.19574539,4527593
2026-02-25T18:30:00Z,614.19574539,615.05466264,614.045934242,614.64018513,4113726
2026-02-25T19:30:00Z,614.645178834,615.579001658,614.525629538,615.40921569,3849594
2026-02-25T20:30:00Z,615.404221985,615.583995363,615.159530443,615.334310116,5566027
2026-02-25T21:00:00Z,615.334310116,616.053403628,614.974763361,615.903592479,9376268
2026-02-25T22:00:00Z,615.773756151,618.420419769,615.47403398,617.621426979,2736840
2026-02-25T23:00:00Z,617.621426979,617.621426979,614.874889262,615.064650049,673283
2026-02-26T00:00:00Z,615.064650049,616.472874843,613.107117713,614.065909061,807888
2026-02-26T01:00:00Z,614.065909061,614.625204015,613.776274175,614.075996345,150316
2026-02-26T10:00:00Z,615.903592479,616.223189596,614.964775951,615.733806511,104551
2026-02-26T11:00:00Z,615.733806511,615.893605069,614.974763361,615.194486378,66340
2026-02-26T12:00:00Z,615.194486378,615.474133855,614.924826311,615.314335296,88436
2026-02-26T13:00:00Z,615.314335296,615.993479168,615.244423427,615.544045724,118467
2026-02-26T14:00:00Z,615.544045724,616.582736351,615.274485531,615.83368061,523603
2026-02-26T14:30:00Z,615.83368061,616.163265136,614.665153654,614.725078114,374022
2026-02-26T15:30:00Z,614.814964802,614.814964802,603.788864295,604.937416431,28566398
2026-02-26T16:30:00Z,604.947403841,608.587814742,603.219581932,607.953614215,21024658
2026-02-26T17:30:00Z,607.95860792,608.203299462,605.406824695,605.756384041,9734643
2026-02-26T18:30:00Z,605.746396631,606.71517539,603.778876885,604.597844495,7299288
2026-02-26T19:30:00Z,604.607831905,608.592808447,604.308209609,607.683255029,10488250
2026-02-26T20:30:00Z,607.678960443,608.902418153,607.104684375,607.204558474,7389639
2026-02-26T21:00:00Z,607.199564769,608.572833627,607.164608834,608.472959529,6091472
2026-02-26T22:00:00Z,608.472959529,608.652732906,607.084709555,607.184583654,2836220
2026-02-26T23:00:00Z,607.184583654,607.254495523,605.237038728,606.485464963,1024855
2026-02-27T00:00:00Z,606.485464963,607.324407392,605.426799515,606.325666404,421987
2026-02-27T01:00:00Z,606.355628634,607.084709555,605.426799515,606.105943387,220403
2026-02-27T10:00:00Z,608.472959529,609.082191531,607.304432573,607.464231131,171946
2026-02-27T11:00:00Z,607.364357032,607.743878607,605.906195189,606.755125029,107333
2026-02-27T12:00:00Z,606.755125029,606.835024308,604.987353481,605.596585483,128709
2026-02-27T13:00:00Z,605.596585483,606.525414602,604.248285149,604.767630463,212635
2026-02-27T14:00:00Z,604.767630463,605.306950597,601.751432679,603.539878167,1038037
2026-02-27T14:30:00Z,603.659027966,603.688990196,601.791382319,602.110979435,379888
2026-02-27T15:30:00Z,602.220840944,606.635276111,601.431835563,606.016056698,17553095
2026-02-27T16:30:00Z,606.006069288,607.204558474,604.867504562,605.931163714,9797813
2026-02-27T17:30:00Z,605.941151124,607.55411782,604.278247379,605.551642139,8589543
2026-02-27T18:30:00Z,605.556635844,606.525414602,603.679002786,604.567882266,6401657
2026-02-27T19:30:00Z,604.557894856,605.716434402,603.938675443,604.438045937,4445780
2026-02-27T20:30:00Z,604.448033347,606.775099849,603.659027966,606.160874141,6646568
2026-02-27T21:00:00Z,606.145893027,607.264482933,604.812573808,606.525414602,10235500
2026-02-27T22:00:00Z,606.595326471,606.645263521,605.237038728,605.646622407,2331014
2026-02-27T23:00:00Z,605.646622407,606.133109142,605.267000957,605.496711384,121475
2026-02-28T00:00:00Z,605.496711384,605.496711384,604.477995577,604.663961149,123339
2026-02-28T01:00:00Z,604.663961149,605.107202399,604.378121478,604.617819315,37469
2026-03-02T10:00:00Z,596.198432786,598.36570073,595.968722359,597.786430957,326481
2026-03-02T11:00:00Z,597.746481318,599.094781651,597.746481318,598.325751091,238882
2026-03-02T12:00:00Z,598.325751091,600.163434508,597.956216925,599.124743881,288325
2026-03-02T13:00:00Z,599.124743881,599.544215096,597.297047873,597.736493908,285678
2026-03-02T14:00:00Z,597.736493908,600.393144936,596.937501117,597.57669535,1307960
2026-03-02T14:30:00Z,597.57669535,598.435612599,597.277073053,598.305776271,306574
2026-03-02T15:30:00Z,598.106028073,605.496711384,597.237123414,603.888738394,17582526
2026-03-02T16:30:00Z,603.868763574,606.505439782,602.959909275,603.559153868,11806536
2026-03-02T17:30:00Z,603.539179048,608.592808447,603.409342719,607.838759001,8928480
2026-03-02T18:30:00Z,607.823777886,608.562846218,607.084709555,607.634017099,5226075
2026-03-02T19:30:00Z,607.634017099,608.892430744,605.966119649,608.657726611,7628671
2026-03-02T20:30:00Z,608.657726611,609.1521034,605.496711384,605.946144829,11030401
2026-03-02T21:00:00Z,605.946144829,608.293186151,605.84627073,607.324407392,8594139
2026-03-02T22:00:00Z,607.314419983,607.454243721,606.165867846,606.7251628,1538355
2026-03-02T23:00:00Z,606.7251628,607.324407392,606.555376832,607.044759916,123157
2026-03-03T00:00:00Z,607.044759916,607.044759916,605.486723975,606.036031518,155656
2026-03-03T01:00:00Z,606.036031518,606.325666404,604.99734089,605.077240169,124027
2026-03-03T10:00:00Z,595.199691798,598.425625189,593.481857299,593.561756578,488409
2026-03-03T11:00:00Z,593.621681037,594.300824909,592.193481424,593.501832119,482393
2026-03-03T12:00:00Z,593.501832119,595.089830289,591.574262012,594.380724188,407410
2026-03-03T13:00:00Z,594.380724188,597.336997512,594.24090045,596.827639609,722335
2026-03-03T14:00:00Z,596.827639609,596.939398725,593.481857299,594.650384255,1669854
2026-03-03T14:30:00Z,594.640396845,595.748999342,593.711567726,595.329528127,517909
2026-03-03T15:30:00Z,595.579213374,598.635360797,591.124828567,591.284627125,23665912
2026-03-03T16:30:00Z,591.284627125,598.135990303,591.214715256,597.596670169,17489092
2026-03-03T17:30:00Z,597.586682759,600.143459689,596.238382426,599.634101785,12264919
2026-03-03T18:30:00Z,599.644089195,601.272037005,597.177198954,600.682779822,9156668
2026-03-03T19:30:00Z,600.682779822,602.735192553,600.283283427,600.972414709,9354808
2026-03-03T20:30:00Z,600.982402119,603.199607112,599.783912933,601.541697072,10459477
2026-03-03T21:00:00Z,601.541697072,602.160916484,599.963686311,600.822603561,6997881
2026-03-03T22:00:00Z,600.912490249,600.912490249,599.414378767,599.813875163,2750238
2026-03-03T23:00:00Z,599.813875163,600.143459689,599.624114375,599.793900343,395795
2026-03-04T00:00:00Z,599.793900343,600.912490249,598.895033454,599.584164735,189019
2026-03-04T01:00:00Z,599.584164735,601.941193467,599.044844602,600.692767232,236919
2026-03-04T10:00:00Z,600.822603561,601.321974055,597.816393187,601.032339168,274264
2026-03-04T11:00:00Z,601.032339168,603.649040557,600.493019035,603.129695243,429469
2026-03-04T12:00:00Z,603.149670063,604.328184428,602.140941665,602.190878714,310955
2026-03-04T13:00:00Z,602.190878714,603.119707833,600.203384148,602.091004615,383023
2026-03-04T14:00:00Z,602.091004615,605.092221284,601.991130517,604.268259969,1393896
2026-03-04T14:30:00Z,604.20833551,604.757643053,602.840060356,603.199607112,444919
2026-03-04T15:30:00Z,603.39935531,610.320630356,602.670274388,610.220756258,18512877
2026-03-04T16:30:00Z,610.210768848,610.680177112,607.773840837,609.401788647,14283861
2026-03-04T17:30:00Z,609.406782352,611.054704983,609.21202786,610.080932519,8171070
2026-03-04T18:30:00Z,610.080932519,611.279421705,609.421763467,611.011459498,5397629
2026-03-04T19:30:00Z,611.019749048,612.108376725,610.989786818,611.569056591,5005930
2026-03-04T20:30:00Z,611.569056591,611.853697773,609.891171732,610.560328194,5367318
2026-03-04T21:00:00Z,610.550340784,610.959824589,609.651473894,609.981058421,7631355
2026-03-04T22:00:00Z,609.791297633,610.82000085,609.18206563,610.210768848,2617063
2026-03-04T23:00:00Z,610.210768848,611.089660917,610.04098288,610.85995049,633936
2026-03-05T00:00:00Z,610.84996308,611.449207673,610.380554816,611.019749048,116580
2026-03-05T01:00:00Z,611.019749048,612.697633908,610.84996308,611.944982699,197256
2026-03-05T10:00:00Z,609.981058421,611.928603347,607.993563854,609.741360583,380549
2026-03-05T11:00:00Z,609.741360583,610.430491865,609.122141171,609.541612386,115197
2026-03-05T12:00:00Z,609.541612386,610.600277833,609.042241892,609.23200268,174073
2026-03-05T13:00:00Z,609.23200268,610.750088981,607.893689756,608.712657366,245351
2026-03-05T14:00:00Z,608.712657366,608.782569235,606.505439782,606.934898407,975001
2026-03-05T14:30:00Z,606.934898407,607.234520704,606.056006338,606.68521316,399530
2026-03-05T15:30:00Z,606.635276111,611.988527806,606.605313881,607.249501818,17717868
2026-03-05T16:30:00Z,607.254495523,609.311901959,605.306950597,606.185842666,14261553
2026-03-05T17:30:00Z,606.195830076,609.921133961,605.237038728,605.237038728,10350434
2026-03-05T18:30:00Z,605.247026137,605.596585483,601.70149563,601.981143107,12760122
2026-03-05T19:30:00Z,601.946187172,604.068511772,601.501747432,603.074764488,8715283
2026-03-05T20:30:00Z,603.059783374,606.835024308,601.971155697,605.87623296,11234904
2026-03-05T21:00:00Z,605.87623296,608.35311061,605.526673614,608.143375003,9799098
2026-03-05T22:00:00Z,608.133387593,608.223274282,607.014797686,607.264482933,2098682
2026-03-05T23:00:00Z,607.214545884,607.354369622,607.094696965,607.294445163,234155
2026-03-06T00:00:00Z,607.294445163,608.635354813,607.034772506,608.442997299,181861
2026-03-06T01:00:00Z,608.442997299,609.271952319,608.442997299,608.772581825,161169
2026-03-06T10:00:00Z,609.311901959,609.681436124,604.408083707,605.207076498,280639
2026-03-06T11:00:00Z,605.207076498,606.66523834,605.207076498,605.986094469,190813
2026-03-06T12:00:00Z,605.986094469,606.265741945,603.239556752,603.738927246,356002
2026-03-06T13:00:00Z,603.738927246,604.338171838,602.490501011,603.239556752,341195
2026-03-06T14:00:00Z,603.239556752,604.727680824,597.956216925,598.634262182,1849853
2026-03-06T14:30:00Z,598.634262182,599.604139555,597.829177071,599.544215096,544203
2026-03-06T15:30:00Z,599.554202506,603.039808554,597.786430957,602.870022586,19627873
2026-03-06T16:30:00Z,602.880009996,604.737668234,601.172162906,603.399255435,11849193
2026-03-06T17:30:00Z,603.409342719,605.237038728,602.160916484,602.640312159,8901991
2026-03-06T18:30:00Z,602.640312159,604.687731184,600.972414709,603.059783374,8594856
2026-03-06T19:30:00Z,603.059783374,603.768889475,601.911231237,602.770148487,8864991
2026-03-06T20:30:00Z,602.760161077,603.589116097,598.545474108,598.775184535,10780145
2026-03-06T21:00:00Z,598.775184535,600.113497459,597.57669535,598.994907553,11971171
2026-03-06T22:00:00Z,599.094781651,599.464315817,597.966204335,598.944970503,2064923
2026-03-06T23:00:00Z,598.944970503,599.394403948,598.645348207,598.798355326,201322
2026-03-07T00:00:00Z,598.798355326,599.054832012,598.745222306,598.865071224,41369
2026-03-07T01:00:00Z,598.865071224,598.924995683,598.006153974,598.046103614,53665
2026-03-09T09:00:00Z,589.766540823,591.114841157,588.35831603,590.575521024,332320
2026-03-09T10:00:00Z,590.595495843,594.989956191,589.946314201,593.082360904,401747
2026-03-09T11:00:00Z,593.082360904,593.471869889,591.354538994,592.073632506,316448
2026-03-09T12:00:00Z,592.073632506,593.252146872,591.554287192,592.263393293,249445
2026-03-09T13:00:00Z,592.263393293,594.151013761,591.544299782,592.173506604,1168927
2026-03-09T13:30:00Z,592.233431064,593.781479595,592.113582145,593.41194543,487252
2026-03-09T14:30:00Z,593.476863594,595.719037112,590.585508434,592.722814148,19832031
2026-03-09T15:30:00Z,592.692851918,598.725247486,592.622940049,598.565448928,10991906
2026-03-09T16:30:00Z,598.575436338,600.592893133,597.317022693,599.694026244,8043962
2026-03-09T17:30:00Z,599.694026244,601.092263627,597.626632399,597.776443547,8114804
2026-03-09T18:30:00Z,597.766456137,599.504265456,596.887564068,598.675310436,7898185
2026-03-09T19:30:00Z,598.675310436,606.185842666,598.475562239,606.016056698,14025564
2026-03-09T20:00:00Z,605.976107059,608.502921758,604.597844495,606.994822866,16344879
2026-03-09T21:00:00Z,606.984835457,607.763853427,604.967378661,606.155880436,4204778
2026-03-09T22:00:00Z,606.155880436,606.335653814,605.82629591,606.036031518,339943
2026-03-09T23:00:00Z,606.036031518,606.67522575,604.098474001,604.887479382,409882
2026-03-10T00:00:00Z,604.887479382,605.496711384,603.759001939,604.338171838,142324
2026-03-10T09:00:00Z,609.042241892,610.780051211,608.223274282,609.381813828,253752
2026-03-10T10:00:00Z,609.381813828,610.480428915,609.23200268,609.441738287,120193
2026-03-10T11:00:00Z,609.461713107,609.461713107,607.783828247,608.802544055,144773
2026-03-10T12:00:00Z,608.802544055,609.811272453,606.245767125,606.565364242,308050
2026-03-10T13:00:00Z,606.565364242,607.254495523,604.707706004,606.505439782,906035
2026-03-10T13:30:00Z,606.515427192,607.49419336,606.275729355,607.49419336,192980
2026-03-10T14:30:00Z,607.014797686,609.20204045,604.657768954,607.354369622,12362634
2026-03-10T15:30:00Z,607.334394802,611.628981051,607.324407392,610.700151932,9379511
2026-03-10T16:30:00Z,610.700151932,611.382292027,609.17207822,610.380554816,6173954
2026-03-10T17:30:00Z,610.430491865,612.51786053,610.100907339,612.39481564,5467893
2026-03-10T18:30:00Z,612.388024202,612.388024202,606.964860637,608.912405563,10362145
2026-03-10T19:30:00Z,608.882443334,609.861209502,606.934898407,606.964860637,7990237
2026-03-10T20:00:00Z,606.974848047,608.063475724,605.806321091,607.004810276,7646962
2026-03-10T21:00:00Z,606.894948768,608.163349822,606.894948768,607.534143,2652800
2026-03-10T22:00:00Z,607.534143,607.993563854,607.434268901,607.873714936,133252
2026-03-10T23:00:00Z,607.813790477,607.813790477,606.135905617,606.535402012,139752
2026-03-11T00:00:00Z,606.535402012,607.833765296,606.455502733,607.713916378,88766
2026-03-11T09:00:00Z,607.004810276,608.233261692,605.766371451,606.615301291,159419
2026-03-11T10:00:00Z,606.615301291,606.635276111,604.907454201,604.987353481,145041
2026-03-11T11:00:00Z,604.987353481,607.913664575,604.837542332,607.634017099,130556
2026-03-11T12:00:00Z,607.634017099,608.33313579,605.636535123,606.135905617,287250
2026-03-11T13:00:00Z,606.135905617,608.552858808,605.157139448,606.016056698,729841
2026-03-11T13:30:00Z,606.016056698,608.32314838,606.016056698,608.32314838,353529
2026-03-11T14:30:00Z,608.183324642,611.65894328,606.815049489,607.983576445,13795523
2026-03-11T15:30:00Z,607.983576445,609.490976218,605.724224581,605.776358861,8642457
2026-03-11T16:30:00Z,605.806321091,606.445515323,604.747655643,606.175855256,9304762
2026-03-11T17:30:00Z,606.165867846,607.943626805,606.115930797,607.51416818,5662150
2026-03-11T18:30:00Z,607.519161885,607.723903788,604.268259969,606.085968567,8917994
2026-03-11T19:30:00Z,606.085968567,606.775099849,605.257013547,605.766371451,5599186
2026-03-11T20:00:00Z,605.781352566,607.474218541,605.636535123,606.924910997,4779436
2026-03-11T21:00:00Z,606.964860637,607.104684375,605.936157419,606.056006338,642185
2026-03-11T22:00:00Z,606.056006338,606.475477553,605.936157419,606.305691585,340323
2026-03-11T23:00:00Z,606.285716765,606.285716765,602.951919347,603.669015376,376677
2026-03-12T00:00:00Z,603.669015376,603.818826525,600.923176778,602.210853534,484849
2026-03-12T09:00:00Z,604.17837328,604.99734089,602.740186258,604.348159248,182383
2026-03-12T10:00:00Z,604.348159248,605.466749155,602.929947045,605.396837286,140508
2026-03-12T11:00:00Z,605.376862466,605.606572893,604.428058527,604.637794135,117385
2026-03-12T12:00:00Z,604.637794135,605.606572893,603.738927246,603.968637673,193621
2026-03-12T13:00:00Z,603.968637673,604.058524362,602.610349929,603.36939308,621989
2026-03-12T13:30:00Z,603.37938049,603.858776164,601.381898514,602.031080156,439399
2026-03-12T14:30:00Z,602.001117926,603.37938049,598.135990303,598.135990303,16019485
2026-03-12T15:30:00Z,598.155965123,600.612867953,596.777702559,598.195914762,11549074
2026-03-12T16:30:00Z,598.195914762,600.982402119,597.207161184,598.715160202,11581821
2026-03-12T17:30:00Z,598.705272666,600.722729462,598.325751091,598.942773273,7012906
2026-03-12T18:30:00Z,598.954957913,599.943711491,597.366959742,598.595411157,5942770
2026-03-12T19:30:00Z,598.605298693,598.815134175,596.947488527,598.056091024,6757011
2026-03-12T20:00:00Z,598.066078434,598.725247486,596.298306885,596.508042492,8467387
2026-03-12T21:00:00Z,596.597929181,597.107287085,595.679087472,596.897551478,2450092
2026-03-12T22:00:00Z,596.897551478,597.017400396,596.684320277,596.7177781,194169
2026-03-12T23:00:00Z,596.7177781,597.646607219,596.248369836,597.247110824,235808
2026-03-13T00:00:00Z,597.287060463,597.966204335,595.899209986,595.958734949,158158
2026-03-13T09:00:00Z,594.370736778,596.038634228,593.042411264,595.788948981,294316
2026-03-13T10:00:00Z,595.788948981,597.247110824,595.748999342,596.358231344,193369
2026-03-13T11:00:00Z,596.358231344,598.415637779,596.098558687,598.305776271,222621
2026-03-13T12:00:00Z,598.285801451,599.444340997,597.966204335,599.394403948,388150
2026-03-13T13:00:00Z,599.394403948,601.142200677,598.645348207,599.813875163,1023833
2026-03-13T13:30:00Z,599.813875163,600.113497459,598.805146765,598.984920143,443314
2026-03-13T14:30:00Z,598.974932733,602.839960482,598.175939942,599.688732917,12690031
2026-03-13T15:30:00Z,599.704013654,600.963326166,594.520547926,594.730283534,10208867
2026-03-13T16:30:00Z,594.710308714,595.369477766,592.832675657,594.111064121,8319457
2026-03-13T17:30:00Z,594.101076711,595.169729568,592.652902279,594.23091304,6514606
2026-03-13T18:30:00Z,594.22092563,594.410686418,591.873884308,593.302083921,7001966
2026-03-13T19:30:00Z,593.297090216,594.750258354,592.235428546,592.433179261,6846325
2026-03-13T20:00:00Z,592.441868308,593.082360904,591.823947259,592.972499395,7186968
2026-03-13T21:00:00Z,592.942537165,593.002461625,591.455212086,591.554287192,1706451
2026-03-13T22:00:00Z,591.554287192,592.183494014,591.554287192,592.053657686,143015
2026-03-13T23:00:00Z,592.053657686,592.852650476,592.043670276,592.602965229,66479
2026-03-14T00:00:00Z,592.602965229,592.842663066,592.253405884,592.692851918,107821
2026-03-16T09:00:00Z,595.739011932,597.157224135,595.04988065,596.178457966,157912
2026-03-16T10:00:00Z,596.178457966,596.368218754,595.03989324,595.319540717,157285
2026-03-16T11:00:00Z,595.319540717,598.245851812,595.239641438,598.016141384,197565
2026-03-16T12:00:00Z,598.016141384,598.755209715,597.327010103,598.535486698,260163
2026-03-16T13:00:00Z,598.535486698,600.04358559,598.445600009,599.324492079,882383
2026-03-16T13:30:00Z,599.334479488,599.863113093,599.054832012,599.254580209,283628
2026-03-16T14:30:00Z,599.284542439,601.841319368,598.475562239,600.722729462,9768593
2026-03-16T15:30:00Z,600.732716872,601.192137726,598.37568814,600.712742052,7280100
2026-03-16T16:30:00Z,600.692767232,601.232087366,598.39566296,598.725247486,4882336
2026-03-16T17:30:00Z,598.705272666,600.88252802,598.35571332,600.233346378,4419889
2026-03-16T18:30:00Z,600.253321197,600.972414709,599.17468093,600.792641331,4598784
2026-03-16T19:30:00Z,600.782653921,603.099733013,599.314504669,599.933724081,8481457
2026-03-16T20:00:00Z,599.923736671,600.133472279,598.775184535,599.624114375,6064687
2026-03-16T21:00:00Z,599.574177326,599.953698901,599.024869782,599.254580209,1352111
2026-03-16T22:00:00Z,599.304517259,599.334479488,599.126641489,599.19465575,326571
2026-03-16T23:00:00Z,599.2445928,599.374429128,598.415637779,598.545474108,123964
2026-03-17T00:00:00Z,598.545474108,599.486288119,598.465574829,599.454328407,55464
2026-03-17T09:00:00Z,599.624114375,599.624114375,596.228395016,596.857601838,118892
2026-03-17T10:00:00Z,596.857601838,598.845096404,596.857601838,598.685297846,144778
2026-03-17T11:00:00Z,598.645348207,598.655335617,597.486808661,598.485549649,65724
2026-03-17T12:00:00Z,598.445600009,599.084794241,597.966204335,597.986179155,154065
2026-03-17T13:00:00Z,597.986179155,600.992389529,597.966204335,600.802628741,666613
2026-03-17T13:30:00Z,600.84257838,603.029821144,600.792641331,602.320715043,347355
2026-03-17T14:30:00Z,602.380639502,605.137164629,601.521722252,603.868763574,11411426
2026-03-17T15:30:00Z,603.868763574,604.557894856,602.600362519,602.620337339,7792139
2026-03-17T16:30:00Z,602.610349929,603.159657472,601.112238447,602.660286978,7485343
2026-03-17T17:30:00Z,602.670274388,603.284500096,602.110979435,602.810098127,3316217
2026-03-17T18:30:00Z,602.770148487,603.768889475,602.290752813,602.450551371,4153128
2026-03-17T19:30:00Z,602.440563961,602.949921865,601.926212352,602.55042547,4881123
2026-03-17T20:00:00Z,602.54043806,602.999858914,602.260790583,602.55042547,5561119
2026-03-17T21:00:00Z,602.630324749,603.039808554,602.460538781,602.969896685,858938
2026-03-17T22:00:00Z,602.969896685,602.969896685,602.680261798,602.740186258,191231
2026-03-17T23:00:00Z,602.740186258,602.899984816,602.160916484,602.487005417,90115
2026-03-18T00:00:00Z,602.487005417,602.880009996,602.310727633,602.420589141,51861
2026-03-18T09:00:00Z,606.70518798,606.874973948,605.257013547,606.585339061,137965
2026-03-18T10:00:00Z,606.585339061,607.014797686,606.265741945,606.545389422,64747
2026-03-18T11:00:00Z,606.545389422,607.194571064,606.305691585,606.335653814,84744
2026-03-18T12:00:00Z,606.335653814,606.66523834,604.837542332,605.147152039,238409
2026-03-18T13:00:00Z,605.147152039,605.227051318,599.344466898,599.568284754,1908687
2026-03-18T13:30:00Z,599.568284754,600.932465069,599.20464316,600.572918314,565950
2026-03-18T14:30:00Z,600.732716872,602.400614322,597.956216925,598.215889582,10766719
2026-03-18T15:30:00Z,598.205902172,600.792641331,598.086053253,599.773925523,7651638
2026-03-18T16:30:00Z,599.773925523,600.443081985,599.234705264,599.743963294,5195672
2026-03-18T17:30:00Z,599.723988474,599.913749261,597.54673312,598.395762834,4427196
2026-03-18T18:30:00Z,598.415637779,600.413119755,597.936242105,598.974932733,4859440
2026-03-18T19:30:00Z,598.964945323,599.16469352,595.469351865,595.768974161,7964971
2026-03-18T20:00:00Z,595.758986751,596.258357245,593.811441825,594.151013761,8499941
2026-03-18T21:00:00Z,594.051139662,595.169729568,591.993733227,593.012449034,3413291
2026-03-18T22:00:00Z,593.012449034,594.310812319,592.932549755,593.721555136,450855
2026-03-18T23:00:00Z,593.721555136,593.721555136,592.003720637,592.732801558,249574
2026-03-19T00:00:00Z,592.732801558,593.881353694,592.592977819,593.441907659,176004
2026-03-19T09:00:00Z,594.151013761,594.151013761,590.695369942,591.554287192,233385
2026-03-19T10:00:00Z,591.774010209,594.101076711,590.635445483,593.521806938,416985
2026-03-19T11:00:00Z,593.521806938,593.521806938,592.273380703,592.732801558,144747
2026-03-19T12:00:00Z,592.732801558,593.222184642,590.755294402,591.654161291,376922
2026-03-19T13:00:00Z,591.654161291,591.893859128,588.707875376,589.24719551,1276614
2026-03-19T13:30:00Z,589.24719551,590.655420303,588.258441932,588.558064228,545975
2026-03-19T14:30:00Z,588.767799835,591.624199061,586.340859235,588.767799835,16944358
2026-03-19T15:30:00Z,588.787774655,592.383242212,588.682906851,589.626717085,9367239
2026-03-19T16:30:00Z,589.616729675,591.054916698,588.058693734,589.816477873,8073366
2026-03-19T17:30:00Z,589.826465283,590.585508434,587.629235109,589.307119969,7527168
2026-03-19T18:30:00Z,589.297132559,591.014967058,588.39826567,589.776528233,6405546
2026-03-19T19:30:00Z,589.796503053,595.04988065,588.588026458,592.792726017,13465698
2026-03-19T20:00:00Z,592.782738607,593.205206045,591.544299782,592.273380703,7319453
2026-03-19T21:00:00Z,592.263393293,593.631668447,592.003720637,593.272121691,3130870
2026-03-19T22:00:00Z,593.272121691,593.891341104,593.252146872,593.751517366,299061
2026-03-19T23:00:00Z,593.751517366,594.20095081,592.972499395,593.761305027,145273
2026-03-20T00:00:00Z,593.761305027,594.260875269,593.052398674,593.36200838,128926
2026-03-20T09:00:00Z,593.122310543,593.451895069,592.033682866,592.103594735,141595
2026-03-20T10:00:00Z,592.103594735,592.692851918,588.488152359,588.997510263,309543
2026-03-20T11:00:00Z,588.997510263,589.19725846,586.320884415,588.41824049,375432
2026-03-20T12:00:00Z,588.41824049,589.896377152,588.228479702,589.307119969,386599
2026-03-20T13:00:00Z,589.337082199,590.655420303,588.877661344,590.515596564,868266
2026-03-20T13:30:00Z,590.585508434,591.294614535,589.660874027,590.335823187,327935
2026-03-20T14:30:00Z,590.315848367,590.425709875,584.498182112,585.207288213,17001401
2026-03-20T15:30:00Z,585.232256738,586.890166778,584.23351575,585.012533721,15812876
2026-03-20T16:30:00Z,585.04249595,587.199776484,584.802798113,586.006281004,6647763
2026-03-20T17:30:00Z,586.011274709,586.011274709,584.093692012,584.303427619,6963125
2026-03-20T18:30:00Z,584.313415029,584.478207292,581.377116524,582.136159675,8981298
2026-03-20T19:30:00Z,582.126172265,582.320926758,579.739181304,579.968891731,11200651
2026-03-20T20:00:00Z,579.968891731,581.397091344,577.811611197,581.327179475,16473880
2026-03-20T21:00:00Z,581.337166885,583.774094895,580.957645309,583.714170436,4737891
2026-03-20T22:00:00Z,583.714170436,587.659197339,582.855253186,585.561841264,2111557
2026-03-20T23:00:00Z,585.561841264,586.69041858,585.142370049,586.310897005,427941
2026-03-21T00:00:00Z,586.310897005,586.860204548,585.942161832,586.380808874,339310
2026-03-23T09:00:00Z,581.32718,581.32718,574.89,577.06,400480
2026-03-23T10:00:00Z,577.08,577.99,575.01,576.03,220256
2026-03-23T11:00:00Z,576.01,577.0,574.33,575.83,275942
2026-03-23T12:00:00Z,575.83,597.0,575.82,588.14,2691600
2026-03-23T13:00:00Z,588.14,593.6,587.01,593.35,3121401
2026-03-23T13:30:00Z,593.4,594.15,590.31,590.4,965830
2026-03-23T14:30:00Z,590.52,595.0799,589.001,593.865,18118485
2026-03-23T15:30:00Z,593.86,595.08,592.46,593.22,10108010
2026-03-23T16:30:00Z,593.24,593.7,585.96,586.21,16045816
2026-03-23T17:30:00Z,586.21,588.79,586.06,587.15,11164517
2026-03-23T18:30:00Z,587.14,590.34,587.12,589.33,7738347
2026-03-23T19:30:00Z,589.35,591.51,589.35,589.99,6911071
2026-03-23T20:00:00Z,589.98,590.945,588.0,588.0,8225510
2026-03-23T21:00:00Z,588.15,589.0,587.25,588.21,3668596
2026-03-23T22:00:00Z,588.21,588.76,588.17,588.72,125564
2026-03-23T23:00:00Z,588.72,590.3109,587.8,590.19,524035
2026-03-24T00:00:00Z,590.11,590.11,588.91,589.4835,114130
2026-03-24T09:00:00Z,588.0,590.4,587.41,587.77,230167
2026-03-24T10:00:00Z,587.77,589.0,586.01,588.81,141028
2026-03-24T11:00:00Z,588.81,589.06,587.56,588.4,99816
2026-03-24T12:00:00Z,588.4,588.85,585.86,587.94,307377
2026-03-24T13:00:00Z,587.94,588.22,585.09,585.37,847658
2026-03-24T13:30:00Z,585.37,585.78,583.68,584.82,357392
2026-03-24T14:30:00Z,584.81,586.28,581.93,583.63,11564878
2026-03-24T15:30:00Z,583.62,587.93,583.1,586.8674,9482393
2026-03-24T16:30:00Z,586.86,587.74,585.09,586.64,5316332
2026-03-24T17:30:00Z,586.63,586.79,582.7,583.51,5734584
2026-03-24T18:30:00Z,583.48,585.3,582.59,584.9495,6602127
2026-03-24T19:30:00Z,584.94,587.038,584.65,585.09,5405162
2026-03-24T20:00:00Z,585.08,585.45,583.25,583.98,4941547
2026-03-24T21:00:00Z,583.92,591.82,583.78,588.23,5974706
2026-03-24T22:00:00Z,588.23,589.24,587.56,588.7614,552308
2026-03-24T23:00:00Z,588.7614,589.68,587.9,588.9,337736
2026-03-25T00:00:00Z,588.9,589.29,588.36,588.67,168023
2026-03-25T09:00:00Z,583.98,591.6,583.98,589.4,367326
2026-03-25T10:00:00Z,589.4,590.35,588.76,589.68,223780
2026-03-25T11:00:00Z,589.79,590.51,589.1,589.62,154371
2026-03-25T12:00:00Z,589.62,591.3,589.42,590.69,325453
2026-03-25T13:00:00Z,590.69,591.74,587.8,589.66,1360783
2026-03-25T13:30:00Z,589.56,590.43,588.87,589.07,338013
2026-03-25T14:30:00Z,589.14,591.37,586.68,590.25,15116629
2026-03-25T15:30:00Z,590.26,591.2,585.69,588.99,11864553
2026-03-25T16:30:00Z,589.0,589.43,586.71,588.68,8074528
2026-03-25T17:30:00Z,588.65,589.57,587.85,589.095,4929955
2026-03-25T18:30:00Z,589.1,590.57,588.43,588.68,5623319
2026-03-25T19:30:00Z,588.66,588.9,586.26,587.26,6624562
2026-03-25T20:00:00Z,587.2599,588.12,586.58,587.82,4252787
2026-03-25T21:00:00Z,587.72,588.1751,587.2,587.56,1266370
2026-03-25T22:00:00Z,587.56,587.76,587.3,587.53,93288
2026-03-25T23:00:00Z,587.53,587.53,586.3,586.32,135141
2026-03-26T00:00:00Z,586.3,586.79,585.65,586.56,116013
2026-03-26T09:00:00Z,585.8,585.8,582.61,583.52,152281
2026-03-26T10:00:00Z,583.52,583.55,581.55,582.62,187266
2026-03-26T11:00:00Z,582.57,583.74,582.26,583.11,190422
2026-03-26T12:00:00Z,583.11,583.41,581.24,581.34,270572
2026-03-26T13:00:00Z,581.34,582.4,580.59,581.71,941413
2026-03-26T13:30:00Z,581.74,582.67,581.56,582.45,393165
2026-03-26T14:30:00Z,582.6,584.63,580.45,582.97,15615106
2026-03-26T15:30:00Z,582.96,584.2625,579.65,580.88,12866908
2026-03-26T16:30:00Z,580.87,581.91,578.9,579.04,7663535
2026-03-26T17:30:00Z,579.07,579.29,577.27,577.805,7800793
2026-03-26T18:30:00Z,577.78,578.23,575.17,575.235,8120742
2026-03-26T19:30:00Z,575.235,576.2599,574.61,575.1,9574317
2026-03-26T20:00:00Z,575.11,575.195,573.43,573.79,11666496
2026-03-26T21:00:00Z,573.7,579.8,573.14,574.6,5194927
2026-03-26T22:00:00Z,574.6,576.0,574.5373,575.37,507443
2026-03-26T23:00:00Z,575.37,576.19,574.81,575.5711,418784
2026-03-27T00:00:00Z,575.5711,576.2,575.09,575.79,135860
2026-03-27T09:00:00Z,573.79,576.56,573.6,573.91,337422
2026-03-27T10:00:00Z,573.91,574.6,572.16,572.76,241423
2026-03-27T11:00:00Z,572.84,573.47,570.27,570.65,303853
2026-03-27T12:00:00Z,570.65,571.599,569.72,571.01,342873
2026-03-27T13:00:00Z,571.01,571.0993,569.44,569.83,1098109
2026-03-27T13:30:00Z,569.83,571.02,568.88,570.37,551501
2026-03-27T14:30:00Z,570.81,571.02,566.15,566.53,17985308
2026-03-27T15:30:00Z,566.52,568.69,565.66,568.45,11111557
2026-03-27T16:30:00Z,568.46,569.71,566.47,566.67,10348038
2026-03-27T17:30:00Z,566.67,567.76,564.15,564.19,8000758
2026-03-27T18:30:00Z,564.17,564.915,562.92,563.75,9192385
2026-03-27T19:30:00Z,563.73,564.56,562.515,563.02,8753341
2026-03-27T20:00:00Z,563.04,563.475,561.57,562.58,10585338
2026-03-27T21:00:00Z,562.51,563.03,560.74,561.2,3728257
2026-03-27T22:00:00Z,561.2,562.15,561.1432,561.7,173469
2026-03-27T23:00:00Z,561.7,561.71,560.35,560.5,104023
2026-03-28T00:00:00Z,560.5,560.56,560.0,560.13,134011
2026-03-30T09:00:00Z,562.58,565.95,562.58,565.9,380119
2026-03-30T10:00:00Z,565.81,565.94,564.53,564.9384,139708
2026-03-30T11:00:00Z,564.9384,565.14,564.19,565.0,126445
2026-03-30T12:00:00Z,565.0,568.75,564.83,566.101,715044
2026-03-30T13:00:00Z,566.13,567.65,565.57,567.26,571017
2026-03-30T13:30:00Z,567.26,567.67,566.7,567.2,362417
2026-03-30T14:30:00Z,567.38,568.05,562.11,562.925,14772451
2026-03-30T15:30:00Z,562.88,565.54,561.37,563.0,10171698
2026-03-30T16:30:00Z,562.97,565.48,561.61,561.6625,8092771
2026-03-30T17:30:00Z,561.67,562.6298,559.65,559.7699,7510195
2026-03-30T18:30:00Z,559.77,561.14,558.71,558.74,7501396
2026-03-30T19:30:00Z,558.75,559.69,555.6,555.89,9100810
2026-03-30T20:00:00Z,555.89,558.98,555.62,558.28,8185618
2026-03-30T21:00:00Z,558.26,558.47,557.25,557.58,2639546
2026-03-30T22:00:00Z,557.58,557.84,557.42,557.57,196297
2026-03-30T23:00:00Z,557.57,558.5,557.4,557.4,138420
2026-03-31T00:00:00Z,557.4,557.4,555.49,556.03,233235
2026-03-31T09:00:00Z,558.28,564.45,558.28,562.5913,423163
2026-03-31T10:00:00Z,562.5913,563.5311,562.22,562.49,166676
2026-03-31T11:00:00Z,562.46,563.0805,560.88,561.99,187478
2026-03-31T12:00:00Z,561.93,564.65,561.47,563.79,710801
2026-03-31T13:00:00Z,563.79,565.58,562.61,564.02,1022441
2026-03-31T13:30:00Z,564.02,565.0,563.72,564.96,300822
2026-03-31T14:30:00Z,564.29,569.05,564.23,568.74,16367584
2026-03-31T15:30:00Z,568.74,569.21,564.21,566.9526,11492077
2026-03-31T16:30:00Z,566.94,568.76,565.61,568.34,6891304
2026-03-31T17:30:00Z,568.34,576.21,567.89,574.49,17729859
2026-03-31T18:30:00Z,574.51,576.09,573.114,575.04,9451243
2026-03-31T19:30:00Z,575.03,577.08,574.52,576.435,12748665
2026-03-31T20:00:00Z,576.45,578.64,576.16,577.18,13489430
2026-03-31T21:00:00Z,577.06,577.94,576.13,577.0,3926429
2026-03-31T22:00:00Z,577.0,577.19,576.74,576.88,492556
2026-03-31T23:00:00Z,576.84,578.66,576.42,578.3099,460762
2026-04-01T00:00:00Z,578.3099,580.3,577.95,580.19,273589
2026-04-01T09:00:00Z,577.18,581.95,577.18,581.07,634254
2026-04-01T10:00:00Z,581.06,581.52,579.49,580.99,224067
2026-04-01T11:00:00Z,581.03,582.71,580.59,582.43,230642
2026-04-01T12:00:00Z,582.43,584.3,582.326,583.9737,567145
2026-04-01T13:00:00Z,583.9737,585.19,580.56,580.84,1406102
2026-04-01T13:30:00Z,580.86,581.98,580.26,581.47,556748
2026-04-01T14:30:00Z,581.48,584.36,580.42,583.83,14149371
2026-04-01T15:30:00Z,583.84,586.22,582.52,585.31,11811348
2026-04-01T16:30:00Z,585.32,587.26,584.85,586.665,8085928
2026-04-01T17:30:00Z,586.68,587.739,586.27,587.34,5415012
2026-04-01T18:30:00Z,587.34,587.55,582.7,583.025,11949746
2026-04-01T19:30:00Z,583.03,585.3,582.3265,585.03,11098085
2026-04-01T20:00:00Z,585.01,585.51,583.7,584.31,10313462
2026-04-01T21:00:00Z,584.32,584.6,583.7,583.91,2540995
2026-04-01T22:00:00Z,583.91,584.11,583.82,583.94,624567
2026-04-01T23:00:00Z,583.94,584.31,583.28,583.6,107324
2026-04-02T00:00:00Z,583.6,584.29,583.32,583.87,76406
2026-04-02T09:00:00Z,584.31,584.31,575.4,575.7167,539586
2026-04-02T10:00:00Z,575.7485,576.28,575.34,575.6,148981
2026-04-02T11:00:00Z,575.6,575.8,574.3,575.06,167895
2026-04-02T12:00:00Z,575.06,575.36,572.02,572.03,599754
2026-04-02T13:00:00Z,572.03,573.78,571.66,573.02,567718
2026-04-02T13:30:00Z,573.02,574.21,572.63,574.21,410157
2026-04-02T14:30:00Z,573.97,582.0,571.92,578.23,15265034
2026-04-02T15:30:00Z,578.23,586.05,577.97,583.96,11286050
2026-04-02T16:30:00Z,583.99,584.7,580.97,581.6999,4668438
2026-04-02T17:30:00Z,581.67,583.96,581.27,583.5399,4429844
2026-04-02T18:30:00Z,583.52,583.66,581.14,582.18,3285129
2026-04-02T19:30:00Z,582.21,583.96,582.05,583.129,3581896
2026-04-02T20:00:00Z,583.12,585.09,582.91,584.98,4518000
2026-04-02T21:00:00Z,584.96,585.29,584.48,584.88,1274604
2026-04-02T22:00:00Z,584.88,584.9,584.56,584.6383,193846
2026-04-02T23:00:00Z,584.6383,584.8899,584.0104,584.6022,118189
2026-04-03T00:00:00Z,584.6022,584.85,584.26,584.8,79344
2026-04-06T09:00:00Z,586.95,589.25,585.0,588.68,350507
2026-04-06T10:00:00Z,588.68,589.35,587.79,587.89,117803
2026-04-06T11:00:00Z,587.89,588.42,586.42,587.41,156415
2026-04-06T12:00:00Z,587.41,587.41,586.6,587.17,177352
2026-04-06T13:00:00Z,587.17,587.92,586.71,587.22,278340
2026-04-06T13:30:00Z,587.22,587.3732,586.01,586.16,317428
2026-04-06T14:30:00Z,586.23,590.61,585.73,588.52,9690035
2026-04-06T15:30:00Z,588.51,589.13,586.08,586.54,5539610
2026-04-06T16:30:00Z,586.54,587.75,585.81,587.2745,3402162
2026-04-06T17:30:00Z,587.28,588.1,584.69,587.15,4308459
2026-04-06T18:30:00Z,587.16,588.495,585.7,587.98,3988212
2026-04-06T19:30:00Z,587.98,588.35,587.54,587.855,2303973
2026-04-06T20:00:00Z,587.85,588.83,587.64,588.5,3088759
2026-04-06T21:00:00Z,588.46,588.63,587.85,588.18,1330428
2026-04-06T22:00:00Z,588.18,588.58,588.0,588.17,124523
2026-04-06T23:00:00Z,588.17,588.97,587.05,587.1461,141461
2026-04-07T00:00:00Z,587.1461,587.81,587.01,587.04,95580
2026-04-07T09:00:00Z,588.5,589.0,585.52,588.54,287798
2026-04-07T10:00:00Z,588.46,589.9,588.29,589.19,137636
2026-04-07T11:00:00Z,589.19,589.24,584.21,584.6,361850
2026-04-07T12:00:00Z,584.6,585.95,584.0,584.79,443082
2026-04-07T13:00:00Z,584.79,586.46,582.97,584.91,837295
2026-04-07T13:30:00Z,584.91,586.27,584.54,586.27,375485
2026-04-07T14:30:00Z,585.64,587.06,579.69,582.4,9460298
2026-04-07T15:30:00Z,582.43,583.24,578.4001,581.39,6234020
2026-04-07T16:30:00Z,581.39,585.54,580.83,584.4,4804422
2026-04-07T17:30:00Z,584.38,585.62,583.9,584.32,3614368
2026-04-07T18:30:00Z,584.32,586.99,584.21,584.46,3493542
2026-04-07T19:30:00Z,584.4507,586.94,581.66,585.05,7268748
2026-04-07T20:00:00Z,584.96,588.98,584.42,588.59,5930061
2026-04-07T21:00:00Z,588.68,590.6,588.15,589.38,1751474
2026-04-07T22:00:00Z,589.38,590.99,589.16,590.99,818941
2026-04-07T23:00:00Z,590.99,601.94,588.7,601.68,2325444
2026-04-08T00:00:00Z,601.68,605.87,601.68,605.17,2004616
2026-04-08T09:00:00Z,607.26,609.3,605.59,609.2,721219
2026-04-08T10:00:00Z,609.2,609.82,608.4,608.77,253093
2026-04-08T11:00:00Z,608.77,609.48,608.45,608.82,215234
2026-04-08T12:00:00Z,608.82,609.5,608.22,608.89,570816
2026-04-08T13:00:00Z,608.8705,610.07,607.62,609.04,1170049
2026-04-08T13:30:00Z,609.04,609.57,608.34,609.29,600192
2026-04-08T14:30:00Z,608.71,609.9,604.86,605.15,17056338
2026-04-08T15:30:00Z,605.2,605.44,602.12,604.17,8146600
2026-04-08T16:30:00Z,604.21,606.7,604.0,606.2,5948945
2026-04-08T17:30:00Z,606.21,607.705,605.6601,605.895,4512557
2026-04-08T18:30:00Z,605.88,607.1,604.73,605.24,6416916
2026-04-08T19:30:00Z,605.24,605.66,602.55,602.93,6803904
2026-04-08T20:00:00Z,602.9,606.15,602.885,606.09,7188358
2026-04-08T21:00:00Z,606.0,606.36,604.82,604.9022,2970101
2026-04-08T22:00:00Z,604.8291,605.1151,604.52,605.05,263278
2026-04-08T23:00:00Z,605.05,605.48,604.28,604.7,319807
2026-04-09T00:00:00Z,604.7,605.2797,604.471,604.52,102426
2026-04-09T09:00:00Z,606.09,606.09,602.9,603.4,396987
2026-04-09T10:00:00Z,603.4,604.46,603.18,604.46,65364
2026-04-09T11:00:00Z,604.46,604.67,603.6039,603.67,120036
2026-04-09T12:00:00Z,603.61,604.91,603.48,604.82,255631
2026-04-09T13:00:00Z,604.82,605.5,604.41,604.6316,407956
2026-04-09T13:30:00Z,604.72,606.35,604.63,606.35,222617
2026-04-09T14:30:00Z,605.93,606.67,603.09,603.53,7371408
2026-04-09T15:30:00Z,603.525,606.51,603.03,605.37,4517395
2026-04-09T16:30:00Z,605.38,610.36,605.1509,609.19,6620377
2026-04-09T17:30:00Z,609.2,610.08,607.911,609.3701,3404073
2026-04-09T18:30:00Z,609.37,610.16,607.5,607.9237,4182622
2026-04-09T19:30:00Z,607.93,609.57,607.53,609.38,3287729
2026-04-09T20:00:00Z,609.37,610.5,609.35,610.19,4737897
2026-04-09T21:00:00Z,610.17,610.2,609.3,609.99,2075387
2026-04-09T22:00:00Z,609.99,610.1,609.1709,609.6,130575
2026-04-09T23:00:00Z,609.76,610.17,608.98,609.04,146275
2026-04-10T00:00:00Z,609.04,609.67,608.7216,609.4,73467
2026-04-10T09:00:00Z,610.19,610.19,609.06,609.22,747814
2026-04-10T10:00:00Z,609.22,610.73,609.14,610.41,191327
2026-04-10T11:00:00Z,610.41,611.0,609.97,610.78,83024
2026-04-10T12:00:00Z,610.71,611.42,610.5378,610.7,206751
2026-04-10T13:00:00Z,610.75,613.0,610.59,611.53,455264
2026-04-10T13:30:00Z,611.53,612.36,611.3,611.82,208627
2026-04-10T14:30:00Z,611.84,613.11,610.66,612.42,6798676
2026-04-10T15:30:00Z,612.43,613.67,611.5904,612.5999,4889992
2026-04-10T16:30:00Z,612.6,612.81,610.14,610.8599,5053034
2026-04-10T17:30:00Z,610.86,611.06,609.58,609.86,2450657
2026-04-10T18:30:00Z,609.85,610.985,609.61,610.645,2131722
2026-04-10T19:30:00Z,610.65,611.48,610.0,611.32,3368437
2026-04-10T20:00:00Z,611.31,611.31,610.46,611.07,5672445
2026-04-10T21:00:00Z,611.04,612.34,610.87,612.21,1617719
2026-04-10T22:00:00Z,612.21,612.21,611.67,611.84,98359
2026-04-10T23:00:00Z,611.84,611.84,611.1394,611.71,72377
2026-04-11T00:00:00Z,611.71,612.53,611.27,612.49,185315
2026-04-13T09:00:00Z,611.07,611.07,605.5,606.69,270971
2026-04-13T10:00:00Z,606.69,607.47,606.69,607.08,52721
2026-04-13T11:00:00Z,607.08,608.05,606.92,608.0323,80333
2026-04-13T12:00:00Z,608.0323,608.93,606.3,606.41,531236
2026-04-13T13:00:00Z,606.41,608.59,606.05,608.29,328938
2026-04-13T13:30:00Z,608.3,609.67,608.0658,609.61,246891
2026-04-13T14:30:00Z,609.48,612.25,608.11,611.37,7526663
2026-04-13T15:30:00Z,611.375,612.88,610.94,611.7999,3352788
2026-04-13T16:30:00Z,611.76,613.76,611.07,613.49,2920970
2026-04-13T17:30:00Z,613.5,614.83,612.57,614.6,5405669
2026-04-13T18:30:00Z,614.59,614.7901,613.81,613.89,2027694
2026-04-13T19:30:00Z,613.88,615.4,613.83,615.34,2436120
2026-04-13T20:00:00Z,615.33,626.74,615.1591,617.39,5768879
2026-04-13T21:00:00Z,617.34,618.47,617.18,618.4078,1835153
2026-04-13T22:00:00Z,618.4078,618.47,618.0,618.2,134372
2026-04-13T23:00:00Z,618.2,618.7,617.94,618.6023,126579
2026-04-14T00:00:00Z,618.6023,619.2,618.4,618.45,135614
2026-04-14T09:00:00Z,617.39,620.41,617.39,620.31,262251
2026-04-14T10:00:00Z,620.31,620.65,619.67,619.77,129166
2026-04-14T11:00:00Z,619.77,620.21,619.4,619.5033,97097
2026-04-14T12:00:00Z,619.5033,621.14,619.35,620.45,300136
2026-04-14T13:00:00Z,620.45,621.71,620.24,620.7187,493494
2026-04-14T13:30:00Z,620.7187,620.88,619.99,620.28,255959
2026-04-14T14:30:00Z,620.22,623.78,620.1,623.71,10424828
2026-04-14T15:30:00Z,623.77,624.77,622.76,624.46,6990590
2026-04-14T16:30:00Z,624.47,626.8094,624.45,626.7,6908808
2026-04-14T17:30:00Z,626.72,627.47,626.16,627.08,5023439
2026-04-14T18:30:00Z,627.08,627.7,625.68,626.26,6041327
2026-04-14T19:30:00Z,626.26,628.18,626.06,628.115,4713938
2026-04-14T20:00:00Z,628.1,628.6,627.36,628.6,6591000
2026-04-14T21:00:00Z,628.52,628.58,627.86,628.33,1735391
2026-04-14T22:00:00Z,628.33,628.55,628.05,628.2,285821
2026-04-14T23:00:00Z,628.2,628.8,628.0,628.46,179404
2026-04-15T00:00:00Z,628.46,629.3734,628.38,628.92,125853
2026-04-15T09:00:00Z,628.6,629.48,628.2,629.35,339410
2026-04-15T10:00:00Z,629.35,629.5,627.99,627.99,135177
2026-04-15T11:00:00Z,627.99,628.46,626.95,628.1306,225081
2026-04-15T12:00:00Z,628.1306,629.6,627.91,628.55,235717
2026-04-15T13:00:00Z,628.55,628.72,627.62,628.33,280312
2026-04-15T13:30:00Z,628.33,629.43,628.1,629.36,165736
2026-04-15T14:30:00Z,629.08,631.73,628.2,631.725,8774072
2026-04-15T15:30:00Z,631.73,633.4,631.13,633.175,5732626
2026-04-15T16:30:00Z,633.17,634.5701,632.56,633.705,5136840
2026-04-15T17:30:00Z,633.72,633.8,630.95,633.015,7818230
2026-04-15T18:30:00Z,633.0,634.69,632.68,634.4793,5231171
2026-04-15T19:30:00Z,634.49,636.66,634.485,636.63,5382416
2026-04-15T20:00:00Z,636.62,637.83,636.47,637.4,7789503
2026-04-15T21:00:00Z,637.38,637.51,636.58,637.2,2628027
2026-04-15T22:00:00Z,637.2,637.2,636.9,637.03,177412
2026-04-15T23:00:00Z,637.03,637.98,636.92,637.9,185684
2026-04-16T00:00:00Z,637.9,638.49,637.8399,638.36,148491
2026-04-16T09:00:00Z,637.4,640.0,637.4,639.3,393631
2026-04-16T10:00:00Z,639.3,639.66,639.16,639.52,81392
2026-04-16T11:00:00Z,639.52,639.83,637.45,638.4273,273199
2026-04-16T12:00:00Z,638.43,638.88,637.9,638.75,236605
2026-04-16T13:00:00Z,638.76,639.04,638.1,638.34,319242
2026-04-16T13:30:00Z,638.34,639.46,638.18,639.33,244055
2026-04-16T14:30:00Z,639.21,639.58,635.255,637.1,8604877
2026-04-16T15:30:00Z,637.1,640.75,637.04,639.65,6022023
2026-04-16T16:30:00Z,639.68,642.18,639.5,641.12,4898329
2026-04-16T17:30:00Z,641.13,641.22,639.019,640.13,3975802
2026-04-16T18:30:00Z,640.14,640.92,637.2,637.6001,4951292
2026-04-16T19:30:00Z,637.61,639.84,637.59,639.35,4941775
2026-04-16T20:00:00Z,639.35,640.89,639.2209,640.47,5478340
2026-04-16T21:00:00Z,640.42,640.5,639.27,639.92,2173121
2026-04-16T22:00:00Z,639.92,639.9596,639.31,639.57,251986
2026-04-16T23:00:00Z,639.58,640.4,639.48,640.14,162994
2026-04-17T00:00:00Z,640.14,640.41,640.01,640.24,41925
2026-04-17T09:00:00Z,640.47,641.4,639.94,641.38,161207
2026-04-17T10:00:00Z,641.38,641.88,641.11,641.8,88031
2026-04-17T11:00:00Z,641.8,642.03,641.06,641.65,74278
2026-04-17T12:00:00Z,641.65,642.61,641.48,642.5348,227701
2026-04-17T13:00:00Z,642.5348,646.83,642.41,646.8,1339373
2026-04-17T13:30:00Z,646.8,648.5,645.38,646.0,1675237
2026-04-17T14:30:00Z,645.59,647.53,644.07,646.63,10930593
2026-04-17T15:30:00Z,646.64,649.42,646.635,649.07,6893993
2026-04-17T16:30:00Z,649.08,649.9,647.86,649.35,9138737
2026-04-17T17:30:00Z,649.375,650.0,646.48,647.3799,5145684
2026-04-17T18:30:00Z,647.35,648.75,646.94,647.6524,5045225
2026-04-17T19:30:00Z,647.66,648.36,647.01,647.52,4344304
2026-04-17T20:00:00Z,647.52,648.85,647.5199,648.85,5723458
2026-04-17T21:00:00Z,648.74,649.12,648.44,649.06,2660777
2026-04-17T22:00:00Z,649.06,649.21,648.86,649.07,153331
2026-04-17T23:00:00Z,649.09,649.2,648.71,648.7421,59024
2026-04-18T00:00:00Z,648.7421,649.24,648.61,648.97,55404
2026-04-20T09:00:00Z,648.85,648.85,643.76,645.6,273619
2026-04-20T10:00:00Z,645.55,646.1,645.405,645.59,57490
2026-04-20T11:00:00Z,645.59,646.45,645.47,645.63,79991
2026-04-20T12:00:00Z,645.71,646.24,645.23,645.92,245566
2026-04-20T13:00:00Z,645.92,647.46,645.7301,646.91,363355
2026-04-20T13:30:00Z,646.91,648.4,646.64,648.3,343335
2026-04-20T14:30:00Z,648.04,648.76,646.08,646.405,6002563
2026-04-20T15:30:00Z,646.39,646.6594,642.52,645.65,12775753
2026-04-20T16:30:00Z,645.67,645.67,644.08,645.08,3385389
2026-04-20T17:30:00Z,645.11,646.09,644.75,645.61,2260422
2026-04-20T18:30:00Z,645.6,646.71,645.31,646.49,2283694
2026-04-20T19:30:00Z,646.5,646.81,645.935,646.3298,2766109
2026-04-20T20:00:00Z,646.31,646.95,645.92,646.79,3930394
2026-04-20T21:00:00Z,646.78,648.28,646.44,647.5,2345209
2026-04-20T22:00:00Z,647.5,647.5,646.97,647.32,130232
2026-04-20T23:00:00Z,647.32,648.43,647.15,648.2878,102749
2026-04-21T00:00:00Z,648.2878,648.3,647.89,647.9701,47474
2026-04-21T09:00:00Z,646.79,649.45,646.79,649.09,115763
2026-04-21T10:00:00Z,649.09,649.28,648.34,649.13,62394
2026-04-21T11:00:00Z,649.13,650.17,649.04,649.88,126119
2026-04-21T12:00:00Z,649.88,650.59,649.15,649.87,345406
2026-04-21T13:00:00Z,649.87,650.09,648.53,648.7294,396844
2026-04-21T13:30:00Z,648.73,648.83,648.19,648.37,143317
2026-04-21T14:30:00Z,648.41,650.2,646.0,649.1682,7319202
2026-04-21T15:30:00Z,649.16,649.58,644.88,646.31,6014801
2026-04-21T16:30:00Z,646.3,647.74,645.58,645.86,3289538
2026-04-21T17:30:00Z,645.85,646.85,643.365,644.1796,4243000
2026-04-21T18:30:00Z,644.18,647.42,644.12,645.22,3647475
2026-04-21T19:30:00Z,645.21,647.69,644.915,647.63,3562294
2026-04-21T20:00:00Z,647.66,647.83,642.21,644.33,7385640
2026-04-21T21:00:00Z,644.33,647.99,643.37,646.31,2702211
2026-04-21T22:00:00Z,646.31,646.6,646.19,646.6,151933
2026-04-21T23:00:00Z,646.6,647.06,646.46,646.68,182729
2026-04-22T00:00:00Z,646.68,647.55,646.55,647.49,88991
2026-04-22T09:00:00Z,644.33,649.42,644.33,648.74,325430
2026-04-22T10:00:00Z,648.74,649.67,648.41,648.86,124898
2026-04-22T11:00:00Z,648.86,649.39,648.375,648.9,83751
2026-04-22T12:00:00Z,648.82,649.14,648.36,649.05,117735
2026-04-22T13:00:00Z,649.05,650.6135,648.7,648.73,540088
2026-04-22T13:30:00Z,648.76,650.31,648.67,650.23,379594
2026-04-22T14:30:00Z,650.15,652.79,648.52,652.76,7288800
2026-04-22T15:30:00Z,652.75,653.23,651.61,652.78,5571262
2026-04-22T16:30:00Z,652.77,653.14,652.14,652.44,2869446
2026-04-22T17:30:00Z,652.41,654.25,652.03,653.71,3175868
2026-04-22T18:30:00Z,653.73,654.23,652.8895,653.05,3480922
2026-04-22T19:30:00Z,653.055,654.4291,652.53,654.14,3164486
2026-04-22T20:00:00Z,654.14,655.33,653.96,655.11,7383777
2026-04-22T21:00:00Z,655.02,656.34,654.8,655.7,2238982
2026-04-22T22:00:00Z,655.7,655.99,654.8,654.9,489414
2026-04-22T23:00:00Z,654.9,655.47,654.73,655.24,235083
2026-04-23T00:00:00Z,655.24,655.55,655.1,655.45,87073
2026-04-23T09:00:00Z,656.2,656.2,651.17,651.44,235034
2026-04-23T10:00:00Z,651.36,652.2,650.6,651.755,142079
2026-04-23T11:00:00Z,651.72,652.8,651.2,652.63,122482
2026-04-23T12:00:00Z,652.63,654.34,651.77,653.86,420982
2026-04-23T13:00:00Z,653.86,655.07,652.17,653.33,511120
2026-04-23T13:30:00Z,653.33,653.85,652.68,653.14,278679
2026-04-23T14:30:00Z,653.55,655.62,652.31,653.54,5891576
2026-04-23T15:30:00Z,653.545,656.78,653.2902,656.33,3583378
2026-04-23T16:30:00Z,656.32,656.92,654.12,655.31,2806697
2026-04-23T17:30:00Z,655.31,656.02,649.8,650.065,5977582
2026-04-23T18:30:00Z,650.11,651.97,645.52,651.675,9371282
2026-04-23T19:30:00Z,651.68,652.74,649.34,651.11,3426563
2026-04-23T20:00:00Z,651.11,651.8499,649.35,651.42,4507251
2026-04-23T21:00:00Z,651.39,652.88,651.04,651.69,2101219
2026-04-23T22:00:00Z,651.69,653.5,651.69,653.43,382471
2026-04-23T23:00:00Z,653.43,654.48,653.11,654.24,425321
2026-04-24T00:00:00Z,654.24,655.16,654.04,655.16,114362
2026-04-24T09:00:00Z,651.42,657.08,651.42,655.74,186760
2026-04-24T10:00:00Z,655.74,656.33,655.0,655.92,124964
2026-04-24T11:00:00Z,655.92,658.04,655.92,657.69,166256
2026-04-24T12:00:00Z,657.69,662.18,657.53,660.06,874814
2026-04-24T13:00:00Z,660.07,660.96,658.32,659.21,594216
2026-04-24T13:30:00Z,659.21,659.82,658.17,658.25,344895
2026-04-24T14:30:00Z,658.51,659.85,656.5301,658.2,8901533
2026-04-24T15:30:00Z,658.24,661.37,657.46,661.2,6227022
2026-04-24T16:30:00Z,661.23,663.435,660.77,663.0,5940106
2026-04-24T17:30:00Z,663.0,663.7399,662.225,662.62,2992242
2026-04-24T18:30:00Z,662.6,664.51,662.32,662.76,3403571
2026-04-24T19:30:00Z,662.78,664.38,662.7,663.63,5016257
2026-04-24T20:00:00Z,663.63,664.24,663.2,663.88,7847363
2026-04-24T21:00:00Z,663.99,664.13,663.19,663.99,2777408
2026-04-24T22:00:00Z,663.99,664.0,663.41,663.55,204528
2026-04-24T23:00:00Z,663.55,663.62,663.43,663.5,56806
2026-04-25T00:00:00Z,663.5,663.75,663.43,663.46,101189
2026-04-27T09:00:00Z,663.88,664.32,662.94,664.19,282733
2026-04-27T10:00:00Z,664.19,664.81,664.08,664.52,98606
2026-04-27T11:00:00Z,664.52,665.195,664.2,665.02,112167
2026-04-27T12:00:00Z,665.02,665.6,664.98,665.2,193548
2026-04-27T13:00:00Z,665.2,665.22,662.95,663.61,387130
2026-04-27T13:30:00Z,663.61,663.98,662.77,663.37,300999
2026-04-27T14:30:00Z,663.4,663.95,660.69,662.17,8531138
2026-04-27T15:30:00Z,662.17,663.28,660.94,661.805,4591009
2026-04-27T16:30:00Z,661.83,662.91,661.595,662.58,2856075
2026-04-27T17:30:00Z,662.58,663.66,662.58,663.47,2683965
2026-04-27T18:30:00Z,663.44,664.1225,663.44,663.86,4021779
2026-04-27T19:30:00Z,663.85,664.375,662.93,663.6901,3554902
2026-04-27T20:00:00Z,663.71,664.43,663.43,664.23,4166281
2026-04-27T21:00:00Z,664.24,664.27,663.46,663.7045,716345
2026-04-27T22:00:00Z,663.7045,663.99,663.7045,663.89,77953
2026-04-27T23:00:00Z,663.89,665.56,663.75,665.22,162416
2026-04-28T00:00:00Z,665.22,665.68,665.01,665.31,47155
2026-04-28T09:00:00Z,661.78,662.27,660.91,662.1,120172
2026-04-28T10:00:00Z,662.1005,662.19,659.75,660.45,93184
2026-04-28T11:00:00Z,660.41,660.82,659.3097,659.91,71621
2026-04-28T12:00:00Z,659.86,660.06,655.5,655.87,428950
2026-04-28T13:00:00Z,655.87,657.275,654.5,657.16,361420
2026-04-28T13:30:00Z,657.13,657.89,656.3795,657.26,259740
2026-04-28T14:30:00Z,657.455,659.64,655.275,657.6386,4711913
2026-04-28T15:30:00Z,657.6572,657.93,653.8609,654.685,3437485
2026-04-28T16:30:00Z,654.585,655.6789,653.81,655.255,2139057
2026-04-28T17:30:00Z,655.27,655.92,654.2501,655.58,1149126
2026-04-28T18:30:00Z,657.8099975585938,658.9639892578125,656.3800048828125,658.030029296875,3094495
2026-04-28T19:30:00Z,658.0299072265625,658.1500244140625,657.27001953125,657.5700073242188,3761298
2026-04-29T13:30:00Z,658.5800170898438,660.280029296875,656.5899047851562,660.0599975585938,6147273
2026-04-29T14:30:00Z,660.0700073242188,661.22998046875,658.9299926757812,660.239990234375,3804193
2026-04-29T15:30:00Z,660.2498779296875,660.739990234375,658.3800048828125,658.4600219726562,3499793
2026-04-29T16:30:00Z,658.4099731445312,659.1199951171875,657.2899780273438,658.706787109375,2577105
2026-04-29T17:30:00Z,658.7899780273438,659.75,657.3900146484375,658.6290893554688,2589973
2026-04-29T18:30:00Z,658.6300048828125,661.719970703125,657.75,661.0549926757812,4503409
2026-04-29T19:30:00Z,661.0499877929688,661.5999755859375,659.8599853515625,661.5999755859375,3680083
2026-04-30T13:30:00Z,665.3099975585938,665.31201171875,657.5599975585938,659.1298828125,12183330
2026-04-30T14:30:00Z,659.5,663.6400146484375,657.77001953125,663.375,5221667
2026-04-30T15:30:00Z,663.3900146484375,664.1900024414062,661.6400146484375,663.6500244140625,2780012
2026-04-30T16:30:00Z,663.6699829101562,664.7899780273438,662.030029296875,664.780029296875,3912044
2026-04-30T17:30:00Z,664.7750244140625,667.7100219726562,664.760009765625,667.1796264648438,4193157
2026-04-30T18:30:00Z,667.1699829101562,668.260009765625,666.6900024414062,667.8900146484375,4232738
2026-04-30T19:30:00Z,667.719970703125,668.75,667.4000244140625,667.5700073242188,5135043
2026-05-01T13:30:00Z,669.1599731445312,675.760009765625,668.7999877929688,674.864990234375,11736144
2026-05-01T14:30:00Z,674.9000244140625,674.9000244140625,672.010009765625,674.7000122070312,5947353
2026-05-01T15:30:00Z,674.7100219726562,675.969970703125,673.6300048828125,674.010009765625,5923565
2026-05-01T16:30:00Z,673.969970703125,675.2849731445312,673.3300170898438,675.239990234375,2609357
2026-05-01T17:30:00Z,675.25,675.52001953125,674.0700073242188,674.8701171875,2387010
2026-05-01T18:30:00Z,674.8370971679688,675.6400146484375,673.090087890625,675.5499877929688,3581744
2026-05-01T19:30:00Z,675.5504760742188,675.6599731445312,673.8400268554688,674.1599731445312,3780084
2026-05-04T13:30:00Z,674.6400146484375,676.0599975585938,673.5599975585938,675.030029296875,7095753
2026-05-04T14:30:00Z,675.030029296875,676.72998046875,671.3200073242188,672.7849731445312,6183611
2026-05-04T15:30:00Z,672.780029296875,672.969970703125,668.9000244140625,671.27001953125,5638528
2026-05-04T16:30:00Z,671.2849731445312,673.4500122070312,670.6699829101562,673.222412109375,3690852
2026-05-04T17:30:00Z,673.239990234375,673.7899169921875,671.719970703125,672.6500244140625,2462185
2026-05-04T18:30:00Z,672.6400146484375,673.0800170898438,671.3900146484375,672.8300170898438,3624361
2026-05-04T19:30:00Z,672.8350219726562,673.1950073242188,672.0700073242188,672.8800048828125,3082755
2026-05-05T13:30:00Z,677.9500122070312,681.4600219726562,677.510009765625,681.1199951171875,9677563
2026-05-05T14:30:00Z,681.1300048828125,681.6099853515625,680.030029296875,681.3400268554688,5598326
2026-05-05T15:30:00Z,681.4000244140625,681.9400024414062,680.4199829101562,681.0250244140625,3360488
2026-05-05T16:30:00Z,681.030029296875,681.760009765625,680.47998046875,681.7449951171875,3916546
2026-05-05T17:30:00Z,681.75,682.719970703125,681.52001953125,682.5399780273438,99380102
2026-05-05T18:30:00Z,682.530029296875,682.7733764648438,681.9550170898438,682.2750244140625,59598326
2026-05-05T19:30:00Z,682.260009765625,682.3499145507812,680.8682861328125,681.510009765625,3390819
2026-05-06T13:30:00Z,687.8099975585938,690.52001953125,686.47998046875,688.4199829101562,19762644
2026-05-06T14:30:00Z,688.4400024414062,692.4000244140625,688.4400024414062,692.2899780273438,80300783
2026-05-06T15:30:00Z,692.2899780273438,692.8499755859375,691.1500244140625,692.1900024414062,110302873
2026-05-06T16:30:00Z,692.2249755859375,692.6282958984375,690.7435302734375,692.4199829101562,2481010
2026-05-06T17:30:00Z,692.4099731445312,693.760009765625,692.3699951171875,693.6400146484375,49550345
2026-05-06T18:30:00Z,693.739990234375,695.2122802734375,693.4199829101562,695.0501098632812,28882530
2026-05-06T19:30:00Z,695.0499877929688,695.9299926757812,694.4199829101562,695.5900268554688,6268238
2026-05-07T13:30:00Z,696.22998046875,700.0800170898438,695.5399780273438,699.52001953125,16457655
2026-05-07T14:30:00Z,699.5399780273438,701.22998046875,698.3499755859375,699.0499877929688,4372529
2026-05-07T15:30:00Z,699.157470703125,700.0999755859375,693.7899780273438,696.3150024414062,5499518
2026-05-07T16:30:00Z,696.3099975585938,697.1599731445312,691.780029296875,693.0750122070312,5346537
2026-05-07T17:30:00Z,693.0900268554688,695.780029296875,692.6489868164062,694.2000122070312,30327235
2026-05-07T18:30:00Z,694.2000122070312,695.0800170898438,692.4849853515625,693.1500244140625,4942354
2026-05-07T19:30:00Z,693.1900024414062,695.5499877929688,693.0800170898438,694.9199829101562,6056343
2026-05-08T13:30:00Z,699.9199829101562,706.7791137695312,699.530029296875,705.469970703125,21126156
2026-05-08T14:30:00Z,705.47998046875,707.27001953125,704.5700073242188,707.1901245117188,58884395
2026-05-08T15:30:00Z,707.22998046875,708.6799926757812,706.510009765625,708.614990234375,99691691
2026-05-08T16:30:00Z,708.614990234375,710.4600219726562,707.510009765625,710.2000122070312,4831962
2026-05-08T17:30:00Z,710.2100219726562,710.4998779296875,708.97998046875,709.7476196289062,3840069
2026-05-08T18:30:00Z,709.72998046875,710.1900024414062,708.5460205078125,709.125,4305647
2026-05-08T19:30:00Z,709.1400146484375,711.1300048828125,708.989990234375,711.1099853515625,7425589
2026-05-11T13:30:00Z,710.3599853515625,713.5,709.6099853515625,709.8300170898438,24209871
2026-05-11T14:30:00Z,709.8599853515625,713.3099975585938,708.9099731445312,713.27001953125,68627757
2026-05-11T15:30:00Z,713.280029296875,714.5900268554688,712.7750244140625,714.1900024414062,3275624
2026-05-11T16:30:00Z,714.1900024414062,714.5,711.9110107421875,713.5499877929688,3127820
2026-05-11T17:30:00Z,713.8200073242188,714.4600219726562,713.510009765625,714.3690795898438,25911673
2026-05-11T18:30:00Z,714.35009765625,714.35009765625,711.9299926757812,712.1630859375,4300657
2026-05-11T19:30:00Z,712.1400146484375,713.3900146484375,711.8699951171875,713.3499755859375,3559564
2026-05-12T13:30:00Z,708.1749877929688,710.1799926757812,704.9400024414062,705.0401000976562,9752964
2026-05-12T14:30:00Z,705.0499877929688,706.010009765625,699.47998046875,699.93359375,8128800
2026-05-12T15:30:00Z,699.97998046875,701.6209106445312,698.3800048828125,699.0549926757812,5474988
2026-05-12T16:30:00Z,699.0399780273438,701.2899780273438,696.6599731445312,700.2349853515625,5697721
2026-05-12T17:30:00Z,700.25,703.02001953125,699.9600219726562,702.75,3932217
2026-05-12T18:30:00Z,702.75,704.5,701.6900024414062,704.0791015625,3967409
2026-05-12T19:30:00Z,704.0800170898438,707.5499877929688,704.0800170898438,707.2000122070312,5429606
2026-05-13T13:30:00Z,709.8200073242188,709.9500122070312,704.8300170898438,708.7899780273438,20570574
2026-05-13T14:30:00Z,708.780029296875,711.530029296875,708.3599853515625,710.5700073242188,4917682
2026-05-13T15:30:00Z,710.5599975585938,713.77001953125,709.9500122070312,713.60009765625,4027543
2026-05-13T16:30:00Z,713.5900268554688,715.02001953125,713.030029296875,714.8049926757812,3463812
2026-05-13T17:30:00Z,714.7899780273438,716.6500244140625,713.6749877929688,716.280029296875,3466860
2026-05-13T18:30:00Z,716.2750244140625,716.4149780273438,714.27001953125,715.6799926757812,4279344
2026-05-13T19:30:00Z,715.6900024414062,716.0499877929688,713.8599853515625,714.47998046875,5126093
2026-05-14T13:30:00Z,714.6199951171875,719.6900024414062,714.219970703125,718.1900024414062,8915657
2026-05-14T14:30:00Z,718.1699829101562,721.8099975585938,717.8800048828125,721.375,5244807
2026-05-14T15:30:00Z,721.4099731445312,722.030029296875,720.4199829101562,720.6799926757812,3189857
2026-05-14T16:30:00Z,720.739990234375,721.3599853515625,717.5599975585938,718.7899780273438,4228518
2026-05-14T17:30:00Z,718.8099975585938,721.3300170898438,718.5700073242188,719.4299926757812,3643345
2026-05-14T18:30:00Z,719.469970703125,720.9000244140625,719.0,720.02001953125,2324130
2026-05-14T19:30:00Z,720.02001953125,720.9000244140625,719.5599975585938,719.7150268554688,3100181
2026-05-15T13:30:00Z,710.10498046875,712.6599731445312,705.5499877929688,710.4349975585938,14735801
2026-05-15T14:30:00Z,710.4600219726562,712.0999755859375,709.239990234375,711.4201049804688,5014213
2026-05-15T15:30:00Z,711.4500122070312,712.5800170898438,708.5399780273438,711.3900146484375,6394329
2026-05-15T16:30:00Z,711.4299926757812,713.72998046875,710.1500244140625,713.469970703125,3758325
2026-05-15T17:30:00Z,713.4500122070312,715.119873046875,712.469970703125,712.6599731445312,5731783
2026-05-15T18:30:00Z,712.6599731445312,713.2000122070312,710.239990234375,710.4000244140625,4495491
2026-05-15T19:30:00Z,710.3900146484375,711.5800170898438,708.3800048828125,708.8800048828125,5566289
2026-05-18T13:30:00Z,711.5399780273438,712.0700073242188,706.52001953125,707.1005859375,11755565
2026-05-18T14:30:00Z,707.1099853515625,707.5999755859375,702.2960815429688,702.3400268554688,7959088
2026-05-18T15:30:00Z,702.385009765625,705.1599731445312,700.0,700.4400024414062,7091464
2026-05-18T16:30:00Z,700.4500122070312,704.4550170898438,699.619873046875,703.60302734375,5385422
2026-05-18T17:30:00Z,703.6199951171875,704.0800170898438,699.3400268554688,700.760009765625,4402811
2026-05-18T18:30:00Z,700.77001953125,705.0399780273438,698.8699951171875,701.4674072265625,6321550
2026-05-18T19:30:00Z,701.489990234375,706.1599731445312,701.27001953125,705.7000122070312,4663746
2026-05-19T13:30:00Z,699.8099975585938,705.1300048828125,695.27001953125,696.4299926757812,13532625
2026-05-19T14:30:00Z,696.4400024414062,700.02001953125,695.5800170898438,697.9000244140625,6421364
2026-05-19T15:30:00Z,697.8499755859375,701.5599975585938,697.5701293945312,701.2449951171875,4850305
2026-05-19T16:30:00Z,701.1900024414062,706.489990234375,701.0599975585938,705.4450073242188,5498292
2026-05-19T17:30:00Z,705.4400024414062,706.3300170898438,703.655029296875,704.010009765625,4112335
2026-05-19T18:30:00Z,703.9901123046875,704.89501953125,701.6199951171875,702.8699951171875,4200388
2026-05-19T19:30:00Z,702.8900146484375,703.530029296875,700.2000122070312,701.530029296875,5573213
2026-05-20T13:30:00Z,705.3200073242188,709.155029296875,703.7899780273438,708.6099853515625,9991595
2026-05-20T14:30:00Z,708.5999755859375,713.0999755859375,707.7899780273438,710.6300048828125,4998097
2026-05-20T15:30:00Z,710.6298828125,712.219970703125,708.6099853515625,709.27001953125,3872373
2026-05-20T16:30:00Z,709.3200073242188,710.9500122070312,708.9500122070312,710.6799926757812,3172379
2026-05-20T17:30:00Z,710.7100219726562,711.4400024414062,710.177978515625,710.9500122070312,3190323
2026-05-20T18:30:00Z,710.9500122070312,712.02001953125,710.5599975585938,711.8099975585938,2838804
2026-05-20T19:30:00Z,711.8099975585938,713.1099853515625,711.489990234375,713.0700073242188,4915014
2026-05-21T13:30:00Z,709.0,711.8900146484375,706.77001953125,708.2650146484375,9583624
2026-05-21T14:30:00Z,708.3099975585938,710.010009765625,706.8499755859375,709.3599853515625,4812887
2026-05-21T15:30:00Z,709.4500122070312,711.239990234375,707.989990234375,709.7100219726562,3327735
2026-05-21T16:30:00Z,709.739990234375,715.2100219726562,708.77001953125,713.6699829101562,4186070
2026-05-21T17:30:00Z,713.7449951171875,717.1195068359375,713.594970703125,714.8250122070312,4873589
2026-05-21T18:30:00Z,714.8300170898438,715.0599975585938,710.9099731445312,714.0449829101562,4231752
2026-05-21T19:30:00Z,714.02001953125,714.9000244140625,713.4099731445312,714.4400024414062,3241006
2026-05-22T13:30:00Z,718.0599975585938,721.3300170898438,715.969970703125,717.719970703125,8447007
