datetime,open,high,low,close,volume
2013-01-02T00:00:00Z,59.74038385516788,60.18801146531216,59.51657005009574,60.16114807128906,70695900
2013-01-03T00:00:00Z,60.16111994959317,60.28645507542654,59.66873390674842,59.847782135009766,47366500
2013-01-04T00:00:00Z,59.87462388683125,59.87462388683125,59.50757306054493,59.65081024169922,33972500
2013-01-07T00:00:00Z,59.498653920684454,59.76723318637177,59.31065116680512,59.66875457763672,26766200
2013-01-08T00:00:00Z,59.659778308938925,59.82092444340298,59.2390074672688,59.552345275878906,28734900
2013-01-09T00:00:00Z,59.641878435346506,59.937307334301245,59.57921087129524,59.776161193847656,25600300
2013-01-10T00:00:00Z,60.18798583457276,60.22379001751263,59.57921227080937,60.1342658996582,37528000
2013-01-11T00:00:00Z,60.107425939556194,60.241715568533714,59.98209077391165,60.21485900878906,21158600
2013-01-14T00:00:00Z,59.91046278418604,60.11637443889081,59.6866490348456,59.94627380371094,36768500
2013-01-15T00:00:00Z,59.65081024169922,59.74034116395235,59.38223796569102,59.65081024169922,31675300
2013-01-16T00:00:00Z,59.73141668761919,60.09846769814528,59.62398362514008,59.89256286621094,33822300
2013-01-17T00:00:00Z,60.13428495731624,60.41181868994856,60.03580634739099,60.17905044555664,32024200
2013-01-18T00:00:00Z,59.99998854513671,60.10742160662511,59.776174789726205,60.04475402832031,31992000
2013-01-22T00:00:00Z,60.10740416933608,60.1879806496404,59.74035326867707,60.14321517944336,32123100
2013-01-23T00:00:00Z,60.48339354863149,60.68930509477765,60.39386946214402,60.510250091552734,31975700
2013-01-24T00:00:00Z,59.677703857421875,60.232757607255294,59.58817288980009,59.677703857421875,42596300
2013-01-25T00:00:00Z,59.865671222577305,60.15215239103592,59.74928376553954,59.982051849365234,39240100
2013-01-28T00:00:00Z,59.99102458818946,60.32226448469895,59.91940256668669,60.11635971069336,32926100
2013-01-29T00:00:00Z,60.04474394442256,60.25960320106219,59.650829615372736,60.12532043457031,35554700
2013-01-30T00:00:00Z,60.23274911505542,60.41180419480019,59.86569815452121,59.99998092651367,34445000
2013-01-31T00:00:00Z,59.973118345470674,60.2954106263715,59.81197220502026,59.865692138671875,34870500
2013-02-01T00:00:00Z,60.28645654052944,60.68037084857996,60.04474074347715,60.57294464111328,53120800
2013-02-04T00:00:00Z,60.223801230035,60.393901866804555,59.4986468610762,59.51655578613281,48483700
2013-02-05T00:00:00Z,59.7762038911801,60.581935168970986,59.63296656971566,60.3939323425293,35120300
2013-02-06T00:00:00Z,60.196929931640625,60.47446356002628,60.017881706441855,60.196929931640625,43593200
2013-02-07T00:00:00Z,60.26855822021013,60.31332369629027,59.588162599257515,60.25065612792969,46017900
2013-02-08T00:00:00Z,60.555032251898,60.99370517785408,60.54607779170448,60.868370056152344,39837200
2013-02-11T00:00:00Z,60.904212676819185,60.9310692410868,60.68039886758186,60.88631057739258,17650400
2013-02-12T00:00:00Z,60.80570243509286,60.922089926737705,60.572941112306886,60.6356086730957,22057900
2013-02-13T00:00:00Z,60.81464904662522,61.08322817548734,60.67140502316517,60.850460052490234,23494700
2013-02-14T00:00:00Z,60.5729512059646,60.92210007857633,60.53714018951045,60.83256912231445,24478800
2013-02-15T00:00:00Z,60.82360781501374,60.97579947803462,60.483406650318294,60.653507232666016,25333600
2013-02-19T00:00:00Z,60.76989749250859,61.11009871097587,60.75199540060362,61.09218978881836,23436500
2013-02-20T00:00:00Z,61.07430667716219,61.10116323849221,60.14324051294509,60.15219497680664,38200300
2013-02-21T00:00:00Z,59.928369805186065,59.991037379800325,59.292739596883266,59.507598876953125,45855600
2013-02-22T00:00:00Z,59.84778570327335,60.11636489193078,59.615017528453755,60.1074104309082,21968000
2013-02-25T00:00:00Z,60.492376322393056,60.70723559658703,59.31064006894644,59.36435317993164,40927600
2013-02-26T00:00:00Z,59.44493185327741,59.6956021540577,59.05101747762072,59.58816909790039,42088800
2013-02-27T00:00:00Z,59.58815640361205,60.563987672625665,59.50758675134819,60.196929931640625,36339500
2013-02-28T00:00:00Z,60.20589911393279,60.64457215411347,60.06265503454517,60.07160949707031,28557300
2013-03-01T00:00:00Z,59.865698169003934,60.429706302267384,59.57026241004326,60.32227325439453,31617200
2013-03-04T00:00:00Z,60.12530993948484,60.59979384560696,60.044733463402,60.59083938598633,19380500
2013-03-05T00:00:00Z,60.94894773527776,61.566668895733606,60.94894773527776,61.48609924316406,35581900
2013-03-06T00:00:00Z,61.674121624448034,61.69203055090608,61.25335064598814,61.333927154541016,29071100
2013-03-07T00:00:00Z,61.40552139644404,61.593530908767704,61.28018627506283,61.49505233764648,21775900
2013-03-08T00:00:00Z,61.70097434195728,61.79049847791061,61.324968872801,61.56668472290039,26159900
2013-03-11T00:00:00Z,61.48609141930725,61.763618183179744,61.298088756982224,61.7457160949707,23187900
2013-03-12T00:00:00Z,61.566685533321774,61.70992961693569,61.2264910801195,61.52192687988281,27575400
2013-03-13T00:00:00Z,61.60248373084322,61.67410575774109,61.226478335008025,61.44133758544922,34297300
2013-03-14T00:00:00Z,61.65624374286882,61.781578956282104,61.51299959596399,61.64728927612305,31530800
2013-03-15T00:00:00Z,61.69123242168512,61.727126323894254,61.32332505858793,61.47587585449219,30752600
2013-03-18T00:00:00Z,60.91053534969302,61.59250557446903,60.77594181840661,61.34125518798828,36163000
2013-03-19T00:00:00Z,61.529720197142595,61.646370257880584,60.67726217361,61.224632263183594,33125100
2013-03-20T00:00:00Z,61.65532684326172,61.78992723954002,61.368182526029585,61.65532684326172,28035400
2013-03-21T00:00:00Z,61.090018039570225,61.24256197212379,60.811842040492536,60.95541763305664,30050800
2013-03-22T00:00:00Z,61.206663829246885,61.592514649927494,61.13487603794338,61.547645568847656,28837200
2013-03-25T00:00:00Z,61.74505554772676,61.87965593831317,61.02719820803297,61.32331085205078,24909800
2013-03-26T00:00:00Z,61.55662034239499,61.67327721399778,61.42201994611669,61.65532684326172,19725200
2013-03-27T00:00:00Z,61.23359904405133,61.780969119669784,61.14386770376653,61.736106872558594,22539500
2013-03-28T00:00:00Z,61.73606317004078,61.96936312041741,61.59248765037124,61.88860702514648,23662800
2013-04-01T00:00:00Z,61.93348384044943,61.99629643359765,61.29638272535776,61.46687698364258,28112800
2013-04-02T00:00:00Z,61.76301251936197,62.15783170227348,61.70916824973601,61.95145034790039,29431900
2013-04-03T00:00:00Z,61.98736172770669,62.0770930743086,61.23360335491223,61.38615417480469,35131200
2013-04-04T00:00:00Z,61.359210354272534,61.55662336570176,61.07206602293753,61.40407943725586,32287400
2013-04-05T00:00:00Z,60.43494725548475,60.982317048322614,60.291378554411594,60.89258575439453,55610800
2013-04-08T00:00:00Z,60.91951771119387,61.233580731296975,60.740055084295065,61.21563720703125,17891600
2013-04-09T00:00:00Z,61.37714091281442,61.879641618923856,61.09896501102498,61.62839126586914,30931400
2013-04-10T00:00:00Z,61.8437563318807,62.965414739725574,61.80786244130251,62.830814361572266,55271300
2013-04-11T00:00:00Z,62.678272659266526,62.947473425013925,62.60648487559257,62.803897857666016,37233600
2013-04-12T00:00:00Z,62.6513743806858,62.80391833618819,62.28347384999992,62.759056091308594,32783700
2013-04-15T00:00:00Z,62.525733764036815,62.624440262983434,61.448944306877834,61.52072525024414,48795800
2013-04-16T00:00:00Z,61.870677964007456,62.40907950208034,61.7450527640731,62.3372917175293,27682600
2013-04-17T00:00:00Z,61.798909948400855,61.81685347526085,60.75800739292549,61.116939544677734,60204800
2013-04-18T00:00:00Z,61.27845758192983,61.31435148107346,60.01322330984638,60.2734489440918,56798200
2013-04-19T00:00:00Z,60.39007139289303,61.224585245467225,60.300333273172754,61.09895324707031,43062800
2013-04-22T00:00:00Z,61.31435746385914,61.9514588321864,61.090025706868055,61.72712707519531,34412100
2013-04-23T00:00:00Z,62.07707214285192,62.54367909548674,61.754033927158346,62.3193473815918,53078300
2013-04-24T00:00:00Z,62.16679424012711,62.516751114221265,62.02322552447649,62.29241943359375,44500700
2013-04-25T00:00:00Z,62.45394875822684,62.85774995720447,62.44497357263337,62.62444305419922,26437100
2013-04-26T00:00:00Z,62.47190537179048,62.606498938837966,62.157835459182635,62.42703628540039,24079800
2013-04-29T00:00:00Z,62.624444235944914,63.24360197842458,62.59752552471725,63.001319885253906,31664000
2013-04-30T00:00:00Z,63.08207823576959,63.46792904252607,62.8487713454828,63.458953857421875,30135800
2013-05-01T00:00:00Z,63.47690101821423,63.57560752183437,63.03721276776314,63.162837982177734,28537200
2013-05-02T00:00:00Z,63.270506321245094,64.09604522636843,63.21666206495668,63.96144485473633,31744200
2013-05-03T00:00:00Z,64.58060196094392,64.91260844955443,64.52676455112801,64.71520233154297,34061700
2013-05-06T00:00:00Z,64.83187602065543,65.06518295852669,64.77803859117041,64.96647644042969,19244300
2013-05-07T00:00:00Z,65.07414889450166,65.11901798145547,64.68829802330798,64.93058013916016,25838100
2013-05-08T00:00:00Z,64.89467201212716,65.29846632194275,64.78699033468168,65.24462890625,24252100
2013-05-09T00:00:00Z,65.11902857915932,65.59461085559708,65.02929723671,65.15492248535156,29337200
2013-05-10T00:00:00Z,65.28948759024144,65.57663183832693,65.17283074673055,65.54971313476562,20663700
2013-05-13T00:00:00Z,65.44207053937758,65.7920275866954,65.37925791155291,65.63050842285156,29730100
2013-05-14T00:00:00Z,65.64842710937151,66.16887141179934,65.62150155667622,65.9714584350586,36009800
2013-05-15T00:00:00Z,65.84583824873515,66.1688764450544,65.68431915057553,66.10606384277344,27214400
2013-05-16T00:00:00Z,66.15991092560482,66.4919174749268,65.99839182056206,66.0342788696289,27253400
2013-05-17T00:00:00Z,66.37524443299823,66.69828253106203,66.15988798297506,66.6713638305664,31114500
2013-05-20T00:00:00Z,66.54578178255066,66.78805709005174,66.30349962898704,66.57270050048828,25132400
2013-05-21T00:00:00Z,66.53679536127183,66.88675232750334,66.30348843509702,66.64447021484375,25900000
2013-05-22T00:00:00Z,66.72520752117074,67.25462693697696,65.7201992495656,66.06118774414062,59843200
2013-05-23T00:00:00Z,65.4779477920236,66.13299262327737,65.35232256832943,65.90866088867188,48222100
2013-05-24T00:00:00Z,65.46894824891531,65.89069284843913,65.289485666422,65.87274932861328,26430300
2013-05-28T00:00:00Z,66.64447147123356,66.88675358846068,66.09710831444742,66.3034896850586,27057100
2013-05-29T00:00:00Z,66.04324781496467,66.22271727364453,65.61253480625268,65.98941040039062,32090300
2013-05-30T00:00:00Z,66.01631734673599,66.653418407914,65.9983738270946,66.33935546875,32390500
2013-05-31T00:00:00Z,66.08811909498793,66.59061990392874,65.6573992258529,65.72918701171875,38347600
2013-06-03T00:00:00Z,65.73815799884376,65.86378319305733,64.99337517167784,65.84583282470703,47613100
2013-06-04T00:00:00Z,65.98043437374832,66.24065995096764,65.23565153336816,65.50485229492188,35251900
2013-06-05T00:00:00Z,65.28952146095938,65.54077195261986,64.5985757628306,64.65242004394531,48654200
2013-06-06T00:00:00Z,64.74214468949316,64.97545162736444,64.13196205310335,64.96647644042969,62524100
2013-06-07T00:00:00Z,65.23563983041734,65.92658513295851,65.07412077167278,65.85479736328125,31969800
2013-06-10T00:00:00Z,65.98043561733601,66.18682378455847,65.7381604042191,65.88172912597656,25390000
2013-06-11T00:00:00Z,65.22667694091797,65.80993379159327,65.00234527648621,65.22667694091797,40278900
2013-06-12T00:00:00Z,65.60358791243051,65.63050663132586,64.37424726306195,64.47295379638672,42081900
2013-06-13T00:00:00Z,64.38317285495899,65.4330431595052,64.20371030319396,65.28947448730469,28221500
2013-06-14T00:00:00Z,65.28949210275914,65.36127303519753,64.76006579391247,64.85877227783203,27690700
2013-06-17T00:00:00Z,65.37028918128392,65.86382191013867,65.14595736745243,65.48694610595703,32441900
2013-06-18T00:00:00Z,65.57665088522702,66.15093954820156,65.55870051359982,66.02531433105469,24853100
2013-06-19T00:00:00Z,66.04322541998684,66.11501317911586,65.21768672817566,65.28947448730469,43145100
2013-06-20T00:00:00Z,64.53574188726614,64.75110524867749,63.52176506668009,63.73712158203125,60908400
2013-06-21T00:00:00Z,63.71373065000775,63.88476434008098,62.867572647817646,63.39867401123047,51558900
2013-06-24T00:00:00Z,62.87658927800254,63.254657323001446,62.24647586967103,62.76857376098633,41492300
2013-06-25T00:00:00Z,63.3716604095484,63.47967588756533,62.84055912766367,63.227630615234375,28897400
2013-06-26T00:00:00Z,63.76769752789541,63.91172725200889,63.54265623475453,63.794708251953125,23742300
2013-06-27T00:00:00Z,64.12779250338924,64.4698598111659,64.02877374247687,64.06478118896484,23545000
2013-06-28T00:00:00Z,63.86677047811382,64.53289821620139,63.72274749941994,64.15482330322266,28301100
2013-07-01T00:00:00Z,64.58688788364678,65.08198175736867,64.4878691089024,64.5508804321289,24942800
2013-07-02T00:00:00Z,64.52385024979667,64.97393290866307,64.22679404669292,64.5778579711914,23067900
2013-07-03T00:00:00Z,64.34383368334052,65.14498043790707,64.28981908268673,64.83892059326172,18847500
2013-07-05T00:00:00Z,65.20799226957608,65.36101875926173,64.68589462130025,65.33401489257812,28795900
2013-07-08T00:00:00Z,65.67605985019489,65.70306371051915,65.15396232487191,65.39701080322266,20558500
2013-07-09T00:00:00Z,65.70307564697296,65.93712059182977,65.39702268407501,65.7930908203125,26108600
2013-07-10T00:00:00Z,65.73008702083246,66.2701918580032,65.69408644155814,66.17117309570312,25598900
2013-07-11T00:00:00Z,66.8823033254843,67.53942033315877,66.83729230075343,67.48541259765625,47768900
2013-07-12T00:00:00Z,67.53042617367637,67.82748249580933,67.35039578507894,67.78247833251953,31412600
2013-07-15T00:00:00Z,67.8544902411298,67.98051289388643,67.66545626199483,67.93550872802734,19783600
2013-07-16T00:00:00Z,67.98951243896173,68.04352018187507,67.67445582576877,67.84548950195312,31747100
2013-07-17T00:00:00Z,68.05249455731159,68.178517148507,67.82745323478892,68.01648712158203,24631500
2013-07-18T00:00:00Z,68.00751959841223,68.1785464068775,67.73746714840736,67.84548950195312,36278800
2013-07-19T00:00:00Z,67.26039754506544,67.27839784137487,66.94534085174423,67.14337158203125,37732400
2013-07-22T00:00:00Z,67.39538422155219,67.49440296240013,67.13433543820004,67.34136962890625,21135900
2013-07-23T00:00:00Z,67.46738470008394,67.47638827580589,66.79226074297415,66.84627532958984,24739500
2013-07-24T00:00:00Z,67.50341134116634,67.53041520829925,66.90930566108854,67.06233215332031,24426900
2013-07-25T00:00:00Z,67.37739025893306,67.56642420091002,67.02632624273039,67.48541259765625,23162200
2013-07-26T00:00:00Z,67.21536940784812,67.85448621395929,67.10735392202143,67.84548950195312,20885600
2013-07-29T00:00:00Z,67.7104483265596,67.99850100469419,67.53941468813927,67.71945190429688,20958400
2013-07-30T00:00:00Z,67.96250212474055,68.36757389362846,67.82747591253845,68.07952117919922,24104600
2013-07-31T00:00:00Z,68.2145394664976,68.60161090039202,68.07951326998231,68.20553588867188,25007600
2013-08-01T00:00:00Z,68.67362501275537,68.9976851336488,68.60161012639736,68.89866638183594,16880000
2013-08-02T00:00:00Z,68.90768341713414,69.30375163401959,68.7546500368068,69.28575134277344,18105300
2013-08-05T00:00:00Z,69.24975314749491,69.38477938690289,69.11472690808695,69.33076477050781,15462800
2013-08-06T00:00:00Z,69.24071656718715,69.30372786651749,68.63760743535144,68.91665649414062,23675400
2013-08-07T00:00:00Z,68.71862690068389,68.9256679752088,68.2955549096414,68.79064178466797,20281200
2013-08-08T00:00:00Z,69.16872152773593,69.29475103025604,68.68263814648321,69.13272094726562,19994000
2013-08-09T00:00:00Z,69.0157135982781,69.25876222203591,68.65564588720159,68.85368347167969,18558500
2013-08-12T00:00:00Z,68.59261474131232,69.14171629687053,68.58361803023118,69.01569366455078,20515900
2013-08-13T00:00:00Z,69.105752663808,69.55583574108823,68.61066539943339,69.4028091430664,23917000
2013-08-14T00:00:00Z,69.37579159806371,69.47481040498765,69.04272771407216,69.1417465209961,29921000
2013-08-15T00:00:00Z,68.36754937119458,68.4035568060477,67.773443865408,67.97148132324219,39406600
2013-08-16T00:00:00Z,67.98048146495168,68.29554481890176,67.82745500988332,67.9444808959961,23825000
2013-08-19T00:00:00Z,67.9535067794593,68.52961227812163,67.80948383865336,67.82748413085938,29586900
2013-08-20T00:00:00Z,67.95350855117498,68.43959886604226,67.89950080542954,68.12454223632812,18842800
2013-08-21T00:00:00Z,67.90851772301346,68.49362006408964,67.63846520580846,67.89051055908203,30705100
2013-08-22T00:00:00Z,68.18754653169103,68.60162189772423,68.15153908233353,68.5566177368164,17269500
2013-08-23T00:00:00Z,69.04269753323095,69.10570884939082,68.77265197871081,69.01569366455078,20697300
2013-08-26T00:00:00Z,69.06972682796473,69.56481391146907,68.90769670462943,69.05171966552734,27525500
2013-08-27T00:00:00Z,68.23254019600164,68.57460057626979,67.47639768736019,67.638427734375,40068900
2013-08-28T00:00:00Z,67.55739954265952,68.18751242191452,67.55739954265952,67.89945983886719,20490400
2013-08-29T00:00:00Z,67.88149989125017,68.71864741351754,67.78248111314382,68.3765869140625,27287900
2013-08-30T00:00:00Z,68.44860291931353,68.44860291931353,67.69246013505419,67.93550872802734,26228500
2013-09-03T00:00:00Z,68.49358994720939,68.80865336798763,67.99850304031945,68.32256317138672,27241500
2013-09-04T00:00:00Z,68.556632582023,69.16873875048941,68.34959142031448,69.05171966552734,27142900
2013-09-05T00:00:00Z,69.0967007858593,69.3667462960115,69.0696969216158,69.16870880126953,17809700
2013-09-06T00:00:00Z,69.40278239842743,69.61882026930851,68.45761242099762,69.249755859375,27715100
2013-09-09T00:00:00Z,69.54682692055547,70.17694037199541,69.519823039454,70.05992126464844,25161900
2013-09-10T00:00:00Z,70.46497360788287,70.50098106190535,70.14091338940017,70.40196228027344,27619400
2013-09-11T00:00:00Z,69.9338423527591,70.31191011968473,69.84382033116309,70.26689910888672,28132900
2013-09-12T00:00:00Z,70.2849580572328,70.4379846183743,70.07791686978408,70.2219467163086,18332700
2013-09-13T00:00:00Z,70.29390296827911,70.33891397907713,69.8888313419611,70.26689910888672,16932500
2013-09-16T00:00:00Z,70.86102729504991,70.86102729504991,69.91585079915666,70.077880859375,25704300
2013-09-17T00:00:00Z,70.23091889855259,70.6359975496139,70.19491831721791,70.54598236083984,27174300
2013-09-18T00:00:00Z,70.65400761113654,71.53617306564328,70.5099846627246,71.39214324951172,31714700
2013-09-19T00:00:00Z,71.61717912971785,71.73420506317473,71.43714874124143,71.56317138671875,26435700
2013-09-20T00:00:00Z,71.73290753567309,71.81416929163409,71.28147323554087,71.31758880615234,26328900
2013-09-23T00:00:00Z,71.61552218457881,71.69678392361827,70.83905479897187,71.1731185913086,30319400
2013-09-24T00:00:00Z,71.3266045681906,71.55232167125449,70.93837087538714,71.1731185913086,21871300
2013-09-25T00:00:00Z,71.22729242293616,71.32660850483286,70.7848888052489,70.9293441772461,22746400
2013-09-26T00:00:00Z,71.21826982897349,71.65164977044438,71.1911848741954,71.4801025390625,22421700
2013-09-27T00:00:00Z,71.0647982430123,71.51623261646938,70.95645151357952,71.38983154296875,25151600
2013-09-30T00:00:00Z,70.64945706816324,71.40786326894558,70.4237399529295,71.21826171875,28031900
2013-10-01T00:00:00Z,71.22729247503621,71.97667495231768,71.19117690992557,71.94055938720703,33129700
2013-10-02T00:00:00Z,71.453017768579,72.01279875935177,71.38078663009081,71.91348266601562,25503800
2013-10-03T00:00:00Z,71.82318153301978,71.97666750259914,70.69459607139683,71.07379913330078,42998200
2013-10-04T00:00:00Z,71.07380098734744,71.78706784430025,71.01060047538145,71.68775177001953,22852700
2013-10-07T00:00:00Z,71.05575759756529,71.64262357789404,71.0286726411155,71.09187316894531,20227100
2013-10-08T00:00:00Z,71.09186237237793,71.15506289060961,69.69242035772214,69.7195053100586,43660700
2013-10-09T00:00:00Z,69.88201833656838,69.91813390061559,68.934003723263,69.50281524658203,64526700
2013-10-10T00:00:00Z,70.25222001773699,71.13703448386745,70.23416567237784,70.97451782226562,48062700
2013-10-11T00:00:00Z,70.79394202858892,71.5884640491751,70.78491141234876,71.53429412841797,25214100
2013-10-14T00:00:00Z,71.09187168856235,72.03988647460938,71.03770177679078,72.03988647460938,31471900
2013-10-15T00:00:00Z,71.98572694835887,72.32881458631134,71.66971738185805,71.760009765625,38684000
2013-10-16T00:00:00Z,72.09405915557124,72.60869400219097,72.03988924171897,72.57257843017578,46735900
2013-10-17T00:00:00Z,72.24754774839646,73.01499162650732,72.18434721719993,72.98789978027344,32193500
2013-10-18T00:00:00Z,73.65602706470393,74.19774688398226,73.44836424167094,74.17066192626953,39628200
2013-10-21T00:00:00Z,74.34219938583753,74.52277724410865,74.0984278875977,74.33317565917969,31176900
2013-10-22T00:00:00Z,74.62206032230714,74.84777737900599,73.97199409688038,74.44148254394531,43944800
2013-10-23T00:00:00Z,74.08037416116528,74.21579894556712,73.62893984424981,73.99008178710938,38021300
2013-10-24T00:00:00Z,74.03521460186998,74.46859449870165,73.92686790557713,74.31510162353516,23155100
2013-10-25T00:00:00Z,75.0103407544742,75.19091175720489,74.48667520287609,74.84782409667969,35824500
2013-10-28T00:00:00Z,74.85682100232926,74.98322202498579,74.53178783311553,74.8658447265625,28618400
2013-10-29T00:00:00Z,75.11865720476258,75.17283399938198,74.66722295019468,74.99225616455078,36878100
2013-10-30T00:00:00Z,75.25410093877878,75.3805019992808,74.55889510601764,74.9200439453125,33535500
2013-10-31T00:00:00Z,74.73039764089411,75.20892357154665,74.46857192547999,74.74845886230469,31309900
2013-11-01T00:00:00Z,75.00128061978387,75.09156608561581,74.39636042153641,74.76653289794922,30867800
2013-11-04T00:00:00Z,74.99226362654055,75.00129424126571,74.6130604681731,74.87489318847656,16834000
2013-11-05T00:00:00Z,74.58595852212598,75.13670879311015,74.36927203646736,74.95613098144531,27975600
2013-11-06T00:00:00Z,75.2721742871498,75.29925924899752,74.69433880659066,74.9381103515625,25576800
2013-11-07T00:00:00Z,74.94714399454057,75.05548384630606,73.46643965477651,73.5296401977539,52173200
2013-11-08T00:00:00Z,73.80048367565823,74.54083571472701,73.59282773757016,74.52278137207031,31470500
2013-11-11T00:00:00Z,74.41444212405996,74.61307435493768,74.16163997143087,74.4054183959961,24822900
2013-11-12T00:00:00Z,74.17969375486231,74.63112809303453,74.14357818120757,74.52278137207031,20108500
2013-11-13T00:00:00Z,74.0352029794274,75.43465164473984,74.0352029794274,75.42562103271484,31345900
2013-11-14T00:00:00Z,75.2269976233786,75.71454740419695,75.06448102977247,75.6603775024414,31101200
2013-11-15T00:00:00Z,75.67843142952617,75.8048324584961,75.48882988607127,75.8048324584961,20511300
2013-11-18T00:00:00Z,75.78679657565898,75.94028259273513,74.92004349951351,75.06449890136719,31679600
2013-11-19T00:00:00Z,75.01936448277118,75.38051337657478,74.72142301709977,74.84782409667969,25545300
2013-11-20T00:00:00Z,75.04647707760931,75.3263642757131,74.45058020485966,74.66726684570312,32177400
2013-11-21T00:00:00Z,74.98321748023115,75.48882154021251,74.92001697273348,75.42562103271484,28125000
2013-11-22T00:00:00Z,75.55205260633237,75.85902465595704,75.49788268894955,75.83193969726562,25361300
2013-11-25T00:00:00Z,76.10278241550118,76.1840372695324,75.8228954004964,76.01249694824219,21695100
2013-11-26T00:00:00Z,76.03054880895436,76.59935343365758,75.86803221784783,76.40975189208984,26621000
2013-11-27T00:00:00Z,76.56324837599902,76.96050581543146,76.50004785915706,76.94245147705078,21638100
2013-11-29T00:00:00Z,77.24945353861389,77.50225570445488,77.16819865174031,77.40294647216797,16708900
2013-12-02T00:00:00Z,77.49321056677616,77.61058100039271,77.0598306248203,77.17720794677734,26354600
2013-12-03T00:00:00Z,77.12302213807412,77.32165430124898,76.81605016832364,77.11399841308594,37147000
2013-12-04T00:00:00Z,76.78896843644621,77.43902796817595,76.54519008475008,77.18622589111328,37193200
2013-12-05T00:00:00Z,77.2494612584085,77.33975365952556,76.89734293674985,77.08694458007812,39829300
2013-12-06T00:00:00Z,77.73698347851601,77.80921461822757,77.2765185732806,77.64669799804688,36842900
2013-12-09T00:00:00Z,77.96268463134766,78.12520121819126,77.82725299425476,77.96268463134766,22590000
2013-12-10T00:00:00Z,77.83630004881223,78.0529865809294,77.75504518239603,77.90853118896484,26965900
2013-12-11T00:00:00Z,77.89949555666907,78.00784225991912,76.79799484948433,76.90634155273438,36830600
2013-12-12T00:00:00Z,76.9334350527645,77.12303663825918,76.65354798203532,76.70771789550781,33662600
2013-12-13T00:00:00Z,77.06884799635287,77.10496355933844,76.48198215243107,76.60838317871094,34072000
2013-12-16T00:00:00Z,76.98762205270434,77.47517204718548,76.93345212720949,77.03276824951172,24902500
2013-12-17T00:00:00Z,77.03272791078244,77.22232943907073,76.73477969989844,76.87924194335938,24454900
2013-12-18T00:00:00Z,76.96951908951758,77.84530240299281,75.88607993391535,77.7730712890625,68387200
2013-12-19T00:00:00Z,77.64669722273169,77.65572783719061,77.21331727713032,77.55641174316406,44964100
2013-12-20T00:00:00Z,77.70315728438251,78.50926244604291,77.64881529018345,78.34622955322266,40475400
2013-12-23T00:00:00Z,78.98928159312399,79.1704330444336,78.75378816153217,79.1704330444336,28181800
2013-12-24T00:00:00Z,79.18855334707234,79.26101393547707,79.04363217026291,79.2066650390625,13852500
2013-12-26T00:00:00Z,79.35155608761994,79.53270057963263,79.19758257838723,79.46929931640625,15241100
2013-12-27T00:00:00Z,79.56897536460251,79.61426496804677,79.17045587723078,79.27008056640625,15827400
2013-12-30T00:00:00Z,79.15231323242188,79.26100410154365,78.92587910441742,79.15231323242188,18983700
2013-12-31T00:00:00Z,79.29724592970476,79.66859436035156,79.2700680258038,79.66859436035156,24890500
2014-01-02T00:00:00Z,79.29725222169569,79.3244232175304,78.81720595779926,79.04364013671875,29177500
2014-01-03T00:00:00Z,79.0436186905265,79.11607926657412,78.45489551324697,78.47300720214844,35723700
2014-01-06T00:00:00Z,78.49112813555111,78.58170040319376,77.89333873071162,78.18317413330078,32073100
2014-01-07T00:00:00Z,78.54549504192241,79.02553443197662,78.40057383952393,78.90779113769531,25860600
2014-01-08T00:00:00Z,78.92590615937175,79.29726157350188,78.7538139518262,79.07987976074219,27197400
2014-01-09T00:00:00Z,79.36969192971969,79.37875123014344,78.54547525691787,78.81719207763672,23674700
2014-01-10T00:00:00Z,79.0074071246793,79.16138068913457,78.41867694916115,79.07080841064453,38008900
2014-01-13T00:00:00Z,78.96212265310051,79.233846416421,77.6035176569427,77.90241241455078,48842300
2014-01-14T00:00:00Z,78.16506679659912,79.45121103532054,78.16506679659912,79.38780975341797,37178900
2014-01-15T00:00:00Z,79.73197826590531,80.19390578840184,79.6504653026404,80.03993225097656,39835600
2014-01-16T00:00:00Z,79.97651943001647,80.1667232270624,79.8497168986525,80.0489730834961,31630100
2014-01-17T00:00:00Z,79.80445283077115,80.03994628296694,79.4059265132432,79.59613037109375,36895800
2014-01-21T00:00:00Z,80.10331798134446,80.23917289375595,79.53269970833882,80.20294952392578,26412700
2014-01-22T00:00:00Z,80.4112548828125,80.61051794291308,80.17576154721921,80.4112548828125,29376900
2014-01-23T00:00:00Z,80.16675839809662,80.17581078986576,79.57802815263436,80.13958740234375,35011900
2014-01-24T00:00:00Z,79.75010290759042,79.86784616685746,78.5364123842096,78.56358337402344,63974600
2014-01-27T00:00:00Z,78.56360332968615,78.69946522348636,77.21405751444277,77.80278778076172,63519300
2014-01-28T00:00:00Z,77.44050840650873,77.83903487156843,77.26841617655576,77.75751495361328,44378800
2014-01-29T00:00:00Z,77.08724245888179,77.65785402831413,76.77023603141937,76.92420959472656,51939300
2014-01-30T00:00:00Z,77.86619017720277,78.6179533446641,77.78467027568111,78.34622955322266,65833600
2014-01-31T00:00:00Z,77.47670226165494,78.50924133512866,77.39518238205373,78.13788604736328,45187000
2014-02-03T00:00:00Z,77.99296050985622,78.34619714648518,76.14525745890921,76.34452056884766,65596900
2014-02-04T00:00:00Z,76.73399763588286,77.21403687681301,76.49850421025296,76.90608978271484,37675500
2014-02-05T00:00:00Z,76.65249924017166,76.97856502543695,75.8463940794389,76.70684814453125,41721800
2014-02-06T00:00:00Z,76.93324925484657,77.78463674121551,76.91513065777612,77.68500518798828,32308600
2014-02-07T00:00:00Z,78.11978221094428,79.12515039569418,77.8933480596082,79.07080841064453,38359400
2014-02-10T00:00:00Z,79.04363540546234,79.5599050260879,78.98929341704566,79.523681640625,30205400
2014-02-11T00:00:00Z,79.69575393706528,80.58337876133903,79.60518166770376,80.42940521240234,38635500
2014-02-12T00:00:00Z,80.59244858341185,80.76453384459965,80.33883652177857,80.58338928222656,32507200
2014-02-13T00:00:00Z,79.99463985202856,81.24455361635603,79.97652816423559,81.18115234375,40454500
2014-02-14T00:00:00Z,81.15401150459012,81.5253668893936,80.90946562232718,81.3442153930664,33212400
2014-02-18T00:00:00Z,81.48007995021075,81.8967180400429,81.2808167528512,81.74274444580078,29546600
2014-02-19T00:00:00Z,81.58873787640624,81.7789416942243,81.0181195127316,81.18115234375,41749900
2014-02-20T00:00:00Z,81.23553393811387,81.71557332545649,80.89134953947332,81.56159973144531,41814800
2014-02-21T00:00:00Z,81.82422155383448,81.94197170620933,81.35324167499569,81.45287322998047,31192200
2014-02-24T00:00:00Z,81.64309678377178,82.25899794978439,81.55252450558031,81.88764953613281,31500400
2014-02-25T00:00:00Z,82.00536523567955,82.16839804569956,81.53437849107968,81.79704284667969,26771700
2014-02-26T00:00:00Z,82.01446775482586,82.27712533862584,81.39856647130814,81.7246322631836,42953700
2014-02-27T00:00:00Z,81.73644723315084,82.33671127291285,81.60911828717384,82.2548599243164,28742400
2014-02-28T00:00:00Z,82.23666366079405,82.72779255446832,81.43630931864355,82.16390228271484,48609800
2014-03-03T00:00:00Z,81.39080245157683,81.77279607966067,80.82691932152281,81.55451202392578,38885700
2014-03-04T00:00:00Z,82.4458309586463,82.74596636649194,82.36397269336781,82.59134674072266,33189000
2014-03-05T00:00:00Z,82.72778497052403,82.96425595814988,82.55497844815442,82.81873321533203,27203300
2014-03-06T00:00:00Z,83.00972713903076,83.07339160469188,82.44584385429114,82.74597930908203,24063900
2014-03-07T00:00:00Z,83.00969500387708,83.0915532502699,81.91830260393297,82.336669921875,31167800
2014-03-10T00:00:00Z,82.29123757014662,82.45494720019035,81.88196002558385,82.40946960449219,18131700
2014-03-11T00:00:00Z,82.60953409305408,82.81871431448283,81.80917306802657,82.05474090576172,27484300
2014-03-12T00:00:00Z,81.68189119043458,82.4094912795345,81.38176257217141,82.364013671875,27977200
2014-03-13T00:00:00Z,82.6732389190025,82.70052270565219,80.82696200735344,81.1998519897461,48542000
2014-03-14T00:00:00Z,80.93608098373056,81.29078401712667,80.60866173153313,80.6450424194336,38732300
2014-03-17T00:00:00Z,81.16345300870707,81.77282084186335,81.11798235417133,81.35444641113281,28467200
2014-03-18T00:00:00Z,81.45445771145008,82.43671503474198,81.42717394228703,82.336669921875,31250200
2014-03-19T00:00:00Z,82.36400264222931,82.4549578453682,81.35446094977597,81.89106750488281,40869400
2014-03-20T00:00:00Z,81.63642186158806,82.36401502372132,81.47271218579903,82.11845397949219,31634500
2014-03-21T00:00:00Z,82.58880002944981,82.63438162009044,80.97531326047637,81.13027954101562,62754000
2014-03-24T00:00:00Z,81.42196743101552,81.48577747234593,79.68086090055851,80.41923522949219,77735300
2014-03-25T00:00:00Z,80.83855235688839,81.35815034983932,80.00901493659931,80.68358612060547,41723300
2014-03-26T00:00:00Z,81.0847097177657,81.26702915201295,79.63530672807038,79.64442443847656,40930400
2014-03-27T00:00:00Z,79.53503201087857,79.89054621076293,78.7601935484325,79.19774627685547,64784500
2014-03-28T00:00:00Z,79.45297320336711,80.22781146804934,79.13391601663902,79.35269927978516,39895100
2014-03-31T00:00:00Z,79.97255359015416,80.4556876851979,79.87227968875581,79.91785430908203,33924300
2014-04-01T00:00:00Z,80.30987365066191,81.37641629251117,79.95435943671217,81.32172393798828,38683800
2014-04-02T00:00:00Z,81.66811056948667,81.7501560461291,81.16674781915381,81.53137969970703,34631600
2014-04-03T00:00:00Z,81.61340432621274,81.75014212748628,80.41924190162231,80.88414764404297,30319100
2014-04-04T00:00:00Z,81.42195702847128,81.50400247385555,78.52314546238088,78.7328109741211,131213200
2014-04-07T00:00:00Z,78.24058414731219,78.96984090864937,77.4383926686348,77.98534393310547,83995800
2014-04-08T00:00:00Z,78.07649966042358,78.81487412606069,77.80302402993433,78.70548248291016,51495700
2014-04-09T00:00:00Z,78.99719409652505,80.10020042578162,78.78752851767995,80.05461883544922,45685200
2014-04-10T00:00:00Z,80.10932291345235,80.10932291345235,77.35636554160241,77.57514190673828,73659600
2014-04-11T00:00:00Z,76.88232707118142,77.88506637285234,76.49035601387685,76.67266845703125,93657400
2014-04-14T00:00:00Z,77.34723501219368,77.68452069174222,76.563278966045,77.27430725097656,46500700
2014-04-15T00:00:00Z,77.55690244683272,77.97622665172544,75.91606255397053,77.52955627441406,84631500
2014-04-16T00:00:00Z,78.20409442789085,78.55960845947266,77.56598714842643,78.55960845947266,46970900
2014-04-17T00:00:00Z,78.25881532177432,78.96984364449006,78.05826744515716,78.57786560058594,53719500
2014-04-21T00:00:00Z,78.7601965432144,79.16128540039062,78.395564619147,79.16128540039062,25947900
2014-04-22T00:00:00Z,79.43475376368755,79.990815831835,79.2980159354132,79.79026794433594,38593400
2014-04-23T00:00:00Z,79.79025896111887,79.81760513273998,79.04276679945396,79.08834838867188,34376700
2014-04-24T00:00:00Z,80.39189904255696,80.41012750458306,78.98807100423964,79.8449478149414,48926300
2014-04-25T00:00:00Z,79.37094837533907,79.4621046146281,78.3773335439706,78.56876373291016,44334000
2014-04-28T00:00:00Z,78.94249226253957,79.40739804086108,77.58424576248939,78.82398986816406,58623800
2014-04-29T00:00:00Z,79.06100202143156,79.59882860804704,78.67813475536101,79.4529800415039,36742700
2014-04-30T00:00:00Z,79.08835293126597,79.74468890696706,78.8878050548268,79.66264343261719,38689400
2014-05-01T00:00:00Z,79.79025131356211,80.35543097373343,79.58970346786347,79.89964294433594,37127200
2014-05-02T00:00:00Z,80.17313132355977,80.31898686716025,79.5623768829768,79.7538070678711,40074200
2014-05-05T00:00:00Z,79.27977787033959,80.19135400875025,79.08834771584623,80.1731185913086,27924400
2014-05-06T00:00:00Z,80.04550257657021,80.0910841677284,79.09746250962989,79.13392639160156,33698500
2014-05-07T00:00:00Z,79.2980144347082,79.38005991203005,77.96711397122638,78.90603637695312,67489100
2014-05-08T00:00:00Z,78.62346425137407,79.79028092692016,78.44115175386099,78.8331298828125,46556900
2014-05-09T00:00:00Z,78.7875311970144,79.17950924097067,78.25881533218511,79.12481689453125,35081500
2014-05-12T00:00:00Z,79.59882242058427,80.45570615477932,79.52589466559458,80.42835998535156,38951100
2014-05-13T00:00:00Z,80.50129120786129,80.77476684709204,80.32809646080459,80.48306274414062,30311900
2014-05-14T00:00:00Z,80.23693070341368,80.53775250596051,79.87230580250448,80.06373596191406,26483600
2014-05-15T00:00:00Z,80.04550783285785,80.18224566053708,78.92427294639276,79.43475341796875,59680300
2014-05-16T00:00:00Z,79.52589619837516,79.99991966017095,78.97895193495773,79.95433807373047,66804100
2014-05-19T00:00:00Z,79.7173327280586,80.63802660066773,79.58060186733255,80.51040649414062,32017000
2014-05-20T00:00:00Z,80.4739367888198,80.76564086188063,79.89052864269814,80.21869659423828,33716000
2014-05-21T00:00:00Z,80.36455567899742,81.03000236518508,80.31897409017952,80.98442077636719,36837700
2014-05-22T00:00:00Z,81.07560782782767,81.56785992196052,80.94798768728687,81.3399658203125,30617100
2014-05-23T00:00:00Z,81.42197658219766,81.95069238680041,81.239664144984,81.93245697021484,22687300
2014-05-27T00:00:00Z,82.29708666182736,82.97165100772514,82.22415890692666,82.95342254638672,29725200
2014-05-28T00:00:00Z,82.92611341909857,83.04461585766572,82.63440922396846,82.6982192993164,30468100
2014-05-29T00:00:00Z,82.98990929019813,83.23603183733573,82.82582527384793,83.22692108154297,33036100
2014-05-30T00:00:00Z,83.24510250766203,83.3636048589833,82.79843230908185,83.2359848022461,29906400
2014-06-02T00:00:00Z,83.33628124004068,83.35451665580524,82.62525303023642,83.15396881103516,30409900
2014-06-03T00:00:00Z,82.88050381212814,83.25425338059271,82.77111912264525,83.11751556396484,21774500
2014-06-04T00:00:00Z,82.90784634147279,83.56418226862733,82.78022623950096,83.42744445800781,20118300
2014-06-05T00:00:00Z,83.5003818147878,84.28433793401845,83.21779540719585,84.1293716430664,35583100
2014-06-06T00:00:00Z,84.43930134731713,84.61250305175781,84.27521735226134,84.61250305175781,22680600
2014-06-09T00:00:00Z,84.63071404030983,84.75834108102123,84.32078153296622,84.54867553710938,23399500
2014-06-10T00:00:00Z,84.47577387097171,84.74013183197869,84.37549992180439,84.6945571899414,20626000
2014-06-11T00:00:00Z,84.4028548666701,84.79483299374475,84.32081632961481,84.67633056640625,22878200
2014-06-12T00:00:00Z,84.49400701352202,84.58516324991407,83.6188946255632,83.91059875488281,35275900
2014-06-13T00:00:00Z,84.27519487618414,84.36635803617112,83.79206072925292,84.15669250488281,39447100
2014-06-16T00:00:00Z,84.01083798991012,84.47573668985616,83.82851863768133,84.2296142578125,25212300
2014-06-17T00:00:00Z,84.16581521928077,84.50309389411737,84.02907742593776,84.27519989013672,19977900
2014-06-18T00:00:00Z,84.35725143781772,84.86773181805869,83.84677105757677,84.74922943115234,34514000
2014-06-19T00:00:00Z,84.87686966764095,84.93156201999575,84.31168985913204,84.6945571899414,38422200
2014-06-20T00:00:00Z,84.73019266440971,84.8855823571995,84.57480994508367,84.79417419433594,25897500
2014-06-23T00:00:00Z,84.78504981943532,84.83988914540843,84.5565433299278,84.81246948242188,20837900
2014-06-24T00:00:00Z,84.80329492599755,85.52537599425278,84.48338735739384,84.73017120361328,31945800
2014-06-25T00:00:00Z,84.53823920008473,85.41570307844431,84.52910396352837,85.26946258544922,32818600
2014-06-26T00:00:00Z,85.32429723881698,85.33343944833707,84.65706238656493,85.31515502929688,22563900
2014-06-27T00:00:00Z,85.20549354739487,85.70820359671488,85.17807388678193,85.68992614746094,22877800
2014-06-30T00:00:00Z,85.6716186142842,86.04636546684064,85.61677233885376,85.83614349365234,19751900
2014-07-01T00:00:00Z,86.13778096825895,87.00610957694172,86.10121910303899,86.77760314941406,31862500
2014-07-02T00:00:00Z,86.83244982910878,87.051814065581,86.75019085548045,86.9238510131836,18777300
2014-07-03T00:00:00Z,87.20721340913502,87.47227478027344,86.96956472544582,87.47227478027344,15291700
2014-07-07T00:00:00Z,87.37170174758403,87.48138732750805,87.04265895473549,87.20718383789062,23266400
2014-07-08T00:00:00Z,87.04268067250632,87.10666220006041,85.79960501705823,86.15607452392578,40612400
2014-07-09T00:00:00Z,86.38457438630392,86.89642656769274,86.13778353208936,86.79588317871094,29919000
2014-07-10T00:00:00Z,85.68078128623291,86.87815989252404,85.58023788478563,86.52169036865234,44245300
2014-07-11T00:00:00Z,86.74103859357787,87.0792236328125,86.47597030905239,87.0792236328125,19566300
2014-07-14T00:00:00Z,87.47226430471002,87.80131414319183,87.32602380619771,87.60022735595703,19579000
2014-07-15T00:00:00Z,87.73734302298539,87.86530608940848,86.67707661927065,87.29861450195312,39467500
2014-07-16T00:00:00Z,87.92925021419737,88.02065834286604,87.55450338580809,87.64590454101562,22052600
2014-07-17T00:00:00Z,87.40828370682095,87.71905610133594,86.21091215453104,86.48512268066406,43111500
2014-07-18T00:00:00Z,86.93299500783402,87.90186013114597,86.83245161124918,87.85616302490234,36682200
2014-07-21T00:00:00Z,87.6733438603757,87.89271505024468,87.33515881288743,87.74646759033203,29750700
2014-07-22T00:00:00Z,88.15777628290392,88.44112899284623,88.06637510727788,88.30402374267578,25770400
2014-07-23T00:00:00Z,88.61480207647786,88.9712715949049,88.4502771469374,88.87073516845703,28947500
2014-07-24T00:00:00Z,89.02609818100647,89.12664155866266,88.64220908820771,88.77017211914062,24707200
2014-07-25T00:00:00Z,88.31318055239603,88.5416870159697,87.95671102709824,88.42285919189453,29898900
2014-07-28T00:00:00Z,88.51423786223971,88.67876275309177,87.7647371313497,88.45025634765625,25603400
2014-07-29T00:00:00Z,88.64221030748163,88.84329009209766,88.22175237324757,88.29487609863281,27022200
2014-07-30T00:00:00Z,88.78845239402123,88.95297729238882,88.29487769891848,88.6422119140625,35348500
2014-07-31T00:00:00Z,87.91098875607933,88.0572292363079,86.72275260195863,86.85071563720703,50047900
2014-08-01T00:00:00Z,86.66792038019219,87.14321069662641,85.95498141880935,86.53081512451172,60708000
2014-08-04T00:00:00Z,86.71362255090995,87.46312336223369,86.39370797019848,87.12493133544922,33230500
2014-08-05T00:00:00Z,86.7776172660702,87.02440117962234,86.05553600080178,86.45770263671875,50331100
2014-08-06T00:00:00Z,85.91843214806774,86.93300142599118,85.84530840452312,86.39372253417969,34431900
2014-08-07T00:00:00Z,86.79584548829774,86.96037032850953,85.81783865299992,86.11946868896484,33274700
2014-08-08T00:00:00Z,86.25661057012604,86.84158647890361,85.89099888377433,86.74104309082031,40236900
2014-08-11T00:00:00Z,87.07921681369045,87.52709438357213,87.01523529991621,87.25288391113281,28277500
2014-08-12T00:00:00Z,87.16150742009467,87.4448532079579,86.76847601751145,87.21634674072266,28152300
2014-08-13T00:00:00Z,87.57280500273701,88.17606534587239,87.5271078992487,88.1395034790039,27996500
2014-08-14T00:00:00Z,88.25831981961446,88.61478928659182,88.13949898844291,88.59651184082031,25006600
2014-08-15T00:00:00Z,89.10836675679299,89.2363298015348,88.18520578736467,89.02610778808594,55205500
2014-08-18T00:00:00Z,89.49227515083207,89.79389838429722,89.36430511505839,89.71163940429688,38938300
2014-08-19T00:00:00Z,89.92184463946049,90.2691788637793,89.8670053297102,90.2143325805664,21363400
2014-08-20T00:00:00Z,90.14121582538688,90.39714190217173,90.05894988729884,90.2143325805664,23435600
2014-08-21T00:00:00Z,90.26003525721356,90.44283760252674,90.12293001149746,90.39714050292967,19339500
2014-08-22T00:00:00Z,90.43368972535524,90.71703541302176,90.23260298954231,90.53423309326172,24692000
2014-08-25T00:00:00Z,90.96385039296098,91.1100978776212,90.63480749940324,90.85417175292967,24124700
2014-08-26T00:00:00Z,90.99125308152546,91.0460923871098,90.7353200507204,90.94554901123048,20100400
2014-08-27T00:00:00Z,90.97298650986122,91.07352990546376,90.77189971865609,90.9638442993164,15589100
2014-08-28T00:00:00Z,90.65304469811444,90.97295221193924,90.56164354751604,90.86327362060548,23563900
2014-08-29T00:00:00Z,91.06437942830352,91.32031248608102,90.73532961319523,91.20148468017578,17906300
2014-09-02T00:00:00Z,91.42085628496542,91.49398002166664,91.09181341673664,91.46656036376952,18326800
2014-09-03T00:00:00Z,91.71333227100388,91.71333227100388,90.76275171198613,90.92727661132812,25950700
2014-09-04T00:00:00Z,91.1375197412098,91.6036748930054,90.61652526807258,90.84503173828124,24663500
2014-09-05T00:00:00Z,90.98211724721628,91.35686415073512,90.5159621967032,91.3020248413086,30798200
2014-09-08T00:00:00Z,91.32944529132912,91.70419917157388,91.05524176834614,91.47569274902344,25571300
2014-09-09T00:00:00Z,91.48482686815365,91.82301887984607,90.54338153449336,90.71704864501952,36449200
2014-09-10T00:00:00Z,90.83588033828237,91.50312223212012,90.57995423329145,91.46656036376952,31080100
2014-09-11T00:00:00Z,91.07350979460658,91.43912142756665,90.70789816164653,91.39341735839844,28691900
2014-09-12T00:00:00Z,91.31116571863863,91.33858537295193,90.64392391201208,90.92727661132812,30444400
2014-09-15T00:00:00Z,91.02781957411295,91.03696178402986,89.77560878055445,90.04981231689453,32972200
2014-09-16T00:00:00Z,89.71159855835064,91.00951301281376,89.62019740881084,90.83584594726562,38166900
2014-09-17T00:00:00Z,90.81759398940748,91.40256987875448,90.42456265999031,90.97297668457033,37196500
2014-09-18T00:00:00Z,91.25631191989646,91.6676276211032,91.155775520183,91.65848541259766,30196700
2014-09-19T00:00:00Z,92.04149501237646,92.13311365801592,91.23524114467268,91.60172271728516,46918000
2014-09-22T00:00:00Z,91.3817918169841,91.39095577477752,90.3556522257776,90.74961853027344,48658000
2014-09-23T00:00:00Z,90.38314716702536,90.90538097853668,90.3190134354381,90.50225067138672,33989600
2014-09-24T00:00:00Z,90.59387544444178,91.51923962597364,90.28237072415452,91.47342681884766,35959000
2014-09-25T00:00:00Z,91.18025100804232,91.29936152097402,89.51276673748097,89.5494155883789,68642500
2014-09-26T00:00:00Z,89.84258543788769,90.66716697976148,89.68683308832611,90.50225067138672,56106200
2014-09-29T00:00:00Z,89.60436431934109,90.63050386315318,89.55855152254175,90.38313293457033,33342700
2014-09-30T00:00:00Z,90.6305476349266,90.9787082826292,90.080828758094,90.51144409179688,41834300
2014-10-01T00:00:00Z,90.2548829316739,90.34650155292482,88.77980006236027,89.0638198852539,58164900
2014-10-02T00:00:00Z,89.02717103874299,89.33868273905937,87.92773360362663,89.0638198852539,54501300
2014-10-03T00:00:00Z,89.5860495052715,90.3098484622278,89.2745448096473,89.94336700439453,41627800
2014-10-06T00:00:00Z,90.2273969418734,90.44728302819948,89.47611307271103,89.75096893310547,36038700
2014-10-07T00:00:00Z,89.32950621929568,89.58604111874794,88.46827592251873,88.4774398803711,45154000
2014-10-08T00:00:00Z,88.52324190706489,90.48390924576998,88.01016518054563,90.19988250732422,64931600
2014-10-09T00:00:00Z,90.08083118734147,90.30988130803652,88.60574785086105,88.74317932128906,62497100
2014-10-10T00:00:00Z,88.22091651234838,88.71566545026897,86.50761965270038,86.52594757080078,77579400
2014-10-13T00:00:00Z,86.37021859456479,87.0298840770612,85.0967004508779,85.16999816894531,80835900
2014-10-14T00:00:00Z,85.7013720454045,86.27857568528381,84.94092416187473,85.17913818359375,71814500
2014-10-15T00:00:00Z,83.8964620056926,84.98674261009195,82.67791391725258,84.62942504882812,108847800
2014-10-16T00:00:00Z,82.84281807642647,84.8218138079924,82.81533318960793,84.09801483154297,93165800
2014-10-17T00:00:00Z,85.20661926269531,86.022036887833,84.71187031204106,85.20661926269531,69546700
2014-10-20T00:00:00Z,85.19744391078005,86.55342311162745,85.02337064793923,86.4801254272461,41479300
2014-10-21T00:00:00Z,87.55204711678853,88.75227355957031,87.33216113087904,88.75227355957031,53609800
2014-10-22T00:00:00Z,89.02716827864485,89.14627877362572,88.23923557822029,88.2942123413086,39178000
2014-10-23T00:00:00Z,89.18293197126557,90.11746017204251,89.02717960115389,89.62271118164062,48123800
2014-10-24T00:00:00Z,89.81510535620254,90.41980084927594,89.4577878339511,90.3556671142578,43157600
2014-10-27T00:00:00Z,90.18158579592092,90.58471611997932,89.80594035940238,90.4197998046875,29545700
2014-10-28T00:00:00Z,90.84122727065932,91.80323303292003,90.77709355317528,91.784912109375,34495100
2014-10-29T00:00:00Z,91.48258695651072,91.72996492057187,90.79543681864502,91.44593811035156,40552800
2014-10-30T00:00:00Z,91.03364013673918,91.85822160338664,90.83207500155294,91.6383285522461,35935800
2014-10-31T00:00:00Z,93.15925257186274,93.2233863172454,92.6003697949334,92.90271759033205,54254100
2014-11-03T00:00:00Z,93.06764220813886,93.42495981990226,92.93021074437112,93.17758178710938,33481000
2014-11-04T00:00:00Z,92.88437927907484,93.1042723729796,92.23387793722624,92.86605834960938,22773300
2014-11-05T00:00:00Z,93.47991745773284,93.47991745773284,92.55455317804496,92.87522888183594,25818600
2014-11-06T00:00:00Z,92.86604066270402,93.19587325068936,92.46291039071043,93.16838836669922,24671900
2014-11-07T00:00:00Z,93.33333076399023,93.36997961624424,92.60036769901753,93.08595275878906,20931700
2014-11-10T00:00:00Z,93.13173644700464,93.53485971562448,92.88435851916472,93.41575622558594,20360000
2014-11-11T00:00:00Z,93.4340903887781,93.70894622802734,93.17754848607252,93.70894622802734,15454000
2014-11-12T00:00:00Z,93.33330850599988,93.97464579236544,93.33330850599988,93.87386322021484,22050300
2014-11-13T00:00:00Z,94.04795799187232,94.62516163866928,93.83722885666208,94.27700805664062,28027800
2014-11-14T00:00:00Z,94.24951413834748,94.57018280029295,93.93800244527716,94.57018280029295,19251300
2014-11-17T00:00:00Z,94.35028942811856,94.56101153681114,93.83721261858685,94.2861557006836,23361600
2014-11-18T00:00:00Z,94.36861418097516,95.11989801427016,94.35945022238371,94.99163055419922,26336800
2014-11-19T00:00:00Z,94.89085252201788,94.89085252201788,94.12124772475345,94.56101989746094,23760200
2014-11-20T00:00:00Z,94.15789368344046,95.06493693552034,94.0846029781642,94.98247528076172,22874000
2014-11-21T00:00:00Z,95.82542245010674,95.91704810698135,94.86341596342912,95.16576385498048,34049100
2014-11-24T00:00:00Z,95.42225192799764,95.95364971993958,95.33979027542946,95.9078369140625,17928300
2014-11-25T00:00:00Z,96.05442810058594,96.33845492317812,95.80705711580224,96.05442810058594,17526000
2014-11-26T00:00:00Z,96.1460536410934,96.73242122462536,96.04527105735636,96.6774444580078,18973800
2014-11-28T00:00:00Z,96.93398733989449,97.34627464826592,96.86985360325777,97.12638854980467,17360400
2014-12-01T00:00:00Z,96.86066952646856,97.04390673878704,95.66960667624362,96.02692413330078,35969500
2014-12-02T00:00:00Z,96.12773158316044,96.58583172260369,95.92616640339683,96.41175842285156,26031300
2014-12-03T00:00:00Z,96.5583076626954,96.723223925597,95.98110423756508,96.5857925415039,32974300
2014-12-04T00:00:00Z,96.4942414978374,96.9156929113819,96.13692384309196,96.54005432128906,31008800
2014-12-05T00:00:00Z,96.69577447123302,96.84236287526448,96.33845693571824,96.54917907714844,25622200
2014-12-08T00:00:00Z,96.30179389791058,96.72324510872669,95.358108905208,95.8620147705078,32685800
2014-12-09T00:00:00Z,94.7442841761157,96.23768827161044,94.40528752079544,96.16439056396484,46035100
2014-12-10T00:00:00Z,95.99029276189242,96.22850677329976,94.4785680100204,94.65264129638672,39330100
2014-12-11T00:00:00Z,94.927505110013,96.23767170085588,94.90917719123031,95.1015853881836,47576000
2014-12-12T00:00:00Z,94.19453638432783,95.27565285469883,94.05711195211956,94.06626892089844,46889400
2014-12-15T00:00:00Z,94.5518708243841,94.90003142181456,92.8294167283387,93.0951156616211,52968400
2014-12-16T00:00:00Z,92.50875919220874,93.8830598469646,91.5833947941245,91.60172271728516,65348600
2014-12-17T00:00:00Z,91.665837495226,93.5348798475912,91.54672698949908,93.2691879272461,79715300
2014-12-18T00:00:00Z,94.60684156121532,95.52304182854051,94.3503066047728,95.51387786865234,49840900
2014-12-19T00:00:00Z,95.61225672177372,96.32035632596136,95.37315514722717,95.93412017822266,51419900
2014-12-22T00:00:00Z,95.77779873475538,96.20082032942952,95.73181522868512,96.17323303222656,33869200
2014-12-23T00:00:00Z,96.52268013362632,96.53187823770833,95.72261346483634,95.83296966552734,30156900
2014-12-24T00:00:00Z,95.95251935184854,96.28358094609636,95.88814665386133,95.91574096679688,14291300
2014-12-26T00:00:00Z,96.19164284096344,96.79859157390304,96.1640555378479,96.59627532958984,13924300
2014-12-29T00:00:00Z,96.50430943152288,96.78938756780605,96.44912781255589,96.57787322998048,17073800
2014-12-30T00:00:00Z,96.30196713534878,96.5226725031856,95.80537479564308,95.93412017822266,18604000
2014-12-31T00:00:00Z,96.09964391971616,96.4766889525821,94.81218317211786,94.95012664794922,24367100
2015-01-02T00:00:00Z,95.41913741642168,95.82376274955088,94.20524738483998,94.66505432128906,31314600
2015-01-05T00:00:00Z,94.25126286243383,94.3616190986331,93.00978502361684,93.27647399902344,36521300
2015-01-06T00:00:00Z,93.4144066791464,93.57073940017726,91.61196379405769,92.02578735351562,66205500
2015-01-07T00:00:00Z,92.63272757576864,93.43278731960793,92.41201514924192,93.21208190917967,37577400
2015-01-08T00:00:00Z,94.00292441400104,95.18002896363282,93.901766334008,94.99610900878906,40212600
2015-01-09T00:00:00Z,95.29037943735304,95.31796672731718,93.81899182236754,94.37076568603516,41410100
2015-01-12T00:00:00Z,94.55470934333177,94.65586744263396,93.14770107352577,93.38680267333984,34129800
2015-01-13T00:00:00Z,94.29720962574586,95.29039431610929,92.60511641074552,93.35919952392578,56162300
2015-01-14T00:00:00Z,92.42121663906276,93.32244154013908,92.02578229717705,92.84423828125,51354200
2015-01-15T00:00:00Z,93.27647681193008,93.42361144853292,91.52920827463292,91.63956451416016,51005400
2015-01-16T00:00:00Z,91.51999112541314,92.83503955440789,91.37285651942354,92.71549224853516,35362200
2015-01-20T00:00:00Z,93.2764505949454,93.69027409868492,92.22809117044696,93.45117950439452,30964100
2015-01-21T00:00:00Z,93.1752914850627,94.37079250799836,92.8442298792066,93.92937469482422,40128800
2015-01-22T00:00:00Z,94.29721944025876,95.76860042203354,93.46956544547984,95.66744232177734,40887200
2015-01-23T00:00:00Z,95.65826246311264,96.17325116703566,95.38238242296391,95.87897491455078,34783000
2015-01-26T00:00:00Z,95.76863861083984,95.9433675838844,95.28124412403218,95.76863861083984,19960900
2015-01-27T00:00:00Z,94.2604485247531,94.31562312751836,92.97298733680496,93.28565979003906,45253200
2015-01-28T00:00:00Z,94.7846053910838,94.88576348243744,92.78904489092028,92.80743408203124,43591700
2015-01-29T00:00:00Z,92.73388810872083,93.87421471357284,91.9246301773639,93.6994857788086,46539700
2015-01-30T00:00:00Z,93.61669534839994,94.33399304883748,92.84421604447694,92.97296142578124,42927600
2015-02-02T00:00:00Z,93.18449129885748,93.86500371622202,91.73149944829407,93.78224182128906,43624700
2015-02-03T00:00:00Z,94.12249132066026,94.74782912013409,93.5063516256767,94.68345642089844,30750400
2015-02-04T00:00:00Z,94.29722605635696,95.22603821655956,94.0857117365906,94.60070037841795,34073200
2015-02-05T00:00:00Z,94.83976724237716,95.48350110235712,94.6006727095612,95.41912841796876,23605500
2015-02-06T00:00:00Z,95.56627087853845,95.79617434409464,94.49952244672812,94.83977508544922,34169300
2015-02-09T00:00:00Z,94.47195084695794,94.98693245020068,94.3064200436159,94.53632354736328,22604700
2015-02-10T00:00:00Z,95.06051947280734,96.13646637004057,94.91337783757922,96.00772094726562,23686500
2015-02-11T00:00:00Z,96.1180380181558,96.57784495034691,95.93411805171812,96.35713958740234,20303600
2015-02-12T00:00:00Z,96.98248022709336,97.51585796841954,96.8353456527155,97.47907257080078,22520300
2015-02-13T00:00:00Z,97.7549984861376,98.3343529432034,97.57107142477544,98.3159637451172,29030200
2015-02-17T00:00:00Z,98.31593795071451,98.47227064978152,98.0676382370451,98.40789794921876,17675300
2015-02-18T00:00:00Z,98.28834720404312,98.60101962962376,98.15960179824476,98.54584503173828,15149600
2015-02-19T00:00:00Z,98.48144445738954,99.0975910730561,98.45385716428896,99.03321838378906,19828100
2015-02-20T00:00:00Z,98.96888508731313,99.75055577271324,98.65621260349326,99.69538116455078,28336700
2015-02-23T00:00:00Z,99.64017609199216,99.82410310274967,99.4194706951812,99.7965087890625,17868000
2015-02-24T00:00:00Z,99.667770451802,99.9896409894101,99.36430314072072,99.87008666992188,19745000
2015-02-25T00:00:00Z,99.72294612793776,100.10918233074676,99.4010756094988,99.62178802490234,19472300
2015-02-26T00:00:00Z,99.72293811303936,100.18274508402742,99.4470511240075,100.1275634765625,22255500
2015-02-27T00:00:00Z,100.09076728768002,100.15514699213225,99.52980929835276,99.68614196777344,27757600
2015-03-02T00:00:00Z,99.87927974391448,100.62416485847145,99.86088353441286,100.5873794555664,22988600
2015-03-03T00:00:00Z,100.28391612651257,100.38507423447818,99.48384936790222,100.1183853149414,20788900
2015-03-04T00:00:00Z,99.78730593338238,99.9344405085398,99.18955549708056,99.73212432861328,21007400
2015-03-05T00:00:00Z,99.98965216372612,100.21035760084062,99.493059668144,99.9068832397461,15381000
2015-03-06T00:00:00Z,99.77810974707148,99.9712278272309,98.5274342617651,98.7757339477539,30990400
2015-03-09T00:00:00Z,98.9780678705957,99.30912952398342,98.57344241786556,99.0608367919922,26237100
2015-03-10T00:00:00Z,98.35269393047254,98.3802882382256,97.22157287597656,97.22157287597656,34234500
2015-03-11T00:00:00Z,97.3687289739574,97.48828328570868,96.62384387008348,96.66062927246094,25459700
2015-03-12T00:00:00Z,96.5870668658558,97.40552284564858,96.5226941601226,97.29517364501952,21473200
2015-03-13T00:00:00Z,97.20319293512156,97.5894361312296,96.26518978136832,96.87213134765624,42021100
2015-03-16T00:00:00Z,97.2307906830172,98.15959576546518,97.12963258237863,98.12281036376952,25674100
2015-03-17T00:00:00Z,97.85613031322444,98.43548461456626,97.62622681039224,98.2791519165039,19603800
2015-03-18T00:00:00Z,98.0124714628502,99.69536693256062,97.50668090656606,99.2447509765625,40622200
2015-03-19T00:00:00Z,99.345915594904,99.66777914448542,99.19878097913788,99.39189910888672,31314000
2015-03-20T00:00:00Z,100.21037856402602,100.53298230937833,100.01681631681464,100.03524780273438,31761400
2015-03-23T00:00:00Z,99.97994318697738,100.25645766053404,99.804812431161,99.84168243408205,17268500
2015-03-24T00:00:00Z,99.83247804230064,100.2933425990942,99.46379202265388,99.4822235107422,22445300
2015-03-25T00:00:00Z,99.63891543655204,99.73108694115317,97.1686811391735,97.20555114746094,41581400
2015-03-26T00:00:00Z,96.40363449411308,97.42675426536609,96.08103074467166,96.87371826171876,47846300
2015-03-27T00:00:00Z,96.8552929875294,97.49128126800848,96.70781295990628,97.26084899902344,33878400
2015-03-30T00:00:00Z,97.85075154434264,98.45908901221786,97.85075154434264,98.37613677978516,30570200
2015-03-31T00:00:00Z,98.09962390287777,98.3024054207512,97.30693635059151,97.33458709716795,30488100
2015-04-01T00:00:00Z,97.33459113160592,97.35302965157756,96.2008682815722,96.82764434814452,32970500
2015-04-02T00:00:00Z,96.91982451728474,97.20555831227948,96.57878218966464,96.89217376708984,19164200
2015-04-06T00:00:00Z,96.32071301361722,97.95217080014226,96.17323294836206,97.68487548828124,24451100
2015-04-07T00:00:00Z,97.62953150438366,98.34847898090536,97.51892852783205,97.51892852783205,19379400
2015-04-08T00:00:00Z,97.5557811980124,98.43142785258298,97.54656897242845,98.2931671142578,25866900
2015-04-09T00:00:00Z,98.24709008322635,98.94760608760804,97.91527411508147,98.91073608398438,23114700
2015-04-10T00:00:00Z,98.87386642568129,99.3255186974732,98.65265343540074,99.31629943847656,17164300
2015-04-13T00:00:00Z,99.39003996247943,99.89698669418324,98.95682620642955,99.06743621826172,17783500
2015-04-14T00:00:00Z,98.96602723184915,99.2517609194789,98.21942209594737,98.78167724609376,23755700
2015-04-15T00:00:00Z,99.03978769286758,99.61126225903304,98.91996544303193,99.39926147460938,21128600
2015-04-16T00:00:00Z,99.131952465692,99.43611767800896,98.99369171523853,99.26099395751952,16195300
2015-04-17T00:00:00Z,98.31162683301405,98.57892207726216,97.28850699387544,97.7125015258789,46514000
2015-04-20T00:00:00Z,98.2010317183125,99.3531932406802,98.16416170572845,99.17806243896484,28945900
2015-04-21T00:00:00Z,99.74950025956063,99.9246309966202,99.48219804118722,99.60202026367188,22759800
2015-04-22T00:00:00Z,99.86010277317394,100.31175498436816,99.2148953746582,100.14584350585938,21429200
2015-04-23T00:00:00Z,99.80481804713502,100.97541785098616,99.78638656075438,100.52376556396484,29473200
2015-04-24T00:00:00Z,101.58374433090576,102.0261773106152,101.41783284254392,101.8879165649414,32508100
2015-04-27T00:00:00Z,102.2658252362227,102.45939450606949,101.40861702266044,101.6298370361328,31121300
2015-04-28T00:00:00Z,101.70359277746516,101.8971620906476,100.569869841599,101.42707824707033,36849200
2015-04-29T00:00:00Z,100.86477850172932,101.45468434563053,100.23800266355528,100.7910385131836,34043900
2015-04-30T00:00:00Z,100.2195882820847,100.62514422381784,98.68029564554456,99.20568084716795,44080500
2015-05-01T00:00:00Z,99.59282026461018,100.579070003435,99.57438174674388,100.5145492553711,32874300
2015-05-04T00:00:00Z,100.83715030536028,101.30723404713208,100.62514954895842,100.68045806884766,23507300
2015-05-05T00:00:00Z,100.28413490729044,100.46847792545218,98.99371268345226,99.039794921875,47843300
2015-05-06T00:00:00Z,99.21488166011694,99.500615321072,97.70324707920592,98.35767364501952,42687200
2015-05-07T00:00:00Z,98.33004460995558,99.22412281609166,98.25630460626246,98.94760131835938,29335800
2015-05-08T00:00:00Z,99.97071562849209,100.3947100785323,99.8232426612854,100.1827163696289,33023300
2015-05-11T00:00:00Z,100.24726085157704,100.4500423827126,99.72187553555996,99.7956085205078,19679300
2015-05-12T00:00:00Z,99.20567237322336,99.85088677962418,98.44064278163376,99.34393310546876,33665000
2015-05-13T00:00:00Z,99.77718522813583,100.29335132634476,99.39927288320744,99.5467529296875,20738400
2015-05-14T00:00:00Z,100.35786006827976,101.08602688802878,99.9891740607102,101.0030746459961,23904200
2015-05-15T00:00:00Z,101.2611576641887,101.39941843314467,100.75420385542834,101.0030746459961,23937400
2015-05-18T00:00:00Z,100.83715809754943,101.64827711885334,100.76341808682147,101.44549560546876,17631100
2015-05-19T00:00:00Z,101.55609762608802,101.71278986237272,101.1689731485962,101.33488464355467,14212900
2015-05-20T00:00:00Z,101.40863391981544,102.00775924972274,100.86481711860895,101.39942169189452,21131900
2015-05-21T00:00:00Z,101.22427345459286,102.0630501782681,101.07680047870338,101.92478942871094,16771800
2015-05-22T00:00:00Z,101.80499439903043,102.19212603442185,101.74047363183792,101.82343292236328,13543800
2015-05-26T00:00:00Z,101.60218826741844,101.74044198823364,100.24724554555723,100.65280151367188,25488400
2015-05-27T00:00:00Z,100.9569896349277,102.38567258730984,100.73577661461344,102.27506256103516,30572700
2015-05-28T00:00:00Z,102.08149433522102,102.32114586205404,101.73123982079947,102.04462432861328,17302400
2015-05-29T00:00:00Z,101.98011137217873,102.11837214947008,101.19664301050808,101.43629455566406,30383000
2015-06-01T00:00:00Z,101.9801023796646,102.0538423920157,100.9477633034532,101.7773208618164,24570200
2015-06-02T00:00:00Z,101.3994332994498,101.9524694241203,100.9016986775756,101.4547348022461,19449600
2015-06-03T00:00:00Z,101.91558049495865,102.13679349732033,101.5100174637668,101.7588882446289,20507200
2015-06-04T00:00:00Z,101.1874159194506,101.8326304861336,100.66203063218992,100.98463439941406,31374600
2015-06-05T00:00:00Z,100.86480209363695,101.10445359634804,100.12741610017244,100.74497985839844,22641700
2015-06-08T00:00:00Z,100.6988701705419,100.7726101613774,99.51905844610374,99.72183990478516,24549200
2015-06-09T00:00:00Z,99.48220634599744,99.9154200797939,98.8093411149922,99.55594635009766,27554600
2015-06-10T00:00:00Z,99.89700789681396,101.21508093057284,99.78640489374108,100.92012786865234,30297900
2015-06-11T00:00:00Z,101.26112812514889,101.52843032522604,100.8924351928965,101.06756591796876,17593500
2015-06-12T00:00:00Z,100.53299778452754,100.7449985825264,100.099783960269,100.23804473876952,27201800
2015-06-15T00:00:00Z,99.49143167143492,99.89698765424872,98.91073789402802,99.74029541015624,31238800
2015-06-16T00:00:00Z,99.638881387965,100.4500072286409,99.59279916752918,100.28409576416016,16456900
2015-06-17T00:00:00Z,100.45003544183746,100.8832421903247,99.94308164902796,100.56063842773438,23296700
2015-06-18T00:00:00Z,100.92933942912914,102.20132309306966,100.87403793181198,102.02619934082033,43032400
2015-06-19T00:00:00Z,102.07605931417996,102.1592093773598,101.44784180285042,101.5217514038086,27877600
2015-06-22T00:00:00Z,102.27008819580078,102.57496007743704,102.03912593063556,102.27008819580078,19120900
2015-06-23T00:00:00Z,102.3809782059808,102.44564737445182,101.92829402668362,102.35326385498048,18127900
2015-06-24T00:00:00Z,102.2331101014494,102.66731311046016,101.7989000440318,101.8266143798828,15815900
2015-06-25T00:00:00Z,102.223908807559,102.32553277688832,101.45711232931406,101.62340545654295,18326700
2015-06-26T00:00:00Z,101.60492894354113,101.83589122268788,100.57021539553628,100.94898986816406,32311700
2015-06-29T00:00:00Z,99.83114438334184,100.38545955365706,98.51928018353752,98.5654754638672,50874900
2015-06-30T00:00:00Z,99.3045187623022,99.51700711589724,98.61163207003416,98.91650390625,34809900
2015-07-01T00:00:00Z,99.8957896704386,100.09903757785408,99.23985772731224,99.7017822265625,21293000
2015-07-02T00:00:00Z,99.98817581637891,100.07131883935529,99.42462738817844,99.7294921875,20499400
2015-07-06T00:00:00Z,99.10126460374902,100.0713087309362,98.88878331200048,99.49851989746094,24311000
2015-07-07T00:00:00Z,99.60940706879477,99.84036933774006,97.77094938154468,99.74798583984376,44230800
2015-07-08T00:00:00Z,99.03659647121616,99.1567013358143,97.82635670179371,98.01112365722656,39691500
2015-07-09T00:00:00Z,99.31377829956386,99.40616179992811,97.9464785295814,97.95571899414062,28381000
2015-07-10T00:00:00Z,99.25833935650935,99.82188781345371,98.8980388084182,99.4523468017578,26415800
2015-07-13T00:00:00Z,100.31152349253956,101.28156068816732,100.30228302922644,101.19841766357422,25780700
2015-07-14T00:00:00Z,101.33699281022284,102.14073687962836,101.28155708072696,101.86358642578124,21977200
2015-07-15T00:00:00Z,102.05760686774867,102.37171216516415,101.6880658337707,101.97445678710938,28631500
2015-07-16T00:00:00Z,102.81514621187536,103.43412329099398,102.61189832358978,103.4156494140625,29838900
2015-07-17T00:00:00Z,104.24713086321518,104.94001770019533,104.0716043240986,104.94001770019533,35926800
2015-07-20T00:00:00Z,105.16173709233568,105.67909029519858,104.83839134054637,105.3003158569336,26539000
2015-07-21T00:00:00Z,105.33727365703712,105.50356678072497,104.93078483678532,105.23565673828124,35468900
2015-07-22T00:00:00Z,103.62814036998088,104.55198936758808,103.62814036998088,104.04387664794922,35575000
2015-07-23T00:00:00Z,104.14552215037588,104.48734183923524,103.38796609752792,103.65587615966795,25698300
2015-07-24T00:00:00Z,104.21018087130524,104.39494787118258,102.48258052397428,102.63963317871094,30844700
2015-07-27T00:00:00Z,102.05758988039187,102.50103340862766,101.5679510874446,101.7896728515625,35994800
2015-07-28T00:00:00Z,102.24235062590785,102.870568126385,101.42936617463457,102.66732025146484,33553500
2015-07-29T00:00:00Z,102.88908101876008,103.27709596503492,102.49182560755214,103.0553741455078,26714100
2015-07-30T00:00:00Z,102.81513388235274,103.7205017599893,102.19615687746143,103.54497528076172,25438100
2015-07-31T00:00:00Z,103.86836220079562,103.92379089536348,103.21243013757348,103.42491149902344,22081700
2015-08-03T00:00:00Z,103.4433739094698,103.729764844676,102.4179009531017,103.10154724121094,25001800
2015-08-04T00:00:00Z,103.05538151171636,103.2401485331275,102.4825924678857,102.90756225585938,22132300
2015-08-05T00:00:00Z,103.4803579233816,104.39496672020724,103.36025300820748,103.70207977294922,28989900
2015-08-06T00:00:00Z,103.79442259760953,103.93300134241429,101.57718382595648,102.0391082763672,42125400
2015-08-07T00:00:00Z,101.7896769549531,102.1499774793222,101.06907590621488,101.90977478027344,30006800
2015-08-10T00:00:00Z,102.55646129921185,103.2955361392651,102.54722083729408,103.07381439208984,21500800
2015-08-11T00:00:00Z,102.52879123424624,102.92604668735912,101.18920561402352,101.75275421142578,36123300
2015-08-12T00:00:00Z,101.05062561952607,102.30706112848443,99.97896418447937,102.10381317138672,41889000
2015-08-13T00:00:00Z,102.20538647043696,102.69503223719973,101.7157477520809,101.93746948242188,22510500
2015-08-14T00:00:00Z,101.69730334928371,102.24237089608042,101.4940554340684,102.09455871582033,17924900
2015-08-17T00:00:00Z,101.84509847420637,102.97219523462816,101.58642191576352,102.9444808959961,21224900
2015-08-18T00:00:00Z,102.8059073131894,102.88905738166568,102.27931370753288,102.41789245605467,13984400
2015-08-19T00:00:00Z,102.10379268779798,102.64886728597423,101.1522293053844,101.74349212646484,42511400
2015-08-20T00:00:00Z,100.80115526502024,101.12450097425904,98.91650264036114,98.92574310302734,57747300
2015-08-21T00:00:00Z,97.5307499408546,98.3622155468092,94.6021499633789,94.6021499633789,97763400
2015-08-24T00:00:00Z,87.05430336470248,94.72224662781696,78.28697037411304,90.9621810913086,150829900
2015-08-25T00:00:00Z,94.29726029398071,94.91623738737177,90.54643588210357,90.6203384399414,75088300
2015-08-26T00:00:00Z,93.2717837616375,95.3689247041787,91.3963716291498,95.18415069580078,104103800
2015-08-27T00:00:00Z,96.560669539175,97.66005182185768,95.415099047419,97.59538269042967,69377700
2015-08-28T00:00:00Z,97.07804791367,97.92798724340996,96.865559557031,97.5769271850586,49919600
2015-08-31T00:00:00Z,97.0318486651179,97.56768271777412,96.12648069185104,96.3666763305664,39549400
2015-09-01T00:00:00Z,93.96466362543448,95.42434646801637,92.96690519771464,93.35492706298828,73155500
2015-09-02T00:00:00Z,95.04558508712236,96.00638891824956,93.95544295645963,95.9879150390625,43963600
2015-09-03T00:00:00Z,96.36670899210628,97.02264108643504,95.24885229204652,95.51676940917967,45131800
2015-09-04T00:00:00Z,94.20488330528322,95.01786788481442,93.85381617561526,94.3804168701172,49379600
2015-09-08T00:00:00Z,96.19117528735714,97.16121265826744,95.79391987401016,97.0411148071289,37343500
2015-09-09T00:00:00Z,98.18667115310568,98.2143854955186,95.70151507341951,95.95095825195312,47146700
2015-09-10T00:00:00Z,95.84007724890606,97.63234626448482,95.72921989843798,96.99488830566406,47686700
2015-09-11T00:00:00Z,96.55144603864466,97.53072357177734,96.27428856212424,97.53072357177734,29106100
2015-09-14T00:00:00Z,97.89107009067008,97.9095510236118,96.86559681313648,97.23513793945312,19718800
2015-09-15T00:00:00Z,97.4660526325782,98.68553281959927,97.10575214880429,98.3806610107422,30020200
2015-09-16T00:00:00Z,98.39917802100248,99.0273957446088,98.05735128737216,98.93500518798828,31329100
2015-09-17T00:00:00Z,98.833367378085,100.45010309956912,98.51925505845286,98.97193908691406,56139800
2015-09-18T00:00:00Z,97.45315819702128,98.72190614556558,97.39758759081472,97.56428527832033,48384000
2015-09-21T00:00:00Z,98.10140480664812,98.67558719358716,96.99009180705308,97.86988067626952,35772600
2015-09-22T00:00:00Z,96.36959439322864,96.70298968070556,95.5083244115058,96.4066390991211,47359700
2015-09-23T00:00:00Z,96.6659675447498,96.92528054654238,95.98065798961863,96.48075103759766,21775100
2015-09-24T00:00:00Z,95.54536940961898,96.48999174887771,94.7118811883775,96.12881469726562,38284300
2015-09-25T00:00:00Z,97.15678753119164,97.24939576839006,94.7211492060955,95.31385040283205,44700000
2015-09-28T00:00:00Z,94.90636513892092,94.97119160631928,92.3225552545212,92.60037994384766,44077500
2015-09-29T00:00:00Z,92.8319190766253,93.77654154367276,91.45203715262748,92.11882781982422,49315500
2015-09-30T00:00:00Z,93.43390203566962,94.34147997402133,93.0727248626413,94.23960876464844,41411400
2015-10-01T00:00:00Z,94.40629008962344,94.67485895269824,93.15605402155472,94.66559600830078,39339100
2015-10-02T00:00:00Z,93.35054896131948,96.32331848144533,93.05419830383036,96.32331848144533,59370900
2015-10-05T00:00:00Z,97.03641054325104,97.9625072379804,96.82341226017526,97.70320129394533,32853500
2015-10-06T00:00:00Z,97.47164402916316,97.79577634916583,96.48072118483805,97.24011993408205,33051500
2015-10-07T00:00:00Z,97.85136671295132,98.03658320022782,96.58261187188349,97.82357788085938,37389300
2015-10-08T00:00:00Z,97.4531105204998,98.37920676122636,96.50848839824867,98.21250915527344,50188900
2015-10-09T00:00:00Z,98.2588445380028,98.8422898983112,97.99027568518014,98.65706634521484,23916200
2015-10-12T00:00:00Z,98.84231700581006,99.0830970925351,98.4903956911906,98.89788055419922,16162000
2015-10-13T00:00:00Z,98.33293188793964,99.3331178569236,98.1662342264423,98.25884246826172,26999600
2015-10-14T00:00:00Z,98.2588599165034,98.74969004430544,97.69394035586708,98.10142517089844,30902600
2015-10-15T00:00:00Z,98.46261553048322,99.7221077953688,98.3329625384119,99.7128448486328,38393800
2015-10-16T00:00:00Z,99.9258276185849,100.18513354405074,99.44425341509988,100.12957000732422,27091100
2015-10-19T00:00:00Z,99.99991464743776,100.7685694607695,99.77764637474668,100.70374298095705,23776300
2015-10-20T00:00:00Z,100.52780849938104,100.7408068025013,99.84249179358773,100.18515014648438,23404700
2015-10-21T00:00:00Z,100.69449679327155,100.79636092944658,99.53687592409533,99.57391357421876,30195200
2015-10-22T00:00:00Z,100.4629559912307,101.68540314412424,100.1758612586149,101.60205078125,42778700
2015-10-23T00:00:00Z,104.33405572026598,104.87118642669604,103.78765500309105,104.44518280029295,53170900
2015-10-26T00:00:00Z,104.37110146864956,104.71375981162116,103.97287958135294,104.51001739501952,25918000
2015-10-27T00:00:00Z,104.23216193809266,104.87116370647978,104.20437310854936,104.72299194335938,31390500
2015-10-28T00:00:00Z,104.88044506899344,105.59353637695312,104.03769373039349,105.59353637695312,42221900
2015-10-29T00:00:00Z,105.11194943904113,105.6027794380914,105.00081531894176,105.42681884765624,24913300
2015-10-30T00:00:00Z,105.47313297372952,105.64909357496909,104.92673941385736,104.95452117919922,27199200
2015-11-02T00:00:00Z,105.23236052238168,106.26959132114273,105.01009930320316,106.1399383544922,22176900
2015-11-03T00:00:00Z,105.92693057451872,106.89007192284753,105.76949584229216,106.5103759765625,20418400
2015-11-04T00:00:00Z,106.86229638005906,106.93638581091386,106.07511560750874,106.51963806152344,28633000
2015-11-05T00:00:00Z,106.61223164305942,106.87153753261784,105.67687219953314,106.23252868652344,25004100
2015-11-06T00:00:00Z,106.02878596149858,106.42700773782452,105.35273947541036,106.3066177368164,29924900
2015-11-09T00:00:00Z,105.90841315876374,106.04732906898094,104.52853113253458,105.17679595947266,33479800
2015-11-10T00:00:00Z,104.62114592492247,105.01010484540248,104.30626937104071,104.90823364257812,35452100
2015-11-11T00:00:00Z,105.19531273951677,105.704668711897,104.60261146195973,104.77857208251952,22748800
2015-11-12T00:00:00Z,104.35258908992476,104.86194516289994,103.68579825459648,103.7598876953125,31196900
2015-11-13T00:00:00Z,103.32457728340084,103.43571139738624,101.66686384394885,101.72242736816406,52836000
2015-11-16T00:00:00Z,101.62056317228416,103.20418720100994,101.38903906751918,103.18566131591795,33980600
2015-11-17T00:00:00Z,103.36163003328012,103.99137593043746,102.99119002338368,103.25049591064452,30579500
2015-11-18T00:00:00Z,103.66722471077512,105.33419385369768,103.56535354994853,105.2323226928711,32966500
2015-11-19T00:00:00Z,105.2879234378116,105.78801644361214,105.1026998807246,105.3064422607422,26188100
2015-11-20T00:00:00Z,105.80651071637334,106.10286127339438,105.7046395500016,106.01951599121094,22727600
2015-11-23T00:00:00Z,106.05658709656316,106.4455530661617,105.26015046400214,105.71393585205078,20696200
2015-11-24T00:00:00Z,105.02859101230057,105.87133502126451,104.50070930701683,105.6212921142578,26374400
2015-11-25T00:00:00Z,105.77876233605774,105.90841530407162,105.49167463053509,105.71393585205078,14159900
2015-11-27T00:00:00Z,105.94548160244828,106.07513459687588,105.50095200329773,105.86212921142578,8828000
2015-11-30T00:00:00Z,106.17698178538592,106.17698178538592,105.2508851401851,105.59353637695312,25041600
2015-12-01T00:00:00Z,106.01955358143564,106.64929962158205,105.88989354280928,106.64929962158205,28639400
2015-12-02T00:00:00Z,106.73264041052742,107.19568874202646,105.8343255169302,105.99176025390624,22395500
2015-12-03T00:00:00Z,106.27885450550548,106.46407101097874,103.57464689292112,104.19513702392578,42754300
2015-12-04T00:00:00Z,104.51000564378046,106.80672844691954,104.29700737077948,106.63076782226562,40037300
2015-12-07T00:00:00Z,106.70484167701234,106.7696681504937,105.63982927077063,106.14918518066406,25892100
2015-12-08T00:00:00Z,105.037856166174,106.50109023205194,105.00081146083537,106.15843200683594,30792600
2015-12-09T00:00:00Z,105.6953929197723,106.2788382473174,103.90802635970935,104.54703521728516,48509200
2015-12-10T00:00:00Z,104.78783162410036,105.72319116775084,104.47295510624848,105.01935577392578,30154600
2015-12-11T00:00:00Z,103.80617827530212,104.08401011838676,102.53743028692357,102.60225677490234,56022200
2015-12-14T00:00:00Z,102.7411328958575,103.42644222694707,101.29641776326154,103.38013458251952,53098500
2015-12-15T00:00:00Z,104.33407301698016,104.90824853379289,103.88028047978274,104.00993347167967,48428000
2015-12-16T00:00:00Z,104.71371407842408,105.73241865096058,103.62092010210742,105.55646514892578,44944100
2015-12-17T00:00:00Z,106.01955254663577,106.01955254663577,104.00066147283262,104.01918029785156,45668800
2015-12-18T00:00:00Z,103.6958949725896,103.92812622208336,102.02383422851562,102.02383422851562,53746100
2015-12-21T00:00:00Z,102.989920591544,103.17570276262498,102.22820235069511,103.1571273803711,26432800
2015-12-22T00:00:00Z,103.7051942822254,103.98387463817215,103.15713189256884,103.83524322509766,26540300
2015-12-23T00:00:00Z,104.37402330596754,104.6805702854835,104.1882411234866,104.60625457763672,25656900
2015-12-24T00:00:00Z,104.6062594733525,104.87564861155283,104.54123499772732,104.58767700195312,11468600
2015-12-28T00:00:00Z,104.33687084706972,104.55052674639288,103.5844437558388,104.53194427490234,19183600
2015-12-29T00:00:00Z,105.15431657044002,106.40837110231438,105.08929209810944,106.17613983154295,27725700
2015-12-30T00:00:00Z,106.08323804474549,106.12039589726118,105.20076208068892,105.2193374633789,19520100
2015-12-31T00:00:00Z,104.84777748273102,105.0428509012176,103.89097868662633,103.90956115722656,29886800
2016-01-04T00:00:00Z,101.670820820645,101.81016096395874,100.43535617066942,101.71726989746094,50807600
2016-01-05T00:00:00Z,102.2189204539037,102.34896940296773,101.06705529627826,101.54080200195312,38795200
2016-01-06T00:00:00Z,99.7758675068503,101.15067294942506,99.7758675068503,100.5654525756836,41891100
2016-01-07T00:00:00Z,98.41959247550211,99.66435555407196,97.36061863328172,97.4163589477539,61386300
2016-01-08T00:00:00Z,98.12235441068998,98.73544837007428,96.51531797861172,96.61750030517578,69344000
2016-01-11T00:00:00Z,97.30491127364596,97.5928758076222,95.4284855540599,96.91476440429688,50024100
2016-01-12T00:00:00Z,97.8436839008501,98.54037773593936,96.68252750903464,98.03875732421876,46734200
2016-01-13T00:00:00Z,98.43818770625244,98.67971020125532,94.50883166537928,94.65746307373048,69870700
2016-01-14T00:00:00Z,95.02903125524692,97.51855056284428,93.51487895481516,96.67322540283205,78445700
2016-01-15T00:00:00Z,93.46843298723678,94.69461366355404,92.43732570406826,93.67279052734376,91443900
2016-01-19T00:00:00Z,94.94542429616764,95.0940556993962,92.78102732481553,93.87715911865234,56563800
2016-01-20T00:00:00Z,92.40017236633082,94.59243596847244,90.33795769930477,93.58919525146484,86675000
2016-01-21T00:00:00Z,93.98863007522374,95.07547060455772,92.72529153121434,93.6820831298828,61660100
2016-01-22T00:00:00Z,95.56778867745236,96.43168909549064,95.24266638832708,96.39453125,42229800
2016-01-25T00:00:00Z,96.05082961679648,96.5988918691078,94.88038233712616,94.9639892578125,38881500
2016-01-26T00:00:00Z,95.36346267798211,96.22735629442462,94.5274285959479,95.81863403320312,36143900
2016-01-27T00:00:00Z,95.26127328148732,95.66999551242016,93.03185159032124,93.43128967285156,54524700
2016-01-28T00:00:00Z,94.98258220448214,95.01974005531176,93.13402342030382,94.75035095214844,47641500
2016-01-29T00:00:00Z,94.72247633511162,96.7661083481794,94.694609721127,96.72895050048828,54245100
2016-02-01T00:00:00Z,96.26449201898124,97.35133961930512,95.8929277009624,96.9890594482422,32750300
2016-02-02T00:00:00Z,96.54316412575746,96.58032197182304,94.6017074198534,94.88967895507812,44928100
2016-02-03T00:00:00Z,95.52134199846304,95.52134199846304,92.78100949686068,94.43450164794922,61572900
2016-02-04T00:00:00Z,94.18372465804364,95.17767433008405,93.30124856042214,94.4252471923828,49321600
2016-02-05T00:00:00Z,94.09082429086062,94.1279821453412,90.77456196518186,91.14613342285156,70749900
2016-02-08T00:00:00Z,89.44619199181507,90.152176999034,88.09924644599371,89.75273895263672,91673100
2016-02-09T00:00:00Z,88.55443379934077,90.83029751899322,88.41509361327023,89.47406768798828,73778400
2016-02-10T00:00:00Z,90.50516682663832,91.67561436009072,89.75273981298675,89.81776428222656,59421700
2016-02-11T00:00:00Z,88.67520429451308,90.40300584168146,88.42439759314742,89.68773651123047,76839200
2016-02-12T00:00:00Z,90.70024891781922,91.14613609753464,89.85493073677246,91.05323791503906,49186500
2016-02-16T00:00:00Z,92.40019312932728,93.1061782836914,91.82425693930168,93.1061782836914,40565900
2016-02-17T00:00:00Z,93.7842753857289,95.34486980626656,93.54275288012036,95.2148208618164,41766500
2016-02-18T00:00:00Z,95.51207178112524,95.53064716347892,94.00721067359352,94.1279754638672,38991500
2016-02-19T00:00:00Z,93.67277997598929,94.69460299710089,93.46842245890124,94.40663146972656,28257900
2016-02-22T00:00:00Z,95.28913213903542,96.03226791746664,95.19624105262346,95.93937683105467,23979100
2016-02-23T00:00:00Z,95.38201501141614,95.64211286582496,94.29517451100718,94.36019897460938,29869700
2016-02-24T00:00:00Z,93.25477959710987,95.38201868420067,92.67884354935975,95.26126098632812,40739100
2016-02-25T00:00:00Z,95.45635748531276,96.19949340820312,94.60174089764024,96.19949340820312,29389300
2016-02-26T00:00:00Z,96.93331406013826,96.95189652734818,95.84647360380332,96.07870483398438,30925000
2016-02-29T00:00:00Z,95.98583038043937,96.70109957491512,95.2148208618164,95.2148208618164,27553900
2016-03-01T00:00:00Z,96.125151334778,98.27096557617188,95.82789565161032,98.27096557617188,37699800
2016-03-02T00:00:00Z,98.1502356690526,98.32672662995093,97.54643289847652,98.3081512451172,29209800
2016-03-03T00:00:00Z,98.20595190581928,98.23381852181288,97.41636707508046,98.12234497070312,25474600
2016-03-04T00:00:00Z,98.23382345593744,98.79117706521068,97.50926305516867,98.15950775146484,31655400
2016-03-07T00:00:00Z,97.65789980312948,98.22454471934653,96.8590235962378,97.55571746826172,25861200
2016-03-08T00:00:00Z,96.88688350695004,97.73220159931554,96.58033654600112,96.74754333496094,28898500
2016-03-09T00:00:00Z,97.10980573753386,97.3884789433184,96.57102761769583,97.36990356445312,31047400
2016-03-10T00:00:00Z,97.778651825089,98.33600543240456,95.9672437423939,97.22129821777344,44236100
2016-03-11T00:00:00Z,98.27097422265798,98.92121887207033,97.96442727916282,98.92121887207033,31454000
2016-03-14T00:00:00Z,98.54965408792025,99.32066357200264,98.52178747066304,99.08843231201172,25374900
2016-03-15T00:00:00Z,98.73542322506746,99.16272780590612,98.4195850905398,99.05125427246094,26524600
2016-03-16T00:00:00Z,98.80976310270508,100.19385948458972,98.78188939716964,99.93376159667967,31693100
2016-03-17T00:00:00Z,99.6457975824545,100.11026015680332,99.27423319268462,99.8780288696289,29623700
2016-03-18T00:00:00Z,100.1183937382728,100.28609652610209,99.50348825500456,100.0345458984375,37682300
2016-03-21T00:00:00Z,99.85751660959546,100.51900891383744,99.8016180540184,100.42584228515624,17288600
2016-03-22T00:00:00Z,99.8575324278778,100.96623467683872,99.8389019424536,100.73331451416016,18840300
2016-03-23T00:00:00Z,100.53766453902487,100.61219359044404,99.68051292019004,99.90412139892578,20912900
2016-03-24T00:00:00Z,99.41960272223822,99.95997899546806,99.25189998599988,99.9320297241211,19017300
2016-03-28T00:00:00Z,100.21157372280528,100.23021131735707,99.61529864402084,99.79232025146484,13892300
2016-03-29T00:00:00Z,99.60598078269658,101.46002326877392,99.43827798292038,101.39480590820312,29963900
2016-03-30T00:00:00Z,102.0003921792692,102.52213102512736,101.67429829244917,101.88858795166016,23807200
2016-03-31T00:00:00Z,101.814060999783,102.19605348084482,101.58114083566996,101.7395248413086,21447200
2016-04-01T00:00:00Z,101.12460839612456,102.85753479884995,100.98485489109991,102.8202667236328,26389000
2016-04-04T00:00:00Z,102.82025917694672,102.89479532191032,102.1867161610724,102.428955078125,17163000
2016-04-05T00:00:00Z,101.63701250673805,102.0190048867226,101.310925784896,101.4413604736328,20107900
2016-04-06T00:00:00Z,101.543868983395,103.1463607902548,101.543868983395,103.10909271240234,25056000
2016-04-07T00:00:00Z,102.51280974338052,102.69915011821053,101.18982506880074,101.62771606445312,28567200
2016-04-08T00:00:00Z,102.26126374935126,102.50349558535224,101.1991484433198,101.55318450927734,22898000
2016-04-11T00:00:00Z,101.99107615343358,102.50349621720248,101.1711926783492,101.18051147460938,25772100
2016-04-12T00:00:00Z,101.25503146340598,102.22397998317037,100.64011895526104,102.02832794189452,28564100
2016-04-13T00:00:00Z,102.81095664758593,103.49108663870588,102.6805219273425,103.33270263671876,25356700
2016-04-14T00:00:00Z,103.35129877400604,103.72397232577234,102.48483578711595,103.34197998046876,17199700
2016-04-15T00:00:00Z,103.2581601953214,103.47244274775402,102.8202691862304,103.08113861083984,21353300
2016-04-18T00:00:00Z,102.78300372709025,103.66809745571614,102.71778636927736,103.6308364868164,17126100
2016-04-19T00:00:00Z,103.82648671734066,103.82648671734066,102.37306017048816,102.9972915649414,42481400
2016-04-20T00:00:00Z,102.99729077071196,103.5562976960406,102.64324760174884,103.08113861083984,18078300
2016-04-21T00:00:00Z,103.02524437206915,103.4631353995272,102.62462142228406,103.09046173095705,20216000
2016-04-22T00:00:00Z,101.7488437278302,102.22400285332414,100.73331522331884,101.53456115722656,39074000
2016-04-25T00:00:00Z,101.22710483436816,101.54387284592458,101.04076443801792,101.53456115722656,14351900
2016-04-26T00:00:00Z,101.74883545784664,101.9165382468516,100.73330703587582,101.04075622558594,19118300
2016-04-27T00:00:00Z,100.00660086930982,100.46312952079562,99.40101411329223,100.23020935058594,33059800
2016-04-28T00:00:00Z,100.34201265213126,100.92897606636846,98.82337560793518,99.01902770996094,29818200
2016-04-29T00:00:00Z,99.018984499631,99.22395530987669,97.71463061383224,98.49724578857422,67502800
2016-05-02T00:00:00Z,98.7487948015958,99.56867802971838,98.3388602956912,99.42892456054688,24813800
2016-05-03T00:00:00Z,98.72087435176373,99.16808416204776,98.24571526111669,98.506591796875,38569400
2016-05-04T00:00:00Z,97.91032310727692,98.27368512630132,97.63082315715938,97.87306213378906,27474500
2016-05-05T00:00:00Z,98.22710054693827,98.44139024438924,97.64945593011566,97.84510803222656,20788100
2016-05-06T00:00:00Z,97.36061982362064,98.38546703171124,97.26745318800492,98.36683654785156,30758500
2016-05-09T00:00:00Z,98.37614358089697,99.102860363895,98.3295638193724,98.64633178710938,19289600
2016-05-10T00:00:00Z,99.00038594366286,100.04386370225002,98.8233643489772,99.99728393554688,21178900
2016-05-11T00:00:00Z,99.8482029783008,100.14634047039476,99.0655947271136,99.09354400634766,20966300
2016-05-12T00:00:00Z,99.32646605437832,99.44758196944125,97.95689448030323,98.65565490722656,29196300
2016-05-13T00:00:00Z,98.57180436966296,99.17739103655926,98.09664530207742,98.29229736328124,21059300
2016-05-16T00:00:00Z,98.44134921654472,99.88544949449717,98.34817549499677,99.5220947265625,18311900
2016-05-17T00:00:00Z,99.43825933578484,99.7270780058435,98.01278225091988,98.2736587524414,29932700
2016-05-18T00:00:00Z,98.0500639067546,99.15876609031142,97.86373063086756,98.6277084350586,27524400
2016-05-19T00:00:00Z,98.24571486464058,98.4879538070735,97.39788922836352,98.1152801513672,27334600
2016-05-20T00:00:00Z,98.50658046744962,99.59664492518826,98.45067480499468,99.1960220336914,29549600
2016-05-23T00:00:00Z,99.30782171846111,99.66186485994751,98.97242327582067,99.06558990478516,15729800
2016-05-24T00:00:00Z,99.61526025147938,101.17116471339416,99.58731097858318,101.050048828125,29931300
2016-05-25T00:00:00Z,101.43206192769608,102.08423545586776,101.25504035226734,101.77677917480467,37951700
2016-05-26T00:00:00Z,101.87926858818984,102.2053553650349,101.63702965046552,102.07492065429688,21885900
2016-05-27T00:00:00Z,102.14014722326849,102.61530634562392,102.1215167378362,102.60598754882812,19870000
2016-05-31T00:00:00Z,102.74572192935466,102.96001156678577,102.27988169056856,102.80162048339844,24366100
2016-06-01T00:00:00Z,102.48488726506426,103.04389431942344,102.40103940558254,102.81097412109376,19571500
2016-06-02T00:00:00Z,102.6059775201884,103.03454972483576,102.04697060578565,103.02523803710938,15696600
2016-06-03T00:00:00Z,102.8295743707704,102.87615412862276,101.86993753132867,102.5407485961914,20269900
2016-06-06T00:00:00Z,102.7270883841644,103.18360981427747,102.55006682409376,102.91342163085938,12502400
2016-06-07T00:00:00Z,102.96933298283022,103.07181841369922,102.60597813089782,102.6525650024414,12184300
2016-06-08T00:00:00Z,102.82959747314452,103.04388004535473,102.44760498888206,102.82959747314452,14568700
2016-06-09T00:00:00Z,102.41034560008092,102.773700521324,102.21469349696234,102.66190338134766,17571600
2016-06-10T00:00:00Z,101.73018878507924,101.92584082309034,101.14322556288838,101.4972686767578,32965000
2016-06-13T00:00:00Z,100.91963278155328,101.48795846255994,100.51900987704298,100.64944458007812,25154700
2016-06-14T00:00:00Z,100.37925637860296,101.01279941112722,99.91341612257509,100.64944458007812,24588500
2016-06-15T00:00:00Z,100.89167616020156,101.03142964846975,100.1929158270183,100.3606185913086,24605700
2016-06-16T00:00:00Z,99.86684065255514,100.75193433377208,99.22397879700608,100.65876770019533,32079900
2016-06-17T00:00:00Z,100.45044942166788,100.59057516201496,99.24537945802872,99.47891998291016,29208800
2016-06-20T00:00:00Z,100.63727705637766,101.11369455273316,100.030070320941,100.10480499267578,20562800
2016-06-21T00:00:00Z,100.2355795195088,100.62792582579044,100.04874285431036,100.4224090576172,22804100
2016-06-22T00:00:00Z,100.47847413120456,101.06700082102458,100.09547137272465,100.1795425415039,22724200
2016-06-23T00:00:00Z,100.95488463254216,101.62748239673788,100.53451459346496,101.60879516601562,18714200
2016-06-24T00:00:00Z,97.99360654584,99.48826449308784,97.20890666910284,97.42376708984376,68012700
2016-06-27T00:00:00Z,96.7792078701724,96.7792078701724,95.0510091295982,95.49006652832033,48222600
2016-06-28T00:00:00Z,96.54565242706448,97.62928389324372,96.49894859792376,97.58257293701172,28260600
2016-06-29T00:00:00Z,98.34858988392038,99.51629256990364,98.301886052736,99.31077575683594,31356700
2016-06-30T00:00:00Z,99.47891248006611,100.52517651837704,99.14261357943371,100.45978546142578,36300800
2016-07-01T00:00:00Z,100.4130740974588,101.33789963395162,100.3757067611983,100.9642333984375,19902800
2016-07-05T00:00:00Z,100.4317726948464,100.57189843990834,99.80587865051524,100.34769439697266,21167900
2016-07-06T00:00:00Z,99.87126933406743,101.21645785510246,99.55365052733065,101.16975402832033,24579300
2016-07-07T00:00:00Z,101.26319500616331,101.69290881001866,100.99228708321462,101.46871185302734,19161700
2016-07-08T00:00:00Z,102.01050189135422,103.09413338471106,101.8423524226296,103.0380859375,29457900
2016-07-11T00:00:00Z,103.38371803095016,104.00960492826223,103.37438154144368,103.62660217285156,20218500
2016-07-12T00:00:00Z,104.26182888148298,104.42997833864833,104.00960113218952,104.14972686767578,21906100
2016-07-13T00:00:00Z,104.39259613983648,104.45798719014248,103.88814784015156,103.89749145507812,21107800
2016-07-14T00:00:00Z,104.58878041952566,104.80364082315904,104.3458962952207,104.6074676513672,20871000
2016-07-15T00:00:00Z,104.85036521303176,104.9064197924597,104.2057981298932,104.43933868408205,17999300
2016-07-18T00:00:00Z,104.50472068457502,105.3174371812804,104.48603345069012,105.13060760498048,20713900
2016-07-19T00:00:00Z,104.76629160519056,105.0745668400736,104.5607747819352,104.7476043701172,18936700
2016-07-20T00:00:00Z,105.31743387284452,106.16752481061496,105.18665174812465,105.97135162353516,24997900
2016-07-21T00:00:00Z,106.0460892032116,106.25160602637408,105.43888947834851,105.72847747802734,18885400
2016-07-22T00:00:00Z,105.80319598567682,106.28895711670764,105.47624069295505,106.16751861572266,20003400
2016-07-25T00:00:00Z,106.08344271506309,106.20488834587512,105.82187847499252,106.17686462402344,12968100
2016-07-26T00:00:00Z,106.13951871101766,106.6813274060649,105.76585238102156,106.29832458496094,21223800
2016-07-27T00:00:00Z,107.19509887316948,107.31653737803552,106.58789209465704,107.03629302978516,27646100
2016-07-28T00:00:00Z,107.20443347532354,107.5313887510026,106.8681345840278,107.40995025634766,16939700
2016-07-29T00:00:00Z,107.65283014112109,107.9330816004354,107.30719475200284,107.64349365234376,22385300
2016-08-01T00:00:00Z,107.71822076782216,108.4842333428527,107.5874386545553,108.21332550048828,13990100
2016-08-02T00:00:00Z,108.05450470065212,108.14791946474844,106.69997280353108,107.39125061035156,21278400
2016-08-03T00:00:00Z,107.30718096896906,107.75557469376942,107.2417899204736,107.74623107910156,15011300
2016-08-04T00:00:00Z,107.7088918706159,108.15728568282296,107.45666411504467,108.05452728271484,12835300
2016-08-05T00:00:00Z,108.60567718459546,109.33432241143308,108.4842315620622,109.09143829345705,23196600
2016-08-08T00:00:00Z,109.14748715834584,109.1755180057437,108.62435870703575,108.97000122070312,12358200
2016-08-09T00:00:00Z,109.05407192627976,109.56786388673588,108.98868087013904,109.22222137451172,13276500
2016-08-10T00:00:00Z,109.28760619059396,109.3156299091841,108.65237576988676,108.94197082519533,14688400
2016-08-11T00:00:00Z,109.3156509598991,109.64261341198711,109.0914540409146,109.40907287597656,12969800
2016-08-12T00:00:00Z,109.22222330742926,109.49313115254672,109.10078480875896,109.4837875366211,19379000
2016-08-15T00:00:00Z,109.62391902495072,110.20310208221804,109.58655168637628,109.95087432861328,11777800
2016-08-16T00:00:00Z,109.74537899814634,109.75471548869167,109.325001729569,109.34368896484376,14161400
2016-08-17T00:00:00Z,109.37171410224308,109.57723093036552,108.76450723563374,109.53986358642578,15980300
2016-08-18T00:00:00Z,109.43709659315408,109.72668457711984,109.25025988810232,109.56787872314452,10036300
2016-08-19T00:00:00Z,109.37171410224308,109.78274063139582,109.0727824778174,109.53986358642578,18743000
2016-08-22T00:00:00Z,109.38102488161265,109.8107456723625,109.1755152288898,109.62390899658205,14500600
2016-08-23T00:00:00Z,110.05363176628994,110.24046845752964,109.77338742006694,109.8200912475586,11997900
2016-08-24T00:00:00Z,109.74536078925414,109.89482301119322,108.74580768066168,109.1101303100586,17728700
2016-08-25T00:00:00Z,108.82987405512556,109.26893133971676,108.69909194402484,108.93263244628906,24266300
2016-08-26T00:00:00Z,108.96999979801429,109.80140341603058,108.43752773785675,109.09143829345705,23896000
2016-08-29T00:00:00Z,109.11947538309458,109.53050899817062,109.10079527654176,109.2409210205078,11184900
2016-08-30T00:00:00Z,109.0634260033806,109.3810376987892,108.51227378119816,108.88593292236328,19843300
2016-08-31T00:00:00Z,108.7177567812387,108.88590620433963,108.31606688866924,108.77381134033205,16169800
2016-09-01T00:00:00Z,108.81120014376474,109.18485926698158,108.27872805338072,109.0540771484375,20944700
2016-09-02T00:00:00Z,109.59590245394838,109.82009937293287,108.9980392519287,109.40907287597656,18088200
2016-09-06T00:00:00Z,109.59587585394424,110.09098052978516,109.352991759858,110.09098052978516,18525200
2016-09-07T00:00:00Z,110.1937546663876,110.3432240155318,109.73601725704252,110.15638732910156,17546900
2016-09-08T00:00:00Z,109.82942960138138,109.8574533219518,109.22222285635618,109.5118179321289,20125300
2016-09-09T00:00:00Z,108.59632741585702,108.83921152007127,106.73734711847403,106.75602722167967,50813300
2016-09-12T00:00:00Z,106.15818314995242,108.82054377664907,106.14883953313134,108.67108154296876,39646000
2016-09-13T00:00:00Z,108.12925285470315,108.44686451767896,107.17641073868522,107.69953918457033,45863900
2016-09-14T00:00:00Z,107.81164267194764,108.80185213727984,107.78361182445562,108.21332550048828,28221800
2016-09-15T00:00:00Z,108.24135750186848,110.06297061828364,108.2320138859382,109.8948211669922,38521400
2016-09-16T00:00:00Z,109.7768370708812,109.95477485313778,109.29921873926764,109.84239196777344,27596500
2016-09-19T00:00:00Z,110.12332609494123,110.46046756821936,109.1493697776346,109.36476135253906,16222900
2016-09-20T00:00:00Z,109.75808315255487,110.02030983761163,109.383487892367,109.57078552246094,18078600
2016-09-21T00:00:00Z,110.03906844028508,110.80700037679382,109.39287928391175,110.64779663085938,31546800
2016-09-22T00:00:00Z,111.29395816681064,111.64983370395446,111.18158243503665,111.52808380126952,22614400
2016-09-23T00:00:00Z,111.4437771724238,111.4437771724238,110.65711864548652,110.81632232666016,22213400
2016-09-26T00:00:00Z,110.18890125836396,110.32001105304408,109.73000983203556,109.88921356201172,16403900
2016-09-27T00:00:00Z,109.81430177411156,111.03175092143898,109.71128591192142,110.9755630493164,20238400
2016-09-28T00:00:00Z,111.11602095972567,111.22839668484156,110.59157471104622,111.162841796875,14794300
2016-09-29T00:00:00Z,110.9755551511234,111.18158686084033,109.87984885302632,110.35746002197266,27207500
2016-09-30T00:00:00Z,110.64778862826412,111.50936934448234,110.53540573899508,111.1815948486328,25543200
2016-10-03T00:00:00Z,111.04110392085256,111.16284667672136,110.591579565815,111.02237701416016,19216400
2016-10-04T00:00:00Z,111.35016606006616,111.59365874865904,110.4323903230303,110.85382080078124,21239700
2016-10-05T00:00:00Z,111.18156120953157,111.6029844131254,111.13473323360073,111.2471160888672,14481300
2016-10-06T00:00:00Z,111.10663667245608,111.42505118235738,110.64775252798373,111.19092559814452,11987100
2016-10-07T00:00:00Z,111.2939347650538,111.4531455931686,110.40426039916058,110.94743347167967,19984200
2016-10-10T00:00:00Z,111.51870865465634,111.8933110475014,111.4718806761958,111.64981842041016,19687300
2016-10-11T00:00:00Z,111.55616401282218,111.57489091629924,109.57077643179204,110.05775451660156,27774400
2016-10-12T00:00:00Z,110.1607836199793,110.33872137670583,109.62697749474655,109.96411895751952,14267800
2016-10-13T00:00:00Z,109.2149171673038,109.8704660175792,108.57809522205916,109.57078552246094,22821000
2016-10-14T00:00:00Z,110.11398300694414,110.55414039445728,109.63636465613752,109.70191955566406,21313300
2016-10-17T00:00:00Z,109.60826866024505,109.85176134460306,109.2617601150028,109.40223693847656,14182700
2016-10-18T00:00:00Z,110.7039569942476,110.89126177669267,110.31999469389228,110.37618255615234,19276700
2016-10-19T00:00:00Z,110.29189937217552,110.52602500373692,110.17015661594458,110.3668212890625,13702900
2016-10-20T00:00:00Z,110.25445182619784,110.47921044468818,109.59889573359182,110.2357177734375,18132200
2016-10-21T00:00:00Z,110.3200221113036,110.71335153477054,109.95478662594874,110.64779663085938,15707800
2016-10-24T00:00:00Z,111.35951218257716,112.05252201007396,111.34077813199931,111.97760009765624,19143000
2016-10-25T00:00:00Z,112.04315788373704,112.0618919347996,111.45316388431266,111.62173461914062,20341800
2016-10-26T00:00:00Z,110.90062776763511,111.47189488191184,110.53539235292668,110.86316680908205,20463700
2016-10-27T00:00:00Z,111.34079058382244,111.4344394123444,110.19825629899054,110.35746002197266,19099800
2016-10-28T00:00:00Z,110.0390310968522,110.61029812775922,109.3272872781089,109.6644287109375,35369300
2016-10-31T00:00:00Z,110.06715945096848,110.06715945096848,109.50525926882489,109.56144714355467,18749400
2016-11-01T00:00:00Z,109.74872909150592,109.7674559975296,107.79143517199742,108.7373046875,23498700
2016-11-02T00:00:00Z,108.66238157473956,108.91524124542497,107.59476931949362,107.8663558959961,26960100
2016-11-03T00:00:00Z,107.68841289825409,108.04428839598344,106.68635557954931,106.80810546875,36205200
2016-11-04T00:00:00Z,106.54589319057598,107.26700416350936,106.24621265694,106.43351745605467,26997500
2016-11-07T00:00:00Z,108.15668148550309,109.0744571621086,107.97875085300892,108.96207427978516,26591200
2016-11-08T00:00:00Z,108.84967048823484,110.17013507670612,108.59681085441434,109.67378997802734,20777900
2016-11-09T00:00:00Z,108.39080396890192,110.35745791001716,108.25969418249076,110.17952728271484,70234400
2016-11-10T00:00:00Z,110.71332400519458,110.86316068618424,106.94858004542805,108.40016174316406,72825400
2016-11-11T00:00:00Z,107.9319117404256,108.68111658879346,107.54794229077666,108.44699096679688,41115200
2016-11-14T00:00:00Z,108.47507980277022,108.57809564320544,106.78937254559992,107.3512725830078,35906000
2016-11-15T00:00:00Z,108.16604902401258,109.21493449582054,108.0068452986781,108.84033203125,31796600
2016-11-16T00:00:00Z,108.32525052900236,109.56143363528368,108.32525052900236,109.48651885986328,16538100
2016-11-17T00:00:00Z,109.43031106973514,110.30125864371284,109.2055524798222,110.28253173828124,20598600
2016-11-18T00:00:00Z,110.41365661456194,110.60095427428529,109.76746754210536,109.8704833984375,16428700
2016-11-21T00:00:00Z,110.14208320835168,111.1160468745392,110.10462224292732,111.01303100585938,20268500
2016-11-22T00:00:00Z,111.45315163790636,111.6217223542119,111.07854925223342,111.35013580322266,18850600
2016-11-23T00:00:00Z,110.98490080834546,111.10664354748884,110.4136337759217,110.9006118774414,22926000
2016-11-25T00:00:00Z,111.03172688501736,111.30331344972964,110.90061711514888,111.2564926147461,7162800
2016-11-28T00:00:00Z,111.11603736663724,111.51873377930568,110.89127873827168,111.00365447998048,13479000
2016-11-29T00:00:00Z,111.10669582751464,111.92145586654767,110.78828829303365,111.3876495361328,18553000
2016-11-30T00:00:00Z,111.52809829914824,111.565559262925,110.00160153622323,110.0390625,30405300
2016-12-01T00:00:00Z,110.00158509595757,110.01095212173888,107.96937634319193,108.13794708251952,39796600
2016-12-02T00:00:00Z,108.2034958402588,108.7841299416882,107.9038153367671,108.35333251953124,32876800
2016-12-05T00:00:00Z,108.91523580806464,109.62697251273208,108.41888351685516,109.19618225097656,21419700
2016-12-06T00:00:00Z,109.50524778713525,109.64572460417918,108.9995355327457,109.45841979980467,27293300
2016-12-07T00:00:00Z,109.23365871831358,110.98492108878114,108.9058842492281,110.84444427490234,26622400
2016-12-08T00:00:00Z,110.8912552467594,111.32204550359526,110.67585654586829,111.04109191894533,18578400
2016-12-09T00:00:00Z,111.45316411711072,111.9495092971001,111.44379709155989,111.91204833984376,21863100
2016-12-12T00:00:00Z,111.41568568863278,111.64044425197922,110.94743451377592,111.40631866455078,23259300
2016-12-13T00:00:00Z,111.74350652875373,113.41984728891369,111.74350652875373,112.81111907958984,54477900
2016-12-14T00:00:00Z,112.95156776323157,113.3168031687914,112.24919088408616,112.57696533203124,28746000
2016-12-15T00:00:00Z,112.72678888557915,113.41979861442788,112.45520235043467,112.7548828125,22762300
2016-12-16T00:00:00Z,113.03198859203118,113.2574190307124,112.11150604868448,112.33692932128906,26283900
2016-12-19T00:00:00Z,112.449638882147,113.49223131883512,112.28996437067347,112.7971649169922,21138700
2016-12-20T00:00:00Z,113.15409693898184,113.43587423423692,113.02259943464747,113.22924041748048,11461800
2016-12-21T00:00:00Z,113.27622715043849,113.3513706471355,112.89112927050316,113.1447296142578,7079300
2016-12-22T00:00:00Z,113.15409929747308,113.18227631097822,112.38389654199996,112.82535552978516,16645000
2016-12-23T00:00:00Z,112.63750240934512,112.94746390540972,112.53418191065693,112.90049743652344,9007500
2016-12-27T00:00:00Z,113.14467257552576,114.1402983235705,113.09771328832204,113.4828109741211,16110600
2016-12-28T00:00:00Z,113.72706055956044,113.83038105746144,112.52479349243256,112.59992980957033,17975200
2016-12-29T00:00:00Z,112.57175172276072,112.83474674543056,112.08333341867052,112.44025421142578,13267500
2016-12-30T00:00:00Z,112.6563174167516,112.66570497979656,110.96562447843009,111.28498077392578,41749000
2017-01-03T00:00:00Z,112.02696354162624,112.7032404995524,111.67004277653248,112.28057098388672,22307600
2017-01-04T00:00:00Z,112.40267259520374,113.0977389981408,112.39328503527378,112.89109802246094,19749100
2017-01-05T00:00:00Z,112.80657217970962,113.60495199188128,112.80657217970962,113.52981567382812,20644300
2017-01-06T00:00:00Z,113.65192071711928,114.82601080717215,113.36074866793088,114.52544403076172,24074300
2017-01-09T00:00:00Z,114.61938429956402,115.10780985179576,114.54424080443944,114.9011688232422,18909200
2017-01-10T00:00:00Z,114.9480984047716,115.50227258039496,114.68510340593052,115.1547393798828,16176600
2017-01-11T00:00:00Z,115.20171140935152,115.46470642089844,114.60996546729432,115.46470642089844,20686000
2017-01-12T00:00:00Z,115.05143685916634,115.36139837023784,114.21548526827225,115.2862548828125,19622500
2017-01-13T00:00:00Z,115.34260187076865,115.87798661207732,115.34260187076865,115.68074035644533,16930800
2017-01-17T00:00:00Z,115.38015021065917,115.55861415467903,114.9950524798656,115.33319091796876,14538500
2017-01-18T00:00:00Z,115.50228255564656,115.68074653430573,115.21111051979372,115.56803131103516,12499700
2017-01-19T00:00:00Z,115.73710388997176,116.1409911607056,115.26746786195926,115.51168060302734,12710700
2017-01-20T00:00:00Z,116.01887433488264,116.31005352793515,115.45531256786504,115.76527404785156,22091000
2017-01-23T00:00:00Z,115.69011504111464,116.02825348915876,115.12655334973304,115.85918426513672,17434200
2017-01-24T00:00:00Z,116.08462734778368,116.81726555447374,115.88738108039374,116.63880157470705,17640900
2017-01-25T00:00:00Z,117.37141490399482,117.84105085055342,117.26809442246586,117.81287384033205,15036200
2017-01-26T00:00:00Z,117.9725616690973,118.17920265549846,117.72834894279806,117.93498992919922,16052200
2017-01-27T00:00:00Z,118.18860792412084,118.27313897187402,117.7753259144548,118.16043090820312,15053000
2017-01-30T00:00:00Z,117.76591921910168,117.76591921910168,116.59182923466548,117.23992919921876,25006700
2017-01-31T00:00:00Z,116.8266477228067,117.03328870750865,116.3288347138847,117.00511169433594,19091100
2017-02-01T00:00:00Z,117.831656125121,118.04769181361132,117.27748914789828,117.81287384033205,22861900
2017-02-02T00:00:00Z,117.60625134062936,118.0664926340102,117.27750755964304,117.7095718383789,15101400
2017-02-03T00:00:00Z,117.83167088844613,118.1698093856203,117.7189628334392,118.0477066040039,16957200
2017-02-06T00:00:00Z,117.85046013622777,118.207380919922,117.7377449153406,118.1885986328125,11630100
2017-02-07T00:00:00Z,118.43280017940366,118.86487159511394,118.32009212841533,118.62065887451172,17541100
2017-02-08T00:00:00Z,118.4609732438305,118.98696320862996,118.23554283085146,118.8178939819336,12569100
2017-02-09T00:00:00Z,118.94000040021956,119.51295684350328,118.87425165260056,119.24996185302734,17542700
2017-02-10T00:00:00Z,119.51294983912896,119.81351654863968,119.30630888270116,119.64444732666016,13915700
2017-02-13T00:00:00Z,120.0107863433051,120.47102764002985,119.96382704058128,120.3207550048828,19120200
2017-02-14T00:00:00Z,120.36770430728647,120.7340198238611,119.98260650327998,120.7246322631836,16333500
2017-02-15T00:00:00Z,120.64009634318424,121.49483729135268,120.57434042463906,121.43846893310548,17891400
2017-02-16T00:00:00Z,121.51361748071773,121.7578373801835,121.090947935228,121.40090942382812,15098300
2017-02-17T00:00:00Z,121.22244873203064,121.93630466409428,121.2036592779884,121.9269027709961,15563700
2017-02-21T00:00:00Z,122.16170727963171,122.60316624182136,122.09596569598249,122.52802276611328,18479600
2017-02-22T00:00:00Z,122.41529956849745,122.6595050852114,122.20865861891224,122.5749740600586,12110900
2017-02-23T00:00:00Z,122.7628383892244,122.7628383892244,121.62632737988658,122.11473846435548,17489000
2017-02-24T00:00:00Z,121.56061647197802,122.34960174560548,121.52305188701568,122.34960174560548,18624500
2017-02-27T00:00:00Z,122.12414436063688,122.50923497214274,121.91750338268118,122.49984741210938,12008700
2017-02-28T00:00:00Z,122.47167155029668,122.52802557533164,121.78600702544983,122.1241455078125,16598600
2017-03-01T00:00:00Z,122.90376439951518,123.68334765801193,122.66894636614366,123.45793151855467,25813800
2017-03-02T00:00:00Z,123.42973574760688,123.44851086827212,122.68770284888797,122.8379898071289,19951400
2017-03-03T00:00:00Z,122.75345406241038,123.10098009938751,122.42470314537884,123.06341552734376,13722700
2017-03-06T00:00:00Z,122.65951812784074,122.99765659655772,122.30260453963837,122.791015625,12026200
2017-03-07T00:00:00Z,122.54683178452916,123.11978833765096,122.36836779274708,122.58439636230467,15500900
2017-03-08T00:00:00Z,122.65952327349196,123.18551328419464,122.5374276631057,122.80042266845705,15776000
2017-03-09T00:00:00Z,122.7722753927556,123.0634474811946,122.2368833600854,122.89437103271484,20855300
2017-03-10T00:00:00Z,123.45791617429929,123.60820313669558,122.87557211020562,123.41094970703124,21922600
2017-03-13T00:00:00Z,123.36394632929223,123.64573071643706,123.29820476050972,123.6175537109375,10731600
2017-03-14T00:00:00Z,123.33577553264638,123.3827419882264,122.81917318556611,123.31698608398438,14019700
2017-03-15T00:00:00Z,123.57063538097694,124.36902240011894,123.17614281820302,124.07785034179688,22709100
2017-03-16T00:00:00Z,124.31265714031456,124.31265714031456,123.7115236229262,123.99329376220705,18457300
2017-03-17T00:00:00Z,124.14765391574632,124.27942492847384,123.88411189029136,123.95000457763672,21234500
2017-03-20T00:00:00Z,123.91237344440582,124.34534364082272,123.7335526026774,124.06297302246094,10105200
2017-03-21T00:00:00Z,124.5335602808718,124.64650276016604,122.10519644230308,122.18049621582033,35841900
2017-03-22T00:00:00Z,122.21815534081104,123.1311453623761,122.05813434316627,123.00878143310548,29177900
2017-03-23T00:00:00Z,122.84875779288386,123.18759955153143,122.49108750265545,122.69815826416016,20311700
2017-03-24T00:00:00Z,123.0935020308234,123.57352199143573,122.48171104012346,122.95232391357422,22967600
2017-03-27T00:00:00Z,122.07698937692533,123.36647855232684,121.79461875067852,123.14998626708984,18472400
2017-03-28T00:00:00Z,123.14991756652496,124.26997799655344,122.87696854266626,123.90290069580078,23721900
2017-03-29T00:00:00Z,123.98764758178656,124.52415308187362,123.8558765687418,124.47708892822266,13710000
2017-03-30T00:00:00Z,124.43003861557104,124.81594461168667,124.3170961238162,124.68417358398438,16092400
2017-03-31T00:00:00Z,124.50531322957536,124.93828329705546,124.36413514341986,124.59944152832033,19841400
2017-04-03T00:00:00Z,124.70298983205248,125.0041745677092,123.82764252131189,124.52415466308594,23700300
2017-04-04T00:00:00Z,124.16645930251136,124.74060739992662,124.11939515774738,124.7217788696289,13400000
2017-04-05T00:00:00Z,124.9006527803194,125.634807708296,123.97825557680407,124.21356201171876,32011200
2017-04-06T00:00:00Z,124.33590454401624,124.60885364225294,123.95940569580397,124.2794189453125,18832200
2017-04-07T00:00:00Z,124.24179763495133,124.59004656279625,123.77118476512194,124.21356201171876,16743100
2017-04-10T00:00:00Z,124.3358893600562,124.77826647645573,123.9217478585791,124.26058959960938,15619300
2017-04-11T00:00:00Z,124.14766215036154,124.33591877699908,122.82995193568394,123.72411346435548,33778400
2017-04-12T00:00:00Z,123.7052624567564,123.80879783781292,123.09347161721612,123.2252426147461,15955200
2017-04-13T00:00:00Z,123.05583693700056,123.78057028967464,122.71699515527094,122.73580932617188,23683000
2017-04-17T00:00:00Z,123.08408006729,123.77117075813368,123.0370159132402,123.7523422241211,13325500
2017-04-18T00:00:00Z,123.3382104620098,123.92178016712911,123.25350359515788,123.5641098022461,12841100
2017-04-19T00:00:00Z,124.10063693224642,124.51476425175484,123.59236691881124,123.76179504394533,17764800
2017-04-20T00:00:00Z,124.26058994666649,125.07004442127952,124.07234772600408,124.79708099365234,21977900
2017-04-21T00:00:00Z,124.91004467861174,124.9570944648918,124.4488390049819,124.76885223388672,22454900
2017-04-24T00:00:00Z,126.15247737375192,126.3971908814714,125.93599948761684,126.27484130859376,22469900
2017-04-25T00:00:00Z,126.68894161564022,127.41367481604394,126.57598480415484,127.1877899169922,19384400
2017-04-26T00:00:00Z,127.2348647408776,127.5454709001721,126.93368002887108,127.00897979736328,25398500
2017-04-27T00:00:00Z,127.31963130055874,127.77141571044922,127.24433150524908,127.77141571044922,16136500
2017-04-28T00:00:00Z,128.27960956186087,128.3266737064964,127.79018267114084,127.99725341796876,22771900
2017-05-01T00:00:00Z,128.42090373425472,129.30565865127136,128.3644324607382,129.13623046875,24815500
2017-05-02T00:00:00Z,129.2961746278349,129.40913148217692,128.96675423774676,129.35264587402344,18345100
2017-05-03T00:00:00Z,129.0608413752851,129.1079055246506,128.59022860555376,128.93849182128906,23827600
2017-05-04T00:00:00Z,128.91967160296727,129.35262733634198,128.5337656600303,128.9855499267578,14630100
2017-05-05T00:00:00Z,129.31499864727212,129.4561767578125,128.8349787094703,129.4561767578125,19330700
2017-05-08T00:00:00Z,129.52204753710043,129.738525390625,129.25850553403694,129.738525390625,13279900
2017-05-09T00:00:00Z,129.93621841822127,130.48213107984313,129.8232615614257,130.1903533935547,28426100
2017-05-10T00:00:00Z,130.2655792236328,130.31264336227036,129.80438800607735,130.2655792236328,20499400
2017-05-11T00:00:00Z,129.9079735209833,130.19975118644305,129.30558965494768,130.16209411621094,27232100
2017-05-12T00:00:00Z,130.21856628287208,130.48210829944207,130.10560944579726,130.45387268066406,19738600
2017-05-15T00:00:00Z,130.51038591857883,130.94334178714917,130.3880219565202,130.8680419921875,20481300
2017-05-16T00:00:00Z,131.20686960657457,131.43276896687027,130.82097794710575,131.4139404296875,21786000
2017-05-17T00:00:00Z,130.36914913824063,130.61387697923763,128.053742267944,128.07257080078125,55642200
2017-05-18T00:00:00Z,128.02556170699103,129.625642999173,127.88436919293552,129.1926727294922,41319900
2017-05-19T00:00:00Z,129.65381853863218,130.28443792895996,129.56911168663933,129.738525390625,36730100
2017-05-22T00:00:00Z,130.0303508092033,130.89629126553885,129.98330100433122,130.8303985595703,19509700
2017-05-23T00:00:00Z,131.21629319234924,131.22570028011086,130.62331633814804,130.962158203125,19687500
2017-05-24T00:00:00Z,131.3574586124911,131.63042211280106,130.99038115777034,131.5645294189453,15891900
2017-05-25T00:00:00Z,132.06335798680416,133.02341209361023,131.78098744221853,132.6845703125,23928600
2017-05-26T00:00:00Z,132.7127443842751,132.97628627381226,132.53390931024154,132.91981506347656,13851600
2017-05-30T00:00:00Z,132.85397125669826,133.19281300525063,132.76926441005045,133.03280639648438,20306400
2017-05-31T00:00:00Z,133.50344052105777,133.50344052105777,132.30809430612103,132.9857635498047,33229400
2017-06-01T00:00:00Z,133.25871974629916,133.55990446459728,132.69397865179158,133.50343322753906,20120700
2017-06-02T00:00:00Z,133.9740766176265,135.05649490232167,133.75759870547384,135.02825927734375,37222900
2017-06-05T00:00:00Z,135.0188437969287,135.23532171865193,134.81177296329207,135.00001525878906,15727500
2017-06-06T00:00:00Z,134.83995490007294,135.28233201743046,134.2658067921383,134.46347045898438,22393000
2017-06-07T00:00:00Z,134.8399248043856,135.10346672671832,134.21872705143417,134.9905242919922,18842400
2017-06-08T00:00:00Z,135.2917968179676,135.348268066031,134.39762085041227,135.1317901611328,25417400
2017-06-09T00:00:00Z,135.29177945969346,135.44236464788693,129.9926744794958,131.7527618408203,109783700
2017-06-12T00:00:00Z,130.64215476611955,131.28218146954922,129.39032262468166,131.046875,104454000
2017-06-13T00:00:00Z,131.78096270502985,132.29863954593432,131.09387218635294,132.1103973388672,51193000
2017-06-14T00:00:00Z,132.6469401681399,132.6469401681399,130.4727109488973,131.5363006591797,60093800
2017-06-15T00:00:00Z,130.20915197101314,131.0939063731113,129.4091187918547,130.95272827148438,55145200
2017-06-16T00:00:00Z,130.88477474927183,130.97915949850378,129.9032396022771,130.3845672607422,48087400
2017-06-19T00:00:00Z,131.64928078954975,132.6874412159642,131.45107854026423,132.56475830078125,39626500
2017-06-20T00:00:00Z,132.43261022331762,132.60248549862112,131.4793731749208,131.5265655517578,40935100
2017-06-21T00:00:00Z,131.82856536728616,132.8950525549321,131.7436277331615,132.82899475097656,35743400
2017-06-22T00:00:00Z,133.03660853918882,133.2819886880312,132.45144910565912,132.7912139892578,24099100
2017-06-23T00:00:00Z,132.6402084403675,133.4707480494533,132.27213100472065,133.30087280273438,21654300
2017-06-26T00:00:00Z,134.06535074380852,134.29185109055507,132.38540596701722,132.677978515625,34411100
2017-06-27T00:00:00Z,132.17774516199844,132.33818767655202,130.26185329850517,130.2712860107422,65957800
2017-06-28T00:00:00Z,130.75262538390743,132.26269474151786,129.9976051061909,132.14944458007812,57427200
2017-06-29T00:00:00Z,131.60201926351033,131.60201926351033,128.59132824662657,129.8560028076172,88769400
2017-06-30T00:00:00Z,130.22411383862598,130.8753311111359,129.47852622585165,129.90322875976562,68898300
2017-07-03T00:00:00Z,130.49784440558872,130.648839857372,128.4498218796515,128.53475952148438,32797000
2017-07-05T00:00:00Z,128.94058611415562,130.14863617071123,128.50645077566142,129.7994384765625,42116600
2017-07-06T00:00:00Z,128.8083964190668,129.35579609753268,128.1666264242981,128.6290740966797,48430500
2017-07-07T00:00:00Z,129.063211524418,130.36564561652153,129.05377881399863,130.0164337158203,36970400
2017-07-10T00:00:00Z,130.10142310778323,131.17734284930208,129.77109093406105,130.8658905029297,24853500
2017-07-11T00:00:00Z,130.6771457300412,131.3944208138787,130.18637098789455,131.23397827148438,31517700
2017-07-12T00:00:00Z,132.3570787719914,132.9422238044325,132.09281879598004,132.7912139892578,36045800
2017-07-13T00:00:00Z,132.95162553594844,133.40465487590367,132.69681273344452,133.08375549316406,31073600
2017-07-14T00:00:00Z,133.67837838907298,134.30128307462664,133.2536758856822,134.1313934326172,34544800
2017-07-17T00:00:00Z,134.2729841631494,134.66937416662017,133.9426519597121,134.19747924804688,25343200
2017-07-18T00:00:00Z,134.10308827140466,135.12238297628167,133.6783857446449,135.0940704345703,25748500
2017-07-19T00:00:00Z,135.4904812917788,136.08507356149235,135.43385619963306,135.88687133789062,33752300
2017-07-20T00:00:00Z,136.2360517474224,136.320989365902,135.45270455223817,136.066162109375,36139400
2017-07-21T00:00:00Z,135.56598484197104,136.0095672607422,135.29229209900805,136.0095672607422,39697100
2017-07-24T00:00:00Z,135.99069214402743,136.72684716216858,135.83024957864714,136.63247680664062,26712700
2017-07-25T00:00:00Z,136.17947718307423,136.60419428010806,135.9152170877748,136.28329467773438,28120900
2017-07-26T00:00:00Z,136.6229891995481,136.80231154332526,136.40592160496467,136.726806640625,18610600
2017-07-27T00:00:00Z,137.62346140850886,137.75559142929302,134.30131665595982,135.86801147460938,80665900
2017-07-28T00:00:00Z,135.05631976349363,135.9812296915172,134.83923775095917,135.7547149658203,38013200
2017-07-31T00:00:00Z,136.14168579208862,136.31156105247746,134.886443564107,135.17901611328125,33848600
2017-08-01T00:00:00Z,135.64148835898058,135.67923361927384,135.0752086469428,135.490478515625,20149400
2017-08-02T00:00:00Z,136.36817499569025,136.39648753378486,134.59384580262883,135.8585205078125,41769700
2017-08-03T00:00:00Z,135.9906670610529,136.06617197220385,135.08463692942013,135.33001708984375,27112800
2017-08-04T00:00:00Z,135.63206368977256,135.8774438989627,135.01859156515903,135.57542419433594,29472900
2017-08-07T00:00:00Z,135.82079227423725,136.4342498779297,135.63203719626185,136.4342498779297,17933900
2017-08-08T00:00:00Z,136.17000593646677,137.29311822425225,135.81136116528393,136.1983184814453,30810400
2017-08-09T00:00:00Z,135.07520728258035,136.08506939859274,134.7637548842146,136.0189971923828,36169500
2017-08-10T00:00:00Z,135.24503678971934,135.33940709806325,132.97050066268508,133.10263061523438,63331700
2017-08-11T00:00:00Z,133.28200911844192,134.40512138919314,132.97998944179685,134.112548828125,45862500
2017-08-14T00:00:00Z,135.17901065675824,136.04729555512986,135.14126540078104,135.83966064453125,34161000
2017-08-15T00:00:00Z,136.17941640497546,136.1888635191524,135.5659588291995,135.9340362548828,25509200
2017-08-16T00:00:00Z,136.27380035788573,136.81176742368993,135.7169678660133,136.16998291015625,31913000
2017-08-17T00:00:00Z,135.6414756004447,135.8491105152555,133.3858184814453,133.3858184814453,70191000
2017-08-18T00:00:00Z,133.46134781904,134.20693558514463,132.74405819985358,133.2914581298828,60751900
2017-08-21T00:00:00Z,133.2819940483394,133.57456657632656,132.30044461131686,133.12155151367188,37111500
2017-08-22T00:00:00Z,133.83879834006254,135.29224236117685,133.79160598073796,135.15066528320312,36294200
2017-08-23T00:00:00Z,134.47118559501163,134.97139310731566,134.37681524238516,134.6693878173828,25702300
2017-08-24T00:00:00Z,134.97134429978422,135.12235409068916,133.5179146653117,134.27294921875,38160800
2017-08-25T00:00:00Z,134.79209542876225,135.13184600551875,133.81054575893484,133.9898681640625,26380400
2017-08-28T00:00:00Z,134.3956432186373,134.71654265119471,133.9709407474462,134.40509033203125,15362100
2017-08-29T00:00:00Z,133.2537248392621,135.16018484947674,133.13102751946252,134.9336700439453,24498300
2017-08-30T00:00:00Z,135.04691588850733,136.74574087244105,134.961978239584,136.51922607421875,33642700
2017-08-31T00:00:00Z,136.90615108757163,137.9915180378941,136.8306461726813,137.98207092285156,38480700
2017-09-01T00:00:00Z,138.16136657278696,138.35012162295934,137.42521179635364,137.7932891845703,22293600
2017-09-05T00:00:00Z,137.38748541691896,137.68005794503406,135.528218395122,136.55694580078125,44794300
2017-09-06T00:00:00Z,136.90612629735432,137.28365080344597,135.98121645933273,136.97219848632812,30722700
2017-09-07T00:00:00Z,137.22703387926913,137.6423037036737,136.7928986272751,137.29310607910156,22721100
2017-09-08T00:00:00Z,137.11382128284944,137.17989350078773,135.96239623641569,136.10397338867188,27890100
2017-09-11T00:00:00Z,137.17041630009973,137.90657124688386,137.13267104176566,137.67062377929688,27126300
2017-09-12T00:00:00Z,138.057601658986,138.1802989687674,137.34975915072576,138.0009765625,30256700
2017-09-13T00:00:00Z,137.76497953477414,138.20856183257507,137.53846482916703,138.18968200683594,28450900
2017-09-14T00:00:00Z,137.65177417507846,138.06702966885308,137.29312937476757,137.37806701660156,35296400
2017-09-15T00:00:00Z,137.3497375931192,138.35015254359956,137.12322284163497,137.84994506835938,46422400
2017-09-18T00:00:00Z,138.0097895881309,138.44487506777136,137.25310224612633,137.66928100585938,24858200
2017-09-19T00:00:00Z,137.91521507985675,138.10438333027835,137.44228723749657,137.90576171875,20871200
2017-09-20T00:00:00Z,137.85845426636143,138.00979462680985,136.42074970732384,137.48011779785156,34236200
2017-09-21T00:00:00Z,137.3855712607915,137.3950246241727,136.1559556882853,136.6383514404297,28841800
2017-09-22T00:00:00Z,136.20323961668635,136.70454205233307,136.0613670151315,136.50592041015625,21702400
2017-09-25T00:00:00Z,135.966766881718,136.04243707520058,134.40611063490374,135.06820678710938,54947700
2017-09-26T00:00:00Z,135.75867576437523,136.01406086011667,134.945239235351,135.4181671142578,29628800
2017-09-27T00:00:00Z,136.13703452890695,137.1491072827178,135.7965402557921,136.6383514404297,33249400
2017-09-28T00:00:00Z,136.3072590935809,136.7328912520403,135.9951249953475,136.5910186767578,24149400
2017-09-29T00:00:00Z,136.86530008463532,137.6787364639798,136.50588477697903,137.57469177246094,43102400
2017-10-02T00:00:00Z,137.78275535871248,138.2556830620509,137.08281716203263,137.6976318359375,27351300
2017-10-03T00:00:00Z,137.87739243489227,138.15168424352035,137.5747116766419,137.9908905029297,19715200
2017-10-04T00:00:00Z,137.726079043405,138.4165498136197,137.59365979387593,138.1233367919922,26381100
2017-10-05T00:00:00Z,138.62456680695777,139.55150106914252,138.48269426826917,139.47584533691406,31562400
2017-10-06T00:00:00Z,139.0029126670064,139.66500854492188,139.0029126670064,139.66500854492188,23561100
2017-10-09T00:00:00Z,139.8447811148267,139.99610706896684,139.32455755574406,139.5042724609375,13704800
2017-10-10T00:00:00Z,139.97715943169692,140.11903198242769,138.9934616379322,139.6082763671875,19223100
2017-10-11T00:00:00Z,139.5420634614802,140.05283352362844,139.36234860378397,140.02444458007812,12439100
2017-10-12T00:00:00Z,139.8164302044075,140.3177326916375,139.62724747271494,139.76913452148438,14513500
2017-10-13T00:00:00Z,140.33661731661343,140.46903654837342,139.77856587081158,140.30824279785156,18409900
2017-10-16T00:00:00Z,140.65821492758295,140.82846203492215,140.35553415993985,140.79063415527344,21809400
2017-10-17T00:00:00Z,140.7433407672566,140.98925807050085,140.5257979823631,140.9703369140625,13138200
2017-10-18T00:00:00Z,141.1121981643747,141.1311193173571,140.59197470194033,140.80006408691406,17218200
2017-10-19T00:00:00Z,139.97716466886433,140.29875208429235,139.2961475346579,140.2798309326172,27680300
2017-10-20T00:00:00Z,140.84732553466634,140.97027691765402,140.4878958783774,140.6581573486328,30173300
2017-10-23T00:00:00Z,140.95140137496392,140.96085473494372,139.54207137700016,139.74070739746094,29297100
2017-10-24T00:00:00Z,140.01495493577625,140.27033990066738,139.45690378841934,139.9771270751953,20289500
2017-10-25T00:00:00Z,139.70289486561316,140.15690159578142,138.40707707429718,139.447509765625,36179100
2017-10-26T00:00:00Z,139.3623602591308,139.71233664434945,138.9651026401303,139.00294494628906,28230200
2017-10-27T00:00:00Z,141.33918263232536,143.31603162680884,141.12163990507764,143.0511932373047,60165100
2017-10-30T00:00:00Z,142.94717057372029,143.94977526451956,142.81475135856965,143.372802734375,31733400
2017-10-31T00:00:00Z,143.8362705209134,144.12001565975874,143.42009174045842,143.91192626953125,26319300
2017-11-01T00:00:00Z,144.4889236453355,144.5551404775389,143.29715055919797,143.8646697998047,29481600
2017-11-02T00:00:00Z,143.70381481056907,143.76057826223226,142.60663343276912,143.59031677246094,31017400
2017-11-03T00:00:00Z,144.11053578377087,144.99017441756538,143.61868691258425,144.9712677001953,26199200
2017-11-06T00:00:00Z,144.85777252871674,145.51988296354963,144.8104912970376,145.46311950683594,28693900
2017-11-07T00:00:00Z,145.3495818106488,145.73738594638462,145.03744783061313,145.5482177734375,21333100
2017-11-08T00:00:00Z,145.47259330151385,146.17251720448087,145.3023317895685,146.1346893310547,17373500
2017-11-09T00:00:00Z,144.93339997831862,145.44416990989282,143.8740466870627,145.36849975585938,40594500
2017-11-10T00:00:00Z,145.02801382674787,145.4725670304309,144.77262882125564,145.3590545654297,20150800
2017-11-13T00:00:00Z,144.81050464730362,145.72798577518512,144.81050464730362,145.53880310058594,12522400
2017-11-14T00:00:00Z,145.0280459096467,145.18883963530985,144.30920082445633,145.00912475585938,25173800
2017-11-15T00:00:00Z,144.3848740356133,144.71592932017538,143.56198415399368,144.328125,24808000
2017-11-16T00:00:00Z,145.0563980633462,146.50355580384468,145.028023553345,146.17250061035156,34790600
2017-11-17T00:00:00Z,146.2103344587603,146.31437913361898,145.4725683761653,145.61444091796875,28725800
2017-11-20T00:00:00Z,145.71850403955145,145.85092323953398,145.2928719276512,145.50096130371094,21143900
2017-11-21T00:00:00Z,146.1914445419176,147.14676796952173,146.12524215246842,147.08055114746094,20147800
2017-11-22T00:00:00Z,147.21298874967792,147.40215701366537,146.92922913739002,147.26028442382812,17299000
2017-11-24T00:00:00Z,147.4115724306448,147.84665783996255,147.32643447437977,147.7993621826172,8280600
2017-11-27T00:00:00Z,147.75207544562892,148.0831161694799,147.39264578234324,147.733154296875,22653400
2017-11-28T00:00:00Z,148.0642155683244,148.20610255475748,147.26970040169405,148.11151123046875,25227300
2017-11-29T00:00:00Z,147.94124628554553,147.97907415112326,144.829373943433,145.52931213378906,71986300
2017-11-30T00:00:00Z,146.14413423311052,147.0332407495841,145.80362566153786,146.74948120117188,56595500
2017-12-01T00:00:00Z,145.85093792065757,146.8346358760685,144.0159756557592,146.125244140625,59015800
2017-12-04T00:00:00Z,147.042707326757,147.20350103525283,144.2997176249191,144.4416046142578,51319100
2017-12-05T00:00:00Z,144.4132279995865,146.1819878092687,143.86464444499362,144.53619384765625,40604200
2017-12-06T00:00:00Z,143.997100113163,145.4158838912511,143.82683855483265,145.18887329101562,28647800
2017-12-07T00:00:00Z,145.1793314036142,146.09681217527682,145.02799109573854,145.68063354492188,32666200
2017-12-08T00:00:00Z,146.74951526174317,147.10894506866302,146.09688691131316,146.32388305664062,28081700
2017-12-11T00:00:00Z,146.39005543555294,147.50615796480704,146.38058764396357,147.4588623046875,20821500
2017-12-12T00:00:00Z,147.39270365188068,147.6953699877379,146.9481502935728,147.26028442382812,20310300
2017-12-13T00:00:00Z,147.85612510711093,148.01691879542892,147.32643395237088,147.5439910888672,24418500
2017-12-14T00:00:00Z,147.79941782079274,148.1777687893755,147.2792086919887,147.44000244140625,24594700
2017-12-15T00:00:00Z,148.01690872998984,149.27489807581128,147.77097710243228,149.1140899658203,49816200
2017-12-18T00:00:00Z,150.09894183361644,150.4875571126852,149.824076430613,150.3643341064453,26844500
2017-12-19T00:00:00Z,150.079955768514,150.23161260246346,149.05629383354264,149.4733428955078,31415000
2017-12-20T00:00:00Z,149.99466668849306,150.02310053937268,148.7245731398946,149.31222534179688,38972600
2017-12-21T00:00:00Z,149.5207405727949,149.99465734164684,149.16055920037394,149.3311767578125,18638700
2017-12-22T00:00:00Z,149.10368528267222,149.21742067435903,148.76246464482028,149.16055297851562,23330400
2017-12-26T00:00:00Z,148.32647032669283,148.5444679831475,147.81463213509653,148.3549041748047,21918700
2017-12-27T00:00:00Z,148.36436720423598,148.7719431040817,148.23167110114932,148.37384033203125,22388200
2017-12-28T00:00:00Z,148.84773531119097,148.87618361600272,148.37381866041787,148.5539093017578,25393800
2017-12-29T00:00:00Z,148.68664784562597,148.71508169576907,147.5776843016669,147.63455200195312,33186000
2018-01-02T00:00:00Z,148.39282633839383,150.2600596903924,148.02317181231658,150.22215270996094,32573300
2018-01-03T00:00:00Z,150.36430523191856,151.81448932382338,150.3358713840609,151.68179321289062,29383600
2018-01-04T00:00:00Z,152.20310843112716,152.40214537123438,151.72919167095904,151.9471893310547,24776100
2018-01-05T00:00:00Z,152.6675709111186,153.57748310381623,152.383217927353,153.4732208251953,26992300
2018-01-08T00:00:00Z,153.4731728669694,154.1461409028284,153.41630518054535,154.0703125,23159100
2018-01-09T00:00:00Z,154.3736753861957,154.5348053851874,153.6154199704218,154.07984924316406,24782400
2018-01-10T00:00:00Z,153.39739030731755,153.74809858305758,152.71494894070165,153.7196502685547,34004000
2018-01-11T00:00:00Z,153.98502424310917,154.7812008472504,153.74806588739162,154.77171325683594,20473500
2018-01-12T00:00:00Z,154.6390714630903,156.07030969043956,154.44003447355126,155.9091796875,37762700
2018-01-16T00:00:00Z,156.94225609550432,157.7384326803737,154.9991947330953,155.46363830566406,41231800
2018-01-17T00:00:00Z,156.20296572448808,157.37827002359023,155.444696022066,157.1413116455078,33849900
2018-01-18T00:00:00Z,156.8948894530521,157.52993620847784,156.52523493981045,157.16976928710938,26432200
2018-01-19T00:00:00Z,157.63424009265464,157.91859313085763,156.90440400258606,157.6626739501953,38937600
2018-01-22T00:00:00Z,157.60578199317771,159.34979248046875,157.42569128125635,159.34979248046875,26081400
2018-01-23T00:00:00Z,159.84264106893713,160.80943528977346,159.76681265330373,160.66725158691406,37989700
2018-01-24T00:00:00Z,161.0085240825471,161.3592324256545,158.70529487488727,159.62469482421875,54287400
2018-01-25T00:00:00Z,160.72416833598345,160.78103604424942,159.05597175861098,159.56781005859375,28925000
2018-01-26T00:00:00Z,160.45872202027394,162.0321290539717,160.14594970194736,162.01316833496094,32038200
2018-01-29T00:00:00Z,161.67198441475065,161.9942443683194,160.88528078965535,161.22650146484375,37277800
2018-01-30T00:00:00Z,159.7573363779669,160.58194687970052,159.06542198527998,159.89950561523438,44987700
2018-01-31T00:00:00Z,160.79994665501974,161.12222103506798,159.55828709051298,160.56298828125,42449200
2018-02-01T00:00:00Z,159.33080095641262,160.87575956983684,158.68626672120809,159.19810485839844,38037900
2018-02-02T00:00:00Z,158.5725473524017,158.95167496706958,155.8901768133918,156.0228729248047,68478100
2018-02-05T00:00:00Z,154.5632168715087,157.10340372718997,149.75769405065472,149.87142944335938,105372200
2018-02-06T00:00:00Z,147.68190281973597,154.0323829795905,147.008949282,153.8428192138672,118537900
2018-02-07T00:00:00Z,153.34998125009454,155.0181775277299,151.84292940065149,151.8524169921875,91028300
2018-02-08T00:00:00Z,152.24100184145476,152.4116193805625,145.44503784179688,145.44503784179688,94184800
2018-02-09T00:00:00Z,147.50184712608083,149.03734725663938,142.29825037963022,147.95681762695312,113836600
2018-02-12T00:00:00Z,149.4733575775431,151.60598320251285,148.2980531559696,150.5823211669922,63050600
2018-02-13T00:00:00Z,149.71979484465243,151.6628420638976,149.4923095846448,151.3595428466797,31785600
2018-02-14T00:00:00Z,150.46859365321387,154.4305314132488,149.75771840760814,154.19357299804688,52107400
2018-02-15T00:00:00Z,155.57738188806198,157.05599975585938,153.96606791579026,157.05599975585938,51633900
2018-02-16T00:00:00Z,156.54419333494633,158.06071834449668,156.08922281556815,156.35462951660156,62256300
2018-02-20T00:00:00Z,155.8049169687526,157.9849230307314,155.73856166389126,156.6674346923828,36785600
2018-02-21T00:00:00Z,157.43518030114507,158.97066623726502,156.1271651924241,156.22195434570312,41161800
2018-02-22T00:00:00Z,156.9044212942939,157.73851977486584,155.80494493502846,156.20303344726562,37074400
2018-02-23T00:00:00Z,157.46356673831517,159.3971405029297,156.81903250825042,159.3971405029297,50096900
2018-02-26T00:00:00Z,160.14595042512028,161.5108184814453,160.01325431702793,161.5108184814453,39266700
2018-02-27T00:00:00Z,161.55828044328092,161.82367277017642,159.4351418281171,159.51095581054688,42209900
2018-02-28T00:00:00Z,160.4208484912087,160.94215990175962,158.38301188781168,158.48727416992188,42936300
2018-03-01T00:00:00Z,158.57255575538582,159.30239163822753,154.49686859916835,155.899658203125,76809900
2018-03-02T00:00:00Z,154.023002492756,157.60581333217914,153.51117857117998,157.33094787597656,57445100
2018-03-05T00:00:00Z,156.5916161799506,159.48249747297828,156.00394943534076,159.07493591308594,38540200
2018-03-06T00:00:00Z,159.85212604090307,160.28813584740146,158.7431624978349,159.74786376953125,29480900
2018-03-07T00:00:00Z,158.52518479367168,160.2502490531492,158.25031938695642,160.11753845214844,34609400
2018-03-08T00:00:00Z,160.78102574884153,161.11275884674902,160.13649134991192,160.9990234375,25828400
2018-03-09T00:00:00Z,162.14589291679673,164.12686157226562,161.90893452845475,164.12686157226562,38310500
2018-03-12T00:00:00Z,164.6102860576,165.37802908306125,164.24063147264476,164.9989013671875,37635000
2018-03-13T00:00:00Z,165.37800642158484,166.0699353792937,162.3354685922046,162.7525177001953,55638900
2018-03-14T00:00:00Z,163.60556813918518,163.7287911427087,162.01320007452026,162.7240753173828,40536400
2018-03-15T00:00:00Z,162.83782832162055,163.5297428550604,161.98476933610849,162.5819091796875,28810400
2018-03-16T00:00:00Z,162.85678053542495,163.2169474785479,162.02268231658442,162.0985107421875,31176700
2018-03-19T00:00:00Z,160.5386962562349,160.65261617921,157.2538651099721,158.63995361328125,71395100
2018-03-20T00:00:00Z,158.70639994416626,159.5323483471703,158.1747543290714,159.16209411621094,34075700
2018-03-21T00:00:00Z,158.74435039364795,160.2158640317878,157.77598780092563,158.46902465820312,43863500
2018-03-22T00:00:00Z,156.27600740878924,157.3772815733106,154.3582733617787,154.55764770507812,66607300
2018-03-23T00:00:00Z,154.37718244533488,155.032250598492,150.40880506930634,150.48475646972656,80110400
2018-03-26T00:00:00Z,153.53235163065162,156.26654603473474,151.10196304313712,156.07666015625,57481500
2018-03-27T00:00:00Z,157.23488343224142,157.23488343224142,149.69687235185913,151.0260009765625,78889100
2018-03-28T00:00:00Z,150.16205510177866,151.69054345711947,148.13988961981215,149.28863525390625,89369700
2018-03-29T00:00:00Z,150.0956196813061,153.52285091307365,148.70004260581092,152.02284240722656,68692600
2018-04-02T00:00:00Z,150.9405255494909,151.65255391763247,146.0892383551028,147.63670349121094,85549400
2018-04-03T00:00:00Z,148.92787199117498,149.92471475875274,146.62090667325108,149.29812622070312,64090000
2018-04-04T00:00:00Z,146.41205387097497,152.11777059081768,146.2411594914853,151.652587890625,65768700
2018-04-05T00:00:00Z,153.16207477291135,153.3994175997795,151.40573205958435,152.51649475097656,43054900
2018-04-06T00:00:00Z,150.8361437909228,152.33615245189097,147.9880293808903,148.70005798339844,59870900
2018-04-09T00:00:00Z,149.98169710974756,152.73488299723076,149.48803438751636,149.74435424804688,41810400
2018-04-10T00:00:00Z,152.09877025496803,153.54180408614096,151.0164876384607,153.0481414794922,48296800
2018-04-11T00:00:00Z,152.08924022758345,153.79811102511303,151.994311813764,152.16519165039062,41622100
2018-04-12T00:00:00Z,153.08607973025028,154.52912776277293,153.00063981361305,153.9974822998047,30467900
2018-04-13T00:00:00Z,154.7665448979287,154.99438478512062,152.53551609411215,153.2000732421875,44604900
2018-04-16T00:00:00Z,154.27279391795577,154.9278622530078,153.30443140152008,154.36773681640625,28180800
2018-04-17T00:00:00Z,155.9247359502573,158.03234123867645,155.61144170616737,157.69056701660156,35536100
2018-04-18T00:00:00Z,157.69056869565964,158.54499701681692,156.94055730405546,158.0133514404297,29573900
2018-04-19T00:00:00Z,157.21589003534092,157.58614425573325,156.01967294926106,156.56082153320312,34705700
2018-04-20T00:00:00Z,156.16204106840945,156.2759609528551,153.54176783614517,154.08291625976562,49197100
2018-04-23T00:00:00Z,154.8329682961879,155.4405653740719,152.86777715610094,153.6937255859375,33040600
2018-04-24T00:00:00Z,154.42476569584187,154.66210856166498,149.4215740281385,150.43740844726562,70256800
2018-04-25T00:00:00Z,150.70322176983458,151.24435593684325,148.5481446282637,150.61776733398438,52089300
2018-04-26T00:00:00Z,152.56393837840807,154.3012892924552,152.07026133244153,153.78863525390625,43005500
2018-04-27T00:00:00Z,156.0481715789864,156.08615454709528,153.010186011879,153.88360595703125,51043400
2018-04-30T00:00:00Z,154.2443459146138,155.2032056481879,152.41205189577263,152.79180908203125,35615300
2018-05-01T00:00:00Z,152.39306166140804,154.55762673313308,152.03229598736914,154.53863525390625,36513500
2018-05-02T00:00:00Z,154.80448472212976,155.28867336528526,153.44689069143448,153.6272735595703,38646800
2018-05-03T00:00:00Z,152.84879162747055,154.1779057601629,151.15891173607986,153.60829162597656,60337100
2018-05-04T00:00:00Z,152.94372301776755,156.88360813869977,152.82978861052226,156.52284240722656,41543200
2018-05-07T00:00:00Z,157.2538577673338,158.33614044383222,157.13043486570265,157.823486328125,32500200
2018-05-08T00:00:00Z,157.49124548112314,158.00389974296775,156.51339394581458,157.66213989257812,26040200
2018-05-09T00:00:00Z,157.94693291788633,159.49441310925178,157.38680720569303,159.3804931640625,29122700
2018-05-10T00:00:00Z,159.8930757153443,161.14625249560052,159.76965283921976,161.03231811523438,27067600
2018-05-11T00:00:00Z,160.84251019355148,161.2602359516199,160.17795307219663,160.8804931640625,24688800
2018-05-14T00:00:00Z,161.25070463355758,162.17159585942224,160.88993894079474,161.15576171875,21821700
2018-05-15T00:00:00Z,159.88359442243134,159.96903434686527,158.5259861826594,159.3709259033203,49361600
2018-05-16T00:00:00Z,159.5798190299316,160.79501314028263,159.5038675872526,160.4247589111328,22941200
2018-05-17T00:00:00Z,159.86460765637986,161.0228416203619,159.02915640727696,159.80764770507812,27480200
2018-05-18T00:00:00Z,159.19059888136476,159.74123606451644,158.7444076241431,158.98175048828125,26217900
2018-05-21T00:00:00Z,160.21587393316,160.91841381619972,159.19055132801597,159.8740997314453,22954600
2018-05-22T00:00:00Z,160.60513545466347,160.87095825044787,159.38045289453206,159.66525268554688,19477700
2018-05-23T00:00:00Z,158.45006780036172,161.03235895433733,158.43109080403218,161.0133819580078,26557800
2018-05-24T00:00:00Z,160.9658660888672,161.2506803040622,159.3424352026325,160.9658660888672,27696500
2018-05-25T00:00:00Z,160.94693644746897,161.706436484372,160.64314512446273,161.1273193359375,27460500
2018-05-29T00:00:00Z,160.39623069144662,161.31712173836712,159.45636265425608,160.41522216796875,41220500
2018-05-30T00:00:00Z,160.99438129254085,161.84880963884973,160.6526070567661,161.56399536132812,22665800
2018-05-31T00:00:00Z,161.56402693838626,162.53238987672006,161.0418842281778,161.45960998535156,35670900
2018-06-01T00:00:00Z,162.2665524404628,164.0893437282254,162.21908097482293,163.99441528320312,45543300
2018-06-04T00:00:00Z,164.41214272104426,165.51341709289804,164.30772576710564,165.47544860839844,20459600
2018-06-05T00:00:00Z,165.86464396635867,166.26337812056613,165.25704699524425,165.98805236816406,24779300
2018-06-06T00:00:00Z,166.15895256194668,166.98490087572253,165.3235012649058,166.9564208984375,25036600
2018-06-07T00:00:00Z,166.98491966772062,167.02288814628852,164.7633942719543,165.5988311767578,39600300
2018-06-08T00:00:00Z,164.82034227257748,166.02604780877206,164.41210510474937,165.6083221435547,31780300
2018-06-11T00:00:00Z,165.4849215531348,166.4627729074983,165.4564415708724,166.05455017089844,22319700
2018-06-12T00:00:00Z,166.2823832173989,167.08935464513098,166.1020148325446,166.92796325683594,22511800
2018-06-13T00:00:00Z,167.18427981741723,168.1716195251448,166.54818834381487,166.91845703125,37858600
2018-06-14T00:00:00Z,167.68747649490828,168.88367925439383,167.5640535762184,168.60836791992188,35916000
2018-06-15T00:00:00Z,167.97222764276916,168.35198478779944,167.19375084640137,168.0196990966797,49615700
2018-06-18T00:00:00Z,166.96174125884536,168.06535786147845,166.4384666315462,167.9226531982422,31633200
2018-06-19T00:00:00Z,165.80103700509062,167.48501018899896,165.2682535446048,167.44696044921875,38236000
2018-06-20T00:00:00Z,168.21756504231746,169.33070482966872,168.06533707551952,168.6361846923828,33038000
2018-06-21T00:00:00Z,169.06434940218276,169.2356095308716,166.8475781560477,167.1710662841797,43469400
2018-06-22T00:00:00Z,167.73238939467237,167.7989800706223,166.20062964069285,166.80001831054688,30073200
2018-06-25T00:00:00Z,165.2873511462861,165.53472538498536,161.55785060074183,163.0420379638672,77799700
2018-06-26T00:00:00Z,163.64137209380692,164.6498572967393,163.041983352823,163.70797729492188,39008100
2018-06-27T00:00:00Z,164.40245815441995,165.1445514091026,161.36747995057868,161.4816436767578,52843500
2018-06-28T00:00:00Z,161.28190093577922,163.42255848627252,160.94890395435277,162.87074279785156,46407700
2018-06-29T00:00:00Z,163.65088591554454,164.51666645299272,163.07052928813306,163.30838012695312,36408500
2018-07-02T00:00:00Z,161.77662890289173,164.45008467047194,161.42461428790406,164.4025115966797,31770000
2018-07-03T00:00:00Z,165.0209233863235,165.0209233863235,162.33797324065023,162.4997100830078,25512700
2018-07-05T00:00:00Z,163.555735287891,164.64984321244071,162.7184957869936,164.5166473388672,31626200
2018-07-06T00:00:00Z,164.8972507675194,167.19964534436153,164.59279469921086,167.07595825195312,37005600
2018-07-09T00:00:00Z,167.94173929371672,168.617227606449,167.27575978916929,168.5791778564453,27362100
2018-07-10T00:00:00Z,168.89308228187085,169.08335999831203,168.12244809406562,168.7028045654297,23902500
2018-07-11T00:00:00Z,167.38039523686004,168.46500906267272,167.2567226650898,167.84658813476562,30280600
2018-07-12T00:00:00Z,168.58869516886017,170.73887634277344,168.4745313958259,170.73887634277344,27930100
2018-07-13T00:00:00Z,170.72930276430316,171.1574313044313,170.253601160325,170.88153076171875,28049800
2018-07-16T00:00:00Z,170.9195727582349,171.20499661114164,170.18700277372844,170.472412109375,21405300
2018-07-17T00:00:00Z,168.66477463549015,171.87099908763918,168.66477463549015,171.5094757080078,31034100
2018-07-18T00:00:00Z,171.52851043905065,171.67122965761226,170.66274438907018,171.18600463867188,23220800
2018-07-19T00:00:00Z,170.56756271152025,171.13841043232307,170.1299253738639,170.3297119140625,31094100
2018-07-20T00:00:00Z,170.8435026843763,171.41433597117663,170.10139473218925,170.29168701171875,35897300
2018-07-23T00:00:00Z,169.78744939317957,170.91009838559364,169.1024378151,170.833984375,22184700
2018-07-24T00:00:00Z,172.594052483727,173.20294993158925,170.83395081303794,171.53799438476562,36900300
2018-07-25T00:00:00Z,171.6141507626544,174.040217830508,171.52851342312215,173.93557739257812,35026600
2018-07-26T00:00:00Z,171.57607147401075,172.12788714241992,171.07182887511777,171.3001708984375,40873500
2018-07-27T00:00:00Z,172.38478307194623,172.498946833563,168.01784498294114,168.98826599121094,59456100
2018-07-30T00:00:00Z,168.997775402762,169.09290702385596,165.80105968530225,166.60023498535156,60193000
2018-07-31T00:00:00Z,167.25667007773598,168.52203795940775,166.32429909233653,167.8750762939453,47285100
2018-08-01T00:00:00Z,168.2651983367387,169.01680060133836,167.54213701147435,168.51255798339844,37101900
2018-08-02T00:00:00Z,167.32328063221394,171.00522098683572,167.2471666320985,170.805419921875,47178200
2018-08-03T00:00:00Z,171.12893423907718,171.33824415986578,170.3773318997106,171.3287353515625,28934400
2018-08-06T00:00:00Z,171.21452466465718,172.38474652492306,171.00521480122617,172.33717346191406,24808800
2018-08-07T00:00:00Z,172.82241445270398,173.28860732509108,172.45136772317568,172.9651336669922,29895700
2018-08-08T00:00:00Z,172.72727774934523,173.48840331805096,172.26108489066306,173.1744384765625,22680700
2018-08-09T00:00:00Z,173.06982421875,173.75483593990765,172.81294119399934,173.06982421875,18852900
2018-08-10T00:00:00Z,171.8995279361938,172.4132938079921,171.1003527103533,171.747314453125,33818500
2018-08-13T00:00:00Z,172.0613258148062,173.1649428226533,171.48096910912352,171.5570831298828,26089200
2018-08-14T00:00:00Z,172.21353652337115,172.83195748795487,171.29067399799297,172.6321563720703,20913000
2018-08-15T00:00:00Z,171.26214363837394,171.80445061695434,169.4639915533567,170.52005004882812,58528000
2018-08-16T00:00:00Z,171.83294680733516,172.19448469889258,170.7483476499249,171.0813446044922,27711800
2018-08-17T00:00:00Z,170.6342047777474,171.54754390769506,169.60668736860853,171.11941528320312,36092600
2018-08-20T00:00:00Z,171.49996189563717,171.56656709813248,170.3011989060883,170.96717834472656,24939000
2018-08-21T00:00:00Z,171.48088328170368,172.62256398714354,171.3762283701983,171.5950469970703,26258700
2018-08-22T00:00:00Z,171.23353024696442,172.4608484069788,171.01471159320772,172.26104736328125,18042400
2018-08-23T00:00:00Z,171.95666628420804,173.20300249185385,171.72832422799434,172.0137481689453,25776200
2018-08-24T00:00:00Z,172.58455846593722,173.75479501569603,172.54650872028634,173.61207580566406,23136100
2018-08-27T00:00:00Z,174.48734673105915,175.3816680908203,174.21144618170746,175.3816680908203,29343600
2018-08-28T00:00:00Z,175.84785967539767,176.028628610762,175.26750312793058,175.6385498046875,20277000
2018-08-29T00:00:00Z,175.94300218429092,177.76018593924667,175.8764115034468,177.66505432128906,29175600
2018-08-30T00:00:00Z,177.3225485404285,178.4071477024153,176.76120957030977,177.35108947753906,29315500
2018-08-31T00:00:00Z,177.13227650037436,178.08367989208486,176.94199872548498,177.57943725585938,28653200
2018-09-04T00:00:00Z,177.03717813136888,177.34161972493428,175.8669558045502,176.818359375,29063500
2018-09-05T00:00:00Z,176.5043391097517,176.53288004653456,173.93555317846238,174.53492736816406,42623300
2018-09-06T00:00:00Z,174.611070211079,174.8203801268978,171.80443299820888,172.9746551513672,46091400
2018-09-07T00:00:00Z,171.7282373533234,173.79278007140053,171.671155497463,172.30859375,46629500
2018-09-10T00:00:00Z,173.2980887211757,173.39323484898486,171.94709790639897,172.8889923095703,26132000
2018-09-11T00:00:00Z,172.194498508081,174.5064016932559,171.74733776969308,174.22097778320312,30116500
2018-09-12T00:00:00Z,173.96414315255404,174.08781574105348,172.21354960526187,173.70726013183594,36204000
2018-09-13T00:00:00Z,174.79180466211247,175.89543590622063,174.71569066073317,175.56243896484375,31133200
2018-09-14T00:00:00Z,175.6861445515152,175.96204513299534,174.3541711628605,175.0487060546875,31224100
2018-09-17T00:00:00Z,174.75377690350763,174.87746399624115,172.3657594951507,172.52749633789062,33071200
2018-09-18T00:00:00Z,172.6701434115587,174.80127693573831,172.5845061046164,173.95452880859375,31877300
2018-09-19T00:00:00Z,173.9831479807033,174.39225902193934,172.68923868031197,173.8214111328125,31843400
2018-09-20T00:00:00Z,175.0201789857123,175.98109121070456,174.6015591594538,175.7432403564453,33295800
2018-09-21T00:00:00Z,176.2189165822095,176.4662762086537,174.56346964974185,174.7823028564453,38605400
2018-09-24T00:00:00Z,173.51467313619855,175.33512716291796,172.7998365381725,175.26840209960938,34945600
2018-09-25T00:00:00Z,175.1921687284424,175.6401342050414,174.59170127185453,175.50669860839844,25277500
2018-09-26T00:00:00Z,175.6591617550111,177.2699290219979,175.28744735058228,175.6305694580078,36210600
2018-09-27T00:00:00Z,176.34542570714547,177.74650659066538,176.25010834420883,177.11744689941406,33113300
2018-09-28T00:00:00Z,176.6218238361947,177.54634699728183,176.2977680697114,177.07931518554688,28076800
2018-10-01T00:00:00Z,178.1086603786876,178.73771999861006,176.99351716703563,177.4414825439453,27371300
2018-10-02T00:00:00Z,177.2889729570046,178.40411612059555,176.63133561184998,177.04116821289062,25618600
2018-10-03T00:00:00Z,177.7845896059751,178.20396265043425,176.9553839774939,177.23178100585938,29128700
2018-10-04T00:00:00Z,176.51694001920336,176.63132373781573,172.5710434966114,173.82916259765625,80557300
2018-10-05T00:00:00Z,173.81011136147947,174.39151229184202,170.06436056923917,171.70372009277344,83325600
2018-10-08T00:00:00Z,171.103254027982,172.17073845581982,168.63467447353017,170.65528869628906,66864500
2018-10-09T00:00:00Z,170.7792010826923,172.53294437607687,170.36936846385632,171.20811462402344,49097900
2018-10-10T00:00:00Z,170.14063417723028,170.2454774587328,163.45930009133238,163.6785125732422,114471100
2018-10-11T00:00:00Z,163.0018139641981,165.27021892408655,159.9423068648765,161.6483917236328,143084500
2018-10-12T00:00:00Z,166.00407294390226,166.6617247600524,162.9159744546083,166.1470489501953,102078400
2018-10-15T00:00:00Z,165.5656746185715,165.88018988735638,163.51646788049746,164.13600158691406,64885300
2018-10-16T00:00:00Z,165.86116607172002,169.32096550331934,165.5561621259477,168.9111328125,71979700
2018-10-17T00:00:00Z,169.73081364380923,169.90236745668074,167.243181553452,168.97784423828125,66987600
2018-10-18T00:00:00Z,168.3392978754541,168.3964824930916,164.3552810505262,165.06057739257812,82486200
2018-10-19T00:00:00Z,166.39489301773847,167.81504023981722,164.30756790532942,164.9080352783203,82923700
2018-10-22T00:00:00Z,165.89924809986746,167.0334576427571,164.49816743434326,165.75628662109375,52909300
2018-10-23T00:00:00Z,162.63957318315215,165.965950385715,160.90491112398104,165.14627075195312,77567000
2018-10-24T00:00:00Z,164.95566516769952,165.23206219424262,157.30213624355142,157.58807373046875,102997400
2018-10-25T00:00:00Z,160.0376093180465,164.01209876634394,159.32277277245228,163.0399169921875,83481100
2018-10-26T00:00:00Z,157.45469723955176,161.99153689057556,156.5301739262998,158.84625244140625,130970900
2018-10-29T00:00:00Z,161.27663543027518,161.89615451612025,152.58421459127663,155.57699584960938,111871900
2018-10-30T00:00:00Z,155.11957059732845,158.25531465762347,154.4142597872561,158.1409454345703,92584000
2018-10-31T00:00:00Z,160.71431263978116,163.22101077298134,160.63806166326475,161.85806274414062,73828600
2018-11-01T00:00:00Z,162.0963213899249,164.1645797862354,160.86679454399038,163.99301147460938,52706800
2018-11-02T00:00:00Z,163.48788246651003,164.46006424111607,160.333072837437,161.43869018554688,75966800
2018-11-05T00:00:00Z,161.64836909645146,161.70555369048105,159.24651434350545,161.0383758544922,39573500
2018-11-06T00:00:00Z,161.04794668912993,163.16386451867774,160.80966778529248,162.25840759277344,34410400
2018-11-07T00:00:00Z,164.20273837922238,167.3480224609375,163.81195753094693,167.3480224609375,51169600
2018-11-08T00:00:00Z,166.5664252758008,167.08111568420836,165.48941487188387,166.28050231933594,40296500
2018-11-09T00:00:00Z,164.72695730193846,165.12726407570324,162.18214060511264,163.47837829589844,50602700
2018-11-12T00:00:00Z,162.3346127122697,162.63960206043032,158.38870121816151,158.53167724609375,62578400
2018-11-13T00:00:00Z,159.27512392338372,161.53400289297946,158.2171651888792,158.66513061523438,64128100
2018-11-14T00:00:00Z,160.23776144827218,160.79057014291507,156.54920938781314,157.4546661376953,75270700
2018-11-15T00:00:00Z,157.16868205566288,160.63802061193712,155.79620845926564,160.20912170410156,73254300
2018-11-16T00:00:00Z,158.64606121194257,160.4188565023855,158.00747561584046,159.64683532714844,65390700
2018-11-19T00:00:00Z,158.8843385379454,159.0749587143869,153.96625945146425,154.46188354492188,67280500
2018-11-20T00:00:00Z,150.94490654008018,153.8137936826276,149.76305255378784,151.6978759765625,102652800
2018-11-21T00:00:00Z,153.7851836069438,154.37611053179882,151.7645689643325,152.8511199951172,42965800
2018-11-23T00:00:00Z,151.63113017498264,153.2990821764563,151.63113017498264,151.74551391601562,23503700
2018-11-26T00:00:00Z,153.87094584356765,155.32921117898448,153.2228198370567,155.25296020507812,42012600
2018-11-27T00:00:00Z,154.40473283862394,156.1680025803718,153.62317103725533,155.7772216796875,36608100
2018-11-28T00:00:00Z,156.9018156789832,160.79052734375,155.80573904351922,160.79052734375,70141000
2018-11-29T00:00:00Z,160.11385475827257,161.32430079571813,158.99871153091206,160.26634216308594,44885700
2018-11-30T00:00:00Z,160.48559365739357,161.52448606918858,159.68496557886334,161.42916870117188,36722800
2018-12-03T00:00:00Z,164.99382565897469,165.18444585130473,161.56260402348022,164.25039672851562,50771700
2018-12-04T00:00:00Z,163.39255192600038,163.85005774971583,157.75965145159,157.9502716064453,70594700
2018-12-06T00:00:00Z,154.76689928412355,159.0845113284058,154.18549824836384,159.06544494628906,71715500
2018-12-07T00:00:00Z,158.36960975353085,159.28459211244203,153.31809677507505,153.813720703125,80432200
2018-12-10T00:00:00Z,153.52782521149555,156.10123379623136,151.93612429225752,155.42453002929688,73960800
2018-12-11T00:00:00Z,157.9598089500964,157.99794170985717,154.6239050969747,155.939208984375,59058300
2018-12-12T00:00:00Z,158.21717865041674,159.74216932223416,157.22594489410767,157.3117218017578,53780000
2018-12-13T00:00:00Z,158.3410367404072,158.99868857159052,156.33948895362175,157.3593292236328,46378500
2018-12-14T00:00:00Z,155.55797250900565,156.12983302913457,153.16564352146415,153.52783203125,56547400
2018-12-17T00:00:00Z,152.87017817378,154.09016472031004,148.84803002889953,150.0489501953125,74834100
2018-12-18T00:00:00Z,151.2117203579812,152.45077302416146,149.6772043073376,150.9925079345703,63642100
2018-12-19T00:00:00Z,150.76380851628912,153.1847301222298,146.15073281207583,147.28494262695312,81856500
2018-12-20T00:00:00Z,146.9227743613866,148.56213447333295,143.3390646863873,145.1499786376953,99002100
2018-12-21T00:00:00Z,145.8743133835041,146.86554699025402,139.84109121813665,140.6512451171875,141129400
2018-12-24T00:00:00Z,139.6294508430513,141.44554545590654,137.12514857827276,137.1633758544922,56163300
2018-12-26T00:00:00Z,138.67364495056628,145.8042225168696,137.7273555342068,145.72776794433594,98982100
2018-12-27T00:00:00Z,143.73000672031404,146.41592133822692,140.5852918670806,146.2916717529297,85824300
2018-12-28T00:00:00Z,147.34309696796444,148.71951232806305,145.020406986546,146.2152099609375,77856600
2018-12-31T00:00:00Z,147.6489296685982,148.13640388673846,145.96665283100268,147.4481964111328,53015300
2019-01-02T00:00:00Z,144.32262212397305,148.87242584295743,144.2174788963182,148.0408477783203,58576700
2019-01-03T00:00:00Z,145.86154034542182,146.49238517679825,142.88887021857158,143.2042999267578,74820200
2019-01-04T00:00:00Z,145.61301184560864,150.06724044455302,145.03951521911114,149.33123779296875,74709300
2019-01-07T00:00:00Z,149.7039959269768,151.845087637356,149.2165216711066,151.1090850830078,52059300
2019-01-08T00:00:00Z,152.49508901268382,153.03992617767432,150.25842131271722,152.47598266601562,49388700
2019-01-09T00:00:00Z,153.06863212403394,154.38769956840568,152.42821933749127,153.71861267089844,46491700
2019-01-10T00:00:00Z,152.5524407972887,154.24427121015788,151.69217395439262,154.1582489013672,38943400
2019-01-11T00:00:00Z,153.2501802853404,153.75677547994312,152.73401733442805,153.5942840576172,30176600
2019-01-14T00:00:00Z,152.29436297775848,152.89654832388396,151.58703439000786,152.2370147705078,30710200
2019-01-15T00:00:00Z,152.93477680709236,155.41997276420636,152.84875449553763,155.20968627929688,40874200
2019-01-16T00:00:00Z,155.46774077142646,156.5478472133815,155.12363696775026,155.18099975585938,33812200
2019-01-17T00:00:00Z,154.68396092606267,157.1022407746182,154.4354471790358,156.40447998046875,39329000
2019-01-18T00:00:00Z,157.50367962616622,158.68892922791906,156.58607926383704,157.9529266357422,57183200
2019-01-22T00:00:00Z,156.8154893359725,156.8919584720892,153.66120674989125,154.7891082763672,56711700
2019-01-23T00:00:00Z,155.5825004801285,156.28981465333587,153.2406890814008,154.9898681640625,38106100
2019-01-24T00:00:00Z,155.49642713045793,156.22287665381435,154.9038095382435,155.99346923828125,32417800
2019-01-25T00:00:00Z,157.24560710962174,158.3352667176428,156.71033777024235,157.8573455810547,36515900
2019-01-28T00:00:00Z,155.82138737707533,155.91696283862578,154.60746379393683,155.90740966796875,33491200
2019-01-29T00:00:00Z,155.9934838459991,156.03172571133413,153.88108021368248,154.4354705810547,30784200
2019-01-30T00:00:00Z,156.18457306282474,158.93740262122657,155.69709890560404,158.3638916015625,41346500
2019-01-31T00:00:00Z,159.33886968209697,161.52775618353758,159.1190300904432,160.73440551757812,37258400
2019-02-01T00:00:00Z,159.94113547050242,161.155059591503,159.61615250425024,160.0558319091797,32143700
2019-02-04T00:00:00Z,160.08445058977605,162.04393005371094,159.94108009107134,162.04393005371094,26718800
2019-02-05T00:00:00Z,162.26379825352484,163.66888772823614,162.19689687068004,163.47772216796875,28156400
2019-02-06T00:00:00Z,163.51593525317136,163.80267625060904,162.25421652446636,162.99021911621094,27970000
2019-02-07T00:00:00Z,161.5660072497974,161.96745922695396,159.57785370697826,160.80133056640625,42036200
2019-02-08T00:00:00Z,159.3962413624323,161.14543435334792,159.21464359429987,161.11676025390625,29020700
2019-02-11T00:00:00Z,161.69983932098927,162.0917381624014,160.56238465615675,160.96383666992188,21434100
2019-02-12T00:00:00Z,162.13954644814595,163.58286318121276,161.85279081915994,163.34390258789062,29722100
2019-02-13T00:00:00Z,164.07031082358392,164.557799688976,163.27697461773968,163.4585723876953,26094100
2019-02-14T00:00:00Z,162.87550415729183,164.24236608003088,162.33068169046174,163.6593017578125,30326800
2019-02-15T00:00:00Z,164.90192448677166,164.9401517629514,163.58285739112327,164.3475341796875,32521700
2019-02-19T00:00:00Z,163.84093770710066,165.16955796581803,163.81226360392662,164.67251586914062,19487700
2019-02-20T00:00:00Z,164.7872151228341,165.43719550430995,163.75491822077873,164.6438446044922,32593000
2019-02-21T00:00:00Z,164.2041479405232,164.6533950037559,163.1718510558571,164.04165649414062,25207400
2019-02-22T00:00:00Z,164.39530206974626,165.37025059381662,164.30926518880364,165.25555419921875,27735400
2019-02-25T00:00:00Z,166.51726044043835,166.94738647304288,165.7430160797584,165.85772705078125,32608800
2019-02-26T00:00:00Z,165.4563190065506,166.5555318909136,165.1791165534523,166.02981567382812,21939700
2019-02-27T00:00:00Z,165.26513381394253,166.12540066605757,164.1754741359274,165.92466735839844,25162000
2019-02-28T00:00:00Z,165.40851054419096,166.1349454311057,165.07395991002207,165.54232788085938,25085500
2019-03-01T00:00:00Z,166.73709555833423,166.93781422848878,165.53272519743598,166.68930053710938,31431200
2019-03-04T00:00:00Z,167.78855632135912,168.02751690404506,164.854127950174,166.718017578125,38063500
2019-03-05T00:00:00Z,166.84225463867188,167.35840299600778,166.0202297844005,166.84225463867188,22319900
2019-03-06T00:00:00Z,167.00479208200017,167.03346618836568,165.62837663646198,165.89601135253906,27194600
2019-03-07T00:00:00Z,165.475376057541,165.53272424868504,163.24826226316074,163.86000061035156,39407400
2019-03-08T00:00:00Z,162.02485497552144,163.69757933040145,161.8623635026758,163.61155700683594,39303200
2019-03-11T00:00:00Z,164.2902161044366,167.12906954007877,164.26154199579372,167.0143585205078,30518400
2019-03-12T00:00:00Z,167.4539789768564,168.3620260502174,167.0525270471071,167.93190002441406,33953500
2019-03-13T00:00:00Z,168.80173456580442,170.07299182848013,168.5627740211671,169.19361877441406,42426100
2019-03-14T00:00:00Z,169.3083275699652,169.50904625727503,168.8590805850417,168.90687561035156,23751500
2019-03-15T00:00:00Z,169.56641023547823,170.98106727434583,169.4517138320548,170.47447204589844,38192000
2019-03-18T00:00:00Z,170.4016869811278,171.3975802858128,170.05695693128135,170.88047790527344,32935100
2019-03-19T00:00:00Z,171.5795385924272,172.36476285899167,170.72729118275277,171.45506286621094,36893300
2019-03-20T00:00:00Z,171.46464419954282,173.18829485874016,170.6794344951847,172.13494873046875,50105000
2019-03-21T00:00:00Z,171.61782425456664,175.07469539666226,171.59866852589707,174.8257293701172,42428500
2019-03-22T00:00:00Z,174.0691929215777,174.5384131949575,170.8038359554151,170.98577880859375,70794500
2019-03-25T00:00:00Z,170.36339975085755,171.25394390648805,169.4249589662621,170.66024780273438,46336500
2019-03-26T00:00:00Z,171.98173589725516,173.02549678779786,170.5836597249871,171.45506286621094,33248100
2019-03-27T00:00:00Z,171.71355386814278,172.09658069552137,169.1089305296653,170.35377502441406,37096700
2019-03-28T00:00:00Z,170.79432672463065,171.38802289109304,169.72183955642973,170.74644470214844,30368200
2019-03-29T00:00:00Z,172.06788033853897,172.20194120947335,171.01453448724092,172.03915405273438,35205500
2019-04-01T00:00:00Z,173.81065910825072,174.52884542457653,173.1020579608602,174.31817626953125,30969500
2019-04-02T00:00:00Z,174.5097066386388,175.15128466973394,174.06921259633708,174.97891235351562,22645200
2019-04-03T00:00:00Z,175.9652650449194,177.0760636842204,175.43860662821157,175.9844207763672,31633500
2019-04-04T00:00:00Z,176.03229407592437,176.6738722379836,174.90233976117054,175.91738891601562,28530800
2019-04-05T00:00:00Z,176.42485906218317,176.93237619827036,176.21418991759558,176.82704162597656,25674700
2019-04-08T00:00:00Z,176.53977282604376,177.42074628670915,175.84074223656083,177.27711486816406,22697500
2019-04-09T00:00:00Z,176.67384933153053,177.25797483790123,176.28123727069104,176.65469360351562,25631900
2019-04-10T00:00:00Z,176.88452052159573,177.66015948234008,176.69300707388126,177.6027069091797,24563000
2019-04-11T00:00:00Z,177.89955234388054,177.89955234388054,176.85579164928836,177.18136596679688,20654100
2019-04-12T00:00:00Z,177.9666197204008,178.0623691530323,177.21012176144097,177.9474639892578,24989100
2019-04-15T00:00:00Z,177.9569947858325,178.17724911590827,176.78874384335708,177.9761505126953,21073000
2019-04-16T00:00:00Z,178.62730135927077,178.98161655876925,178.04317588067985,178.58900451660156,27195700
2019-04-17T00:00:00Z,179.78598069867076,179.9583384069739,178.68476748707593,179.21142578125,29651600
2019-04-18T00:00:00Z,179.5083066664157,179.824295830443,178.38792300234095,179.44126892089844,28580900
2019-04-22T00:00:00Z,178.65601923956942,180.015783457997,178.52194377865354,179.94874572753906,17936000
2019-04-23T00:00:00Z,180.4084567499816,182.4576818022101,180.1499201105231,182.23744201660156,33665600
2019-04-24T00:00:00Z,182.3905527132809,182.620377537515,181.6053288557985,181.6627960205078,24977100
2019-04-25T00:00:00Z,183.02261393829343,183.10879279344343,181.4138689177999,182.40017700195312,29517500
2019-04-26T00:00:00Z,182.11296927078624,182.6013455267124,180.5904171339977,182.5630340576172,26359500
2019-04-29T00:00:00Z,182.56293643918883,183.20452900534065,182.26608846437807,182.9172515869141,21716200
2019-04-30T00:00:00Z,181.4426847306532,181.7970001069947,180.22656576604015,181.50013732910156,31495300
2019-05-01T00:00:00Z,182.68741003805368,183.2045122662821,180.79140262813132,180.91587829589844,34797100
2019-05-02T00:00:00Z,180.85846366992524,181.7969043219567,178.9433001357947,180.13070678710938,44110100
2019-05-03T00:00:00Z,181.6245132872337,183.13749407665009,181.2989390267551,183.00343322753903,30386200
2019-05-06T00:00:00Z,179.11570642847164,182.13208372229104,178.83799948088287,181.88311767578125,38371800
2019-05-07T00:00:00Z,179.90087514127458,180.6669434484417,176.68339994040275,178.34002685546875,58818100
2019-05-08T00:00:00Z,177.75589276191835,179.23056212690983,177.1143147867149,177.88995361328125,37165300
2019-05-09T00:00:00Z,175.9078294766162,177.54530130254972,174.3661217056424,176.9324493408203,55351700
2019-05-10T00:00:00Z,176.300371260863,178.00486555554326,173.3510178064122,177.15261840820312,58526400
2019-05-13T00:00:00Z,172.64241579728267,173.5712713095391,170.50701248064405,171.0049591064453,67185800
2019-05-14T00:00:00Z,171.90506736737038,173.925565297602,171.27305995149808,172.8817901611328,43360600
2019-05-15T00:00:00Z,171.7423373674637,175.7641788410068,171.70402590503983,175.3236846923828,40944500
2019-05-16T00:00:00Z,175.40024792292414,178.17724377321915,175.18957876836598,177.08558654785156,39281200
2019-05-17T00:00:00Z,175.33322401454575,177.70802265986035,175.1225548609292,175.2757568359375,44702300
2019-05-20T00:00:00Z,172.83393582507313,173.49465496082107,171.7327080424173,172.31683349609375,38608300
2019-05-21T00:00:00Z,173.8011074391442,174.5959021356391,173.24570820744154,174.1171112060547,31613800
2019-05-22T00:00:00Z,173.14996298626082,174.34694033924114,173.08292524095475,173.3414764404297,24332600
2019-05-23T00:00:00Z,171.34969865841083,171.42630695983203,169.62604840528246,170.68896484375,45351300
2019-05-24T00:00:00Z,171.6082777494587,172.2211296489267,170.39214451042892,170.60281372070312,25903300
2019-05-28T00:00:00Z,171.08156583856385,172.0391476270548,169.94204117241347,169.96119689941406,24763800
2019-05-29T00:00:00Z,168.90785564797758,169.49198113919002,167.66299636702038,168.56312561035156,42178800
2019-05-30T00:00:00Z,169.01317735422083,169.75051938631685,168.31414677424132,169.271728515625,30354800
2019-05-31T00:00:00Z,167.27995056147114,167.85449081815733,166.4947265490016,166.5713348388672,45446200
2019-06-03T00:00:00Z,166.12128397591508,166.57134858380263,162.08987284339688,162.90380859375,75842300
2019-06-04T00:00:00Z,164.73280593437406,167.5480989359633,164.10079840105004,167.4906463623047,47797800
2019-06-05T00:00:00Z,169.08980475905693,169.11853104562235,166.98312761220365,168.73550415039062,34412700
2019-06-06T00:00:00Z,169.02274980909164,170.48784872093427,168.27583721134985,170.0760955810547,29913200
2019-06-07T00:00:00Z,170.98581207518632,174.05965622976674,170.76557234184858,173.36061096191406,45888300
2019-06-10T00:00:00Z,174.5192705432129,177.00898888940466,174.48097370303444,175.38108825683594,41385300
2019-06-11T00:00:00Z,177.2101033704551,177.53567770838893,175.02681781607276,175.62051391601562,41260300
2019-06-12T00:00:00Z,175.1417581581296,175.50564402748682,174.2799401230176,174.6055145263672,27758100
2019-06-13T00:00:00Z,175.33322986571977,176.07055731644573,174.9884998402555,175.6396484375,23715800
2019-06-14T00:00:00Z,174.73951412570332,175.34279530554207,174.22242640836868,174.89273071289062,22844100
2019-06-17T00:00:00Z,175.27577172803416,176.4344521713711,175.08425828434864,175.9460906982422,20379500
2019-06-18T00:00:00Z,178.02400155089984,179.75722193619904,177.56435185539533,178.50279235839844,48177300
2019-06-19T00:00:00Z,178.74221734494384,179.57530881218102,177.6984567186175,179.17312622070312,31672900
2019-06-20T00:00:00Z,181.67243175294897,181.71072859829363,179.22102452778083,180.83934020996097,40922000
2019-06-21T00:00:00Z,180.6286958678193,181.72033875448636,180.18820172232057,180.5712432861328,39980400
2019-06-24T00:00:00Z,180.93203398323027,181.1143791187949,180.48097432488927,180.5769500732422,19375200
2019-06-25T00:00:00Z,180.4521842852067,180.5577517507149,177.20839729399316,177.47711181640625,33921100
2019-06-26T00:00:00Z,178.65761943931565,179.7804658268325,178.0146226863196,178.30252075195312,22595700
2019-06-27T00:00:00Z,178.94550519706257,179.40615667654427,178.49444543704112,178.98388671875,19709200
2019-06-28T00:00:00Z,179.415731477446,179.60766835547687,178.57120628534108,179.21420288085938,21179200
2019-07-01T00:00:00Z,182.6499226461497,182.8898473986942,180.78810422338893,181.63262939453125,31025600
2019-07-02T00:00:00Z,181.57504788634887,182.37159981367657,181.05681686959733,182.35240173339844,18035800
2019-07-03T00:00:00Z,182.81308129186127,183.72479248046875,182.62112976260016,183.72479248046875,15792100
2019-07-05T00:00:00Z,182.46754270341555,183.68634967040572,181.7573602994973,183.3504638671875,21415600
2019-07-08T00:00:00Z,182.1604447456821,182.21802433631308,181.3159050328463,182.06448364257812,17598800
2019-07-09T00:00:00Z,181.2007776831294,183.20654520962464,181.04722231857636,182.97622680664065,19193500
2019-07-10T00:00:00Z,184.08943855356335,185.3082455370335,183.75353810196137,184.7996063232422,28374500
2019-07-11T00:00:00Z,185.07796139547847,185.54820454202596,184.0798662166549,184.665283203125,23736100
2019-07-12T00:00:00Z,184.8668218073173,185.74013676209648,184.694068373685,185.7305450439453,20211900
2019-07-15T00:00:00Z,186.1624449358372,186.3639882092032,185.6442138160849,186.3255920410156,15606100
2019-07-16T00:00:00Z,186.0952406131234,186.2679794077989,184.7996410776776,185.36585998535156,20190900
2019-07-17T00:00:00Z,185.36587380650465,185.6921826271855,184.43496451553477,184.45416259765625,16765100
2019-07-18T00:00:00Z,183.58081862724308,185.02036715359472,183.00500800300935,184.665283203125,28877000
2019-07-19T00:00:00Z,185.9320611677944,186.018430550096,183.1201359119552,183.31207275390625,29387900
2019-07-22T00:00:00Z,183.72475995945143,185.16430831102193,183.72475995945143,184.7708282470703,18954900
2019-07-23T00:00:00Z,185.77854342200885,185.9992701027162,184.54052344984927,185.9800720214844,23786700
2019-07-24T00:00:00Z,185.26991894482953,187.2948846836209,185.25072086205927,187.2852783203125,20422900
2019-07-25T00:00:00Z,186.6519015619102,186.68069136622995,185.1547585180447,185.5098571777344,23434700
2019-07-26T00:00:00Z,186.69022031104623,187.66911726030284,186.59424456635423,187.41958618164065,20431200
2019-07-29T00:00:00Z,187.24685380422773,187.3140251127305,185.59617051731985,186.7765960693359,20451700
2019-07-30T00:00:00Z,185.34666053237936,186.69982490527613,185.21230326684903,185.970458984375,18705000
2019-07-31T00:00:00Z,186.4695326370955,186.594283558653,181.69023535833236,183.39849853515625,41627500
2019-08-01T00:00:00Z,183.71519961821673,187.12213449912412,181.6038644358019,182.48678588867188,63251600
2019-08-02T00:00:00Z,181.114373844308,181.37349664224007,178.70553492677004,179.79959106445312,55214000
2019-08-05T00:00:00Z,176.0375957275831,176.114373411468,171.97807270764764,173.4464111328125,75040000
2019-08-06T00:00:00Z,175.04909368986904,176.3926810911231,173.7727068922526,175.8744354248047,41897200
2019-08-07T00:00:00Z,173.9647003381603,177.07411677186002,172.64031058671068,176.82460021972656,49990600
2019-08-08T00:00:00Z,177.62106207373384,180.73049156977336,177.13162093984698,180.6728973388672,38418100
2019-08-09T00:00:00Z,179.80920713447338,180.4234139152395,177.57310668347526,178.97427368164062,33608900
2019-08-12T00:00:00Z,177.87062494891572,178.4080540936501,176.10478214654694,176.9205322265625,24642900
2019-08-13T00:00:00Z,176.76695107440693,182.03568891194217,176.60380401097035,180.7976837158203,40241900
2019-08-14T00:00:00Z,177.88981566101373,178.45603458334026,175.0682981242066,175.39459228515625,51000500
2019-08-15T00:00:00Z,175.62490052113924,176.1911193634883,173.85905804135072,175.1930389404297,36685000
2019-08-16T00:00:00Z,176.7861974330223,178.45606468178448,176.6806299344576,178.0050048828125,32781400
2019-08-19T00:00:00Z,180.5769818806154,181.2199785050784,179.9435769751399,180.83609008789065,22494100
2019-08-20T00:00:00Z,180.38505921534545,181.03764761024544,179.38696389581403,179.43495178222656,19902900
2019-08-21T00:00:00Z,181.0088628292189,181.6038716344711,180.38506422008984,181.0280609130859,20418500
2019-08-22T00:00:00Z,181.363914542024,181.8245806097128,179.02224661806267,180.4426116943359,24243700
2019-08-23T00:00:00Z,179.21419925710444,180.8552763715074,174.2429507467072,174.73240661621094,55372400
2019-08-26T00:00:00Z,176.71897907502918,177.41955526774902,175.70170044465223,177.37158203125,27598900
2019-08-27T00:00:00Z,178.60960130816153,178.90710568818062,176.30632930994923,176.99729919433594,28012800
2019-08-28T00:00:00Z,176.42152147629372,177.92824174028723,175.53859989056747,177.6307373046875,21792400
2019-08-29T00:00:00Z,179.83800982955532,180.86489487313983,179.15661704016748,180.34664916992188,25358900
2019-08-30T00:00:00Z,181.31591667912633,181.35431283790857,178.89748585422632,179.91476440429688,26319800
2019-09-03T00:00:00Z,178.71514151538548,179.6364443164982,177.5730974098894,178.16810607910156,27964200
2019-09-04T00:00:00Z,179.88601116383188,180.8936982009125,179.3677654218604,180.7401428222656,21592100
2019-09-05T00:00:00Z,182.73631853603655,184.57893914546423,182.66913256653783,184.0511016845703,33932600
2019-09-06T00:00:00Z,184.35821510054708,184.4253864271678,183.46568726400795,183.86875915527344,19487800
2019-09-09T00:00:00Z,184.44457766759297,184.52135535505883,182.55396921480408,183.48487854003903,24407600
2019-09-10T00:00:00Z,182.49637979382928,183.05300701513156,181.29675594891376,182.95703125,23744700
2019-09-11T00:00:00Z,183.3025032249388,184.7708414771703,182.88023333522756,184.67486572265625,25063600
2019-09-12T00:00:00Z,185.80730195714955,186.86297658958748,185.1930952556883,185.4426116943359,28689900
2019-09-13T00:00:00Z,185.1739672673764,185.60582900089364,184.54056224816523,184.78048706054688,27669800
2019-09-16T00:00:00Z,183.5904481864286,184.33901234320615,183.40810300703595,183.9551239013672,20319000
2019-09-17T00:00:00Z,183.97432046754864,184.8380584716797,183.5808403093505,184.8380584716797,20953400
2019-09-18T00:00:00Z,184.4541350348709,184.8380234007061,182.44836774635488,184.76124572753903,29781300
2019-09-19T00:00:00Z,185.08754219570636,186.2199799405892,184.71326018668736,185.06834411621097,26039400
2019-09-20T00:00:00Z,185.3274828919966,185.5194197719441,182.4963736421969,183.1105804443359,29086100
2019-09-23T00:00:00Z,183.0567169916471,183.73948384217155,182.44127158940896,183.19134521484375,22485900
2019-09-24T00:00:00Z,184.02795847090565,184.43184313184844,179.96986039280742,180.75840759277344,40820700
2019-09-25T00:00:00Z,180.5757285198309,183.26830810347005,179.06596995753307,182.78749084472656,34704900
2019-09-26T00:00:00Z,182.5470819628292,182.71055806977049,180.76805223858807,182.1143493652344,26826000
2019-09-27T00:00:00Z,182.45084038299447,182.547009665874,178.62354063302232,179.85443115234375,40773500
2019-09-30T00:00:00Z,180.5853062329242,181.85467060480815,180.21026942729952,181.5661773681641,26307700
2019-10-01T00:00:00Z,182.2297220133388,183.27790000621144,179.78717705055394,180.0852813720703,32367600
2019-10-02T00:00:00Z,178.8640148845526,178.89286274534118,175.99834821699105,176.98883056640625,48544300
2019-10-03T00:00:00Z,176.9695777936199,179.06594841974984,174.84437398268187,178.9313201904297,39392500
2019-10-04T00:00:00Z,179.90255406868783,181.82582274848133,179.7102301353836,181.5661773681641,31887600
2019-10-07T00:00:00Z,181.0468990034249,182.46050263916072,180.70071005848192,181.01805114746097,21216000
2019-10-08T00:00:00Z,179.88330828942682,180.65261865759763,178.16198936326475,178.3062286376953,32379300
2019-10-09T00:00:00Z,179.81604632703576,180.86422444475664,179.27751866375954,180.0468292236328,20147400
2019-10-10T00:00:00Z,180.09491017990496,182.16241851073855,179.94104513642,181.44119262695312,25177700
2019-10-11T00:00:00Z,183.50868240211975,185.23962714444755,183.40290203805037,183.77793884277344,40976700
2019-10-14T00:00:00Z,183.518288931306,184.34529502814203,183.3355760639367,183.7586975097656,14975000
2019-10-15T00:00:00Z,184.32607108931563,186.5282220386867,184.210679659087,186.09548950195312,23234200
2019-10-16T00:00:00Z,185.46080872733805,186.1051020067386,185.04729831018471,185.63389587402344,20457100
2019-10-17T00:00:00Z,186.74938506214903,187.03787829754015,185.41271392243328,186.12432861328125,19045200
2019-10-18T00:00:00Z,185.78777134382565,186.23974070564037,183.39331097312305,184.3357086181641,27700800
2019-10-21T00:00:00Z,185.31655469552777,186.09547614039732,184.76841609454544,185.970458984375,15801200
2019-10-22T00:00:00Z,186.7012794559192,186.96092480596693,184.43182209140176,184.48953247070312,22392300
2019-10-23T00:00:00Z,184.11453056258443,184.88382635174816,183.81641156990037,184.84536743164065,14828400
2019-10-24T00:00:00Z,186.1628289653571,186.75905236410247,185.3454484020931,186.6436462402344,18998500
2019-10-25T00:00:00Z,185.6819996546259,188.23033985031984,185.64354073141527,188.13417053222656,21507100
2019-10-28T00:00:00Z,189.0092714844104,190.24016251986933,189.0092714844104,189.9901428222656,18818700
2019-10-29T00:00:00Z,189.6727718315745,189.9612504090606,188.4899509703764,188.518798828125,18569700
2019-10-30T00:00:00Z,188.88421915987016,189.74969888757255,187.79756763799568,189.4323577880859,21764300
2019-10-31T00:00:00Z,189.98050133010932,190.06704490978956,188.42265820235605,189.5189208984375,26801800
2019-11-01T00:00:00Z,190.33625010317616,191.2498143315888,190.0477715819652,191.2401885986328,22131900
2019-11-04T00:00:00Z,192.5096240327287,192.83657626002085,191.2402593761187,192.4230804443359,19015900
2019-11-05T00:00:00Z,192.6634826164468,192.85580658643508,191.8941720631154,192.5288543701172,15048900
2019-11-06T00:00:00Z,192.307614787758,192.32685158146097,191.1632676731084,192.09605407714844,19725500
2019-11-07T00:00:00Z,193.0577128102473,193.98088827116,192.18263667637697,192.74037170410156,17832400
2019-11-08T00:00:00Z,192.39418938996187,193.52891086760508,191.88450969040753,193.5096740722656,15258800
2019-11-11T00:00:00Z,192.5288048107411,193.32694834707112,192.2691594477349,193.25003051757812,10147600
2019-11-12T00:00:00Z,193.41351086535647,194.4520776669981,193.1154065810045,193.80776977539065,14778300
2019-11-13T00:00:00Z,193.1346397145884,194.03857835311732,193.0096372267365,193.8558654785156,15774600
2019-11-14T00:00:00Z,193.1250544829043,193.8270435451355,192.53845686285425,193.7020263671875,16945400
2019-11-15T00:00:00Z,194.87522503911487,195.1252593994141,194.25016848512288,195.1252593994141,18427900
2019-11-18T00:00:00Z,194.81748822570503,195.586798596077,194.02895573427057,195.27908325195312,18365900
2019-11-19T00:00:00Z,196.01955051387696,196.01955051387696,194.81750752651257,195.5675811767578,16923300
2019-11-20T00:00:00Z,195.057908713667,195.6445062561508,192.92307927534063,194.39437866210935,36629000
2019-11-21T00:00:00Z,194.1827959131576,194.31743879380213,193.35580454947797,193.9616241455078,17883600
2019-11-22T00:00:00Z,194.4424699492782,194.55787605351463,193.0384919625579,194.086669921875,17189600
2019-11-25T00:00:00Z,194.92326055432025,196.42340764438416,194.8944127005401,196.38494873046875,17752800
2019-11-26T00:00:00Z,196.50999011090897,197.01002942034103,196.22149686415904,196.760009765625,14780600
2019-11-27T00:00:00Z,197.2697123805995,198.14480334883447,197.02930374141707,198.1351776123047,16963100
2019-11-29T00:00:00Z,197.63513168793963,197.9332360429512,197.13507762639017,197.2312469482422,9854600
2019-12-02T00:00:00Z,197.24085667189968,197.30816345803643,194.0386119645635,195.21180725097656,28007000
2019-12-03T00:00:00Z,192.5288115388004,193.75970228094667,191.58639935077036,193.68276977539065,31104100
2019-12-04T00:00:00Z,194.67329150749472,195.12526089863965,194.3847982213672,194.6636657714844,15300100
2019-12-05T00:00:00Z,195.3560094246461,195.3560094246461,194.0962707926415,195.0482940673828,14962300
2019-12-06T00:00:00Z,196.47151023890004,197.2792795652796,196.31764522243472,197.13504028320312,16555300
2019-12-09T00:00:00Z,196.7792355275196,197.70239625730312,196.15416441571543,196.24072265625,13984100
2019-12-10T00:00:00Z,196.3369006547831,197.0196675592987,195.6349116264164,196.07725524902344,21799800
2019-12-11T00:00:00Z,196.5195903668364,197.3177486138291,196.2118603409897,197.1157989501953,18780800
2019-12-12T00:00:00Z,196.9138477201024,199.3660179703482,196.6445913063802,198.5870819091797,32612000
2019-12-13T00:00:00Z,198.4812980600372,199.9333751299372,198.05819132690695,199.24099731445312,32519400
2019-12-16T00:00:00Z,200.54883307840592,201.49123056919385,200.48151163523372,201.2412109375,21296600
2019-12-17T00:00:00Z,201.5008524403234,201.66434319012023,201.0200352720104,201.3566131591797,15996100
2019-12-18T00:00:00Z,201.52973484404973,202.06824777792636,201.2989372980839,201.510498046875,15443300
2019-12-19T00:00:00Z,201.59702282466128,202.8375246692774,201.57778602928045,202.7702178955078,17865900
2019-12-20T00:00:00Z,203.73187052044753,204.36655276459229,203.16450972948945,203.5876312255859,27672600
2019-12-23T00:00:00Z,204.3084599436071,204.45301193413383,203.9518885635164,204.12535095214844,23774700
2019-12-24T00:00:00Z,204.3084835829411,204.3952147872923,203.76880314894848,204.23138427734375,7089000
2019-12-26T00:00:00Z,204.5590343437983,206.0528020612346,204.53012394389592,206.0335235595703,17067500
2019-12-27T00:00:00Z,206.75634410541213,206.7756226099798,205.31076507183545,205.8600921630859,18134100
2019-12-30T00:00:00Z,205.7540555941641,205.87934379971784,203.4989561253281,204.5108642578125,21815500
2019-12-31T00:00:00Z,203.85554368924025,205.0409143185595,203.53751455353225,204.8963623046875,18170900
2020-01-02T00:00:00Z,206.62136514720623,208.31752014160156,206.2166048976854,208.31752014160156,30969400
2020-01-02T05:00:00Z,205.998363095,207.695404929,205.593387202,207.695404929,31014904
2020-01-03T00:00:00Z,205.5613455193162,207.65261479733215,205.54206701437303,206.4094085693359,27518900
2020-01-03T05:00:00Z,204.928069665,207.030087392,204.918427382,205.786232865,27532657
2020-01-06T00:00:00Z,204.79032525798223,207.76821398778273,204.5397635656518,207.7393035888672,21655300
2020-01-06T05:00:00Z,204.156687013,207.145794789,203.915629934,207.11686794,21726989
2020-01-07T00:00:00Z,207.8164284119449,208.29828805996976,207.05509663834903,207.71041870117188,22139300
2020-01-07T05:00:00Z,207.194006205,207.676120363,206.432265836,207.08794109,23120994
2020-01-08T00:00:00Z,207.68149088105508,210.2257090210424,207.35382987712364,209.27162170410156,26397300
2020-01-08T05:00:00Z,207.030087392,209.604576993,206.731176614,208.649990961,26464212
2020-01-09T00:00:00Z,210.9966566862554,211.4496058280339,209.81128634116016,211.0448455810547,23547000
2020-01-09T05:00:00Z,210.347032795,210.829146953,209.192369388,210.42417106,23641291
2020-01-10T00:00:00Z,211.8736822590969,211.89294605629416,210.1293380702935,210.50518798828125,21898500
2020-01-10T05:00:00Z,211.166626863,211.272691978,209.508154161,209.884203204,21914631
2020-01-13T00:00:00Z,211.37254114483332,212.96267199725548,211.03523353119783,212.9337615966797,22756900
2020-01-13T05:00:00Z,210.732724121,212.342985407,210.414528777,212.314058558,22846102
2020-01-14T00:00:00Z,212.82777357068733,213.1843597227567,211.76769112949265,212.09535217285156,24418100
2020-01-14T05:00:00Z,212.121212895,212.56475792,211.147342297,211.475179924,24573340
2020-01-15T00:00:00Z,212.21097827250065,213.17469753323425,211.48818882695045,212.18206787109375,25742100
2020-01-15T05:00:00Z,211.571602755,212.555115637,210.867716085,211.561960472,25742084
2020-01-16T00:00:00Z,213.24219436053284,214.2541026649517,212.7892450690805,214.21554565429688,18805000
2020-01-16T05:00:00Z,212.593684769,213.635051349,212.169424311,213.596482217,18804959
2020-01-17T00:00:00Z,215.17927219976485,215.4491124625529,214.06135413667633,215.2756500244141,24325200
2020-01-17T05:00:00Z,214.522141399,214.83069446,213.444230566,214.657133363,24325167
2020-01-21T00:00:00Z,214.67807639313895,215.71889485834492,214.5817132995308,215.17921447753903,21146300
2020-01-21T05:00:00Z,214.030384958,215.100678388,213.962888976,214.560710532,21146264
2020-01-22T00:00:00Z,216.26823460908247,216.98137742359447,215.4779777868317,215.7478179931641,20736400
2020-01-22T05:00:00Z,215.621361678,216.363817481,214.859621309,215.129605238,20736403
2020-01-23T00:00:00Z,215.62252845177576,216.538058705518,214.6202522983752,216.44168090820312,26496100
2020-01-23T05:00:00Z,214.975328707,215.920272456,214.001458109,215.823849624,26496113
2020-01-24T00:00:00Z,217.45363758746055,217.6849355296281,213.62767052043463,214.62030029296875,37436500
2020-01-24T05:00:00Z,216.817004789,217.067704151,213.008399367,214.001458109,37436483
2020-01-27T00:00:00Z,209.7727574021594,211.3243459090444,209.30052969825945,210.18716430664065,42264400
2020-01-27T05:00:00Z,209.1996011,210.708136299,208.67891781,209.56600786,42264418
2020-01-28T00:00:00Z,211.6712743223947,213.90710981738343,211.11231544864756,213.4156036376953,26731900
2020-01-28T05:00:00Z,211.012350333,213.287929156,210.491667042,212.796172715,26731876
2020-01-29T00:00:00Z,214.6009889997188,214.84191880488564,212.8181172645971,213.76255798339844,28924500
2020-01-29T05:00:00Z,213.962888976,214.223230621,212.19835116,213.143294909,29063128
2020-01-30T00:00:00Z,212.38445261513095,214.6202736241637,211.71948398107045,214.52391052246097,39568100
2020-01-30T05:00:00Z,211.754806135,214.001458109,211.098263075,213.905035278,39568093
2020-01-31T00:00:00Z,215.4201738597972,215.4490842623696,210.3702794361041,211.1219940185547,52015800
2020-01-31T05:00:00Z,214.772840761,214.83069446,209.744390098,210.501309326,52015832
2020-02-03T00:00:00Z,212.1531230432498,214.8033505802104,212.008571059672,214.31185913085935,25408600
2020-02-03T05:00:00Z,211.533033623,214.179840347,211.388399375,213.692905048,25468307
2020-02-04T00:00:00Z,217.24159667116865,219.59307404921108,216.4995287137922,219.21722412109375,30691200
2020-02-04T05:00:00Z,216.595232276,218.976876214,215.883921048,218.600827172,30691211
2020-02-05T00:00:00Z,221.85780899071764,221.8963512893884,218.61971181040437,219.94000244140625,38534800
2020-02-05T05:00:00Z,221.252455038,221.281381887,218.003005616,219.323998408,38534817
2020-02-06T00:00:00Z,220.48928541956465,221.89632176947063,219.70867530493183,221.8385009765625,22467100
2020-02-06T05:00:00Z,219.854323981,221.281381887,219.092583612,221.223528188,22467077
2020-02-07T00:00:00Z,220.84588763527864,222.07944699148595,220.24837175276227,220.88442993164065,25884900
2020-02-07T05:00:00Z,220.230373024,221.464585267,219.632551469,220.268942157,25884933
2020-02-10T00:00:00Z,220.15199725678772,223.56355645784163,220.0941764626458,223.55392456054688,21478900
2020-02-10T05:00:00Z,219.526486354,222.949496872,219.478274938,222.939854589,21478925
2020-02-11T00:00:00Z,224.78753128821316,225.52959928173027,223.00464466494455,223.5925140380859,30198000
2020-02-11T05:00:00Z,224.1354977,224.916522635,222.390148027,222.978423722,30197983
2020-02-12T00:00:00Z,224.9127830863916,225.8765022499049,224.3538242069314,225.77049255371097,24471300
2020-02-12T05:00:00Z,224.260847381,225.263644828,223.740164091,225.157579714,24471275
2020-02-13T00:00:00Z,224.19962079400128,226.4065311607429,223.9297806104308,225.4813690185547,22773200
2020-02-13T05:00:00Z,223.566602994,225.793970401,223.315903632,224.868311219,22773159
2020-02-14T00:00:00Z,225.83794125154884,226.33907932515905,225.07660959612997,226.12705993652344,23438500
2020-02-14T05:00:00Z,225.167221997,225.726474419,224.46343175,225.51434419,23438530
2020-02-18T00:00:00Z,225.02843564093837,226.63784495777347,224.78750583832496,226.21380615234375,24394500
2020-02-18T05:00:00Z,224.386197062,226.025385197,224.174066832,225.601124738,24521242
2020-02-19T00:00:00Z,227.5630343389917,228.85441462251333,227.2931941216943,228.38218688964844,22230500
2020-02-19T05:00:00Z,226.893190681,228.243110322,226.681060451,227.770638447,22230464
2020-02-20T00:00:00Z,227.8810339487112,228.3532469152331,223.4671985299772,226.2619781494141,42604000
2020-02-20T05:00:00Z,227.269239723,227.741711598,222.853074041,225.649336154,42604016
2020-02-21T00:00:00Z,225.13446837706817,225.5199502186152,221.00011901149605,221.9156494140625,66017200
2020-02-21T05:00:00Z,224.550115875,224.906880352,220.385710205,221.300666454,66058611
2020-02-24T00:00:00Z,213.63721434075873,216.11397915365032,212.2687351671504,213.3577423095703,84522600
2020-02-24T05:00:00Z,213.172221758,215.496011997,211.64874102,212.738319016,84522551
2020-02-25T00:00:00Z,215.15031007500943,215.8634675724852,206.949065027384,207.5561981201172,97743000
2020-02-25T05:00:00Z,214.473929983,215.243287756,206.326200722,206.93366456,97742982
2020-02-26T00:00:00Z,208.84761206751284,212.2880822574722,207.10326781477556,208.62594604492188,79537700
2020-02-26T05:00:00Z,208.18716137,211.668025587,206.480477252,208.00395799,80400053
2020-02-27T00:00:00Z,203.2483721444078,208.5681062130514,198.04429437857868,198.17921447753903,121822600
2020-02-27T05:00:00Z,202.768198239,207.94947909,197.416731091,197.551723055,121822562
2020-02-28T00:00:00Z,191.4331866072515,199.6537104347494,190.98023739427853,198.3334197998047,148173700
2020-02-28T05:00:00Z,191.072108778,199.026992377,190.348937542,197.705999586,149247073
2020-03-02T00:00:00Z,201.30167866717323,208.71268194284923,198.4683417612655,208.568115234375,112933900
2020-03-02T05:00:00Z,200.675822796,208.090738538,197.84099155,207.946104291,112933945
2020-03-03T00:00:00Z,209.23306461036697,211.6423624780626,200.08736461072695,201.8798828125,131953500
2020-03-03T05:00:00Z,208.611421828,211.021992616,199.460895119,201.254359785,131953546
2020-03-04T00:00:00Z,205.5805923437372,210.4088203720102,203.70132808893285,210.3028106689453,73086200
2020-03-04T05:00:00Z,204.956996514,209.787780372,203.0767513,209.681715258,73086209
2020-03-05T00:00:00Z,204.97342701822768,208.5102745108435,202.4773979653889,203.913330078125,78705500
2020-03-05T05:00:00Z,204.349532676,207.888250592,201.85218134,203.288881529,78705458
2020-03-06T00:00:00Z,197.2444047068585,201.5618625574141,195.54826422758003,200.47286987304688,89828400
2020-03-06T05:00:00Z,196.61642159,200.936164441,194.919379755,199.846586445,89828392
2020-03-09T00:00:00Z,186.4603884946356,193.86175966862743,185.140097883578,186.5471343994141,116424000
2020-03-09T04:00:00Z,185.826706745,193.231980204,184.505713953,185.913487293,116423986
2020-03-10T00:00:00Z,193.8135996319971,196.8878667202942,186.6531571939136,196.7047576904297,100599200
2020-03-10T04:00:00Z,193.183768788,196.259657113,186.019745253,196.076453733,100599233
2020-03-11T00:00:00Z,192.1174643299756,193.46666558021465,185.73763203335488,188.1372985839844,89168800
2020-03-11T04:00:00Z,191.486726954,192.836646595,185.103535508,187.504464013,89168783
2020-03-12T00:00:00Z,175.4836493689432,183.85837270417383,170.52050069873366,170.88671875,137820700
2020-03-12T04:00:00Z,174.844146237,183.223290294,169.878370415,170.244777174,137820698
2020-03-13T00:00:00Z,180.28295071568397,187.4240985310272,171.66729905352958,185.3617401123047,134882000
2020-03-13T04:00:00Z,179.646003246,186.79093506,171.025802109,184.727486466,134881981
2020-03-16T00:00:00Z,167.83169852373086,177.97966086952732,163.02274896298735,163.1576690673828,92054400
2020-03-16T04:00:00Z,167.188173416,177.341497573,162.376674124,162.511666088,92054386
2020-03-17T00:00:00Z,169.10379457304705,177.70016732884383,163.62023044654163,175.53179931640625,121257100
2020-03-17T04:00:00Z,168.460954792,177.061871361,162.974495679,174.892357653,121257108
2020-03-18T00:00:00Z,165.38386096925564,172.71776504502083,160.74837373270967,170.1928253173828,114156300
2020-03-18T04:00:00Z,164.734212354,172.076810973,160.101095301,169.550532788,114156320
2020-03-19T00:00:00Z,169.31582748089275,176.83284013220916,165.4031299076033,171.21435546875,120896500
2020-03-19T04:00:00Z,168.673085021,176.194065878,164.758318062,170.572614801,120896481
2020-03-20T00:00:00Z,175.146302293195,176.2352948005977,163.92861334100306,164.5068359375,118983900
2020-03-20T04:00:00Z,174.506666327,175.596244323,163.28304874,163.861585729,118983891
2020-03-23T00:00:00Z,165.0699493123668,168.2473513107608,159.28496268862455,164.62570190429688,124639800
2020-03-23T04:00:00Z,164.423431926,167.595743083,158.647704319,163.979886901,124639782
2020-03-24T00:00:00Z,173.7522221377333,177.53805048949795,171.85930059358782,177.37387084960938,94881800
2020-03-24T04:00:00Z,173.091844478,176.871619473,171.201956981,176.707700659,94881785
2020-03-25T00:00:00Z,178.10785889502003,183.0236400387477,173.8198243207919,176.0604248046875,88754900
2020-03-25T04:00:00Z,177.440514179,182.348436302,173.15934046,175.396350151,88754909
2020-03-26T00:00:00Z,177.576706111881,186.12380446760096,177.32561039557515,185.3318634033203,79887600
2020-03-26T04:00:00Z,176.910188606,185.443609193,176.659489244,184.652941975,79887564
2020-03-27T00:00:00Z,180.53191767157105,183.9893863558448,178.3396238407872,178.9577178955078,58845000
2020-03-27T04:00:00Z,179.860727249,183.317389336,177.671928974,178.289035096,58844975
2020-03-30T00:00:00Z,180.6574955868197,185.90165065620465,179.96213784572416,185.467041015625,49356900
2020-03-30T04:00:00Z,180.024646063,185.221836681,179.292411081,184.787933939,49356936
2020-03-31T00:00:00Z,185.1579754527951,188.5671524982982,182.72422369893337,183.88314819335935,62659300
2020-03-31T04:00:00Z,184.296177498,187.88310683,182.049525525,183.206599503,62659265
2020-04-01T00:00:00Z,178.44586089247176,181.2369439532486,174.66968535832518,176.07005310058594,53715400
2020-04-01T04:00:00Z,177.816563222,180.564613919,174.007861377,175.405992434,53715375
2020-04-02T00:00:00Z,175.03666135877623,183.5934086522492,174.77589858581356,179.6433868408203,56465300
2020-04-02T04:00:00Z,174.711748047,182.917331008,174.113926492,178.9736372,56465348
2020-04-03T00:00:00Z,179.19917320434047,180.66715220952585,175.08497102009434,177.09378051757812,47487600
2020-04-03T04:00:00Z,178.481880759,179.997261979,174.422479553,176.428074448,47487621
2020-04-06T00:00:00Z,183.96041339985337,190.88500315636537,182.714572873169,189.7550506591797,64763500
2020-04-06T04:00:00Z,183.187314936,190.197254786,182.039883241,189.069107658,64763518
2020-04-07T00:00:00Z,195.44347663852133,195.7235590600364,189.2915073648521,189.6778106689453,69904500
2020-04-07T04:00:00Z,194.526639921,195.028038644,188.606278067,188.991969393,69904478
2020-04-08T00:00:00Z,191.3678947328437,194.28453302457615,189.45566851214988,193.705078125,45940400
2020-04-08T04:00:00Z,190.615247761,193.591338455,188.773378833,193.012801466,45940439
2020-04-09T00:00:00Z,195.42412943914255,196.26434704855396,192.21775671121136,193.9851226806641,68252600
2020-04-09T04:00:00Z,194.651989602,195.568006501,191.526057827,193.292427677,68323929
2020-04-13T00:00:00Z,193.15458086091047,196.45752242524904,191.94736473052976,196.08087158203125,42853900
2020-04-13T04:00:00Z,192.386053061,195.760852164,191.257905933,195.384803121,42853948
2020-04-14T00:00:00Z,200.1371542120493,205.2267825454031,199.3548803634854,204.6086883544922,63959600
2020-04-14T04:00:00Z,199.376708345,204.516045264,198.653537109,203.898939142,63959563
2020-04-15T00:00:00Z,201.34431381032277,204.57965865872853,200.03086218290275,202.2617950439453,47036000
2020-04-15T04:00:00Z,200.639847438,203.873676361,199.328496929,201.555864337,47035953
2020-04-16T00:00:00Z,204.4444465930339,207.03271062607504,202.5129009911142,205.9510498046875,64657400
2020-04-16T04:00:00Z,203.821800877,206.318187985,201.806563699,205.2392165,64657362
2020-04-17T00:00:00Z,208.77113429098793,209.09949355322345,204.8211265103519,207.92124938964844,62863200
2020-04-17T04:00:00Z,207.852275234,208.382600807,204.111165795,207.206242263,62863223
2020-04-20T00:00:00Z,206.05736229081967,208.49111478359927,205.29440797744175,205.4585876464844,38249100
2020-04-20T04:00:00Z,205.258501067,207.775136969,204.583541246,204.74746006,38249128
2020-04-21T00:00:00Z,203.3917980527592,203.93262857054916,196.66035911817565,197.87722778320312,72932800
2020-04-21T04:00:00Z,202.712938315,203.223979322,195.96334011,197.178267787,72932771
2020-04-22T00:00:00Z,201.94312433773192,205.08188634127163,201.199475059897,203.7491149902344,40089100
2020-04-22T04:00:00Z,201.276238126,204.371411017,200.49521319,203.040775942,40188772
2020-04-23T00:00:00Z,204.541050478425,207.1003576864137,202.90890654063008,203.3145294189453,43278500
2020-04-23T04:00:00Z,203.841085444,206.381827054,202.197076166,202.6068732,43278542
2020-04-24T00:00:00Z,203.74911050774793,206.96513604285127,202.32942316153495,206.5208740234375,34231900
2020-04-24T04:00:00Z,203.011849093,206.251656231,201.623360319,205.808111206,34303365
2020-04-27T00:00:00Z,208.79044848701284,209.21539092671463,207.1582899056696,208.1820068359375,36451700
2020-04-27T04:00:00Z,208.064405463,208.498308205,206.444501894,207.466583908,36451698
2020-04-28T00:00:00Z,209.88180785305164,209.88180785305164,203.98093388441305,204.2610015869141,46862800
2020-04-28T04:00:00Z,209.115414327,209.163625742,203.272190738,203.551816949,46862816
2020-04-29T00:00:00Z,208.79043781233008,212.44105805908904,207.7763733578916,211.50425720214844,48716400
2020-04-29T04:00:00Z,208.093332313,211.718830777,207.061608016,210.783529312,48716406
2020-04-30T00:00:00Z,212.42174044337628,212.50865646516988,209.91073981579444,211.41734313964844,43359500
2020-04-30T04:00:00Z,211.75739991,211.786326759,209.192552592,210.696748763,43359476
2020-05-01T00:00:00Z,207.15834310527467,209.2540690969772,204.4348557167903,205.4585876464844,48795000
2020-05-01T04:00:00Z,206.483071027,208.536877338,203.725378046,204.74746006,48794968
2020-05-04T00:00:00Z,204.222367003554,208.0757918787727,203.8939929806753,207.85366821289065,32841000
2020-05-04T04:00:00Z,203.657882064,207.360518793,203.185410189,207.138746281,32841020
2020-05-05T00:00:00Z,209.99767281483523,212.6052568351252,209.42787031053436,210.21014404296875,37783100
2020-05-05T04:00:00Z,209.240764008,211.882749591,208.710438434,209.491463369,37783075
2020-05-06T00:00:00Z,211.89056045311335,213.47442736050868,210.6447199427057,211.50425720214844,36455200
2020-05-06T04:00:00Z,211.140293788,212.750555074,209.925366111,210.783529312,36455218
2020-05-07T00:00:00Z,214.2277679443359,215.1066101500059,212.87567694022064,214.2277679443359,38624800
2020-05-07T04:00:00Z,213.435157178,214.380100926,212.152733519,213.50265316,38624836
2020-05-08T00:00:00Z,215.89852096982384,217.29888863818735,214.86513695921292,217.16368103027344,31852300
2020-05-08T04:00:00Z,215.170768145,216.568899202,214.139043848,216.433907237,31964416
2020-05-11T00:00:00Z,215.8406316916707,220.12865180283544,215.6088408465289,219.1049346923828,35714100
2020-05-11T04:00:00Z,215.122556729,219.394088164,214.88149965,218.372006151,35714128
2020-05-12T00:00:00Z,219.7037130501463,220.29283519099184,214.48852981892512,214.5175018310547,41054100
2020-05-12T04:00:00Z,218.960185423,219.553185836,213.762994805,213.791921654,41054123
2020-05-13T00:00:00Z,215.0389994744803,216.92225369989848,209.29265361270697,211.83262634277344,65521200
2020-05-13T04:00:00Z,214.302962661,216.192850159,208.57544647,211.111366939,65521208
2020-05-14T00:00:00Z,210.50952738812583,214.27603593227283,208.597301106984,214.23741149902344,51549300
2020-05-14T04:00:00Z,209.935008394,213.550864576,207.881202083,213.512295443,51549345
2020-05-15T00:00:00Z,211.2918022538168,215.68607207020935,210.8572073789045,215.6281280517578,55747200
2020-05-15T04:00:00Z,210.561756799,214.958637915,210.13749634,214.900784217,55747208
2020-05-18T00:00:00Z,218.53510368760055,220.8529528914508,217.75282994971428,219.6457366943359,42398100
2020-05-18T04:00:00Z,217.803111445,220.117259401,217.02208651,218.911974007,42597551
2020-05-19T00:00:00Z,219.9065063931708,221.98292715903048,218.95040056654557,219.0952606201172,36237300
2020-05-19T04:00:00Z,219.133746519,221.245406529,218.21772962,218.362363867,36237303
2020-05-20T00:00:00Z,221.6449195894984,223.82756142278973,221.62560000186855,223.47023010253903,37417000
2020-05-20T04:00:00Z,220.888642053,223.087082611,220.888642053,222.730318134,37417000
2020-05-21T00:00:00Z,223.51848140449331,224.19451948437748,220.52457953233147,221.03643798828125,43642900
2020-05-21T04:00:00Z,222.826740966,223.448668229,219.789421774,220.300462781,43642908
2020-05-22T00:00:00Z,220.6308010864211,222.00219674297972,219.7133198409833,221.7993927001953,28762400
2020-05-22T04:00:00Z,219.905129171,221.264691096,218.979469989,221.062203149,28762389
2020-05-26T00:00:00Z,225.37276863607417,225.57558743283715,220.9591793291986,221.20062255859375,33055300
2020-05-26T04:00:00Z,224.70698618,224.832335861,220.223324515,220.464381594,33055346
2020-05-27T00:00:00Z,220.86254848919455,222.5236786171124,216.27512842655997,222.40777587890625,55665600
2020-05-27T04:00:00Z,219.953340587,221.785374386,215.546817188,221.669666988,55665565
2020-05-28T00:00:00Z,221.2682030034399,225.4789729287,221.2102589942772,222.1180877685547,42784300
2020-05-28T04:00:00Z,220.474023877,224.73591303,220.474023877,221.380398493,43008478
2020-05-29T00:00:00Z,222.49481819471328,225.60460884929515,220.93025570475325,225.3728179931641,50691800
2020-05-29T04:00:00Z,221.804658952,224.861262711,220.194397666,224.629847915,50878596
2020-06-01T00:00:00Z,224.50356984357563,226.42544844061516,224.0593078353485,226.04879760742188,25776000
2020-06-01T04:00:00Z,223.704188733,225.680856778,223.318497407,225.304807735,26140125
2020-06-02T00:00:00Z,226.47376580145584,227.62303801560597,224.06898575496044,227.56509399414065,33383400
2020-06-02T04:00:00Z,225.651929929,226.876499889,223.32813969,226.81864619,33383415
2020-06-03T00:00:00Z,228.17350088204523,229.34209257938343,227.29465873959504,228.5887908935547,37228700
2020-06-03T04:00:00Z,227.397183179,228.59282629,226.548662262,227.840728204,37228701
2020-06-04T00:00:00Z,228.2411033772591,229.6511235103212,225.68179643834645,226.985595703125,38716100
2020-06-04T04:00:00Z,227.483963727,228.90137935,224.938400976,226.240109201,38716097
2020-06-05T00:00:00Z,228.1348963147749,232.0752518726521,227.56509378884476,231.4861297607422,47365600
2020-06-05T04:00:00Z,227.233264365,231.318699736,226.81864619,230.733413149,47365569
2020-06-08T00:00:00Z,231.34125754502816,233.40801117207488,229.7670575785261,233.282470703125,32937300
2020-06-08T04:00:00Z,230.588778902,232.652227496,229.017086748,232.526877815,32937305
2020-06-09T00:00:00Z,232.4229246660119,235.8224348833329,232.2394254453133,234.9725646972656,35046300
2020-06-09T04:00:00Z,231.668714614,235.062798283,231.485511235,234.214277366,35046254
2020-06-10T00:00:00Z,236.6626500243191,239.33784506016997,236.14112441042232,237.7926025390625,58084400
2020-06-10T04:00:00Z,235.853465502,238.567768208,235.380993627,237.029824046,58084410
2020-06-11T00:00:00Z,233.87158419849115,235.2526324617041,225.95224885117236,226.01019287109375,72919400
2020-06-11T04:00:00Z,233.240406768,234.493903577,225.208384904,225.266238603,72919442
2020-06-12T00:00:00Z,230.90665680743496,232.17181704547895,223.80823429074135,227.80653381347656,72034800
2020-06-12T04:00:00Z,230.15487616,231.418015253,223.067798045,227.059703269,72034787
2020-06-15T00:00:00Z,224.48426786269115,231.25433096740667,223.5474669180674,230.5782928466797,45307400
2020-06-15T04:00:00Z,223.742757865,230.501998353,222.8074564,229.827038533,45307371
2020-06-16T00:00:00Z,235.4361409431384,236.02526306305504,230.916330373176,234.53797912597656,48890100
2020-06-16T04:00:00Z,234.677106957,235.265286229,230.164518443,233.780374624,48890095
2020-06-17T00:00:00Z,236.0349332881963,237.09728956374468,234.422094023702,235.28163146972656,34749300
2020-06-17T04:00:00Z,235.274928513,236.335579659,233.664667226,234.522830427,34749268
2020-06-18T00:00:00Z,234.96290105421255,236.1604648506583,234.190294461952,235.9190216064453,30578600
2020-06-18T04:00:00Z,234.204635083,235.400278193,233.433252431,235.159221115,30578648
2020-06-19T00:00:00Z,238.28516693757643,238.545929772462,234.15165969776925,235.88040161132812,49422100
2020-06-19T04:00:00Z,237.53122277,237.781922132,233.394683298,235.120651982,49422112
2020-06-22T00:00:00Z,235.748766339213,238.8349414983743,235.45854246267464,238.7091827392578,24068700
2020-06-22T04:00:00Z,235.076471487,238.070780564,234.699768087,237.945212764,24068676
2020-06-23T00:00:00Z,240.30550934275024,242.97567274457057,239.7540691320293,240.74085998535156,32767400
2020-06-23T04:00:00Z,239.538957919,242.204858904,238.988391411,239.973615688,32767370
2020-06-24T00:00:00Z,239.98628772759375,241.2149566534414,234.27832333684876,235.7778778076172,46032400
2020-06-24T04:00:00Z,239.152595457,240.442080173,233.521362579,235.018517118,46032376
2020-06-25T00:00:00Z,235.86489367126865,238.3222162260689,233.2914667923714,238.02230834960935,36940800
2020-06-25T04:00:00Z,235.211698349,237.558850303,232.536138302,237.259419395,36940811
2020-06-26T00:00:00Z,237.7804614712012,237.95461058814803,231.8789956339686,232.40142822265625,52824600
2020-06-26T04:00:00Z,236.988965672,237.191805964,231.125915317,231.64750464,52824554
2020-06-29T00:00:00Z,232.15954316972443,234.94581068032628,229.62482271958893,234.9361267089844,34377800
2020-06-29T04:00:00Z,231.415687163,234.187837825,228.875353978,234.178178764,34377800
2020-06-30T00:00:00Z,234.8684471681419,240.0830155439911,234.68462883150275,239.5412445068359,38909200
2020-06-30T04:00:00Z,234.110565333,239.316799503,233.927043164,238.775892057,38909219
2020-07-01T00:00:00Z,239.57988277410823,243.33360235607512,239.03811185756672,242.33712768554688,34689200
2020-07-01T04:00:00Z,238.833846426,242.562244181,238.273814038,241.567360842,34689213
2020-07-02T00:00:00Z,244.7847987487362,245.9941141912671,243.51743852690805,243.9818115234375,31956500
2020-07-02T04:00:00Z,243.962808104,245.218486104,242.74576635,243.209401304,31956497
2020-07-06T00:00:00Z,247.13575956002336,250.50249041798168,247.11640637494548,249.98008728027344,34589000
2020-07-06T04:00:00Z,246.367914427,249.717676969,246.338937243,249.198019459,34589049
2020-07-07T00:00:00Z,249.7285117433724,252.3890060458695,247.95805718300815,248.25796508789065,36578200
2020-07-07T04:00:00Z,248.917906674,251.603125782,247.179275597,247.478706504,36578191
2020-07-08T00:00:00Z,249.58342502693569,251.55700701531356,248.15158459234928,251.52798461914065,30426300
2020-07-08T04:00:00Z,248.821316059,250.77244649,247.372456828,250.743469305,30426273
2020-07-09T00:00:00Z,253.4434650000995,254.3141661129791,249.2447258130272,253.64662170410156,40312900
2020-07-09T04:00:00Z,252.578690998,253.525279028,248.463930782,252.858803782,40312906
2020-07-10T00:00:00Z,253.50154275447863,255.62994977336675,250.82171032441315,255.37840270996097,32885300
2020-07-10T04:00:00Z,252.684940675,254.838911398,250.038357813,254.587775798,32885298
2020-07-13T00:00:00Z,258.22277173704833,261.0090398920536,249.30285776618464,250.1251983642578,64108100
2020-07-13T04:00:00Z,257.388903644,260.209349614,248.521885151,249.342905382,64108090
2020-07-14T00:00:00Z,247.60010796017536,252.3019424005483,244.533285347248,251.8955993652344,72230500
2020-07-14T04:00:00Z,246.957117181,251.516194228,243.759967812,251.110513643,72230512
2020-07-15T00:00:00Z,253.30809478080585,254.14011934814144,249.10935414724085,252.4083709716797,54523900
2020-07-15T04:00:00Z,252.375850705,253.351415921,248.32870392,251.622443905,54523869
2020-07-16T00:00:00Z,249.62203009299853,251.3247555770134,247.30015049389704,250.6862335205078,47594100
2020-07-16T04:00:00Z,248.792338874,250.540629013,246.522459412,249.903130951,47594111
2020-07-17T00:00:00Z,251.1408907554785,251.83745745860003,248.79967317296965,250.9764404296875,35137900
2020-07-17T04:00:00Z,250.473015582,251.052559274,248.019613951,250.192902797,35137871
2020-07-20T00:00:00Z,251.61498159797964,258.7257619192761,250.36698938646933,258.096923828125,40610100
2020-07-20T04:00:00Z,250.869037105,257.929811091,249.58438192,257.301972091,40610128
2020-07-21T00:00:00Z,259.66416289803755,259.6738468677504,254.56570046571449,255.40737915039065,43243800
2020-07-21T04:00:00Z,258.876399122,258.876399122,253.771585098,254.616752983,43442967
2020-07-22T00:00:00Z,255.90081547678648,257.2359043650542,254.00458772495364,256.30712890625,29865500
2020-07-22T04:00:00Z,255.061069813,256.442315614,253.216189059,255.515045706,29865519
2020-07-23T00:00:00Z,255.90089923841325,256.6071207479324,248.1999552077311,249.61245727539065,51363500
2020-07-23T04:00:00Z,255.148001367,255.814476613,247.420752135,248.83097512,51363538
2020-07-24T00:00:00Z,245.77164022630512,248.56757751578107,243.1401828616405,247.24217224121097,54054500
2020-07-24T04:00:00Z,245.073600181,247.787796474,242.36906295,246.464505043,54054536
2020-07-27T00:00:00Z,248.88677203739152,252.0406462547425,248.10313808705376,251.65367126464844,36445700
2020-07-27T04:00:00Z,248.20313612,251.255399567,247.319331989,250.869037105,36445741
2020-07-28T00:00:00Z,250.87012373622343,251.39255639118716,248.16126834809572,248.4514923095703,31302400
2020-07-28T04:00:00Z,250.105971243,250.608242443,247.382115889,247.671887735,31302390
2020-07-29T00:00:00Z,249.9896737797972,252.17612547249377,249.5156315904009,251.31507873535156,27556900
2020-07-29T04:00:00Z,249.140065089,251.390626428,248.734384505,250.530969951,27556884
2020-07-30T00:00:00Z,249.35122662688855,253.1920146753105,248.19995565732032,252.6309051513672,41774500
2020-07-30T04:00:00Z,248.608816705,252.40482789,247.420752135,251.844602321,41774456
2020-07-31T00:00:00Z,257.2552802420076,257.2939866061692,252.35997328840392,257.1391906738281,53686300
2020-07-31T04:00:00Z,256.384361244,256.500269983,251.574148597,256.345724998,53756159
2020-08-03T00:00:00Z,259.2773068764583,261.3573241424333,259.15153330968064,260.6123962402344,32081600
2020-08-03T04:00:00Z,258.528672906,260.55707583,258.354809798,259.813328091,32081566
2020-08-04T00:00:00Z,260.10925681737876,261.67655461862273,259.3643290445016,261.5798034667969,24911300
2020-08-04T04:00:00Z,259.195148152,260.87582486,258.567309152,260.779234245,24911286
2020-08-05T00:00:00Z,262.06357692788623,262.68273126739774,261.1735075047184,262.22802734375,21612100
2020-08-05T04:00:00Z,261.213892014,261.880367261,260.37355366,261.426391368,21685921
2020-08-06T00:00:00Z,262.03448849393004,266.03007163056697,261.395966366894,265.7011413574219,28048200
2020-08-06T04:00:00Z,261.165596707,265.222402553,260.595712076,264.893994461,28048224
2020-08-07T00:00:00Z,265.15940611074143,265.9333859359572,260.4866228585169,262.6343688964844,44969400
2020-08-07T04:00:00Z,264.314450769,265.127550569,259.68293076,261.832071953,44969356
2020-08-10T00:00:00Z,262.92452667278354,263.12771293316473,257.990543079371,261.5120544433594,35088400
2020-08-10T04:00:00Z,262.092866614,262.324684091,257.195722414,260.711620814,35088373
2020-08-11T00:00:00Z,260.3510818960452,261.63781002628787,256.01691436083286,256.5586853027344,43104300
2020-08-11T04:00:00Z,259.542874368,260.837188614,255.22527386,255.766181306,43104323
2020-08-12T00:00:00Z,258.7161952017296,263.9597719206163,258.66780485566227,263.01165771484375,38773400
2020-08-12T04:00:00Z,257.871856721,263.155363384,257.871856721,262.208775353,38894272
2020-08-13T00:00:00Z,263.7855845478306,265.88493979878893,262.67302015211345,263.6114501953125,31895700
2020-08-13T04:00:00Z,262.962182153,265.07751663,261.870708199,262.807637168,31895717
2020-08-14T00:00:00Z,264.2306260299037,264.50151155298477,261.90874590002187,263.3018798828125,30799500
2020-08-14T04:00:00Z,263.31956743,263.69627083,261.107642337,262.498547199,30799494
2020-08-17T00:00:00Z,265.0142053828791,266.86204284619555,263.3405317746141,266.3589782714844,24803000
2020-08-17T04:00:00Z,264.188882969,266.053081846,262.535058452,265.550810646,24802966
2020-08-18T00:00:00Z,267.4232812095445,269.39686340752905,265.9624182236324,268.9228210449219,23529500
2020-08-18T04:00:00Z,266.603648354,268.5885855,265.154789123,268.110461954,23529498
2020-08-19T00:00:00Z,268.88401114734256,269.9385306133645,266.60083788681095,267.11358642578125,31999400
2020-08-19T04:00:00Z,268.071825708,269.124663416,265.792287184,266.304217446,31999359
2020-08-20T00:00:00Z,266.32023149962345,271.3026042575985,265.9138885985656,270.8188781738281,27723400
2020-08-20T04:00:00Z,265.531492523,270.486591093,265.106493815,270.003638016,27723379
2020-08-21T00:00:00Z,271.0124430683541,273.15050458608215,270.3642369755621,272.69580078125,34748900
2020-08-21T04:00:00Z,270.138864877,272.331471847,269.550628029,271.877495954,34748934
2020-08-24T00:00:00Z,275.96579721751306,276.6913865178221,272.1153260351239,274.3985290527344,36418500
2020-08-24T04:00:00Z,274.958736586,275.866688371,271.297952262,273.577490786,36418533
2020-08-25T00:00:00Z,273.6245288313943,276.74941047837075,273.1795090274915,276.555908203125,34866600
2020-08-25T04:00:00Z,272.756470555,275.92464274,272.360449031,275.731461509,34866586
2020-08-26T00:00:00Z,277.8039237142606,282.70891399065164,276.5268795847325,282.4573669433594,42216700
2020-08-26T04:00:00Z,276.938844201,281.874624648,275.701518418,281.623489048,42216690
2020-08-27T00:00:00Z,283.4345480790629,284.2859109668264,279.31319115616515,281.5770263671875,49482700
2020-08-27T04:00:00Z,282.705303941,283.450017586,278.479464517,280.744514448,49482715
2020-08-28T00:00:00Z,282.8153783041637,283.6377188397529,281.4609506995913,283.0088806152344,28021000
2020-08-28T04:00:00Z,281.922919956,282.801894556,280.62860571,282.174055556,28021022
2020-08-31T00:00:00Z,283.531231942051,287.091449060235,283.09586662912295,285.2823181152344,36321000
2020-08-31T04:00:00Z,282.782576433,286.245349995,282.26098711,284.443935018,36321027
2020-09-01T00:00:00Z,287.93313676616793,290.2743842249935,286.16271212186626,290.1582946777344,36216200
2020-09-01T04:00:00Z,287.071199757,289.428010773,285.322909618,289.312102034,36395774
2020-09-02T00:00:00Z,293.4090095237664,293.6218502667113,287.2270030536581,292.90594482421875,50836800
2020-09-02T04:00:00Z,292.538228589,292.770046066,286.385406388,292.055275512,50836767
2020-09-03T00:00:00Z,288.3976121528264,288.90067685198176,275.1531843311882,278.0555419921875,110083300
2020-09-03T04:00:00Z,287.650743449,288.056424034,274.330897586,277.228616048,110083282
2020-09-04T00:00:00Z,276.2657252124288,279.5260353152859,262.95356976582957,274.35015869140625,123959000
2020-09-04T04:00:00Z,275.634870894,278.696793402,262.150820984,273.529195478,123958978
2020-09-08T00:00:00Z,263.35989416653064,269.16460858102386,260.8832183782912,261.1637878417969,99568600
2020-09-08T04:00:00Z,262.604796876,268.351938492,260.083781814,260.363894599,99568645
2020-09-09T00:00:00Z,266.66854876125336,270.93498714476664,264.11446068407344,268.83563232421875,64837900
2020-09-09T04:00:00Z,265.76331,270.114717223,263.309908369,268.0235304,64837872
2020-09-10T00:00:00Z,271.7960162354856,273.01501542299394,261.7538579414144,263.4759216308594,69667500
2020-09-10T04:00:00Z,271.008180416,272.191415455,260.953097353,262.672410307,69667462
2020-09-11T00:00:00Z,265.2270473204114,266.26222838746224,258.2130180084171,261.6474914550781,71809000
2020-09-11T04:00:00Z,264.594563553,265.45422003,257.417880829,260.846847676,71809014
2020-09-14T00:00:00Z,265.4302439467507,268.19717334742415,264.07581640152523,266.2042236328125,38525200
2020-09-14T04:00:00Z,264.546268246,267.386032338,263.271272122,265.396265661,38525194
2020-09-15T00:00:00Z,269.94821149896916,271.32200674248566,266.17515347001654,269.97723388671875,41849900
2020-09-15T04:00:00Z,269.008754677,270.505909216,265.370379376,269.163299662,41849926
2020-09-16T00:00:00Z,270.7705194453609,271.23487759378054,265.3237589765759,265.6720275878906,42321000
2020-09-16T04:00:00Z,269.849093031,270.418977662,264.517291061,264.865017276,42435626
2020-09-17T00:00:00Z,258.8419269979727,265.46898310217205,258.0002479739172,261.52178955078125,81570800
2020-09-17T04:00:00Z,258.016742645,264.657830406,257.205381475,260.721279876,81570844
2020-09-18T00:00:00Z,262.9438998635904,263.2341237780638,254.0820322085779,258.18402099609375,86251100
2020-09-18T04:00:00Z,261.976957876,262.430933768,253.293461552,257.388903644,86251117
2020-09-21T00:00:00Z,253.9271939996731,258.9385895838639,251.64399133019293,258.80316162109375,57168600
2020-09-21T04:00:00Z,253.556640257,258.518957963,251.22541498,258.383534088,57168570
2020-09-22T00:00:00Z,261.20247355492427,264.1918980370395,257.8647803677729,263.6114501953125,41128900
2020-09-22T04:00:00Z,260.840510106,263.771469687,257.445240097,263.191081651,41128886
2020-09-23T00:00:00Z,263.29212900279646,263.47594729578014,254.68180971684944,255.56219482421875,48837300
2020-09-23T04:00:00Z,262.871868231,263.055657776,254.262972496,255.143034221,48837270
2020-09-24T00:00:00Z,252.8824178640421,259.9544931293643,252.71793795178283,256.7522277832031,70631700
2020-09-24T04:00:00Z,252.647365667,259.534637026,252.299132846,256.332829695,70631704
2020-09-25T00:00:00Z,257.255244408826,263.5340003825071,255.6976308545644,262.7213439941406,55242400
2020-09-25T04:00:00Z,256.748774454,263.108860013,255.278361365,262.30115333,55242376
2020-09-28T00:00:00Z,267.5779197209143,268.1777648925781,262.8277553428567,268.1777648925781,58438300
2020-09-28T04:00:00Z,267.190922531,267.756800866,262.411427056,267.756800866,58438286
2020-09-29T00:00:00Z,267.61674362747533,268.67126345851136,266.40742783165723,266.96856689453125,27050000
2020-09-29T04:00:00Z,267.292490437,268.250130697,265.988455252,266.547659125,27178921
2020-09-30T00:00:00Z,267.16199999545273,271.94121767207247,266.89111447842726,268.7969970703125,49380800
2020-09-30T04:00:00Z,266.683083,271.519649965,266.471918486,268.375881438,49380802
2020-10-01T00:00:00Z,272.6184261977125,273.6729457945265,270.7318821655367,273.0634460449219,50020200
2020-10-01T04:00:00Z,272.19676934,273.25056055,270.310508224,272.641733501,50020223
2020-10-02T00:00:00Z,267.0362325061569,273.053788329181,264.5402180086701,265.38189697265625,75497400
2020-10-02T04:00:00Z,266.605697928,272.633221143,264.119702508,264.96126516,75497391
2020-10-05T00:00:00Z,267.3457980603673,271.36071969641114,267.2393924658892,271.0414733886719,28184600
2020-10-05T04:00:00Z,266.924911348,270.939261929,266.818506875,270.620048509,28184581
2020-10-06T00:00:00Z,270.3546029716696,272.0379608118565,265.3238383473394,266.2042236328125,49704200
2020-10-06T04:00:00Z,269.778485857,271.616381304,264.903226357,265.783481544,49704236
2020-10-07T00:00:00Z,268.8454290060769,271.602645417856,268.25526754148774,270.8093566894531,27539700
2020-10-07T04:00:00Z,268.366208304,271.181090277,267.834185938,270.387893295,27539663
2020-10-08T00:00:00Z,273.20859254547736,273.27632130939753,271.1866202712513,272.2508239746094,25443300
2020-10-08T04:00:00Z,272.709445438,272.854542447,270.765145518,271.829190251,25443287
2020-10-09T00:00:00Z,273.8955361140806,276.48833194370064,273.5085609157883,276.4109191894531,30201100
2020-10-09T04:00:00Z,273.454276751,276.066022912,273.086697662,275.988637841,30201144
2020-10-12T00:00:00Z,281.0932848969225,287.7783845687081,280.0484492886036,284.9437561035156,79370700
2020-10-12T04:00:00Z,280.718800332,287.354570208,279.625736198,284.520341967,79370657
2020-10-13T00:00:00Z,286.74327360601114,287.3817663034774,283.57000091926034,284.9341125488281,64240000
2020-10-13T04:00:00Z,286.271179208,286.957584792,283.146756949,284.510668833,64240031
2020-10-14T00:00:00Z,285.73709562441013,286.7045481035689,280.81276604840866,282.5541687011719,36949100
2020-10-14T04:00:00Z,285.284519547,286.280852342,280.389913779,282.131077886,37181227
2020-10-15T00:00:00Z,277.8522923858654,281.2480296381104,277.21377037087336,280.65789794921875,42514200
2020-10-15T04:00:00Z,277.478300466,280.825204806,276.791507957,280.235143636,42514177
2020-10-16T00:00:00Z,282.3025869495628,283.72474310029554,278.7713917390314,279.11968994140625,40570700
2020-10-16T04:00:00Z,281.879576404,283.300559778,278.348882519,278.697115341,40570702
2020-10-19T00:00:00Z,281.0353411215688,281.99313942476715,273.5859726287703,274.5630798339844,36756800
2020-10-19T04:00:00Z,280.612395859,281.570036118,273.164082733,274.14106926,36756754
2020-10-20T00:00:00Z,275.2982491603668,278.25865110562756,273.74066498739205,275.15313720703125,32195400
2020-10-20T04:00:00Z,274.876227439,277.836206421,273.318852876,274.73113043,32195361
2020-10-21T00:00:00Z,275.40469541094143,277.9684384378739,274.45658140364156,274.9403076171875,29306100
2020-10-21T04:00:00Z,274.982631912,277.546012403,274.034664787,274.518321483,29306137
2020-10-22T00:00:00Z,275.77240429592644,276.67215782361285,271.68009791477607,274.93072509765625,32196200
2020-10-22T04:00:00Z,275.350211001,276.249812457,271.258475349,274.508648349,32196162
2020-10-23T00:00:00Z,275.5014345030558,275.6368920231041,272.60876101041157,275.472412109375,24658500
2020-10-23T04:00:00Z,275.098709519,275.214787126,272.18883737,275.050343849,24658542
2020-10-26T00:00:00Z,273.18920721373644,276.0141516237852,267.7521295734599,271.34136962890625,38421100
2020-10-26T04:00:00Z,272.709445438,275.592039349,267.331182973,270.919915661,38421094
2020-10-27T00:00:00Z,272.3378347462262,274.28242340480193,271.0801585091617,273.4600830078125,30559100
2020-10-27T04:00:00Z,271.838863385,273.855711809,270.658741045,273.038331992,30559123
2020-10-28T00:00:00Z,268.96143375488487,269.5709334513047,262.54722003435563,262.79876708984375,53413500
2020-10-28T04:00:00Z,268.656402322,269.149828883,262.127036919,262.378538401,53413523
2020-10-29T00:00:00Z,264.11457788159726,270.3933362376692,263.650189973053,267.3942565917969,43246300
2020-10-29T04:00:00Z,263.732777151,269.971948536,263.229774187,266.973277018,43246302
2020-10-30T00:00:00Z,265.4109530559168,266.2816545248934,258.37758300932626,260.6123962402344,65838300
2020-10-30T04:00:00Z,265.024140531,265.860866616,257.957916195,260.192410133,65935893
2020-11-02T00:00:00Z,263.00194132601484,264.61757030336025,258.28076888148894,261.19281005859375,39987400
2020-11-02T05:00:00Z,262.465596606,264.19708758,257.861184856,260.772798169,39987409
2020-11-03T00:00:00Z,263.10830548168485,267.81013876643436,262.0247636862379,265.71075439453125,43604100
2020-11-03T05:00:00Z,262.591347347,267.389221777,261.604687687,265.290151714,43604145
2020-11-04T00:00:00Z,274.35976789488217,279.37116324230914,272.69574891753865,277.57171630859375,75728200
2020-11-04T05:00:00Z,273.908914046,278.948616823,272.274154411,277.149413912,75728206
2020-11-05T00:00:00Z,283.976264267521,285.7757408463834,282.49606347208106,284.80828857421875,52054200
2020-11-05T05:00:00Z,283.436950967,285.352231485,282.073039083,284.384918092,52054186
2020-11-06T00:00:00Z,284.15035611896104,285.7466462245765,280.3966371401394,285.02105712890625,40959800
2020-11-06T05:00:00Z,283.601394243,285.323212083,279.97396902,284.597727038,40959764
2020-11-09T00:00:00Z,287.9621988371177,289.40372297904185,278.7423787139035,279.19708251953125,86537100
2020-11-09T05:00:00Z,287.209473199,288.979656709,278.319863118,278.774500412,86537071
2020-11-10T00:00:00Z,275.88841524340836,277.329909878657,271.4864890873703,274.19537353515625,69024900
2020-11-10T05:00:00Z,275.553346814,276.907488833,271.06501267,273.773490171,69024878
2020-11-11T00:00:00Z,276.7204020173491,280.80305222638447,274.1566591249663,280.3290100097656,36102900
2020-11-11T05:00:00Z,276.191773653,280.380240645,273.734797635,279.906257082,36102931
2020-11-12T00:00:00Z,281.29644746857406,282.56380765239703,277.9006803600016,279.01324462890625,34414600
2020-11-12T05:00:00Z,280.834877939,282.144620274,277.478300466,278.590710868,34516826
2020-11-13T00:00:00Z,280.7256937058883,282.0801212469425,278.50053533015796,281.4609375,24806900
2020-11-13T05:00:00Z,280.14808543,281.657094324,278.078131501,281.038013752,24880582
2020-11-16T00:00:00Z,281.1610603353793,283.957012426053,280.55156049419804,283.6571044921875,30168400
2020-11-16T05:00:00Z,280.796185404,283.533682306,280.128739163,283.233815154,30168361
2020-11-17T00:00:00Z,283.8505502393088,284.1794805378679,282.1188020423801,282.75732421875,21843500
2020-11-17T05:00:00Z,283.427277833,283.756164386,281.695786859,282.334213699,21843463
2020-11-18T00:00:00Z,282.205877841639,283.8215068214784,280.5805353656853,280.6676025390625,28069600
2020-11-18T05:00:00Z,281.782845065,283.398258431,280.157758564,280.24481677,28069619
2020-11-19T00:00:00Z,280.1161475041133,283.1733003182524,279.4486030544655,282.86370849609375,22718400
2020-11-19T05:00:00Z,279.635409332,282.750158458,279.026001895,282.440618172,22718422
2020-11-20T00:00:00Z,282.7863250846613,283.53128232920227,280.84176583461374,280.9288330078125,25907300
2020-11-20T05:00:00Z,282.3632331,283.103227846,280.41893318,280.505991386,25907308
2020-11-23T00:00:00Z,281.92532849063366,283.22171126057486,278.6940407761283,280.93853759765625,26875600
2020-11-23T05:00:00Z,281.502324181,282.798524127,278.271497448,280.51566452,26875588
2020-11-24T00:00:00Z,282.0027834925204,285.379213556915,280.2033356076232,284.88580322265625,24516800
2020-11-24T05:00:00Z,281.579709252,284.955632994,279.780506341,284.462303163,24516791
2020-11-25T00:00:00Z,285.94995777545125,287.275363047315,285.0018436460883,286.6368408203125,23326800
2020-11-25T05:00:00Z,285.400597154,286.851567244,284.57838077,286.213140405,23326826
2020-11-27T00:00:00Z,288.60072560591834,290.40020243829326,288.204066575533,289.2779541015625,17163100
2020-11-27T05:00:00Z,288.157440324,289.975989503,287.780188101,288.853905967,17163115
2020-11-30T00:00:00Z,289.59721751794035,290.20671729517454,285.1856366366247,289.86810302734375,27836200
2020-11-30T05:00:00Z,289.134426851,289.782526825,284.762170315,289.443967137,27836232
2020-12-01T00:00:00Z,292.14160472558103,295.20844184859413,291.0386948091692,293.5830993652344,27521300
2020-12-01T05:00:00Z,291.620422271,294.783537067,290.614416343,293.158450566,27642640
2020-12-02T00:00:00Z,292.41245859386936,294.299002394518,290.57430512295343,293.96038818359375,23620000
2020-12-02T05:00:00Z,291.958981959,293.86942591,290.150105914,293.53570279,23620003
2020-12-03T00:00:00Z,294.2699982203379,295.9243334941278,293.65081453640306,294.37640380859375,22828700
2020-12-03T05:00:00Z,293.748511736,295.499348977,293.227129817,293.951647549,22828727
2020-12-04T00:00:00Z,294.4248094730478,295.7212218182587,293.7476104304128,295.5760803222656,19332100
2020-12-04T05:00:00Z,294.000013218,295.296213165,293.322893843,295.151116156,19332081
2020-12-07T00:00:00Z,295.75987086670006,297.6173925026342,295.57605254507047,297.249755859375,20851000
2020-12-07T05:00:00Z,295.334905701,297.192147415,295.151116156,296.824568326,20850969
2020-12-08T00:00:00Z,296.7757800930756,298.5558894005538,295.0246931837075,298.2559814453125,18341500
2020-12-08T05:00:00Z,296.350584763,298.130441406,294.599747522,297.830574254,18341464
2020-12-09T00:00:00Z,298.0431011941414,298.3236411639306,290.43890912941885,291.50311279296875,48839300
2020-12-09T05:00:00Z,297.617765308,297.898286192,290.014682039,291.078726771,48839306
2020-12-10T00:00:00Z,289.4714407906166,293.7959544453921,288.3878987649172,292.6737060546875,27519500
2020-12-10T05:00:00Z,289.047368646,293.371259513,287.963977646,292.249175977,27519544
2020-12-11T00:00:00Z,291.01935393302256,292.15128623113674,288.75551886109844,292.0255126953125,26760400
2020-12-11T05:00:00Z,290.595070075,291.726826745,288.331556735,291.601076004,26760416
2020-12-14T00:00:00Z,293.21545054394346,296.0887852563194,293.1477513166906,294.14422607421875,28804800
2020-12-14T05:00:00Z,292.790871477,295.663792254,292.723159539,293.719492334,28804832
2020-12-15T00:00:00Z,296.3984438144814,297.28851318359375,294.2119915240718,297.28851318359375,25709000
2020-12-15T05:00:00Z,295.97333254,296.863260861,293.787204272,296.863260861,25790455
2020-12-16T00:00:00Z,297.6851239868555,299.70709601901274,296.6402588307185,298.9234619140625,25461900
2020-12-16T05:00:00Z,297.259859353,299.276707777,296.216128202,298.498020496,25461890
2020-12-17T00:00:00Z,300.5197938582186,301.109925748978,299.3201621299148,300.87774658203125,23730500
2020-12-17T05:00:00Z,300.094087594,300.684148764,298.894618987,300.45199355,23730524
2020-12-18T00:00:00Z,301.51619132395575,301.8257831498572,297.5979917428754,299.96826171875,41173400
2020-12-18T05:00:00Z,301.090420389,301.399960675,297.172801147,299.54271896,41173392
2020-12-21T00:00:00Z,297.022897192653,299.94021705851605,294.2509819060399,299.40716552734375,37095500
2020-12-21T05:00:00Z,296.598042024,299.51493606,293.826508156,298.981948778,37095480
2020-12-22T00:00:00Z,300.3085690091983,301.1420722049682,297.4009501959632,300.2213439941406,26176300
2020-12-22T05:00:00Z,299.883181819,300.717064648,296.971133122,299.795965718,26378343
2020-12-23T00:00:00Z,300.2697276304532,300.62832914085624,298.5542435491377,298.7093200683594,21201300
2020-12-23T05:00:00Z,299.844419107,300.202974188,298.124323787,298.284219972,21201280
2020-12-24T00:00:00Z,298.97097380227143,300.4732312600848,298.8934503370828,300.02740478515625,16785000
2020-12-24T05:00:00Z,298.545868274,300.047923342,298.468342851,299.602152161,16784997
2020-12-28T00:00:00Z,302.63454860179166,303.5262310626723,300.80273521514425,303.0513000488281,22497700
2020-12-28T05:00:00Z,302.208944505,303.100486868,300.377406389,302.625643653,22497745
2020-12-29T00:00:00Z,304.379123831778,304.9994298515296,302.42133841534746,303.32269287109375,25871900
2020-12-29T05:00:00Z,303.95326652,304.568624564,301.995749592,302.896982633,25871925
2020-12-30T00:00:00Z,304.48575494609014,304.8055799060059,302.71209143491757,303.3323974609375,18138100
2020-12-30T05:00:00Z,304.059863976,304.379656346,302.286469928,302.906673311,18138071
2020-12-31T00:00:00Z,303.2354394143684,304.5632467395812,302.15963508324836,304.0786437988281,21611400
2020-12-31T05:00:00Z,302.809766532,304.137389399,301.73410129,303.652855506,21611412
2021-01-04T00:00:00Z,305.4064158113224,305.58089532895957,295.7822096194446,299.7850341796875,45305900
2021-01-04T05:00:00Z,304.980478373,305.154910574,295.357635258,299.359885214,45305898
2021-01-05T00:00:00Z,298.796488258162,302.5279368021239,298.796488258162,302.25653076171875,29323400
2021-01-05T05:00:00Z,298.371436072,302.102347049,298.371436072,301.831008068,29323409
2021-01-06T00:00:00Z,297.54626155709104,302.27599188041745,296.55768202012894,298.06964111328125,52809600
2021-01-06T05:00:00Z,297.121338629,301.850389424,296.132889487,297.644635233,52809622
2021-01-07T00:00:00Z,300.7252375313277,306.11402054363856,300.6961625343405,305.280517578125,30394800
2021-01-07T05:00:00Z,300.299880967,305.687897857,300.270808933,304.854499561,30394826
2021-01-08T00:00:00Z,307.56778921465855,309.5546790076272,305.3773744694693,309.20574951171875,33955800
2021-01-08T05:00:00Z,307.141499536,309.128088497,304.952763034,308.779224094,33955847
2021-01-11T00:00:00Z,306.24966010158994,307.4223908407491,304.0883205141458,304.7377014160156,32746400
2021-01-11T05:00:00Z,305.823567347,306.996139368,303.662546184,304.311821601,32869095
2021-01-12T00:00:00Z,304.7764626548181,305.86196847203695,301.6168717035165,304.25311279296875,29266800
2021-01-12T05:00:00Z,304.350584312,305.435940232,301.19142333,303.827287708,29266762
2021-01-13T00:00:00Z,304.5148243780855,307.10258773993957,303.91392141249594,306.307861328125,22898400
2021-01-13T05:00:00Z,304.08893601,306.676346998,303.488113983,305.881711414,22898417
2021-01-14T00:00:00Z,306.75370892686954,307.7519899560622,304.19499080671324,304.669921875,23500100
2021-01-14T05:00:00Z,306.327482596,307.325622415,303.770694149,304.243986856,23500129
2021-01-15T00:00:00Z,304.45664703346006,305.41615138729,301.01594842162353,302.25653076171875,35118700
2021-01-15T05:00:00Z,304.030791943,304.990169051,300.590601302,301.831008068,35118718
2021-01-19T00:00:00Z,304.57295457432366,307.17041929190594,303.47774717307743,306.66644287109375,24537000
2021-01-19T05:00:00Z,304.147080077,306.744181743,303.052033479,306.240266495,24537049
2021-01-20T00:00:00Z,310.28164205481335,314.7399662658125,306.76341932672693,313.7998352050781,30728100
2021-01-20T05:00:00Z,309.854889337,314.312601152,306.336204206,313.3726054,30728096
2021-01-21T00:00:00Z,315.1373276057846,317.05636614976254,313.76107163791585,316.31005859375,25130600
2021-01-21T05:00:00Z,314.709918944,316.628673161,313.333842688,315.882490965,25316935
2021-01-22T00:00:00Z,315.2730463317936,316.40700085407076,314.71089025556637,315.3990478515625,21609400
2021-01-22T05:00:00Z,314.845588434,315.979397744,314.283529119,314.971567247,21609444
2021-01-25T00:00:00Z,318.7816082767875,320.14819254019943,311.5125619253362,318.0062255859375,39080600
2021-01-25T05:00:00Z,318.35361382,319.719999398,311.085605425,317.578359591,39080644
2021-01-26T00:00:00Z,318.72343860307774,319.60541972196387,317.14362789440383,318.471435546875,25498100
2021-01-26T05:00:00Z,318.295469753,319.177321438,316.715889261,318.043512128,25498112
2021-01-27T00:00:00Z,316.2131379261099,316.2228098725471,307.58718143940655,309.59344482421875,55264000
2021-01-27T05:00:00Z,315.785584187,315.795274865,307.160880891,309.166851208,55263985
2021-01-28T00:00:00Z,310.79531495609456,316.3682497057302,310.17500889095487,311.42529296875,42836300
2021-01-28T05:00:00Z,310.368495263,315.940635033,309.74829188,310.998389324,42836324
2021-01-29T00:00:00Z,309.73881617638284,310.8437251270906,303.1288542538718,304.8734130859375,55259000
2021-01-29T05:00:00Z,309.312211376,310.416270305,302.703169076,304.447491091,55259018
2021-02-01T00:00:00Z,308.31411931482035,313.57693059334537,306.2884822397194,312.4914245605469,35646000
2021-02-01T05:00:00Z,307.887681731,313.149719809,305.862330058,312.064363889,35646008
2021-02-02T00:00:00Z,315.45715072768695,318.74274338725553,315.29237270849,317.5893859863281,33930800
2021-02-02T05:00:00Z,315.029711314,318.314851108,314.86496979,317.161660443,33930844
2021-02-03T00:00:00Z,319.66347719354394,320.0317801451322,316.2712567541162,316.32940673828125,24824500
2021-02-03T05:00:00Z,319.235465505,319.598865925,315.843728254,315.901872321,24824518
2021-02-04T00:00:00Z,317.7251251491448,320.1578121508223,316.40698957909655,320.0705871582031,22350900
2021-02-04T05:00:00Z,317.297329933,319.729690076,315.979397744,319.642473975,22350947
2021-02-05T00:00:00Z,321.02039344305297,322.16404935647347,319.3824330340786,321.15606689453125,22732000
2021-02-05T05:00:00Z,320.592160405,321.738083062,318.954435847,320.727829895,22731960
2021-02-08T00:00:00Z,322.84256976000034,323.46284630646204,321.20460902422445,323.3077697753906,20462800
2021-02-08T05:00:00Z,322.414007843,323.034211226,320.776283285,322.87916038,20462812
2021-02-09T00:00:00Z,322.37726071840535,324.49982399899955,322.3675591945343,323.2398681640625,17597500
2021-02-09T05:00:00Z,321.948855306,324.071113757,321.939164628,322.811325635,17597478
2021-02-10T00:00:00Z,324.6743385925005,325.1298666378689,319.3534066238231,322.5033264160156,28068700
2021-02-10T05:00:00Z,324.245545959,324.701007818,318.925363814,322.074834118,28068700
2021-02-11T00:00:00Z,324.0345845195634,324.6839654647318,321.89264783515165,324.2768859863281,22046100
2021-02-11T05:00:00Z,323.60596122,324.255236637,321.464321413,323.848228166,22046071
2021-02-12T00:00:00Z,323.43371103849927,326.25410391756105,322.38698162108943,326.08935546875,20346800
2021-02-12T05:00:00Z,323.005139193,325.82512645,321.958545984,325.660384926,20346819
2021-02-16T00:00:00Z,326.8841356269865,327.7758182666713,324.04436880985253,325.2074279785156,27080800
2021-02-16T05:00:00Z,326.455020511,327.346562874,323.615651898,324.778533241,27080777
2021-02-17T00:00:00Z,322.231909705681,325.3236791131042,320.00274780804534,323.6469421386719,31360300
2021-02-17T05:00:00Z,321.803495138,324.891914172,319.57463923,323.218334105,31467456
2021-02-18T00:00:00Z,320.0608609031498,323.5887548432462,318.24842110463965,322.23187255859375,32236200
2021-02-18T05:00:00Z,319.632783297,323.156410674,317.820626537,321.803495138,32236240
2021-02-19T00:00:00Z,323.5791101725215,323.705111688559,319.8089141056786,320.8265686035156,39157700
2021-02-19T05:00:00Z,323.15049936,323.276478173,319.380825673,320.398346848,39157677
2021-02-22T00:00:00Z,316.4458392494818,317.7057955378741,312.30733922798885,312.5108642578125,47256900
2021-02-22T05:00:00Z,316.018160456,317.277948577,311.880241009,312.083745244,47256944
2021-02-23T00:00:00Z,307.2382692011406,313.2473575907754,301.4230338219392,311.580322265625,97241900
2021-02-23T05:00:00Z,306.812016489,312.820236762,300.997609773,311.15344017,97241936
2021-02-24T00:00:00Z,308.92476820579117,314.4589567870725,306.2303762097471,314.1488037109375,58206300
2021-02-24T05:00:00Z,308.498194436,314.031571494,305.804185991,313.721469803,58206272
2021-02-25T00:00:00Z,311.4931473273802,314.05183592483166,301.6556822348677,303.19671630859375,110182600
2021-02-25T05:00:00Z,311.066224069,313.624563024,301.230186041,302.771003821,110182582
2021-02-26T00:00:00Z,306.1237648797508,309.2833567795683,301.30680918642094,304.4664306640625,104739800
2021-02-26T05:00:00Z,305.697588535,308.856749517,300.881321638,304.040482621,104739841
2021-03-01T00:00:00Z,309.43835907915917,313.96456367615275,308.14932823792475,313.6253356933594,49164500
2021-03-01T05:00:00Z,309.011800363,313.537346923,307.718094868,313.198173198,49164518
2021-03-02T00:00:00Z,314.2649521039829,314.3424755467031,308.34311940123865,308.5950927734375,48370000
2021-03-02T05:00:00Z,313.837757937,313.91528336,307.916753765,308.168711389,48370034
2021-03-03T00:00:00Z,307.5000180197119,308.44014914832144,299.5816205062757,299.6397705078125,86301100
2021-03-03T05:00:00Z,307.073664791,308.013660543,299.156380979,299.214525046,86301073
2021-03-04T00:00:00Z,299.271442392636,302.4310635748034,290.8684129401482,294.7355651855469,139131600
2021-03-04T05:00:00Z,298.846279288,302.00544027,290.444461583,294.311042049,139131582
2021-03-05T00:00:00Z,297.35241783993,300.075884598136,288.29036452231725,299.1745300292969,121523700
2021-03-05T05:00:00Z,296.922679732,299.649636482,287.866741272,298.749372509,121523726
2021-03-08T00:00:00Z,298.6317416108626,300.512003576939,290.2868923264038,290.7036437988281,88409800
2021-03-08T05:00:00Z,298.206694549,300.086686054,289.863020911,290.279720059,88409781
2021-03-09T00:00:00Z,298.0017680987758,304.06900708490633,297.4687166333101,302.1693420410156,80391100
2021-03-09T05:00:00Z,297.576800488,303.643164828,297.043813206,301.743791968,80391114
2021-03-10T00:00:00Z,306.4242312076411,306.7246827589697,300.6186956204412,301.30682373046875,76798100
2021-03-10T05:00:00Z,305.997999548,306.298410562,300.19328351,300.881321638,76798065
2021-03-11T00:00:00Z,306.0461906601407,310.01023994466965,305.1545376376188,308.2463073730469,53484800
2021-03-11T05:00:00Z,305.620063112,309.583550356,304.728520749,307.819846986,53484804
2021-03-12T00:00:00Z,304.1949616046045,308.4304164004417,301.8010513316527,305.7456970214844,69315600
2021-03-12T05:00:00Z,303.76914364,308.004163679,301.376515277,305.319652098,69315601
2021-03-15T00:00:00Z,306.0655372367336,309.17667987152043,304.4275769113143,309.01190185546875,42955700
2021-03-15T04:00:00Z,305.639444467,308.750152061,303.99687457,308.585410537,43123176
2021-03-16T00:00:00Z,311.2024039742943,314.21665052794987,309.27369317082486,310.7080993652344,54925900
2021-03-16T04:00:00Z,310.775503733,313.789304548,308.847058839,310.281279162,54925896
2021-03-17T00:00:00Z,307.67444741471917,313.8773597153626,305.9589339157452,311.9873962402344,78258700
2021-03-17T04:00:00Z,307.248096992,313.450130823,305.532847011,311.56044864,78258729
2021-03-18T00:00:00Z,307.1123439366389,308.0912516000334,301.9755632410346,302.43109130859375,82718100
2021-03-18T04:00:00Z,306.686037676,307.664893047,301.549978411,302.00544027,82942269
2021-03-19T00:00:00Z,302.26628178699343,305.0382264310817,300.1243447287122,303.4971923828125,78446200
2021-03-19T04:00:00Z,301.840698746,304.612232614,299.699155846,303.071414835,78446204
2021-03-22T00:00:00Z,305.88920389424806,311.25568011642184,305.88920389424806,309.18865966796875,56194800
2021-03-22T04:00:00Z,305.459856825,310.818801681,305.459856825,308.754687297,56194755
2021-03-23T00:00:00Z,310.27572510440467,311.5954962443915,307.0247773135921,307.8399353027344,53455400
2021-03-23T04:00:00Z,309.840043217,311.157975406,306.588820795,307.407683074,53455411
2021-03-24T00:00:00Z,309.20815794592994,309.24698344349076,302.50248217460296,302.6480407714844,64803700
2021-03-24T04:00:00Z,308.774068653,308.812831364,302.077810251,302.223170419,64803729
2021-03-25T00:00:00Z,300.80428295499746,303.6379524774981,298.3005857976996,302.1240539550781,78729000
2021-03-25T04:00:00Z,300.38000349,303.206774222,297.881649831,301.699873815,78729008
2021-03-26T00:00:00Z,301.9104968604714,306.97614321178946,300.5131047500999,306.6559143066406,63519600
2021-03-26T04:00:00Z,301.486678902,306.545212745,300.09122129,306.225420376,63519634
2021-03-29T00:00:00Z,306.122244395599,307.6166857074002,303.2303514928985,306.5686340332031,54608000
2021-03-29T04:00:00Z,305.692433093,307.184797484,302.804611091,306.138204275,54607963
2021-03-30T00:00:00Z,304.60829592576704,305.59812389358433,302.32777943527344,305.02557373046875,44635700
2021-03-30T04:00:00Z,304.180687347,305.169136489,301.90337805,304.597386495,44635676
2021-03-31T00:00:00Z,306.81124129008373,311.2557989477642,306.4715847685918,309.69342041015625,55032500
2021-03-31T04:00:00Z,306.380471221,310.818801681,306.041297496,309.258602546,55032535
2021-04-01T00:00:00Z,313.51688889328375,315.10837900652535,313.26456756678306,314.9725341796875,55685600
2021-04-01T04:00:00Z,313.076729623,314.666000792,312.824771998,314.530331302,55685602
2021-04-05T00:00:00Z,317.4567949509735,322.02751230877504,317.2141874323933,321.2608642578125,42172500
2021-04-05T04:00:00Z,317.011144834,321.575454106,314.595743377,320.809890555,42172475
2021-04-06T00:00:00Z,320.9503235455035,322.988202846914,320.2612969247598,321.03765869140625,33537200
2021-04-06T04:00:00Z,320.499788863,322.534831214,319.811750735,320.587004964,33537210
2021-04-07T00:00:00Z,320.56222355205784,322.64867236045967,319.6306187691433,321.8140869140625,32046400
2021-04-07T04:00:00Z,320.112161749,322.195657489,319.181856674,321.362259193,32046381
2021-04-08T00:00:00Z,324.66707892414195,325.35607597538365,323.87131916627106,325.17169189453125,29940800
2021-04-08T04:00:00Z,324.211318484,324.899356612,323.416585992,324.715233732,29940799
2021-04-09T00:00:00Z,323.8131550209015,327.3455353059194,323.0756481776321,327.1417236328125,36664900
2021-04-09T04:00:00Z,323.358538832,326.885945573,322.622047315,326.682441338,36664892
2021-04-12T00:00:00Z,326.10337642585216,327.13203008038977,324.83211521854287,326.7147521972656,25833000
2021-04-12T04:00:00Z,325.645538807,326.67275066,324.376060007,326.256051512,25833013
2021-04-13T00:00:00Z,328.23830325054035,330.99432148049897,328.0248074207108,330.5285339355469,30374000
2021-04-13T04:00:00Z,327.777487936,330.529640448,327.564293023,330.064487911,30374033
2021-04-14T00:00:00Z,330.7711732196857,330.8973338969401,325.7443513802952,326.55950927734375,42564300
2021-04-14T04:00:00Z,330.306754858,330.43273367,325.286983726,326.101000666,42564337
2021-04-15T00:00:00Z,329.431961635125,331.8968627884366,326.2780632892795,331.5086669921875,36342800
2021-04-15T04:00:00Z,328.969441313,331.430873489,325.81541639,331.043246375,36342821
2021-04-16T00:00:00Z,332.03272594755407,332.11037695716146,330.02392809032045,331.8968811035156,40860100
2021-04-16T04:00:00Z,331.566542979,331.644068402,329.560572662,331.430873489,40860099
2021-04-19T00:00:00Z,330.3247033543837,331.47948788337334,326.9378822962506,328.8593444824219,34533100
2021-04-19T04:00:00Z,329.860983676,331.014174341,326.480487611,328.397691319,34533129
2021-04-20T00:00:00Z,328.19948056208375,329.4804258212704,324.49243037196,326.46240234375,38081800
2021-04-20T04:00:00Z,327.738725225,329.017894702,324.038436791,326.004093888,38081818
2021-04-21T00:00:00Z,325.1814747322325,329.4416778211828,324.0945975712304,329.2572937011719,36598100
2021-04-21T04:00:00Z,324.72492441,328.979131991,323.63956849,328.795009111,36598082
2021-04-22T00:00:00Z,328.8690668857819,329.8491811367838,324.13336331578,325.2881774902344,45936100
2021-04-22T04:00:00Z,328.407381997,329.386140461,323.678331201,324.831521867,45936143
2021-04-23T00:00:00Z,325.91891962784706,330.6934186170517,325.91891962784706,329.38336181640625,36381900
2021-04-23T04:00:00Z,325.461415928,330.226322231,325.461415928,328.920987924,36414916
2021-04-26T00:00:00Z,329.62601091696735,331.80947868051476,328.8787607730623,331.5280456542969,30812000
2021-04-26T04:00:00Z,329.16325487,331.343657389,328.417072675,331.062627731,30811968
2021-04-27T00:00:00Z,331.81919196808207,332.03268779719735,329.1408247480296,330.0918273925781,33187200
2021-04-27T04:00:00Z,331.353348066,331.566542979,328.678720977,329.628407407,33187183
2021-04-28T00:00:00Z,329.76184556196415,330.7711011449007,328.32559837144595,328.9757995605469,33615700
2021-04-28T04:00:00Z,329.29892436,330.306754858,327.864800944,328.513979454,33615696
2021-04-29T00:00:00Z,332.2461170803668,332.6633948761398,326.937863752322,330.1596984863281,37708900
2021-04-29T04:00:00Z,331.779737892,332.19643704,326.47903401,329.696242152,37708884
2021-04-30T00:00:00Z,327.71423260087664,330.19853110561087,327.08342938996134,327.9956359863281,38263400
2021-04-30T04:00:00Z,327.254191332,329.735004864,326.624297271,327.53522099,38263421
2021-05-03T00:00:00Z,329.1989556096356,329.946175993807,325.8024508567582,326.24884033203125,29729700
2021-05-03T04:00:00Z,328.736865044,329.48304724,325.345127793,325.790898975,29729730
2021-05-04T00:00:00Z,323.69666197663526,324.0169204943218,316.5639948144166,320.3778076171875,65147000
2021-05-04T04:00:00Z,323.242250698,323.562043067,316.119602471,319.92803887,65146972
2021-05-05T00:00:00Z,322.4253840899194,323.28908104964285,318.52426595065555,319.30059814453125,46219300
2021-05-05T04:00:00Z,321.972771898,322.835242228,318.077119398,318.852373627,46219307
2021-05-06T00:00:00Z,319.0385624883842,321.862517220157,316.79687165448127,321.7072448730469,46814300
2021-05-06T04:00:00Z,318.590725325,321.410712582,316.352178739,321.255661736,46814283
2021-05-07T00:00:00Z,324.4827360878982,326.69531572419015,321.88199030080017,324.3177795410156,53324500
2021-05-07T04:00:00Z,324.027195604,326.236670156,321.431450633,323.862454081,53324460
2021-05-10T00:00:00Z,322.9397591621031,323.1144294895896,315.9235381896021,316.1273498535156,60700500
2021-05-10T04:00:00Z,322.486377825,322.660810026,315.480017732,315.683521967,60700462
2021-05-11T00:00:00Z,310.2465741413895,316.4864337699325,309.58665903966653,315.690673828125,71963600
2021-05-11T04:00:00Z,309.810971184,316.041980141,309.152005089,315.247441463,71963612
2021-05-12T00:00:00Z,310.76082509333276,313.08013750936215,306.6558953267054,307.51959228515625,91164900
2021-05-12T04:00:00Z,310.32457711,312.640649119,306.225420376,307.087890705,91164855
2021-05-13T00:00:00Z,310.46002182452656,312.866669605649,307.5293038630691,309.89715576171875,69877800
2021-05-13T04:00:00Z,310.024166097,312.427454206,307.097581383,309.462106781,69877765
2021-05-14T00:00:00Z,313.0608001261645,317.6509161897484,312.5561574496169,316.7387390136719,44370000
2021-05-14T04:00:00Z,312.621267763,317.204958391,312.117352514,316.294034672,44370015
2021-05-17T00:00:00Z,315.03075656808636,316.7192956178089,311.9447956788766,314.8172607421875,39395000
2021-05-17T04:00:00Z,314.588475369,316.276688359,311.506839809,314.375280456,39394997
2021-05-18T00:00:00Z,315.76832414836974,316.99104616719796,312.4203278243808,312.6920471191406,36528500
2021-05-18T04:00:00Z,315.324966886,316.545992296,311.981683024,312.253022004,36528454
2021-05-19T00:00:00Z,307.296352361446,313.35182578915607,306.94698217860093,313.0509948730469,66319100
2021-05-19T04:00:00Z,306.865005114,312.911988099,306.516140711,312.611577085,66319108
2021-05-20T00:00:00Z,314.53581909839676,319.96052014548815,314.3126391150429,319.1065368652344,46466100
2021-05-20T04:00:00Z,314.094250798,319.511339722,313.871365207,318.65856007,46466135
2021-05-21T00:00:00Z,320.6591552963388,321.0764330594228,316.9812471772893,317.3403015136719,50330400
2021-05-21T04:00:00Z,320.209068527,320.625767675,316.536301619,316.894856699,50330449
2021-05-24T00:00:00Z,319.6305695291167,323.8034368878957,317.2336059057907,322.677734375,32475800
2021-05-24T04:00:00Z,319.181856674,323.348848154,316.79136026,322.224729522,32475771
2021-05-25T00:00:00Z,324.19159403453045,324.90970283924935,321.94990284909704,323.1241149902344,31280300
2021-05-25T04:00:00Z,323.736475269,324.45358543,321.493083344,322.670500704,31280314
2021-05-26T00:00:00Z,323.7937745082266,324.71566551573625,323.10477729374134,324.2498779296875,25444900
2021-05-26T04:00:00Z,323.339157476,324.259771873,322.651119348,323.794619336,25444932
2021-05-27T00:00:00Z,323.80348292638405,324.64775252730004,322.8330526512748,323.0368347167969,27931700
2021-05-27T04:00:00Z,323.348848154,324.191937128,322.379780368,322.583284603,27931747
2021-05-28T00:00:00Z,324.2401091909413,325.64724472071146,323.7354961865268,324.05572509765625,29927400
2021-05-28T04:00:00Z,323.784928658,325.189980041,323.281013409,323.600805778,29927449
2021-06-01T00:00:00Z,325.3851937858449,325.8607246630837,321.62963411689003,322.9785461425781,31145400
2021-06-01T04:00:00Z,324.928428645,325.398426522,321.178136313,322.525140536,31145424
2021-06-02T00:00:00Z,323.39584866403806,324.45361397756494,321.891693772137,323.6093444824219,22047900
2021-06-02T04:00:00Z,322.941839684,323.998123571,321.434939277,323.155034597,22047940
2021-06-03T00:00:00Z,320.7756986540093,322.046959878064,318.5728327072903,320.2419738769531,37057800
2021-06-03T04:00:00Z,320.325356662,321.594835461,318.125572788,319.79236938,37057825
2021-06-04T00:00:00Z,322.03721788043293,326.12272009697,321.96928066931946,325.67633056640625,38736500
2021-06-04T04:00:00Z,321.585144784,325.663175841,321.517310039,325.219148981,38736545
2021-06-07T00:00:00Z,325.1425746945179,326.7049824666826,324.4535776548945,326.6467590332031,32611900
2021-06-07T04:00:00Z,324.686161699,326.246360834,323.998123571,326.188216767,32611852
2021-06-08T00:00:00Z,328.39361434826134,329.2573115483053,325.12326890845696,326.8021240234375,27282800
2021-06-08T04:00:00Z,327.927693443,328.795009111,324.666780343,326.343267613,27282819
2021-06-09T00:00:00Z,328.1703884365764,328.94672073790025,326.6953156028105,326.87969970703125,21485300
2021-06-09T04:00:00Z,327.709653191,328.48490742,326.237639224,326.420793036,21485319
2021-06-10T00:00:00Z,327.21935625287307,330.3926522944531,326.7729666602912,330.2859191894531,33702100
2021-06-10T04:00:00Z,326.759966761,329.928818421,326.314195579,329.822220965,33702067
2021-06-11T00:00:00Z,330.29561384013823,331.1593109469786,329.6454421804354,331.14959716796875,21222800
2021-06-11T04:00:00Z,329.831911642,330.694381972,329.182636226,330.684691294,21222830
2021-06-14T00:00:00Z,331.5765725355183,334.3325906574946,330.3926465465192,334.3229064941406,27827700
2021-06-14T04:00:00Z,331.11108112,333.863233632,329.928818421,333.853542954,27827716
2021-06-15T00:00:00Z,333.9735630962998,334.28410788253154,331.4213268119727,332.13946533203125,35963800
2021-06-15T04:00:00Z,333.504678551,333.814780243,330.956030274,331.673140436,35963780
2021-06-16T00:00:00Z,332.60521679047145,333.6726958677757,327.47166267150703,330.9263916015625,55399500
2021-06-16T04:00:00Z,332.138292973,333.204267538,327.011924385,330.461805703,55399538
2021-06-17T00:00:00Z,329.9170614432595,336.13752079099703,329.8685517932755,335.1282653808594,59722700
2021-06-17T04:00:00Z,329.453975206,335.665699714,329.405521817,334.657869217,59722700
2021-06-18T00:00:00Z,333.4688736267625,334.6139739465521,331.7511935319041,332.4984436035156,55414900
2021-06-18T04:00:00Z,333.000763303,334.142518968,331.285513321,332.031695517,55414862
2021-06-21T00:00:00Z,332.68984582617543,334.8855714243223,330.47469978583916,334.56494140625,32992600
2021-06-21T04:00:00Z,332.222619528,334.41525195,330.01058328,334.095088809,32992649
2021-06-22T00:00:00Z,334.3609209204521,338.1305621489894,334.0597409959635,337.68365478515625,28941600
2021-06-22T04:00:00Z,333.891348628,337.655691016,333.590589314,337.209403001,28941626
2021-06-23T00:00:00Z,337.62534655465817,338.99524371354596,337.01326169116265,337.8487854003906,27188500
2021-06-23T04:00:00Z,337.15119152,338.519161306,336.539970978,337.374335528,27188454
2021-06-24T00:00:00Z,339.78226111856935,341.46303387726124,339.2381921776648,339.9377136230469,32581600
2021-06-24T04:00:00Z,339.305016289,340.983447302,338.76170914,339.460246902,32581605
2021-06-25T00:00:00Z,340.50123956428644,340.74412856932133,338.9175985075331,339.51995849609375,28682800
2021-06-25T04:00:00Z,340.022957878,340.265505712,338.441545999,339.043064628,28682801
2021-06-28T00:00:00Z,340.802335495448,343.7850188574494,340.74404452058076,343.64898681640625,39130300
2021-06-28T04:00:00Z,340.323717192,343.302204597,340.265505712,343.16637781,39130305
2021-06-29T00:00:00Z,343.4741757669752,344.9217846528403,342.63865187700964,344.89263916015625,29426000
2021-06-29T04:00:00Z,342.991743369,344.437231442,342.157378819,344.408222721,29426039
2021-06-30T00:00:00Z,344.73712712738813,345.1257731621185,343.76557133962166,344.3485107421875,32724000
2021-06-30T04:00:00Z,344.252992107,344.641068642,343.28280077,343.864915572,32723964
2021-07-01T00:00:00Z,343.99878018998015,344.9897564637457,342.648303353147,344.48455810546875,29290000
2021-07-01T04:00:00Z,343.515646691,344.505241855,342.167080733,344.00074236,29289978
2021-07-02T00:00:00Z,346.37905856390046,348.7593821022505,346.1458946628319,348.43878173828125,32727200
2021-07-02T04:00:00Z,345.892615467,348.269584242,345.659769546,347.949421101,32727244
2021-07-06T00:00:00Z,349.0411927673463,350.22649218747836,346.3499638665646,349.9447326660156,38842400
2021-07-06T04:00:00Z,348.55093973,349.734573161,345.863509727,349.453217674,38842397
2021-07-07T00:00:00Z,352.14034735024285,352.4415272213545,348.7301776263033,350.6830139160156,35265200
2021-07-07T04:00:00Z,351.645850095,351.94660941,348.240478502,350.19056309,35265242
2021-07-08T00:00:00Z,345.6213111100473,349.4200985088241,344.33887976392447,348.56512451171875,50890000
2021-07-08T04:00:00Z,345.135866224,348.929314352,343.855213659,348.075545975,50890021
2021-07-09T00:00:00Z,347.98214865318926,351.2174163723197,347.39920925212596,350.7413635253906,35184500
2021-07-09T04:00:00Z,347.493431173,350.724168325,346.911316371,350.24877457,35184534
2021-07-12T00:00:00Z,352.1403820578418,352.56786894597764,350.56643688814484,352.1112365722656,25717700
2021-07-12T04:00:00Z,351.645850095,352.072734283,350.074140129,351.616744355,25717677
2021-07-13T00:00:00Z,351.73231561024755,355.07446965411276,351.25626279599396,352.1112365722656,39723000
2021-07-13T04:00:00Z,351.238369734,354.570976976,350.762975978,351.616744355,39723015
2021-07-14T00:00:00Z,354.4527466915116,355.0939771809763,351.9169998759118,352.7428283691406,35336400
2021-07-14T04:00:00Z,353.954905477,354.59523176,351.422706088,352.247368724,35336350
2021-07-15T00:00:00Z,352.6553379425304,352.85935636038874,348.26388671366414,350.2652893066406,53391600
2021-07-15T04:00:00Z,352.160051504,352.363791685,347.774786661,349.773380815,53391557
2021-07-16T00:00:00Z,351.1202447443441,352.1015255470273,347.07856923619346,347.4283447265625,47262000
2021-07-16T04:00:00Z,350.627149191,351.607042442,346.591153229,346.940422111,47261961
2021-07-19T00:00:00Z,343.9793365421211,345.0771993956187,342.0265294469521,344.58172607421875,64404600
2021-07-19T04:00:00Z,343.496242864,344.592559075,341.546158277,344.097761493,64404625
2021-07-20T00:00:00Z,345.5143833813313,350.0321117839169,343.7364197177112,348.5845031738281,42183700
2021-07-20T04:00:00Z,345.029145177,349.540534894,343.25369503,348.094949802,42183702
2021-07-21T00:00:00Z,348.1570403811089,351.2757263183594,347.9335718645994,351.2757263183594,30259900
2021-07-21T04:00:00Z,347.668065613,350.782379805,347.444921606,350.782379805,30259860
2021-07-22T00:00:00Z,351.47976394470055,353.6074737175383,351.47976394470055,353.5977783203125,30252200
2021-07-22T04:00:00Z,350.986119986,353.110839014,350.986119986,353.101137101,30252240
2021-07-23T00:00:00Z,354.9190268234628,358.00856697658435,353.56857975570756,357.7268371582031,31960800
2021-07-23T04:00:00Z,354.420597319,357.500954814,353.067859538,357.224450283,31960799
2021-07-26T00:00:00Z,357.0370501062758,358.3972520169587,356.17238081685986,358.00860595703125,28438100
2021-07-26T04:00:00Z,356.535614434,357.893882305,355.673114335,357.505805771,28438126
2021-07-27T00:00:00Z,357.746322676778,357.746322676778,349.91558431978564,354.0641174316406,57933100
2021-07-27T04:00:00Z,357.24385411,357.24385411,349.424111933,353.566828942,57933148
2021-07-28T00:00:00Z,355.2007860080486,356.9981700647173,352.90789903399076,355.4242248535156,42066200
2021-07-28T04:00:00Z,354.701952807,356.49680678,352.412301251,354.925096814,42066195
2021-07-29T00:00:00Z,354.86076180526356,357.22163532233117,354.86076180526356,356.0557861328125,25672500
2021-07-29T04:00:00Z,354.362385839,356.719368673,354.362385839,355.555721183,25672533
2021-07-30T00:00:00Z,352.1307155090778,354.78307373523353,352.10157001865997,354.20013427734375,36484600
2021-07-30T04:00:00Z,351.636148182,354.284770532,351.607042442,353.70265573,36484649
2021-08-02T00:00:00Z,355.8615159795701,356.4444554857011,353.52006255712615,354.22930908203125,27334100
2021-08-02T04:00:00Z,355.361682916,355.943797718,353.023521794,353.73176147,27334097
2021-08-03T00:00:00Z,354.8898941335919,356.4929552406913,351.7031923611625,356.3763732910156,35558500
2021-08-03T04:00:00Z,354.391491579,355.992307285,351.209263994,355.875884324,35558511
2021-08-04T00:00:00Z,356.337502476667,357.8434317242009,355.22994430609293,356.89129638671875,29602200
2021-08-04T04:00:00Z,355.837076671,357.340873243,354.731058547,356.390085733,29602236
2021-08-05T00:00:00Z,357.70742145360697,359.38822372781095,356.99820466729994,359.1550598144531,21443900
2021-08-05T04:00:00Z,357.205046456,358.883477469,356.49680678,358.650631548,21443925
2021-08-06T00:00:00Z,357.8920207079267,358.8635765497484,356.47355748073585,357.58111572265625,33332100
2021-08-06T04:00:00Z,357.38938281,358.359574147,355.968052501,357.078921582,33332107
2021-08-09T00:00:00Z,358.03780370053937,358.7664706949516,356.9399703345685,358.2418518066406,25960200
2021-08-09T04:00:00Z,357.534911511,358.262555013,356.4385953,357.738651692,25960245
2021-08-10T00:00:00Z,358.7566648847073,359.04811973295875,355.2201879284461,356.4054870605469,35130800
2021-08-10T04:00:00Z,358.2528531,358.543910501,354.721356633,355.904990065,35130796
2021-08-11T00:00:00Z,357.66858234224264,358.1640556605862,354.4624302700103,355.79345703125,34249800
2021-08-11T04:00:00Z,357.166238803,357.661036385,353.964607391,355.293769522,34249812
2021-08-12T00:00:00Z,355.28820776183164,357.43533756576846,353.937731101521,357.07586669921875,25969200
2021-08-12T04:00:00Z,354.789270027,356.933392882,353.435853112,356.574422087,26003877
2021-08-13T00:00:00Z,357.42574471991435,358.65961014415416,356.93024168086845,358.32928466796875,19336200
2021-08-13T04:00:00Z,356.923690968,358.155833966,356.428893387,357.825968912,19336190
2021-08-16T00:00:00Z,357.21185318506383,358.5234294985945,353.3547763460437,358.4845886230469,34856900
2021-08-16T04:00:00Z,356.710248874,358.020007179,352.858589266,357.981199526,35044107
2021-08-17T00:00:00Z,355.7351242047437,356.70667993363804,352.898198080108,355.32708740234375,44793900
2021-08-17T04:00:00Z,355.235558042,356.205749379,352.402599338,354.828077681,44793902
2021-08-18T00:00:00Z,354.79277931237067,356.19182219163577,351.5769316293535,351.9072570800781,38541900
2021-08-18T04:00:00Z,354.294472445,355.69154797,351.078288163,351.413004174,38541940
2021-08-19T00:00:00Z,349.9739034758983,355.27859093357216,349.7212894280684,353.6075134277344,48499400
2021-08-19T04:00:00Z,349.482323414,354.779568114,349.230073666,353.110839014,48499368
2021-08-20T00:00:00Z,354.67616606335383,357.66857459932345,354.3652610843774,357.2702331542969,39486000
2021-08-20T04:00:00Z,354.178049485,357.166238803,353.867588257,356.768460355,39486034
2021-08-23T00:00:00Z,358.30981526121445,363.30362697510054,358.30011986359386,362.61383056640625,34034700
2021-08-23T04:00:00Z,357.806565085,362.788497601,357.796863172,362.104512708,34034744
2021-08-24T00:00:00Z,363.2064510749859,364.32373442077983,362.7400935730356,363.7213745117187,21732900
2021-08-24T04:00:00Z,362.696329424,363.812049461,362.230637582,363.210530832,21732913
2021-08-25T00:00:00Z,363.9740122476023,364.7124042614198,363.2258951863814,364.13916015625,20441900
2021-08-25T04:00:00Z,363.46278058,364.200125996,362.710882294,363.627713107,20441880
2021-08-26T00:00:00Z,363.28411575798174,363.9641869495947,361.3895703073261,361.8267822265625,29133300
2021-08-26T04:00:00Z,362.773944731,363.453078666,360.882071623,361.318657725,29133325
2021-08-27T00:00:00Z,362.4583802711001,365.849101000934,361.9726023029504,365.3439025878906,27104700
2021-08-27T04:00:00Z,361.949282094,365.33524986,361.464186426,364.830750365,27104749
2021-08-30T00:00:00Z,366.130868798235,369.92965615295554,366.1114187033676,369.4438781738281,27295700
2021-08-30T04:00:00Z,365.616605348,369.410053476,365.597201521,368.924957807,27295665
2021-08-31T00:00:00Z,369.68667747524375,369.7546638421812,367.5978089521397,369.1426086425781,29628200
2021-08-31T04:00:00Z,369.167505641,369.234448844,367.081594267,368.624198493,29628175
2021-09-01T00:00:00Z,370.20163673041526,371.8241183407126,369.5506812873745,369.7546997070313,28138300
2021-09-01T04:00:00Z,369.68170705,371.301926583,369.031678854,369.235419035,28138311
2021-09-02T00:00:00Z,371.1051837623693,371.435509188576,368.365389189704,369.579833984375,25453400
2021-09-02T04:00:00Z,370.583984993,370.913850048,367.848045423,369.060784594,25503535
2021-09-03T00:00:00Z,368.4333906805509,371.11489416925747,368.41397023843336,370.716552734375,24605400
2021-09-03T04:00:00Z,367.915958817,370.593686907,367.896846047,370.195908459,24624937
2021-09-07T00:00:00Z,370.82350998261273,371.89222757885955,369.6673558988827,371.24127197265625,23970200
2021-09-07T04:00:00Z,370.302629506,371.367899594,369.14635547,370.719811781,23970203
2021-09-08T00:00:00Z,371.06631894293287,371.06631894293287,367.68532355818826,369.9490356445313,32949200
2021-09-08T04:00:00Z,370.54517734,370.54517734,367.168911487,369.429457302,32949159
2021-09-09T00:00:00Z,370.17247372014936,371.2800318811056,368.43338058855016,368.67626953125,29399000
2021-09-09T04:00:00Z,369.65260131,370.758619434,367.915958817,368.158506651,29398978
2021-09-10T00:00:00Z,370.3861449218382,371.1050865641314,365.54778745327934,365.8781127929687,40249400
2021-09-10T04:00:00Z,369.866043404,370.583984993,365.029639589,365.3643556,40249405
2021-09-13T00:00:00Z,368.2099525437821,368.63743950186546,363.57564168171336,365.6256103515625,48741800
2021-09-13T04:00:00Z,367.692814809,368.119698997,363.065002132,365.112105853,48741781
2021-09-14T00:00:00Z,367.112111802256,367.8407787543693,363.6339545966303,364.5860900878906,41826600
2021-09-14T04:00:00Z,366.596498598,367.324142101,363.123213612,364.074001122,41826624
2021-09-15T00:00:00Z,365.0426744358989,367.64643688561017,362.7497873111235,367.2966613769531,34097900
2021-09-15T04:00:00Z,364.529991051,367.130103834,362.240339495,366.780834952,34097865
2021-09-16T00:00:00Z,365.9656451323104,368.12250027388,364.0419835530262,367.5492858886719,35193100
2021-09-16T04:00:00Z,365.451672821,367.605497589,363.525843017,367.0330847,35193083
2021-09-17T00:00:00Z,367.0732135319667,367.1217794613688,362.15714363548017,363.1966857910156,60912300
2021-09-17T04:00:00Z,366.557690945,366.606200512,361.64852278,362.68662751,60912267
2021-09-20T00:00:00Z,357.4037084010266,359.1447297554638,351.0524161954908,355.69189453125,76203200
2021-09-20T04:00:00Z,356.901675545,358.640243006,350.559303746,355.192246086,76203202
2021-09-21T00:00:00Z,357.52043574443064,358.7167850557825,355.00131976117484,356.12957763671875,41927500
2021-09-21T04:00:00Z,357.018227554,358.212885641,354.502646702,355.629316118,41927483
2021-09-22T00:00:00Z,357.04379244259434,360.9148819048465,355.944712563374,359.4559326171875,46972900
2021-09-22T04:00:00Z,356.542306852,360.407948469,355.443221411,358.951048362,46972920
2021-09-23T00:00:00Z,360.61333706059605,363.8035713744441,359.97139586738075,362.7725830078125,44652000
2021-09-23T04:00:00Z,360.10685578,363.292610681,359.464848467,362.263067939,44652002
2021-09-24T00:00:00Z,360.5064182906499,363.53132237880186,360.1368129986181,363.1130676269531,36056800
2021-09-24T04:00:00Z,360.000016439,363.020655994,359.630935079,362.603011297,36056800
2021-09-27T00:00:00Z,360.06880212685115,361.0900550560667,357.66639707157236,360.2146911621094,43338100
2021-09-27T04:00:00Z,359.562946407,360.584330509,357.163917564,359.708636418,43338079
2021-09-28T00:00:00Z,355.66274340365425,360.1660095292844,349.51569535289286,350.0214538574219,97701600
2021-09-28T04:00:00Z,355.163108084,359.662015614,349.0247023,349.529761004,97701632
2021-09-29T00:00:00Z,351.2858306757652,353.4256052044323,348.82507067423813,349.4475402832031,58076600
2021-09-29T04:00:00Z,350.792407763,352.929194587,348.330246582,348.956713628,58076621
2021-09-30T00:00:00Z,351.09130030893095,352.7544942625844,347.3272157221571,348.1636657714844,61384600
2021-09-30T04:00:00Z,350.598154415,352.259020537,346.839352139,347.674641534,61384577
2021-10-01T00:00:00Z,348.78612920756945,351.36360019989195,344.68161759025685,350.3228759765625,56375500
2021-10-01T04:00:00Z,348.296252246,350.870109102,344.197506612,349.830853692,56375488
2021-10-04T00:00:00Z,348.7083464504916,349.0390380839239,340.7327742551447,342.9698181152344,76766000
2021-10-04T04:00:00Z,348.218550907,348.548781598,340.254163656,342.488077153,76766005
2021-10-05T00:00:00Z,344.0300027634827,349.8463586647929,343.8063161750035,347.5995788574219,47232900
2021-10-05T04:00:00Z,343.546757897,349.354932991,343.323366548,347.111306826,47232904
2021-10-06T00:00:00Z,344.3899201017758,350.09930141677904,343.4853784291213,349.82696533203125,56806500
2021-10-06T04:00:00Z,343.906126591,349.607462343,343.002848524,349.335507656,56806536
2021-10-07T00:00:00Z,352.87122991088916,355.68215344387613,352.3362936499442,353.0365905761719,39411200
2021-10-07T04:00:00Z,352.375572546,355.182533419,351.84137584,352.540687891,39411172
2021-10-08T00:00:00Z,354.11619466511115,354.3496467593131,350.74115710996455,351.276123046875,41822300
2021-10-08T04:00:00Z,353.618793971,353.848595681,350.24849839,350.782695096,41822309
2021-10-11T00:00:00Z,349.7393762271604,353.2603327728741,348.4944071205362,348.58197021484375,34847200
2021-10-11T04:00:00Z,349.24809365,352.764079241,348.004872225,348.092286231,34847182
2021-10-12T00:00:00Z,350.0311854685431,350.4688525299562,346.72423904744426,347.3661804199219,43905100
2021-10-12T04:00:00Z,349.539473671,349.976543703,346.237166762,346.878202809,43905101
2021-10-13T00:00:00Z,349.67130750082435,350.8190073438713,347.64821419139497,350.14788818359375,40120800
2021-10-13T04:00:00Z,349.180104978,350.326199729,347.159870163,349.65602568,40120795
2021-10-14T00:00:00Z,353.736892200335,356.81041599057534,353.0755088952258,356.596435546875,43433900
2021-10-14T04:00:00Z,353.239999943,356.309202835,352.579538561,356.095524152,43433867
2021-10-15T00:00:00Z,357.8122121376906,358.95991188767306,356.7812235917874,358.84320068359375,40419900
2021-10-15T04:00:00Z,357.309607575,358.455702326,356.280064833,358.339150317,40419878
2021-10-18T00:00:00Z,357.54958181402935,362.6656405909374,356.946554138747,362.45166015625,34513500
2021-10-18T04:00:00Z,357.047365556,362.156228598,356.445180178,361.942549915,34513514
2021-10-19T00:00:00Z,363.5215283156259,365.2430777774369,362.50027569432086,365.1944580078125,29091000
2021-10-19T04:00:00Z,363.010943327,364.730085453,361.988587959,364.681522116,29090963
2021-10-20T00:00:00Z,365.6517371635159,366.2645008447573,363.2395960786447,364.718017578125,31390300
2021-10-20T04:00:00Z,365.138017483,365.745059194,362.729275973,364.205601415,31390338
2021-10-21T00:00:00Z,363.9204072639906,367.1398204769915,363.6188933750925,366.9452819824219,25469300
2021-10-21T04:00:00Z,363.40916269,366.624055592,363.108070001,366.429802245,25469277
2021-10-22T00:00:00Z,365.6905235710402,366.6534206308841,362.19877506830113,363.8619689941406,36275800
2021-10-22T04:00:00Z,365.176868153,366.138422223,361.68516423,363.350886685,36275822
2021-10-25T00:00:00Z,365.28208354749574,368.50149672408577,363.33681735342776,367.5872192382813,32597800
2021-10-25T04:00:00Z,364.768936123,367.983829026,362.826402647,367.070838292,32597804
2021-10-26T00:00:00Z,369.82417518162544,372.2362854959662,367.5676599926511,368.7445373535156,47191300
2021-10-26T04:00:00Z,369.304751789,371.713493299,367.046556623,368.22664571,47191279
2021-10-27T00:00:00Z,369.1919755149265,372.66428202015936,368.9293753230013,369.6004943847656,45760500
2021-10-27T04:00:00Z,368.67342841,372.140850664,368.41118639,369.08136044,45760496
2021-10-28T00:00:00Z,371.49718141168137,373.9579416825158,370.7287930405598,373.7050476074219,38007000
2021-10-28T04:00:00Z,370.975330579,373.432635426,370.203173522,373.180106074,38007005
2021-10-29T00:00:00Z,370.6314595463677,375.7086040476494,370.2813259791611,375.5432434082031,37310100
2021-10-29T04:00:00Z,370.110903182,375.180915554,369.761247156,375.015800209,37310116
2021-11-01T00:00:00Z,375.98096258363745,376.9535954607025,373.8995436615664,376.8271484375,30765300
2021-11-01T04:00:00Z,375.452870241,376.424136979,373.374359421,376.297872303,30765303
2021-11-02T00:00:00Z,376.214438265448,378.8794729101323,376.1658184876678,378.4028625488281,25135300
2021-11-02T04:00:00Z,375.685974258,378.34724512,375.637410921,377.871324418,25135292
2021-11-03T00:00:00Z,378.88913759797674,382.8380248315274,377.8484429446031,382.4197998046875,33748900
2021-11-03T04:00:00Z,378.356957787,382.300300744,377.317702378,381.882656046,33748901
2021-11-04T00:00:00Z,383.6842918645844,388.2751209954125,383.1396197374018,387.3219299316406,40265300
2021-11-04T04:00:00Z,383.145302806,387.729681809,382.601393432,386.777840406,40265313
2021-11-05T00:00:00Z,389.0920609902603,390.0160444058111,386.2908735800523,387.69146728515625,43383800
2021-11-05T04:00:00Z,388.545545869,389.46824927,385.748297664,387.146921766,43383802
2021-11-08T00:00:00Z,387.6623426124407,388.68359539126715,386.5243489401909,387.1662902832031,29256300
2021-11-08T05:00:00Z,387.117783764,388.137613839,385.981401681,386.622437728,29256270
2021-11-09T00:00:00Z,388.23625049581113,388.6350336479469,383.13966230419834,384.5013427734375,50490700
2021-11-09T05:00:00Z,387.69083114,388.089050502,382.601393432,383.961166866,50490720
2021-11-10T00:00:00Z,381.72920456656664,384.5400979853036,376.92439605470673,378.8502197265625,54937400
2021-11-10T05:00:00Z,381.193056662,384.000017535,376.394998977,378.318107118,54937385
2021-11-11T00:00:00Z,381.8265197042397,382.0015865093536,379.560268335903,379.9006958007813,32243000
2021-11-11T05:00:00Z,381.290183336,381.465011349,379.027131837,379.367075195,32242983
2021-11-12T00:00:00Z,381.04841716504535,384.433190667977,379.4533144906086,383.8982543945313,34730600
2021-11-12T05:00:00Z,380.513169946,383.893178194,378.920292495,383.358981488,34730564
2021-11-15T00:00:00Z,385.0751095726007,385.3960653814899,381.3693804579635,383.8106689453125,33716900
2021-11-15T05:00:00Z,384.534214241,384.854732265,380.828831636,383.271567482,33716861
2021-11-16T00:00:00Z,383.0812526688252,387.0398764491549,382.8867438612393,386.5438537597656,27872900
2021-11-16T05:00:00Z,382.543117428,386.496173052,382.348864081,386.000827015,27872940
2021-11-17T00:00:00Z,386.8647275536972,388.7808155122837,385.78511930575047,386.7480163574219,28703300
2021-11-17T05:00:00Z,386.321345039,388.234352006,385.24323896,386.20479303,28703263
2021-11-18T00:00:00Z,388.7905413443785,391.26100742176186,386.5729396249577,390.7552490234375,45721500
2021-11-18T05:00:00Z,388.24445318,390.711470695,386.029965018,390.206411991,45721515
2021-11-19T00:00:00Z,392.3893183809995,394.2081373154626,391.5625744064973,392.9339904785156,45191700
2021-11-19T05:00:00Z,391.838140111,393.654408911,391.012563384,392.382049484,45191721
2021-11-22T00:00:00Z,394.4707728765568,397.5248250612639,388.26536958827234,388.3723449707031,61715400
2021-11-22T05:00:00Z,393.91665093,396.966428487,387.719969142,387.826808483,61715370
2021-11-23T00:00:00Z,387.2148455722131,389.2768521256282,382.16690844188827,386.60211181640625,70098700
2021-11-23T05:00:00Z,386.671001065,388.730086549,381.630126694,386.05910302,70098736
2021-11-24T00:00:00Z,384.121906283019,388.1291491048879,381.79732907349427,387.84710693359375,46954400
2021-11-24T05:00:00Z,383.582372838,387.583991798,381.261045334,387.302324444,46954382
2021-11-26T00:00:00Z,385.2696201765238,386.66050784137326,379.1031308898381,380.4940185546875,51533300
2021-11-26T05:00:00Z,384.728467589,386.117379024,378.57063647,379.959547905,51533314
2021-11-29T00:00:00Z,385.0556547853165,389.7631944809059,384.3261801069884,388.7516479492187,54447100
2021-11-29T05:00:00Z,384.514788906,389.215719918,383.786338853,388.205602511,54447106
2021-11-30T00:00:00Z,387.8665791578093,390.21062820500714,381.02897048546834,383.0423278808594,81332700
2021-11-30T05:00:00Z,387.321749779,389.662502618,380.493744611,382.504266759,81332693
2021-12-01T00:00:00Z,387.3802526370976,389.520057013859,376.0588204609295,376.5256652832031,77766500
2021-12-01T05:00:00Z,386.83611641,388.972903234,375.53057158,375.996779614,78379245
2021-12-02T00:00:00Z,375.2417819698472,381.0192240941186,373.8217461673623,379.23931884765625,84416600
2021-12-02T05:00:00Z,374.71470752,380.484031944,373.296658082,378.706613813,84416623
2021-12-03T00:00:00Z,380.60102852102005,381.60283935442993,368.5306490591684,372.6448974609375,105349100
2021-12-03T05:00:00Z,380.066387246,381.066791986,368.012967028,372.121425329,105349104
2021-12-06T00:00:00Z,373.1311552405075,376.9925089483325,368.91963826221985,375.6308288574219,67588800
2021-12-06T05:00:00Z,372.607058698,376.462987648,368.401473723,375.103214215,67588801
2021-12-07T00:00:00Z,382.27396962972693,387.5553600113219,382.2350559963303,386.9425964355469,56005300
2021-12-07T05:00:00Z,381.736966036,387.010944423,381.698115366,386.399046378,56005264
2021-12-08T00:00:00Z,387.27323361603425,388.8780718765483,385.3765876920819,388.6737976074219,39204000
2021-12-08T05:00:00Z,386.729277069,388.331867187,384.83530693,388.127901172,39204041
2021-12-09T00:00:00Z,387.4483631974559,389.24774019188266,382.7602649929764,382.9548034667969,49973700
2021-12-09T05:00:00Z,386.904105082,388.700948547,382.222502278,382.416852752,49973714
2021-12-10T00:00:00Z,385.7656712319082,387.3802454713432,382.5948783547429,387.1176452636719,52545800
2021-12-10T05:00:00Z,385.223813625,386.83611641,382.057484059,386.573874391,52545767
2021-12-13T00:00:00Z,387.1079282528068,387.4288840777842,381.15541913036526,381.5250244140625,50166400
2021-12-13T05:00:00Z,386.564161724,386.879823413,380.620009287,380.989090647,50166410
2021-12-14T00:00:00Z,376.70074791408535,379.41440228714094,373.1312014367775,377.5761413574219,75199200
2021-12-14T05:00:00Z,376.171607627,378.881441826,372.607058698,377.045747691,75199181
2021-12-15T00:00:00Z,377.3232270446941,386.54379804863623,373.3743396627244,386.1838989257813,73858000
2021-12-15T05:00:00Z,376.793218339,386.000632762,372.849875383,385.641458322,73858028
2021-12-16T00:00:00Z,387.14682731739265,387.5747881895297,374.66792996001715,376.2533264160156,82591400
2021-12-16T05:00:00Z,386.603012393,387.025513424,374.141660144,375.724824927,82591368
2021-12-17T00:00:00Z,372.8392917778497,378.5389350173317,371.32198709182137,374.3760681152344,80492500
2021-12-17T05:00:00Z,372.315678677,378.007301762,370.800502566,373.850280123,81642848
2021-12-20T00:00:00Z,369.65377150084225,371.5333432736514,367.6086278873843,370.7445068359375,65336800
2021-12-20T05:00:00Z,369.130123896,371.011927513,367.092718947,370.224195767,65336827
2021-12-21T00:00:00Z,374.0168523653753,379.3537004976008,370.2674556823786,379.04205322265625,48899500
2021-12-21T05:00:00Z,373.491823752,378.821169395,369.748639194,378.50996673,48899477
2021-12-22T00:00:00Z,378.7498028220549,383.8626475575773,378.0875748272812,383.65814208984375,37042200
2021-12-22T05:00:00Z,378.218214231,383.323882958,377.556908567,383.119656209,37042200
2021-12-23T00:00:00Z,384.0087984673513,388.02116027516325,383.8432562962341,386.5506286621094,29595500
2021-12-23T05:00:00Z,383.469759207,387.471630981,383.304432792,386.008005946,29595536
2021-12-27T00:00:00Z,387.8457703226318,392.9391479492187,387.8165552575593,392.9391479492187,32820700
2021-12-27T05:00:00Z,387.301442024,392.387660584,387.271683269,392.387660584,32820705
2021-12-28T00:00:00Z,393.8351623802079,394.0104527999988,390.2415601729176,391.1180419921875,33113700
2021-12-28T05:00:00Z,393.282368247,393.457419746,389.693812513,390.569070009,33113728
2021-12-29T00:00:00Z,391.2544488367904,392.5204749909473,388.6834034697824,391.0596618652344,32248500
2021-12-29T05:00:00Z,390.705221175,391.969482003,388.137799187,390.510719509,32248484
2021-12-30T00:00:00Z,390.8453394134707,393.0268401743981,389.3066296016768,389.8909606933594,23850100
2021-12-30T05:00:00Z,390.296767677,392.475089083,388.760204517,389.343709515,23850065
2021-12-31T00:00:00Z,389.2190107652418,390.5824302579958,386.95961290849766,387.456298828125,34752900
2021-12-31T05:00:00Z,388.672678768,390.033120669,386.416459444,386.912438692,34752884
2022-01-03T00:00:00Z,388.62492150092214,391.4394353469124,386.51162877090127,391.1862182617187,40575900
2022-01-03T05:00:00Z,388.079448687,390.889997758,385.969105613,390.637145592,40575854
2022-01-04T00:00:00Z,391.7315848969011,391.7705482299664,383.01541893348,386.1123352050781,58027200
2022-01-04T05:00:00Z,391.181750256,391.22065059,382.475855695,385.570377198,58027206
2022-01-05T00:00:00Z,384.4274657275705,385.547445922028,373.99727123272066,374.25048828125,75739800
2022-01-05T05:00:00Z,383.887937789,385.006322367,373.472373585,373.725225751,75739847
2022-01-06T00:00:00Z,372.42940265304225,377.2306007150052,370.199219910222,373.9875793457031,70814300
2022-01-06T05:00:00Z,371.906635176,376.701101238,369.679591102,373.462648502,70814324
2022-01-07T00:00:00Z,373.9973217648803,375.68213669487847,368.16381836104466,369.9362487792969,72652300
2022-01-07T05:00:00Z,373.472373585,375.154812995,367.647048695,369.417013853,72652304
2022-01-10T00:00:00Z,365.0278790048045,370.69583932666194,359.6618175920206,370.1796569824219,91770500
2022-01-10T05:00:00Z,364.515571875,370.17557035,359.157050982,369.660140936,91770497
2022-01-11T00:00:00Z,369.44934432725296,375.9061427546664,367.3652665000039,375.7406005859375,68295700
2022-01-11T05:00:00Z,368.925897147,375.378392659,366.84784135,375.213163494,68295698
2022-01-12T00:00:00Z,378.31160870654446,380.0061720189423,374.9517565939594,377.2306213378906,54576400
2022-01-12T05:00:00Z,377.780585483,379.472749975,374.425431748,376.701101238,54576366
2022-01-13T00:00:00Z,378.61350290208264,379.2952275240133,366.8588502080744,367.7937622070313,77994000
2022-01-13T05:00:00Z,378.082063065,378.762818895,366.343887534,367.27749553,77993962
2022-01-14T00:00:00Z,365.27142052289753,370.41348098310857,365.0668853086839,370.0823669433594,80121200
2022-01-14T05:00:00Z,364.758698958,369.893542935,364.554472208,369.562890103,80121210
2022-01-18T00:00:00Z,364.2683212855361,366.39136228190114,360.1098547820308,360.8694763183594,75450900
2022-01-18T05:00:00Z,363.757015379,365.877083536,359.604793817,360.36296131,75812296
2022-01-19T00:00:00Z,362.4276789394688,364.9013304684771,356.64285740771714,356.90582275390625,81791500
2022-01-19T05:00:00Z,361.918974637,364.389145793,356.142275163,356.404852411,81791482
2022-01-20T00:00:00Z,360.1293216669016,364.1027194405778,351.73452212502156,352.2701416015625,88610700
2022-01-20T05:00:00Z,359.62385498,363.591688963,351.240833184,351.775712765,88610680
2022-01-21T00:00:00Z,350.0789145108733,352.7181079448339,342.2197346222496,342.5021667480469,143388900
2022-01-21T05:00:00Z,349.587569025,352.223066597,341.73942681,342.021454226,143388920
2022-01-24T00:00:00Z,336.87320642826637,344.7323871817224,325.4204234632394,344.07012939453125,198685800
2022-01-24T05:00:00Z,336.395493542,344.248498299,324.963658135,343.587192635,199448109
2022-01-25T00:00:00Z,337.6133584822439,341.8594404635493,332.75370059517894,336.0940856933594,124398400
2022-01-25T05:00:00Z,337.139462414,341.379112474,332.286645852,335.622349421,124398394
2022-01-26T00:00:00Z,343.69032292092504,347.55660890710044,331.87721121554597,335.5682067871094,146559500
2022-01-26T05:00:00Z,343.207914387,347.068772453,331.411388356,335.097194923,146559524
2022-01-27T00:00:00Z,340.271995193972,342.09313709621506,331.16625596244336,332.1888427734375,95255700
2022-01-27T05:00:00Z,339.794410152,341.613000727,330.701457276,331.722591021,95255656
2022-01-28T00:00:00Z,334.0684086431916,342.8235371800627,329.12113570448446,342.6092834472656,108167900
2022-01-28T05:00:00Z,333.599532096,342.342381974,328.659189785,342.128430142,108167897
2022-01-31T00:00:00Z,343.9727220021404,354.149699698525,342.3365891287706,353.56536865234375,94326400
2022-01-31T05:00:00Z,343.489941802,353.65265384,341.85612781,353.069148843,94326389
2022-02-01T00:00:00Z,354.9093657280363,356.6233957534103,349.7575868291186,355.97088623046875,74433000
2022-02-01T05:00:00Z,354.411210337,356.122824996,349.266641277,355.471244416,74433023
2022-02-02T00:00:00Z,360.10012183811494,360.4312358565739,354.773023033465,358.86328125,78777100
2022-02-02T05:00:00Z,359.594679731,359.925332562,354.270196629,358.359594153,78777135
2022-02-03T00:00:00Z,349.1634773534148,352.4746471186195,343.25204770428917,344.3135681152344,95384800
2022-02-03T05:00:00Z,348.673411196,351.979939514,342.770285639,343.830319717,95384771
2022-02-04T00:00:00Z,344.82975198860566,351.95852629353226,342.77488937826047,348.6571044921875,86318300
2022-02-04T05:00:00Z,344.345749132,351.4645101,342.293756558,348.167706865,86318301
2022-02-07T00:00:00Z,349.2511097649402,351.6176193023127,344.5959876270935,345.852294921875,58198100
2022-02-07T05:00:00Z,348.760936945,351.124132185,344.112347133,345.366882877,58198087
2022-02-08T00:00:00Z,344.71289795589774,350.82883374138515,343.58319902478024,349.73809814453125,64720900
2022-02-08T05:00:00Z,344.229048132,350.336400438,343.100938471,349.24719111,64720897
2022-02-09T00:00:00Z,354.2568206820644,357.2271278891496,352.65965123069503,357.14923095703125,55766400
2022-02-09T05:00:00Z,353.759629757,356.72578016,352.164716097,356.647979494,55766422
2022-02-10T00:00:00Z,350.12762153742625,356.9155332644288,347.2254922938927,349.06610107421875,112468500
2022-02-10T05:00:00Z,349.636194442,356.413118732,346.738119621,348.576160363,112468483
2022-02-11T00:00:00Z,349.0660901088654,350.6632597451943,336.76604124970885,337.9931335449219,101569100
2022-02-11T05:00:00Z,348.576160363,350.171074023,336.293380168,337.518740662,101569102
2022-02-14T00:00:00Z,337.43799008762295,341.8107097063511,334.9059384823163,338.411865234375,80254400
2022-02-14T05:00:00Z,336.964410915,341.330973312,334.435889259,337.936919244,80254439
2022-02-15T00:00:00Z,343.6902623715719,347.0598618690624,342.62874208745905,346.8261413574219,55128800
2022-02-15T05:00:00Z,343.207914387,346.572793205,342.147880308,346.339391206,55390805
2022-02-16T00:00:00Z,344.57655164209007,347.7611130431249,341.54778412878585,346.7385559082031,58947100
2022-02-16T05:00:00Z,344.092896966,347.272610199,341.068396063,346.251865457,58947086
2022-02-17T00:00:00Z,343.52476142259576,344.22595282253224,336.00644297006625,336.42523193359375,61801400
2022-02-17T05:00:00Z,343.042587971,343.742793968,335.534823671,335.953002253,61801353
2022-02-18T00:00:00Z,337.360086427946,337.7496305348196,330.28002495150304,332.5881042480469,80001500
2022-02-18T05:00:00Z,336.886610248,337.27561358,329.816474697,332.121319436,80001513
2022-02-22T00:00:00Z,329.64703413059453,335.05205976865096,325.61520592456526,329.24774169921875,85967100
2022-02-22T05:00:00Z,329.184344283,334.581765509,325.158159801,328.785615868,85967095
2022-02-23T00:00:00Z,332.4030415594095,333.24055984260923,320.50228717508486,320.8139343261719,86215400
2022-02-23T05:00:00Z,331.936542854,332.775817542,320.052491073,320.363693739,86215371
2022-02-24T00:00:00Z,310.5104221147557,332.1304674056006,309.9455874721652,331.5948181152344,130614100
2022-02-24T05:00:00Z,310.074555618,331.664240522,309.510500787,331.129360941,130614053
2022-02-25T00:00:00Z,332.39337147017665,336.94138213250466,328.57579699262675,336.7368469238281,78842100
2022-02-25T05:00:00Z,331.92681777,336.468431667,328.114585121,336.264204918,78842088
2022-02-28T00:00:00Z,333.5619654409322,339.4344310246535,332.40305171018724,337.7398681640625,77515500
2022-02-28T05:00:00Z,333.093827765,338.958052989,331.936542854,337.265888497,77515544
2022-03-01T00:00:00Z,336.7173210160837,338.9864369571299,330.04627053417596,332.568603515625,67407000
2022-03-01T05:00:00Z,336.244754751,338.508754141,329.583072698,332.10186927,67407000
2022-03-02T00:00:00Z,334.1170986077121,339.48316059979805,331.3512965393578,338.1489562988281,70609000
2022-03-02T05:00:00Z,333.648157513,339.006678406,330.886233858,337.674341995,70609015
2022-03-03T00:00:00Z,340.78817997983646,340.89532171846434,331.4584675901399,333.3185729980469,71089400
2022-03-03T05:00:00Z,340.309839566,340.416815483,330.993209775,332.850700683,71089385
2022-03-04T00:00:00Z,330.96171876502984,332.3933163869497,326.1702697955539,328.4880676269531,76936300
2022-03-04T05:00:00Z,330.497230527,331.92681777,325.712489548,328.027059371,77009763
2022-03-07T00:00:00Z,328.47840017883215,329.6373141349506,316.168602423875,316.37310791015625,89933800
2022-03-07T05:00:00Z,328.017334288,329.174619199,315.724829009,315.929055758,89933794
2022-03-08T00:00:00Z,315.5842827764271,324.5049841954412,311.58166951225644,314.902587890625,116153900
2022-03-08T05:00:00Z,315.141324012,324.049500306,311.14431478,314.460568182,116153921
2022-03-09T00:00:00Z,323.0832086857991,327.59225716739667,320.4926961966649,326.2385559082031,64723400
2022-03-09T05:00:00Z,322.629638145,327.132351709,320.04276599,325.780565131,64723366
2022-03-10T00:00:00Z,322.1774355659883,323.82328720923215,318.174792607464,322.61566162109375,69362700
2022-03-10T05:00:00Z,321.725205399,323.368744475,317.728196167,322.162834147,69362714
2022-03-11T00:00:00Z,325.58599640336917,325.8976436312633,315.4382027323931,315.9251403808594,66228400
2022-03-11T05:00:00Z,325.128984551,325.440187216,314.995447763,315.481701927,66228432
2022-03-14T00:00:00Z,314.6882612249,318.0578607000289,309.1566578705163,309.85784912109375,79802600
2022-03-14T04:00:00Z,314.246616349,317.611495168,308.722769041,309.422975037,79802606
2022-03-15T00:00:00Z,312.4970265836646,320.35620526401823,310.8901387169031,319.57708740234375,76471000
2022-03-15T04:00:00Z,312.058472609,319.906614824,310.453833866,319.128608161,76470991
2022-03-16T00:00:00Z,323.4922418124261,331.5461815952201,319.820712112151,331.4293212890625,105243000
2022-03-16T04:00:00Z,323.038091643,331.080735524,319.372707751,330.964034525,105242954
2022-03-17T00:00:00Z,329.5301295481416,335.4999889692299,328.2348886763728,335.4415588378906,67810000
2022-03-17T04:00:00Z,329.067643283,335.02911934,327.774790711,334.97076884,67809951
2022-03-18T00:00:00Z,333.7859355750501,342.5995228856278,332.6270218516478,342.3073425292969,85446300
2022-03-18T04:00:00Z,333.317504681,342.118705058,332.160219769,341.82695256,85446347
2022-03-21T00:00:00Z,341.4727779184721,343.6959575006503,336.9678866204521,341.3557434082031,73799100
2022-03-21T04:00:00Z,340.99315515,343.213213384,336.489747547,340.87630998,73799072
2022-03-22T00:00:00Z,341.85302014961167,348.9321048086692,341.47275472750243,348.06427001953125,63345900
2022-03-22T04:00:00Z,341.372901953,348.442034753,340.99315515,347.575433073,63345928
2022-03-23T00:00:00Z,345.1878292583709,348.7468627183793,343.0036314121792,343.0621337890625,70615500
2022-03-23T04:00:00Z,344.702989305,348.2570299,342.521879461,342.580302046,70615457
2022-03-24T00:00:00Z,344.98297609778405,350.73596663379254,342.8280596036386,350.68719482421875,53555300
2022-03-24T04:00:00Z,344.498510257,350.243397794,342.350409173,350.194712306,53555251
2022-03-25T00:00:00Z,350.62869330183867,351.6817954037106,346.094581395528,350.3946838378906,57584200
2022-03-25T04:00:00Z,350.136289721,351.187896253,345.612239471,349.902599381,57584158
2022-03-28T00:00:00Z,350.38496370665933,355.9136759828872,349.1466238085177,355.816162109375,56833900
2022-03-28T04:00:00Z,349.892862283,355.413796577,348.656250898,355.316425602,56833866
2022-03-29T00:00:00Z,359.70666629001647,362.5636408497807,356.9374452765156,361.9396057128906,68073000
2022-03-29T04:00:00Z,359.201527512,362.054497086,356.436191817,361.431322844,68072955
2022-03-30T00:00:00Z,360.07725940542946,361.7349060109512,356.45972376857384,357.94183349609375,68757700
2022-03-30T04:00:00Z,359.566668669,361.226843796,355.959074038,357.439112861,68757710
2022-03-31T00:00:00Z,358.08813467922835,358.4391787225342,352.66669581766195,353.5052795410156,67011400
2022-03-31T04:00:00Z,357.585169324,357.935704835,352.171343103,353.00873349,67011405
2022-04-01T00:00:00Z,353.7684957143745,354.5485472014141,349.65366014256847,352.8324279785156,54527800
2022-04-01T04:00:00Z,353.271635123,354.050602924,349.162579969,352.336873761,54527761
2022-04-04T00:00:00Z,353.6710022659616,360.10653155542957,353.4077415692185,360.0967712402344,45950200
2022-04-04T04:00:00Z,353.174264147,359.600748511,352.911362514,359.591011413,45950171
2022-04-05T00:00:00Z,358.6439089147844,359.3557275043423,350.96027939900637,352.10113525390625,62738700
2022-04-05T04:00:00Z,358.140183883,358.850992002,350.467351037,351.606591447,62738661
2022-04-06T00:00:00Z,346.7868749847706,347.888719125789,341.82372595062554,344.4564514160156,90077100
2022-04-06T04:00:00Z,346.299873298,347.400165318,341.343690661,343.972706991,90077072
2022-04-07T00:00:00Z,343.4618804663998,347.4694713654982,340.0003612839966,345.2755432128906,63777400
2022-04-07T04:00:00Z,342.979523044,346.981470125,339.522853424,344.790623183,63777373
2022-04-08T00:00:00Z,343.5399586789229,344.2907590548341,339.81514847503445,340.4489440917969,61956100
2022-04-08T04:00:00Z,343.057419824,343.807176333,339.337848572,339.97075991,61956094
2022-04-11T00:00:00Z,336.2170693357857,337.1336461991477,332.05349170625715,332.394775390625,66107400
2022-04-11T04:00:00Z,335.744859587,336.660146754,331.582250397,331.927917359,66107401
2022-04-12T00:00:00Z,337.14337819166946,339.0252738193308,329.61576592396983,330.9906311035156,72790200
2022-04-12T04:00:00Z,336.669883851,338.549143672,329.147976017,330.525775316,72790215
2022-04-13T00:00:00Z,331.33193225146346,338.77179202700484,330.6103830960466,337.7187194824219,61367800
2022-04-13T04:00:00Z,330.866573729,338.295979137,330.146028513,337.244372605,61367755
2022-04-14T00:00:00Z,337.806488782239,338.3232796419303,329.78157510501154,329.99609375,73519400
2022-04-14T04:00:00Z,337.332006482,337.848072651,329.318375223,329.532591369,73519367
2022-04-18T00:00:00Z,328.9429702120827,332.541014798433,327.4218490584937,330.24957275390625,58560600
2022-04-18T04:00:00Z,328.480984837,332.073973822,326.962971333,329.785755904,58560555
2022-04-19T00:00:00Z,329.60603798055195,338.2062441148995,328.5822166699637,337.6309509277344,56515700
2022-04-19T04:00:00Z,329.143107468,337.731227481,328.120712228,337.156738727,56515684
2022-04-20T00:00:00Z,338.440226895412,338.89851529742356,331.48790762443156,332.7067565917969,65500000
2022-04-20T04:00:00Z,337.964917821,338.422561405,331.022367289,332.239504479,65500022
2022-04-21T00:00:00Z,336.587638098854,339.2008435755003,324.8964463920442,325.82275390625,75801000
2022-04-21T04:00:00Z,336.114869292,338.724411428,324.440089366,325.36511363,75801008
2022-04-22T00:00:00Z,325.97876223802604,327.1976113773675,316.8617647243402,317.2908020019531,82562100
2022-04-22T04:00:00Z,325.520907191,326.738044381,316.416721009,316.8451533,82562145
2022-04-25T00:00:00Z,315.66244780765106,321.6786707164179,314.39482680195033,321.36663818359375,101755900
2022-04-25T04:00:00Z,315.219058014,321.226847184,313.953235337,320.915260064,101755856
2022-04-26T00:00:00Z,319.30918839349266,319.4944558229734,308.96358255665734,309.23663330078125,105819600
2022-04-26T04:00:00Z,318.860732487,319.04573734,308.524803469,308.802310749,105819629
2022-04-27T00:00:00Z,309.33413839029913,314.83359976178053,307.1499703456552,308.8661193847656,111204200
2022-04-27T04:00:00Z,308.899681724,314.391404725,306.71857188,308.432301043,111204164
2022-04-28T00:00:00Z,313.8292626421862,321.6689081461176,309.6071528246811,319.83575439453125,99450000
2022-04-28T04:00:00Z,313.388483681,321.217110087,309.172320455,319.386535753,99449957
2022-04-29T00:00:00Z,315.63313145885587,319.07515965390826,304.80974698698793,305.44354248046875,91977900
2022-04-29T04:00:00Z,315.189846722,318.622173598,304.381668475,305.014579814,91977859
2022-05-02T00:00:00Z,305.03402196148,310.7772529007873,301.9332771565138,310.5432434082031,115511800
2022-05-02T04:00:00Z,304.605621718,310.340772157,301.504356158,310.107081816,115511770
2022-05-03T00:00:00Z,310.56275386246165,313.16622865984607,308.1055647642228,310.8747863769531,78185500
2022-05-03T04:00:00Z,310.126556012,312.726361049,307.672807436,310.438143132,78185527
2022-05-04T00:00:00Z,311.35256472176445,322.0589460045462,306.06765165068026,321.3861389160156,116083400
2022-05-04T04:00:00Z,310.915260911,321.606593988,305.638727765,320.934734259,116083395
2022-05-05T00:00:00Z,317.06652589040266,317.144519135594,301.90402602983977,305.1997985839844,154607400
2022-05-05T04:00:00Z,316.621200057,316.699096838,301.480013414,304.771152376,154607447
2022-05-06T00:00:00Z,303.20088995546826,307.2377023806188,297.50640122599674,301.5432434082031,139572800
2022-05-06T04:00:00Z,302.775047384,306.806205757,297.083713883,301.119740806,139572805
2022-05-09T00:00:00Z,295.91708072920244,301.64079153746076,288.35045573531676,289.74481201171875,113387300
2022-05-09T04:00:00Z,295.501435536,301.215845958,287.945447861,289.337852806,113387342
2022-05-10T00:00:00Z,296.9214712600215,298.14032064812767,289.17933756620613,293.2649230957031,124124600
2022-05-10T04:00:00Z,296.504356581,297.721493771,288.77310115,292.852945011,124124550
2022-05-11T00:00:00Z,291.00263678041307,296.51182827022683,283.69930314607365,284.5671081542969,140326100
2022-05-11T04:00:00Z,290.593938386,296.095398485,283.300852344,284.167454023,140326148
2022-05-12T00:00:00Z,280.28654225693896,288.37968812743026,277.83908381769044,283.8943176269531,120910900
2022-05-12T04:00:00Z,279.892868212,287.974659154,277.448856734,283.495594294,120910850
2022-05-13T00:00:00Z,288.3504415696245,295.4490174318297,286.7512972908962,294.4154357910156,83684900
2022-05-13T04:00:00Z,287.945447861,295.033081146,286.350998142,294.001922518,83684931
2022-05-16T00:00:00Z,292.67006291458443,294.7274958305589,289.7253339703702,291.002685546875,59190400
2022-05-16T04:00:00Z,292.258982062,294.313509639,289.318378611,290.593938386,59190432
2022-05-17T00:00:00Z,296.86293184095814,298.9203350680612,293.06009841875874,298.5400695800781,62715300
2022-05-17T04:00:00Z,296.445933996,298.500461573,292.648465963,298.120714769,62715293
2022-05-18T00:00:00Z,294.0253689957684,294.71766684563096,282.6266915931184,283.8845520019531,79477100
2022-05-18T04:00:00Z,293.612438618,294.303772542,282.229771617,283.485857197,79477109
2022-05-19T00:00:00Z,282.08071276977756,287.0536233934312,280.413305660472,282.36346435546875,79920700
2022-05-19T04:00:00Z,281.684494156,286.650413891,280.01945048,281.966869984,79920709
2022-05-20T00:00:00Z,285.8249229446704,286.47820923566684,273.22688869054275,281.4858093261719,91764200
2022-05-20T04:00:00Z,285.423539603,286.075925137,272.843209607,281.090531207,91764174
2022-05-23T00:00:00Z,282.5292035679818,286.54652518718103,280.130517022383,286.166259765625,63648400
2022-05-23T04:00:00Z,282.132400642,286.14408482,279.737074652,285.764338016,63648400
2022-05-24T00:00:00Z,280.94956080281037,281.6613495391947,275.2160906284131,280.08172607421875,73491100
2022-05-24T04:00:00Z,280.550122295,281.265798962,274.829577502,279.688389164,73491124
2022-05-25T00:00:00Z,278.58987931690285,286.07851044139545,278.38512100995723,284.0015869140625,67144500
2022-05-25T04:00:00Z,278.198613243,285.676704139,277.994134196,283.602702367,67144548
2022-05-26T00:00:00Z,283.20204360932223,293.42088572276367,282.91926227102294,291.8704833984375,59462200
2022-05-26T04:00:00Z,282.80426037,293.008738571,282.521884542,291.460540066,59462231
2022-05-27T00:00:00Z,295.0004856521635,301.54325911042497,294.88348090288605,301.3970031738281,66985600
2022-05-27T04:00:00Z,294.58614837,301.119740806,294.469303199,300.973684343,66985596
2022-05-31T00:00:00Z,301.3677635987881,303.5714225615586,296.7458675248366,300.5974426269531,60968300
2022-05-31T04:00:00Z,300.94447305,303.14505709,296.329088826,300.175242346,60968330
2022-06-01T00:00:00Z,302.7328732653819,304.85853901035546,296.1608482664755,298.374267578125,65341700
2022-06-01T04:00:00Z,302.307666703,304.430353962,295.744862974,297.955184112,65341653
2022-06-02T00:00:00Z,297.25290637352026,306.7209172742776,295.8390296007222,306.54541015625,59291300
2022-06-02T04:00:00Z,296.835417897,306.290139589,295.423636127,306.114871833,59291333
2022-06-03T00:00:00Z,301.32876685540265,302.73288348372915,297.32120505663835,298.5693054199219,60914700
2022-06-03T04:00:00Z,300.90552466,302.307666703,296.903577579,298.149926062,60914684
2022-06-06T00:00:00Z,303.00587127128927,304.5660039935262,298.0037100512005,299.5638427734375,51785000
2022-06-06T04:00:00Z,302.580305434,304.138241037,297.585174406,299.143110009,51785013
2022-06-07T00:00:00Z,296.23890863223585,302.9279696592091,295.14682432343994,302.14788818359375,44900300
2022-06-07T04:00:00Z,295.822759755,302.502408653,294.730841639,301.723440852,44900292
2022-06-08T00:00:00Z,301.3482242002919,303.95169883811553,299.1250447456459,299.973388671875,38342100
2022-06-08T04:00:00Z,300.924998855,303.524803893,298.704940621,299.552068105,38342062
2022-06-09T00:00:00Z,298.2864961255871,301.3482294885749,291.77297389502866,291.938720703125,55900500
2022-06-09T04:00:00Z,297.867550234,300.924998855,291.36316909,291.528699748,55900475
2022-06-10T00:00:00Z,286.33203587892865,287.52163383758494,281.19337858382175,281.64190673828125,85963500
2022-06-10T04:00:00Z,285.929868674,287.117794572,280.80231312,281.246324767,85963456
2022-06-13T00:00:00Z,272.7784410394437,275.3038929191494,267.68852577507414,268.5466003417969,94442000
2022-06-13T04:00:00Z,272.395303122,274.917211379,267.312538216,268.169402798,94442009
2022-06-14T00:00:00Z,270.7405380459988,271.715617403757,266.5281880787887,269.0341491699219,64697500
2022-06-14T04:00:00Z,270.36024974,271.333959492,266.151389337,268.656257674,64697521
2022-06-15T00:00:00Z,272.45666788942674,279.6819792310972,269.71666771221135,275.7524108886719,86051400
2022-06-15T04:00:00Z,272.069110355,279.289168166,269.3378545,275.365117865,86051428
2022-06-16T00:00:00Z,268.7221159754249,269.18040446273096,262.5693676236084,264.6268005371094,81910300
2022-06-16T04:00:00Z,268.344670553,268.802314137,262.200562018,264.255089595,81910297
2022-06-17T00:00:00Z,265.39702433977357,270.2821801906444,263.7686588941852,267.844482421875,82703400
2022-06-17T04:00:00Z,265.024320299,269.902606156,263.400075062,267.468331776,82703402
2022-06-21T00:00:00Z,272.32582298826685,276.91751695179937,272.2183724003533,274.60211181640625,51633700
2022-06-21T04:00:00Z,271.943720831,276.528960249,271.836406717,274.216828883,51633741
2022-06-22T00:00:00Z,272.10112488344555,278.6076398901615,271.50519745679884,274.20159912109375,67472900
2022-06-22T04:00:00Z,271.719336774,278.216718588,271.124231233,273.816839912,67472924
2022-06-23T00:00:00Z,276.683029536765,279.1351926915743,273.8498699692125,278.2852478027344,57457800
2022-06-23T04:00:00Z,276.294820364,278.74353333,273.465630085,277.894776246,57457796
2022-06-24T00:00:00Z,281.10858580343864,288.24036412158455,280.8741265079586,287.82025146484375,58422300
2022-06-24T04:00:00Z,280.714210697,287.835965539,280.48016837,287.416464911,58422262
2022-06-27T00:00:00Z,289.178287137997,289.74490714992544,284.57684368727377,285.7101135253906,54151500
2022-06-27T04:00:00Z,288.77252508,289.338265577,284.177529832,285.309205944,54151452
2022-06-28T00:00:00Z,286.24740483814566,288.8363259156391,276.81980855974086,277.00543212890625,61609800
2022-06-28T04:00:00Z,285.845776515,288.43107108,276.431401964,276.616762706,61867060
2022-06-29T00:00:00Z,276.86871538928,278.7640082452156,274.3677159160533,277.2594909667969,57302700
2022-06-29T04:00:00Z,276.480181107,278.372811845,273.982688998,276.870414249,57302726
2022-06-30T00:00:00Z,274.2797565986859,277.3962413473168,269.42429542287243,273.8205871582031,79313600
2022-06-30T04:00:00Z,273.894886541,277.010995738,269.046239751,273.436362599,79313580
2022-07-01T00:00:00Z,272.52116398291406,276.01864405110973,270.6454003288847,275.62786865234375,56675100
2022-07-01T04:00:00Z,272.138837402,275.631424023,270.26571832,275.241190881,56675107
2022-07-05T00:00:00Z,271.89594571604516,280.46381779289936,270.3719005317924,280.3465881347656,61829300
2022-07-05T04:00:00Z,271.514464375,280.070326013,269.992652679,279.95325607,61829272
2022-07-06T00:00:00Z,280.72760032166383,284.24463896136103,279.0081525835329,282.1441650390625,63194700
2022-07-06T04:00:00Z,280.333733384,283.845831662,278.616707559,281.748328524,63194715
2022-07-07T00:00:00Z,282.9550853168003,288.8852010207753,282.9550853168003,288.1817932128906,56620100
2022-07-07T04:00:00Z,282.558062293,288.479850223,282.558062293,287.777430567,56620114
2022-07-08T00:00:00Z,285.3485861471352,289.91097244593914,284.4107190661529,288.5432434082031,59895500
2022-07-08T04:00:00Z,284.948240288,289.504212221,284.011680747,288.138396224,59895478
2022-07-11T00:00:00Z,286.1300983132425,286.35477849979156,281.49934903314676,282.37860107421875,55273900
2022-07-11T04:00:00Z,285.728706572,285.953090629,281.104443839,281.982468409,55273920
2022-07-12T00:00:00Z,283.62923775931836,285.5440588821966,278.0508100284151,279.64324951171875,55797100
2022-07-12T04:00:00Z,283.231214463,285.143356859,277.660636361,279.250836415,55797088
2022-07-13T00:00:00Z,274.13328892678004,281.41157808768855,273.5666389302938,279.06689453125,73939400
2022-07-13T04:00:00Z,273.748549113,281.016641382,273.182711057,278.67524253,73939418
2022-07-14T00:00:00Z,276.46811178093606,280.93279724456465,273.35162716315244,280.0633239746094,63741800
2022-07-14T04:00:00Z,276.080192136,280.538605783,272.968082829,279.670337042,63741837
2022-07-15T00:00:00Z,283.05276748878146,285.2509130128908,281.44077025302914,285.1434326171875,63818100
2022-07-15T04:00:00Z,282.655620579,284.850682002,281.045908868,284.743367888,63818149
2022-07-18T00:00:00Z,287.92780879136325,289.33462456868074,281.55808110992064,282.73040771484375,59519600
2022-07-18T04:00:00Z,287.523779025,288.928618336,281.162978811,282.333678237,59519581
2022-07-19T00:00:00Z,286.3548706124073,291.7183664353127,284.75268212662314,291.4252624511719,55172600
2022-07-19T04:00:00Z,285.953090629,291.309040503,284.353134746,291.016365646,55172640
2022-07-20T00:00:00Z,291.84534577642216,297.2283395826278,291.06376504505164,296.0462341308594,67769400
2022-07-20T04:00:00Z,291.435866274,296.811327805,290.65822918,295.63087255,67769430
2022-07-21T00:00:00Z,296.50543554018043,300.3546353422184,293.8481203948282,300.2960205078125,55049400
2022-07-21T04:00:00Z,296.089396492,299.928315026,293.435811126,299.874657969,55049363
2022-07-22T00:00:00Z,299.36785786813266,301.4389945456537,293.2032835855231,295.0301818847656,57127700
2022-07-22T04:00:00Z,298.947854257,301.01608991,292.787048528,294.616266381,57127715
2022-07-25T00:00:00Z,295.05949165968326,295.52844008286405,291.3470802058321,293.3498229980469,40582400
2022-07-25T04:00:00Z,294.645533867,295.113813637,290.938319018,292.93826387,40582381
2022-07-26T00:00:00Z,291.64988392979683,291.90390134270416,286.77489622800067,287.58575439453125,50074100
2022-07-26T04:00:00Z,291.240749703,291.494401245,286.372591256,287.182325026,50074122
2022-07-27T00:00:00Z,292.1481871544827,301.42924553684514,291.5815374204187,299.7391052246094,69304400
2022-07-27T04:00:00Z,291.738296959,301.006334081,291.172458903,299.318575742,69304364
2022-07-28T00:00:00Z,299.5241610241445,303.246351362619,295.77266327411724,302.6699523925781,55139900
2022-07-28T04:00:00Z,299.103947514,302.817503652,295.352831436,302.245324307,55139941
2022-07-29T00:00:00Z,304.2136101379868,309.09837836797396,302.7872363485639,308.1897888183594,57501000
2022-07-29T04:00:00Z,303.781867304,308.664659493,302.363369833,307.757367438,57501043
2022-08-01T00:00:00Z,306.42142960916476,311.46251275821754,305.3272465655102,308.00408935546875,46358800
2022-08-01T04:00:00Z,305.99156247,311.025570002,304.898909673,307.572006695,46358833
2022-08-02T00:00:00Z,305.7083370747142,311.20856086070916,304.65321047884163,307.0858154296875,48676500
2022-08-02T04:00:00Z,305.279386986,310.767040545,304.225855061,306.654958812,48676501
2022-08-03T00:00:00Z,308.7661886884473,316.2692153679035,308.7075738546769,315.4485778808594,53735700
2022-08-03T04:00:00Z,308.332961322,315.824559624,308.274426351,315.00594805,53735729
2022-08-04T00:00:00Z,315.5267001030721,317.23636887445446,313.3773902933455,316.9237365722656,38973700
2022-08-04T04:00:00Z,315.083994679,316.791264675,312.937712398,316.479078162,38973659
2022-08-05T00:00:00Z,311.8338096178113,316.36685863884907,311.0522586944706,314.3348083496094,53894000
2022-08-05T04:00:00Z,311.396291487,315.922995934,310.615825203,313.893783596,53893972
2022-08-08T00:00:00Z,315.25313481274435,318.94601793817696,311.8533258185939,313.3187561035156,43878500
2022-08-08T04:00:00Z,314.810831479,318.498534671,311.415803144,312.879177427,44066297
2022-08-09T00:00:00Z,311.42351504824404,311.67753254659243,308.1507440589596,309.7724609375,39764200
2022-08-09T04:00:00Z,310.986546688,311.24019823,307.718344124,309.337811663,39764220
2022-08-10T00:00:00Z,317.1093428781285,318.71156097894493,314.63765163860506,318.41845703125,51459600
2022-08-10T04:00:00Z,316.664438904,318.264394786,314.196311839,317.97171993,51459564
2022-08-11T00:00:00Z,320.74366994336793,322.7464131219047,315.90773715620287,316.61114501953125,45897700
2022-08-11T04:00:00Z,320.28872921,322.293551977,315.464471992,316.166891648,45897650
2022-08-12T00:00:00Z,318.662669784453,322.9710380850306,317.6075731746753,322.7756652832031,40928400
2022-08-12T04:00:00Z,318.210737729,322.51305812,317.162083718,322.322819463,40928379
2022-08-15T00:00:00Z,321.8281201322974,325.88247226582087,321.80856197600605,325.38421630859375,38266600
2022-08-15T04:00:00Z,321.376504094,325.420490144,321.356992437,324.927625686,38266614
2022-08-16T00:00:00Z,324.4072308668595,326.7128570143591,321.57407120774315,324.6221618652344,41186900
2022-08-16T04:00:00Z,323.947164917,326.255296393,321.122852551,324.166671059,41186864
2022-08-17T00:00:00Z,321.4860832984017,323.7916791607676,318.8385179468032,320.91943359375,47842200
2022-08-17T04:00:00Z,321.035050094,323.337425632,318.391220557,320.469212038,47842155
2022-08-18T00:00:00Z,320.8706467232856,322.8733897022626,319.2586792262726,321.6912841796875,41937200
2022-08-18T04:00:00Z,320.420432896,322.420377748,318.810721185,321.239922494,41937172
2022-08-19T00:00:00Z,318.65290210350963,319.3074441824624,314.6571364796867,315.4191589355469,51770600
2022-08-19T04:00:00Z,318.205859815,318.859500328,314.215725938,314.976680565,51770570
2022-08-22T00:00:00Z,311.15971442628387,311.39417374431594,306.30425395365506,307.1151123046875,51098900
2022-08-22T04:00:00Z,310.723139317,310.957279202,305.874492528,306.684226297,51098890
2022-08-23T00:00:00Z,306.88070387876485,309.6943354187821,306.10890207657326,306.8611755371094,39497100
2022-08-23T04:00:00Z,306.450086412,309.259765035,305.679375957,306.430574755,39497074
2022-08-24T00:00:00Z,306.3823937431,309.5672719111162,305.7766873020248,307.7501525878906,38057100
2022-08-24T04:00:00Z,305.952539156,309.132939263,305.347677786,307.318355153,38057059
2022-08-25T00:00:00Z,309.52825677638606,313.21139165306096,308.48293887786986,313.19183349609375,38098300
2022-08-25T04:00:00Z,309.093915949,312.771863313,308.047798454,312.752351655,38098255
2022-08-26T00:00:00Z,312.8987265746336,314.10039034621394,300.2667225210204,300.3546447753906,69047700
2022-08-26T04:00:00Z,312.459676799,313.659643711,299.845390484,299.933192941,69047740
2022-08-29T00:00:00Z,297.59956106025794,300.13964604339435,296.290446989052,297.3944091796875,48321900
2022-08-29T04:00:00Z,297.18204929,299.718564713,295.874768264,296.97717689,48321851
2022-08-30T00:00:00Z,299.04555289734236,299.66103853847943,291.5620834930441,294.0826110839844,51184500
2022-08-30T04:00:00Z,298.625911915,299.240529114,291.152947246,293.669951012,51184500
2022-08-31T00:00:00Z,296.98414748868214,297.8829580163024,292.2654742078937,292.3729248046875,50044000
2022-08-31T04:00:00Z,296.567432091,297.464968318,291.855366901,291.962681015,50044041
2022-09-01T00:00:00Z,289.88164965146814,292.87112503757413,286.198545614143,292.4998779296875,57990700
2022-09-01T04:00:00Z,289.474944735,292.460228271,285.796997372,292.089506787,57990745
2022-09-02T00:00:00Z,295.37211033183024,296.74961831058744,286.75537351879814,288.36737060546875,64666800
2022-09-02T04:00:00Z,294.95772038,296.333292206,286.353079599,287.96279131,64666839
2022-09-06T00:00:00Z,288.8460984730638,289.7644372216003,284.16648248606504,286.2962341308594,57005400
2022-09-06T04:00:00Z,288.440826909,289.357874793,283.767785033,285.894555657,57005444
2022-09-07T00:00:00Z,286.7749528560577,293.07628535272244,286.51115631694785,292.0798034667969,49260400
2022-09-07T04:00:00Z,286.372591256,292.665100671,286.109183885,291.670006159,49260381
2022-09-08T00:00:00Z,290.0086525256781,294.9129483640316,288.64092358811484,293.59405517578125,55649800
2022-09-08T04:00:00Z,289.601770506,294.499196438,288.235954509,293.182159584,55649821
2022-09-09T00:00:00Z,295.8508029996289,300.51089008221203,293.5940428934957,300.01263427734375,56125200
2022-09-09T04:00:00Z,295.435755979,300.089286198,293.183037609,299.591738941,56125215
2022-09-12T00:00:00Z,301.39015542418196,303.91068234154807,301.0775231480615,303.5785217285156,45905700
2022-09-12T04:00:00Z,300.967310767,303.484314533,300.655124253,303.152616362,45905737
2022-09-13T00:00:00Z,294.84460581073347,296.0364904812311,286.0422735138361,286.9313049316406,79562200
2022-09-13T04:00:00Z,294.430905639,295.621116722,285.636026201,286.528684513,79562172
2022-09-14T00:00:00Z,288.07424998711866,290.0867716457952,286.3059666832742,289.20751953125,54907200
2022-09-14T04:00:00Z,287.665238539,289.679817135,285.904311486,288.801792565,54907198
2022-09-15T00:00:00Z,287.2927274499248,289.6960247499915,282.7889562401916,284.39117431640625,65299400
2022-09-15T04:00:00Z,286.889650169,289.289583993,282.392213208,283.99216909,65299411
2022-09-16T00:00:00Z,281.0890596137106,283.04296659564545,279.0374513198282,282.6521911621094,79920400
2022-09-16T04:00:00Z,280.69469904,282.64586475,278.645975045,282.255631608,79920391
2022-09-19T00:00:00Z,280.0087093607299,285.0098990588019,279.94998919789094,284.8533020019531,52613800
2022-09-19T04:00:00Z,279.615421049,284.609600712,279.556780974,284.45322718,52613831
2022-09-20T00:00:00Z,282.3477311470018,284.87281692570093,280.282669630368,282.5826416015625,51271100
2022-09-20T04:00:00Z,281.951250676,284.472773872,279.889074729,282.185810973,51271117
2022-09-21T00:00:00Z,283.42444346717195,287.6916318605769,277.3858233676275,277.5228271484375,82931000
2022-09-21T04:00:00Z,283.026318705,287.287497439,276.996164396,277.132991236,82930963
2022-09-22T00:00:00Z,275.9959877236679,277.0040569805694,272.8836997112343,274.1070861816406,62757100
2022-09-22T04:00:00Z,275.608349304,276.615003913,272.495538692,273.72209358,62757073
2022-09-23T00:00:00Z,271.64077166927524,271.9344023987878,266.2285100882772,269.64422607421875,74815200
2022-09-23T04:00:00Z,271.259210458,271.55241083,265.854550275,269.265447931,74815189
2022-09-26T00:00:00Z,269.1744246394618,273.5394598688767,267.73572073603924,268.5284729003906,71176700
2022-09-26T04:00:00Z,268.796327337,273.155239528,267.359645516,268.151286519,71176694
2022-09-27T00:00:00Z,271.8952277370962,274.24412407915327,266.3165727903529,268.6361389160156,69780100
2022-09-27T04:00:00Z,271.513317447,273.85892042,265.942510386,268.258793322,69780115
2022-09-28T00:00:00Z,268.6164912597073,275.261934412608,267.13866082863075,273.9798278808594,79652100
2022-09-28T04:00:00Z,268.239246631,274.875348375,266.758584754,273.595040085,79652140
2022-09-29T00:00:00Z,269.98670518368925,270.36841610769596,263.11617736207876,266.0816650390625,81216000
2022-09-29T04:00:00Z,269.607515031,269.988675515,262.746626336,265.707950089,81215957
2022-09-30T00:00:00Z,265.25960895996843,269.3310436707133,261.41328816489596,261.56988525390625,78482400
2022-09-30T04:00:00Z,264.886989049,268.952700868,261.046064181,261.202437712,78482378
2022-10-03T00:00:00Z,263.34132464671006,269.30166083825475,261.8341039266455,267.70635986328125,61267400
2022-10-03T04:00:00Z,262.971413288,268.923380831,261.466318047,267.330325479,61267449
2022-10-04T00:00:00Z,273.0500385934998,276.82787120016405,273.0500385934998,276.1231994628906,66696900
2022-10-04T04:00:00Z,272.666572242,276.43908369,272.666572242,275.735402798,66696931
2022-10-05T00:00:00Z,272.3552344355478,277.7674959008721,269.55614005462246,275.9764709472656,55766300
2022-10-05T04:00:00Z,271.972664696,277.377324879,269.17748782,275.588802612,55766318
2022-10-06T00:00:00Z,274.9781747721384,278.12962012151854,273.48075063870294,273.8037414550781,53489400
2022-10-06T04:00:00Z,274.591921349,277.73893867,273.096599453,273.419119862,53489411
2022-10-07T00:00:00Z,269.16460856773443,269.291845549743,262.0396063857817,263.37066650390625,71354700
2022-10-07T04:00:00Z,268.786553991,268.913607485,261.671558307,263.000733325,71354674
2022-10-10T00:00:00Z,263.5663998737213,263.9579074840265,258.02693157551664,260.7379455566406,60393000
2022-10-10T04:00:00Z,263.196200239,263.587134068,257.664486562,260.371703326,60392990
2022-10-11T00:00:00Z,259.06434824004356,261.93195915010915,255.47247218095,257.1558532714844,66522500
2022-10-11T04:00:00Z,258.700461208,261.564051504,255.113643329,256.794658793,66522509
2022-10-12T00:00:00Z,257.7920454441237,259.71030747132846,256.37293475983284,257.06781005859375,50580200
2022-10-12T04:00:00Z,257.429926264,259.345502025,256.012791135,256.706698681,50580179
2022-10-13T00:00:00Z,249.72750510933875,264.4179434093793,248.84665765011223,263.0966796875,112894100
2022-10-13T04:00:00Z,249.376689391,264.046481317,248.497088276,262.727079645,112894068
2022-10-14T00:00:00Z,265.42593309253607,266.0229313367237,254.60141229660815,255.18861389160156,77244300
2022-10-14T04:00:00Z,265.053135926,265.649310015,254.24381556,254.830216303,77244302
2022-10-17T00:00:00Z,261.15878653978905,264.4863921927444,261.0609096360297,263.6153564453125,64576500
2022-10-17T04:00:00Z,260.791957192,264.114894737,260.694223735,263.245066968,64576452
2022-10-18T00:00:00Z,270.642451152486,271.30796623349556,263.0182981983642,265.6999816894531,69781000
2022-10-18T04:00:00Z,270.262329195,270.926916704,262.648892879,265.326789606,69780995
2022-10-19T00:00:00Z,264.18297380767734,267.85313339964506,262.3625889866223,264.7310485839844,53115400
2022-10-19T04:00:00Z,263.811921019,267.476925664,261.994078716,264.35922838,53115405
2022-10-20T00:00:00Z,263.8404572423426,268.9884780554146,262.21582598157306,263.3804626464844,60605500
2022-10-20T04:00:00Z,263.469853919,268.610633768,261.84747853,263.01050667,60605496
2022-10-21T00:00:00Z,262.2744927331218,270.0943694020955,261.13918651782416,269.55609130859375,77897700
2022-10-21T04:00:00Z,261.906118604,269.7140445,260.775928905,269.17748782,77897694
2022-10-24T00:00:00Z,269.820389534672,273.4513929468913,266.1795894710103,272.5216369628906,63963600
2022-10-24T04:00:00Z,269.441368154,273.067279416,265.805683546,272.138811573,63963569
2022-10-25T00:00:00Z,273.4611132950566,278.54061591496753,271.98325299591863,278.1589050292969,59014500
2022-10-25T04:00:00Z,273.077052762,278.149419191,271.601277558,277.768258708,59014494
2022-10-26T00:00:00Z,272.5314100977627,277.9339050801036,271.52334061440916,272.0126953125,63492400
2022-10-26T04:00:00Z,272.148584919,277.543471756,271.141930309,271.630597595,63898246
2022-10-27T00:00:00Z,270.89697873140716,272.3552461557025,266.54171002593654,267.0604248046875,57760300
2022-10-27T04:00:00Z,270.516436183,271.972176028,266.167297338,266.685284661,57760302
2022-10-28T00:00:00Z,266.43398920628437,275.7023655835936,266.26759551733807,275.2325744628906,62651300
2022-10-28T04:00:00Z,266.059790535,275.313194263,265.893643658,274.846028337,62651312
2022-10-31T00:00:00Z,272.9815756549536,273.80368777607316,270.11393507872066,272.0322265625,47742000
2022-10-31T04:00:00Z,272.598158822,273.419119862,269.734568526,271.650144287,47741952
2022-11-01T00:00:00Z,275.50665194717493,276.0645233840519,268.8905679057626,269.252685546875,45895900
2022-11-01T04:00:00Z,275.114795345,275.676762724,268.512900311,268.874514102,45895897
2022-11-02T00:00:00Z,269.22336064956,272.28672575983467,259.9549817109005,260.02349853515625,79803100
2022-11-02T04:00:00Z,268.845194065,271.904251276,259.589835668,259.658249088,79803142
2022-11-03T00:00:00Z,257.41030540448537,258.8685724933386,254.5622581683393,254.9439392089844,70038900
2022-11-03T04:00:00Z,257.048765781,258.504994294,254.204722177,254.58588266,70038903
2022-11-04T00:00:00Z,259.87667816224507,260.93367106003626,253.56399125615113,259.0447692871094,78313200
2022-11-04T04:00:00Z,259.511648903,260.56717024,253.207840913,258.680914516,78313213
2022-11-07T00:00:00Z,260.09200070845395,262.43113031008943,257.9584215680072,261.892822265625,47333800
2022-11-07T05:00:00Z,259.726662509,262.062492136,257.596073142,261.524958121,47333828
2022-11-08T00:00:00Z,263.4098223217411,267.04082528231476,259.86686974183834,263.8013000488281,63213800
2022-11-08T05:00:00Z,263.039826708,266.66573797,259.501875557,263.430760536,63213785
2022-11-09T00:00:00Z,262.05918585199794,262.84214126755995,257.42988056763846,257.7137145996094,64862100
2022-11-09T05:00:00Z,261.691104998,262.472972656,257.068312473,257.351739499,64862129
2022-11-10T00:00:00Z,270.1335804813157,277.02367288285944,268.0195646758968,276.7300720214844,99256700
2022-11-10T05:00:00Z,269.754115217,276.634550604,267.643072542,276.341350233,99256693
2022-11-11T00:00:00Z,276.54407769304146,282.49464653858405,275.2032508265349,281.8291015625,66961800
2022-11-11T05:00:00Z,276.155656664,282.097850862,274.8167083,281.433263353,66961751
2022-11-14T00:00:00Z,279.7738647229934,283.05254730346553,278.3841140514315,279.3628234863281,55290700
2022-11-14T05:00:00Z,279.380860751,282.65981824,277.993045659,278.970380231,55080048
2022-11-15T00:00:00Z,285.9886362575642,287.01629894350947,279.8814997818295,283.22869873046875,73985400
2022-11-15T05:00:00Z,285.586935284,286.613136584,279.488367554,282.830851791,73985372
2022-11-16T00:00:00Z,281.27131883151327,283.31681796630625,278.5407111451559,279.3628234863281,48859800
2022-11-16T05:00:00Z,280.876182647,282.922525773,278.149419191,278.970380231,48859804
2022-11-17T00:00:00Z,274.89980484001444,280.22398450205804,274.7432078066802,278.7461242675781,55462100
2022-11-17T05:00:00Z,274.513734583,279.829359587,274.357361051,278.354659451,55462076
2022-11-18T00:00:00Z,281.76059522592635,281.85844224794346,276.30917802063993,278.7559509277344,53588600
2022-11-18T05:00:00Z,281.364849933,281.46258339,275.922171435,278.364432797,53588631
2022-11-21T00:00:00Z,277.3661666856122,278.52103631245524,275.0564274319262,275.8883361816406,40083500
2022-11-21T05:00:00Z,276.976617704,278.129872499,274.670108114,275.500842501,40083527
2022-11-22T00:00:00Z,276.62238289326433,280.01847514744213,274.4887741356376,279.8619079589844,41873400
2022-11-22T05:00:00Z,276.23384343,279.625194394,274.103254063,279.468820863,41873444
2022-11-23T00:00:00Z,279.8814796066075,283.2971652604871,279.7053191135454,282.6708068847656,46390000
2022-11-23T05:00:00Z,279.488367554,282.899265211,279.312447331,282.273771085,46389967
2022-11-25T00:00:00Z,281.0755505959133,281.78022254764727,280.3219551220779,280.8113098144531,15498800
2022-11-25T05:00:00Z,280.680715732,281.384396624,279.928168112,280.416835398,15498797
2022-11-28T00:00:00Z,278.8342938811036,280.8504327963469,275.76116198681456,276.69091796875,38714200
2022-11-28T05:00:00Z,278.442619562,280.455928781,275.373789006,276.30225685,38877045
2022-11-29T00:00:00Z,276.91603302251815,277.31730745051124,273.2263094302499,274.59649658203125,35618900
2022-11-29T05:00:00Z,276.527043801,276.927750976,272.842492465,274.210760866,35618878
2022-11-30T00:00:00Z,274.8607357077632,287.2218398216722,274.0092633352717,287.1141662597656,74718100
2022-11-30T05:00:00Z,274.4746412,286.818376844,273.624360122,286.710870041,74718088
2022-12-01T00:00:00Z,287.43713161545224,289.4532703483162,284.68696092058923,287.46649169921875,51547300
2022-12-01T05:00:00Z,287.03339045,289.046699669,284.287080303,287.062710487,51547332
2022-12-02T00:00:00Z,282.39677681264686,287.2022428390406,282.2205864471839,286.3213806152344,53583200
2022-12-02T05:00:00Z,282.000117404,286.798830153,281.824197181,285.919229038,53583172
2022-12-05T00:00:00Z,284.19761464913205,285.4699248069331,280.05766350911045,281.5159606933594,41482100
2022-12-05T05:00:00Z,283.798413017,285.06894796,279.664287777,281.12051629,41482121
2022-12-06T00:00:00Z,281.3593627197372,281.49636649163193,274.2930803186649,275.6828308105469,53937600
2022-12-06T05:00:00Z,280.964142758,281.100969598,273.902900475,275.29560224,53937605
2022-12-07T00:00:00Z,274.498530822481,276.5538258188242,272.8445101242482,274.5572509765625,45614300
2022-12-07T05:00:00Z,274.113027408,276.16543001,272.461429715,274.171667483,45614254
2022-12-08T00:00:00Z,275.9079421946226,278.77555327375643,273.83308325862356,277.806640625,42594900
2022-12-08T05:00:00Z,275.520389192,278.383979488,273.448439899,277.416418262,42594913
2022-12-09T00:00:00Z,276.7887821964481,279.55854631601636,275.594755623584,276.0351867675781,47860500
2022-12-09T05:00:00Z,276.399990307,279.165847146,275.207642129,275.647442686,47860487
2022-12-12T00:00:00Z,276.2112470178879,279.5584448408859,275.1738178979506,279.49969482421875,35732500
2022-12-12T05:00:00Z,275.823362909,279.165847146,274.787388263,279.107207071,35732518
2022-12-13T00:00:00Z,290.334067852014,290.55918171240603,279.822740976595,282.50439453125,80667700
2022-12-13T05:00:00Z,289.926300783,290.146201062,279.42972748,282.107624207,80667675
2022-12-14T00:00:00Z,281.91716375767555,285.205642091824,277.1606515400771,280.40997314453125,64984400
2022-12-14T05:00:00Z,281.521223464,284.805067626,276.771377444,280.016128223,64984432
2022-12-15T00:00:00Z,276.31893160733205,276.9844765058339,269.80075517778243,270.9947814941406,60554100
2022-12-15T05:00:00Z,275.930869712,276.595457221,269.421821463,270.614169641,60554119
2022-12-16T00:00:00Z,270.31953645378024,271.8560874452993,266.80594357710976,268.4110412597656,68300400
2022-12-16T05:00:00Z,269.939808786,271.474224064,266.431177672,268.034006371,68300351
2022-12-19T00:00:00Z,268.6807856212014,268.7690767344981,263.40271951563386,264.63885498046875,44167900
2022-12-19T05:00:00Z,268.303865298,268.392036138,263.033208434,264.26760019,44167920
2022-12-20T00:00:00Z,263.47138883115707,266.17910261112206,261.89190908573653,264.4328308105469,51064200
2022-12-20T05:00:00Z,263.101785754,265.805691506,261.524507399,264.061868231,51064199
2022-12-21T00:00:00Z,265.4728236156343,269.5736160520832,264.6291028618082,268.2688293457031,46394700
2022-12-21T05:00:00Z,265.100324788,269.195370455,264.25780343,267.892401379,46394694
2022-12-22T00:00:00Z,265.2569715563839,265.38451316774433,257.48702282279595,261.70556640625,60278400
2022-12-22T05:00:00Z,264.884796068,265.01695436,257.120863792,261.338368959,60278377
2022-12-23T00:00:00Z,260.4399551404093,262.9612667355134,258.53671128427175,262.29412841796875,39373600
2022-12-23T05:00:00Z,260.074586923,262.592354235,258.174015489,261.926174557,39373584
2022-12-27T00:00:00Z,261.68597593357237,261.7939072942167,258.04627896209735,258.5858459472656,38009000
2022-12-27T05:00:00Z,261.318775439,261.426539799,257.68417749,258.222999289,38009005
2022-12-28T00:00:00Z,258.18357575317634,260.439984319042,254.8087530697181,255.17173767089844,47139000
2022-12-28T05:00:00Z,257.82133213,260.074586923,254.4512467,254.813726819,47139043
2022-12-29T00:00:00Z,257.9774983432451,262.3333728477039,257.280959609681,261.3915710449219,45893600
2022-12-29T05:00:00Z,257.615600171,261.970259977,256.920030213,261.02487264,45893567
2022-12-30T00:00:00Z,258.62495586566246,261.3620996717477,257.32016971542674,261.23455810546875,37858300
2022-12-30T05:00:00Z,258.262186329,260.99548236,256.959217253,260.868124481,37858277
2023-01-03T00:00:00Z,263.55972174937557,265.03130035204026,257.16327086795667,259.46875,42335300
2023-01-03T05:00:00Z,263.189956594,264.664368969,256.802469093,259.104707686,42335325
2023-01-04T00:00:00Z,261.5878356449477,262.38248572216736,257.55569456855136,260.7048645019531,47754900
2023-01-04T05:00:00Z,261.22080784,262.014345397,257.194339492,260.339099442,47754861
2023-01-05T00:00:00Z,259.0371291418901,259.2038913128683,256.3098041930102,256.62371826171875,45396700
2023-01-05T05:00:00Z,258.673650247,258.840195167,255.950150976,256.263647295,45396744
2023-01-06T00:00:00Z,258.3600712373581,264.825200851375,255.40709489618297,263.706787109375,54659700
2023-01-06T05:00:00Z,257.997673809,264.45373863,255.048849058,263.336907993,54659739
2023-01-09T00:00:00Z,265.6984240862427,270.07393960622954,264.8056926958867,265.4139404296875,45568700
2023-01-09T05:00:00Z,265.325650267,269.695005214,264.43414511,265.041544228,45568676
2023-01-10T00:00:00Z,264.38381092329047,267.76845379716315,263.8736744356486,267.6605224609375,35247800
2023-01-10T05:00:00Z,264.012884431,267.392766621,263.503452913,267.285002261,35247763
2023-01-11T00:00:00Z,268.72985154393996,272.3989774609644,267.9449917626651,272.2910461425781,44077000
2023-01-11T05:00:00Z,268.352849098,272.016837327,267.5691083,271.909072967,44077036
2023-01-12T00:00:00Z,272.8502628173263,274.79275716324054,268.55324892261154,273.76263427734375,60600000
2023-01-12T05:00:00Z,272.467488285,274.407246759,268.176507418,273.378586962,60599953
2023-01-13T00:00:00Z,271.2609957287121,275.8915643759767,270.92744149666754,275.64630126953125,44802900
2023-01-13T05:00:00Z,270.88041317,275.5035042,270.547323331,275.259564877,44802936
2023-01-17T00:00:00Z,275.45013671839854,277.49074295906826,274.28268169112846,276.20556640625,36269700
2023-01-17T05:00:00Z,275.063629677,277.101355751,273.898794917,275.817980195,36269738
2023-01-18T00:00:00Z,277.74566020178713,279.2957393669702,272.4087640425557,272.6147766113281,47754500
2023-01-18T05:00:00Z,277.35607151,278.903959585,272.026634086,272.232366046,47754549
2023-01-19T00:00:00Z,270.9862565414772,272.124280756162,268.700417948255,269.9365234375,44150400
2023-01-19T05:00:00Z,270.606103891,271.737629667,268.323458818,269.557850574,44150436
2023-01-20T00:00:00Z,271.5455000347287,277.65743727728545,270.48594668506337,277.3238830566406,60613600
2023-01-20T05:00:00Z,271.164519209,277.26790067,270.106469132,276.934810831,60613606
2023-01-23T00:00:00Z,278.1675466538179,284.7111480025747,277.37289677415583,283.4848327636719,52799900
2023-01-23T05:00:00Z,277.777332189,284.311771089,276.983794631,283.087176093,52799905
2023-01-24T00:00:00Z,281.86618418380607,284.06373214711186,281.34622756965445,282.9060974121094,44875100
2023-01-24T05:00:00Z,281.470710698,283.665184931,280.951482419,282.509167254,44875146
2023-01-25T00:00:00Z,278.39320945144925,282.896236062252,275.85228750449124,282.2781982421875,50872000
2023-01-25T05:00:00Z,278.002657668,282.499370494,275.465296836,281.882174616,50872022
2023-01-26T00:00:00Z,285.70209498809857,287.9585036418443,283.0532414038365,287.78192138671875,51596300
2023-01-26T05:00:00Z,285.301243846,287.554498639,282.655138978,287.378156959,51596335
2023-01-27T00:00:00Z,286.467343534839,292.608742055595,286.3496220195724,290.6466369628906,56441900
2023-01-27T05:00:00Z,286.065391124,292.198162865,285.947830004,290.238810871,56441939
2023-01-30T00:00:00Z,287.3796528484936,288.80219070771494,284.3972753111684,284.7700500488281,49405800
2023-01-30T05:00:00Z,286.976489801,288.397019996,283.99827477,284.370551649,49405833
2023-01-31T00:00:00Z,284.8092950925129,289.1357393931687,284.7013937087767,289.0376281738281,46705100
2023-01-31T05:00:00Z,284.409738689,288.730109835,284.301974329,288.632142236,46705106
2023-02-01T00:00:00Z,288.8316615869483,297.680744097422,286.7616253046277,295.21832275390625,67562200
2023-02-01T05:00:00Z,288.426410276,297.263087769,286.359293923,294.804101017,67562173
2023-02-02T00:00:00Z,301.74226802673496,307.7364833067937,300.9181876739908,305.8136291503906,83070600
2023-02-02T05:00:00Z,301.318946397,307.304766738,300.496018559,305.384601784,83070628
2023-02-03T00:00:00Z,299.1620753478888,306.47092658216013,298.7696604359694,300.3785705566406,76170800
2023-02-03T05:00:00Z,298.742398525,306.040984702,298.350528126,299.957196761,76170804
2023-02-06T00:00:00Z,297.75923649741816,300.11375637228986,296.49367046317866,297.83770751953125,40802300
2023-02-06T05:00:00Z,297.341461849,299.692684242,296.077679813,297.419835929,40802348
2023-02-07T00:00:00Z,297.71014499075807,305.13671864637575,296.5917608530074,304.0085144042969,67584000
2023-02-07T05:00:00Z,297.292478049,304.708625346,296.175647413,303.58199795,67583981
2023-02-08T00:00:00Z,302.6938758967984,303.6356776933816,297.9161561301726,298.6028747558594,56720900
2023-02-08T05:00:00Z,302.269232114,303.209721071,297.498210008,298.183983206,56720860
2023-02-09T00:00:00Z,302.98820564004023,303.1353575053804,294.51192886368824,295.9638671875,49137800
2023-02-09T05:00:00Z,302.563134913,302.710086313,294.098734299,295.548654774,49137818
2023-02-10T00:00:00Z,293.8055906090698,295.85598658175047,291.6178329261947,294.02142333984375,50050100
2023-02-10T05:00:00Z,293.393367581,295.440890415,291.208690108,293.6088963,50050104
2023-02-13T00:00:00Z,295.4242966291426,299.31907562567426,294.2470218426378,298.7304382324219,39636700
2023-02-13T05:00:00Z,295.009832976,298.899146684,293.83422178,298.311341086,39636720
2023-02-14T00:00:00Z,297.15095751576536,301.88942714277795,295.208463105172,300.93780517578125,64079100
2023-02-14T05:00:00Z,296.734062731,301.465897796,294.794304257,300.515612079,64079057
2023-02-15T00:00:00Z,299.12282420101644,303.41001773123855,298.43610559153916,303.2432556152344,43100600
2023-02-15T05:00:00Z,298.703211485,302.984395592,298.017438287,302.817850672,43427298
2023-02-16T00:00:00Z,298.61271491031835,302.5859648965573,297.40600975851845,297.55316162109375,59498600
2023-02-16T05:00:00Z,298.193779966,302.161467754,296.98877849,297.13572989,59498630
2023-02-17T00:00:00Z,295.3654442309807,296.2091348983239,292.4517174944119,295.4537353515625,58230700
2023-02-17T05:00:00Z,294.951052416,295.793573774,292.041414705,295.039223256,58230729
2023-02-21T00:00:00Z,291.6276109184507,293.06975897051757,288.32146951851234,288.45880126953125,46526700
2023-02-21T05:00:00Z,291.218486868,292.658610583,287.916978758,288.054133397,46526708
2023-02-22T00:00:00Z,289.0376061204894,290.74462743727656,287.0166409015023,288.67462158203125,51389200
2023-02-22T05:00:00Z,288.632142236,290.336680503,286.614009682,288.269662117,51389237
2023-02-23T00:00:00Z,292.3241575359496,292.48112949801686,287.00684085103126,291.1959533691406,69294400
2023-02-23T05:00:00Z,291.914056826,292.070804985,286.604212922,290.787429429,69294443
2023-02-24T00:00:00Z,286.2318077691083,287.41887258258424,284.5541869020419,286.3200988769531,74332000
2023-02-24T05:00:00Z,285.830268884,287.015676841,284.155022929,285.918439724,74331958
2023-02-27T00:00:00Z,289.47913843428347,290.8722160742341,287.7819070065774,288.37054443359375,48995000
2023-02-27T05:00:00Z,289.072996434,290.46413635,287.378156959,287.965962558,48995009
2023-02-28T00:00:00Z,287.7426280027074,290.5092026778838,287.4090738129779,287.9977111816406,48243100
2023-02-28T05:00:00Z,287.33896992,290.105574935,287.005880081,287.593685679,48243141
2023-03-01T00:00:00Z,287.7034608376696,288.36074923545726,284.7014426338721,285.6824951171875,58287000
2023-03-01T05:00:00Z,287.29978288,287.956165798,284.301974329,285.281650326,58286972
2023-03-02T00:00:00Z,283.190561983044,288.8512230053116,282.90604843154955,288.0467529296875,53565900
2023-03-02T05:00:00Z,282.793273294,288.446003796,282.509167254,287.642669479,53738557
2023-03-03T00:00:00Z,289.7930467854235,294.23721240743714,289.2828804396578,294.0017395019531,60511500
2023-03-03T05:00:00Z,289.386492753,293.82442502,288.877061235,293.58930278,60511540
2023-03-06T00:00:00Z,295.23790852017675,298.23992643719316,294.13913463412405,294.3353271484375,56736300
2023-03-06T05:00:00Z,294.823694537,297.821503088,293.72645742,293.922392619,56736294
2023-03-07T00:00:00Z,294.3844343021973,295.30662605812665,290.11684988943415,290.72509765625,65955800
2023-03-07T05:00:00Z,293.971376419,294.892271856,289.709785832,290.31718495,65955756
2023-03-08T00:00:00Z,291.14687907881626,292.7754294827464,289.2927058080047,292.177001953125,50876300
2023-03-08T05:00:00Z,290.738445629,292.364707784,288.886857995,291.767105426,50876265
2023-03-09T00:00:00Z,292.6773887376386,295.2772018992663,286.3005472787803,287.1148376464844,71456700
2023-03-09T05:00:00Z,292.266740185,294.862881577,285.898748236,286.711977282,71456691
2023-03-10T00:00:00Z,287.28157540233644,288.7727942856596,281.9348575201035,283.0826721191406,98593600
2023-03-10T05:00:00Z,286.878522201,288.367629716,281.539288017,282.685508934,98593561
2023-03-13T00:00:00Z,281.29716972593775,288.890505837308,279.7863406238493,285.18212890625,97123600
2023-03-13T04:00:00Z,280.902498619,288.485190836,279.393797584,284.782015567,97123603
2023-03-14T00:00:00Z,288.7335168501078,292.28492159284906,287.8898261938066,291.73553466796875,73602500
2023-03-14T04:00:00Z,288.328442677,291.874869786,287.485921319,291.326251227,73602545
2023-03-15T00:00:00Z,289.12594882234004,293.599545439294,287.6838005748125,293.2659912109375,83631500
2023-03-15T04:00:00Z,288.720313075,293.187635622,287.28018936,292.854545783,83631535
2023-03-16T00:00:00Z,292.3536046471147,301.35965816858703,291.5589546269461,300.9966735839844,98198100
2023-03-16T04:00:00Z,291.943447106,300.936872758,291.149909548,300.574392639,98556824
2023-03-17T00:00:00Z,300.9083126367887,303.2922621440885,297.62178199020565,299.5740661621094,89923700
2023-03-17T04:00:00Z,300.486221799,302.866834472,297.204307209,299.153862443,89923732
2023-03-20T00:00:00Z,298.9571102988408,300.9615338726046,296.74632519208114,300.6372985839844,56359500
2023-03-20T04:00:00Z,298.537898711,300.539533212,296.330213599,300.215739396,56359491
2023-03-21T00:00:00Z,302.5729571040387,305.383096151372,301.05978916317935,304.9311218261719,49757000
2023-03-21T04:00:00Z,302.148690361,304.954903436,300.632746584,304.50355448,49757048
2023-03-22T00:00:00Z,304.862301208813,309.7555157093951,300.617617168865,300.7846374511719,75791900
2023-03-22T04:00:00Z,304.434870943,309.32121399,300.196115528,300.362918403,75791914
2023-03-23T00:00:00Z,304.51842966489943,308.67468596990665,301.65914434252295,304.35137939453125,74576000
2023-03-23T04:00:00Z,304.091453259,308.241901269,301.236180514,303.924650384,74575981
2023-03-24T00:00:00Z,303.9288833597356,305.5697602157278,301.6001947767827,305.4715270996094,57195200
2023-03-24T04:00:00Z,303.502737229,305.141330179,301.177308911,305.04321084,57245803
2023-03-27T00:00:00Z,306.169129633849,307.24996373111605,302.5237996194043,303.3786315917969,50287400
2023-03-27T04:00:00Z,305.739858142,306.819170864,302.099630691,302.953268935,50287407
2023-03-28T00:00:00Z,302.7988988718234,302.8283748005082,299.4581336972232,301.7671813964844,48585900
2023-03-28T04:00:00Z,302.374364839,302.40380064,299.04223211,301.344111786,48585917
2023-03-29T00:00:00Z,305.4617259902813,307.8886779467395,304.646175138239,307.2696533203125,53274300
2023-03-29T04:00:00Z,305.033398907,307.456946563,304.219008399,306.838794731,53274266
2023-03-30T00:00:00Z,309.74573634032066,310.8069300312133,307.3580955143523,310.1780700683594,58354800
2023-03-30T04:00:00Z,309.311402056,310.37109091,306.925924704,309.743127145,58354808
2023-03-31T00:00:00Z,310.40408157810003,315.5724158551526,310.0994868949584,315.3365783691406,62138100
2023-03-31T04:00:00Z,309.968801623,315.129878818,309.664631674,314.894392406,62138097
2023-04-03T00:00:00Z,313.21417648862,314.8354427804557,311.8877295017582,314.57012939453125,47126800
2023-04-03T04:00:00Z,312.775014698,314.39398378,311.450501751,314.129061567,47126839
2023-04-04T00:00:00Z,315.0122741072591,316.0243210555341,312.2905331988112,313.5089416503906,45875400
2023-04-04T04:00:00Z,314.570598589,315.581227774,311.847885071,313.069372713,45875384
2023-04-05T00:00:00Z,312.55587722556044,313.4991370985997,308.5961168372781,310.41387939453125,62795700
2023-04-05T04:00:00Z,312.117615132,313.059560779,308.163405798,309.978613557,62795706
2023-04-06T00:00:00Z,308.7631205247058,312.99799939754666,307.36788641047167,312.5067138671875,46916500
2023-04-06T04:00:00Z,308.330208673,312.559152154,306.93691407,312.068555463,46916496
2023-04-10T00:00:00Z,309.57870772010875,312.3790415697629,307.7904209826378,312.32989501953125,45134700
2023-04-10T04:00:00Z,309.144599181,311.941000323,307.358827224,311.891940654,45134736
2023-04-11T00:00:00Z,312.2905510824566,312.34953293369824,309.8144827721986,310.3254089355469,40113600
2023-04-11T04:00:00Z,311.852692918,311.911564521,309.380085593,309.890306152,40113594
2023-04-12T00:00:00Z,312.2807647449235,312.87031342197184,307.1222662957105,307.5840759277344,62813300
2023-04-12T04:00:00Z,311.842880985,312.431597014,306.686709757,307.152776614,62813305
2023-04-13T00:00:00Z,309.342853704932,314.0788537181018,308.16378634781455,313.60723876953125,54613800
2023-04-13T04:00:00Z,308.909112769,313.638464875,307.73168071,313.167492052,54613792
2023-04-14T00:00:00Z,312.05473924440327,314.7764502848593,310.10923775139554,313.0176696777344,56278300
2023-04-14T04:00:00Z,311.617206506,314.335112177,309.674443608,312.578776022,56278284
2023-04-17T00:00:00Z,312.6049825415416,313.6367001650962,310.5317719596086,313.282958984375,43007000
2023-04-17T04:00:00Z,312.166674801,313.196829734,310.096356763,312.843698235,43007023
2023-04-18T00:00:00Z,315.39552430525794,315.81805271629645,312.1039347277602,313.3026428222656,46746900
2023-04-18T04:00:00Z,314.953264009,315.375177163,311.666266176,312.863322103,46746940
2023-04-19T00:00:00Z,310.89534126848116,314.2164365542462,310.76760222122994,313.1552429199219,38960100
2023-04-19T04:00:00Z,310.459398315,313.775831949,310.331843175,312.716143095,38960127
2023-04-20T00:00:00Z,310.18786478954866,313.70545604121475,309.4804124167507,310.767578125,62462100
2023-04-20T04:00:00Z,309.752939079,313.26561139,309.046479843,310.331843175,62462142
2023-04-21T00:00:00Z,310.4040456011368,311.8680669720803,308.6255942757505,311.0918273925781,59002300
2023-04-21T04:00:00Z,309.968801623,311.430779764,308.1928416,310.655636991,59002285
2023-04-24T00:00:00Z,310.8658272036678,312.20210941105614,308.2718252918835,310.4433288574219,44043100
2023-04-24T04:00:00Z,310.429962513,311.76350244,307.839611982,310.008049358,44043063
2023-04-25T00:00:00Z,308.8122931475804,309.48043432872635,304.48898611246517,304.58721923828125,57121600
2023-04-25T04:00:00Z,308.379268343,309.046479843,304.062017457,304.160136796,57121644
2023-04-26T00:00:00Z,307.9770920863072,309.4509487559447,305.91368675167655,306.4344482421875,55400500
2023-04-26T04:00:00Z,307.545253967,309.012138075,305.484747863,306.004780356,55400496
2023-04-27T00:00:00Z,310.1977730605562,315.26781460821445,309.5590777235888,314.7667236328125,65430400
2023-04-27T04:00:00Z,309.762751013,314.825708869,309.124975314,314.325300244,65430392
2023-04-28T00:00:00Z,314.5307993238096,317.0265381463464,313.4008486317639,316.9381103515625,59712600
2023-04-28T04:00:00Z,314.089813832,316.582045024,312.961441441,316.49373762,59712635
2023-05-01T00:00:00Z,316.4762913457394,317.9894590891621,315.4937203409146,316.5745544433594,41013400
2023-05-01T04:00:00Z,316.03257673,317.54361454,315.051383347,316.130696068,41013386
2023-05-02T00:00:00Z,316.50574182135404,316.83000701885203,312.07433735057174,313.8135070800781,56519400
2023-05-02T04:00:00Z,316.062012531,316.385806348,311.636830374,313.373542662,56519407
2023-05-03T00:00:00Z,314.17715716201246,316.8497521612235,311.65194185315056,311.7600402832031,59882100
2023-05-03T04:00:00Z,313.736584214,316.405430216,311.214917219,311.322848492,59882070
2023-05-04T00:00:00Z,311.5340186637454,312.68364014813113,309.62782815897486,310.6595458984375,50224500
2023-05-04T04:00:00Z,311.097174013,312.245170272,309.188752884,310.223911903,50224520
2023-05-05T00:00:00Z,312.91947297286674,318.1172833774698,310.6988523113847,317.262451171875,51806100
2023-05-05T04:00:00Z,312.480656684,317.67116968,310.264729547,316.817531436,51806098
2023-05-08T00:00:00Z,316.8006073328287,318.3923678179955,315.71977305719315,318.0484619140625,36465800
2023-05-08T04:00:00Z,316.356370546,317.945903827,315.272151858,317.602486143,36465796
2023-05-09T00:00:00Z,316.3878908866645,317.25255824331975,315.7197497422272,316.0341796875,31768800
2023-05-09T04:00:00Z,315.944269326,316.807719503,315.277057825,315.591039708,31768800
2023-05-10T00:00:00Z,318.47096377915307,320.3280376891628,315.99489521816594,319.47320556640625,60446600
2023-05-10T04:00:00Z,318.024399297,319.878854791,315.551791972,319.025216548,60446623
2023-05-11T00:00:00Z,320.0234239155159,321.0551115912344,318.4709447629655,320.51470947265625,44278500
2023-05-11T04:00:00Z,319.574684843,320.604937895,318.024399297,320.065281534,44278548
2023-05-12T00:00:00Z,321.04523928532205,321.46776760489286,317.31148147563414,319.36505126953125,48432800
2023-05-12T04:00:00Z,320.595125961,321.017039116,316.866591106,318.917285276,48432836
2023-05-15T00:00:00Z,319.83670116748294,321.330198317674,318.31369810053747,321.0943908691406,33375600
2023-05-15T04:00:00Z,319.3882581,320.879672042,317.867408356,320.64418563,33375559
2023-05-16T00:00:00Z,320.37717346031883,323.1676721605084,320.33786221505017,321.4580078125,40019200
2023-05-16T04:00:00Z,319.92791446,322.716956652,319.888666725,321.007227182,40019151
2023-05-17T00:00:00Z,322.51918892551805,325.9287124831827,321.34012137518226,325.3489990234375,47486100
2023-05-17T04:00:00Z,322.066916035,325.471657074,320.889483976,324.892752978,47486124
2023-05-18T00:00:00Z,325.7419401567872,331.607890460888,325.7222995308489,331.3917236328125,64213500
2023-05-18T04:00:00Z,325.285230332,331.142954828,325.265606464,330.927092284,64213466
2023-05-19T00:00:00Z,331.6079506512869,332.3154031274269,329.58385634177114,330.6450500488281,61554900
2023-05-19T04:00:00Z,331.142954828,331.844508097,329.121696459,330.181385313,61554926
2023-05-22T00:00:00Z,330.38955227178974,332.76738767069196,330.37971696477655,331.7553405761719,43015900
2023-05-22T04:00:00Z,329.926275033,332.30076302,329.916463099,331.290133836,43015948
2023-05-23T00:00:00Z,330.03586072499985,331.18545225778513,327.19621551255364,327.5499267578125,48216700
2023-05-23T04:00:00Z,329.573045415,330.721041673,326.737396539,327.090626156,48216663
2023-05-24T00:00:00Z,325.59457124075004,327.107739087204,323.81611999977775,325.86968994140625,62891200
2023-05-24T04:00:00Z,325.138051324,326.644183167,323.362091301,325.412785471,62891169
2023-05-25T00:00:00Z,333.2292246578266,335.0666280785355,330.8022724961006,333.7991027832031,66862800
2023-05-25T04:00:00Z,332.76192391,334.596755536,330.333470287,333.331016072,66862773
2023-05-26T00:00:00Z,334.82096116751046,343.1629807974881,334.722698053465,342.3277893066406,63007000
2023-05-26T04:00:00Z,334.351457191,342.676883045,334.253337852,341.847774637,63006952
2023-05-30T00:00:00Z,346.56267972749924,347.76141779152016,342.45553930603324,343.8802795410156,72652200
2023-05-30T04:00:00Z,346.076718117,347.273774045,341.975329776,343.398060182,72652156
2023-05-31T00:00:00Z,342.2982780436562,344.4894223193903,340.47071025093595,341.9248962402344,65105400
2023-05-31T04:00:00Z,341.818338835,344.006400079,339.993319143,341.44548535,65105378
2023-06-01T00:00:00Z,341.6694746335876,347.20132498528426,340.6181163131397,345.8748779296875,50488600
2023-06-01T04:00:00Z,341.19037507,346.714493816,340.14049815,345.389882749,50488601
2023-06-02T00:00:00Z,347.6336805484104,349.62829889635873,345.8748996800786,348.4688720703125,53372100
2023-06-02T04:00:00Z,347.146218905,349.138041472,345.389882749,347.98023328,53372113
2023-06-05T00:00:00Z,348.25269839960436,351.26919913842227,347.68282030519657,348.7145080566406,47266200
2023-06-05T04:00:00Z,347.764370736,350.771728455,347.195278574,348.225531626,47266228
2023-06-06T00:00:00Z,348.10531064293906,349.61847863088633,346.77883357493243,348.6555480957031,41390400
2023-06-06T04:00:00Z,347.617191729,349.128229539,346.292580662,348.166660023,41390400
2023-06-07T00:00:00Z,348.9404690538599,350.89577588867536,342.11158811981494,342.7404479980469,69225900
2023-06-07T04:00:00Z,348.451206104,350.403780936,341.631912092,342.259875858,69225936
2023-06-08T00:00:00Z,343.03523458791426,347.4568047564389,342.809262414588,346.9949951171875,47153900
2023-06-08T04:00:00Z,342.554233872,346.969604096,342.328559394,346.508443206,47153922
2023-06-09T00:00:00Z,348.4492112149935,351.4264005957321,346.87709138014355,348.32147216796875,53196900
2023-06-09T04:00:00Z,347.960609413,350.933625363,346.3907,347.833054273,53196927
2023-06-12T00:00:00Z,349.98204800024035,354.305355405067,349.00931208022024,354.20709228515625,44606500
2023-06-12T04:00:00Z,349.49127109,353.808521975,348.519889641,353.710402637,44817646
2023-06-13T00:00:00Z,356.9582479049561,357.76393338304973,353.75505666181834,356.92877197265625,57097800
2023-06-13T04:00:00Z,356.45774411,357.262322684,353.259053681,356.428308308,57097804
2023-06-14T00:00:00Z,356.93859927498477,359.8077201335218,354.1382955769709,359.52276611328125,69525600
2023-06-14T04:00:00Z,356.438120242,359.30320492,353.6417191,359.018658839,69525642
2023-06-15T00:00:00Z,358.25527243714697,365.2904858588163,357.6362777663679,363.8068237304687,71138800
2023-06-15T04:00:00Z,357.752919375,364.778263997,357.134767544,363.296661989,71138823
2023-06-16T00:00:00Z,366.22391921096187,366.351658257818,361.0752559946736,361.5173950195313,80932000
2023-06-16T04:00:00Z,365.710397711,365.837952851,360.568944384,361.010481407,80931971
2023-06-20T00:00:00Z,360.0651120113186,362.3969948610823,358.03824160023504,360.9998168945313,49204700
2023-06-20T04:00:00Z,359.56020487,361.888822674,357.53607595,360.49361707,49204722
2023-06-21T00:00:00Z,359.85850638708854,360.2914331262993,355.1553750173207,356.08026123046875,53378300
2023-06-21T04:00:00Z,359.353871646,359.786188876,354.657334471,355.58092128,53378256
2023-06-22T00:00:00Z,354.8306667482636,360.438986288893,354.4272564085089,360.2815856933594,47603000
2023-06-22T04:00:00Z,354.333096549,359.93356975,353.930255494,359.776363484,47603043
2023-06-23T00:00:00Z,356.385311870061,359.01238895404134,355.01767999999373,356.71002197265625,48922900
2023-06-23T04:00:00Z,355.885508419,358.508887971,354.522431845,356.209746341,48922911
2023-06-26T00:00:00Z,356.1786373877198,358.97296342588555,351.83955148925304,351.9281005859375,52685500
2023-06-26T04:00:00Z,355.679175196,358.469586404,351.346177509,351.434606033,52685478
2023-06-27T00:00:00Z,353.4728819606406,358.70733796883354,352.74479154792726,357.9792175292969,49428100
2023-06-27T04:00:00Z,352.977192511,358.204300832,352.250113534,357.477221855,49428091
2023-06-28T00:00:00Z,356.15902609665824,360.6259969338408,356.080295758173,358.6778564453125,46498000
2023-06-28T04:00:00Z,355.659524412,360.12025219,355.584654929,358.174824657,46498031
2023-06-29T00:00:00Z,358.38261161325084,359.02218292164616,356.3164059384481,357.95953369140625,46151000
2023-06-29T04:00:00Z,357.880062909,358.518713362,355.816730678,357.457571071,46150967
2023-06-30T00:00:00Z,361.6393556388395,364.5320794146478,361.3245244321573,363.4793090820313,58712500
2023-06-30T04:00:00Z,361.132267522,364.020932647,360.817854992,362.969615748,58712501
2023-07-03T00:00:00Z,364.118924794639,364.965080752573,363.0366078498649,364.33538818359375,19432900
2023-07-03T04:00:00Z,363.608266201,364.453249876,362.527473127,363.824424815,19432862
2023-07-05T00:00:00Z,362.7709217894503,366.0276910481875,362.73155662470873,364.3255004882813,34460900
2023-07-05T04:00:00Z,362.257274858,365.514392167,362.222885988,363.814599424,34460883
2023-07-06T00:00:00Z,360.6161373160052,361.99361781521185,358.6581182234109,361.55084228515625,49374700
2023-07-06T04:00:00Z,360.110426798,361.485981619,358.155173874,361.043838998,49374728
2023-07-07T00:00:00Z,361.3245334383602,364.52226973044776,360.1241512291807,360.3504333496094,47133700
2023-07-07T04:00:00Z,360.817854992,364.011107255,359.619157219,359.845141225,47133749
2023-07-10T00:00:00Z,360.075005281917,361.14747343769193,357.56602372802837,360.4685668945313,48498800
2023-07-10T04:00:00Z,359.570030261,360.640997943,357.064555408,359.963045924,48498800
2023-07-11T00:00:00Z,360.89163773710936,362.7020449901475,358.75652041765636,362.24945068359375,38214100
2023-07-11T04:00:00Z,360.385537762,362.195374891,358.253427789,361.7414418,38214146
2023-07-12T00:00:00Z,366.35235412153,368.1726100645608,364.34515118816057,366.82464599609375,61975400
2023-07-12T04:00:00Z,365.838630089,367.656327532,363.834250207,366.310248885,61703696
2023-07-13T00:00:00Z,370.002732023854,373.8793753287955,369.4222234106645,373.0528869628906,46960000
2023-07-13T04:00:00Z,369.483850365,373.355054648,368.904152262,372.529721755,46960012
2023-07-14T00:00:00Z,373.4857786392497,376.70318269282194,372.0984493610609,372.9741516113281,55148500
2023-07-14T04:00:00Z,372.957126289,376.174942031,371.576658772,372.451118623,55148500
2023-07-17T00:00:00Z,373.6923742197424,377.3328860436692,373.21026358279346,376.4571838378906,40868900
2023-07-17T04:00:00Z,373.168372208,376.803767093,372.68692802,375.929307242,40868915
2023-07-18T00:00:00Z,375.8176227910227,380.9044962847805,373.8891503179448,379.5368347167969,55262000
2023-07-18T04:00:00Z,375.290656789,380.370384236,373.36488004,379.004654806,55343438
2023-07-19T00:00:00Z,380.5995015032938,381.7408509867263,378.1200067532501,379.44830322265625,54093000
2023-07-19T04:00:00Z,380.065797097,381.20554252,377.589798419,378.916226282,54092958
2023-07-20T00:00:00Z,376.4571954822207,377.9232550597698,369.67800988298177,370.7012939453125,71941700
2023-07-20T04:00:00Z,375.929307242,377.388377892,369.159612443,370.181453168,71941674
2023-07-21T00:00:00Z,373.08240858363587,373.8105290801638,369.1565812836216,369.5895080566406,60499600
2023-07-21T04:00:00Z,372.55919793,373.286276907,368.639849229,369.071183919,60499643
2023-07-24T00:00:00Z,370.5635528672616,371.50810665869074,368.3202188458526,370.1798400878906,40380100
2023-07-24T04:00:00Z,370.043897685,370.987135277,367.803708405,369.660707414,40380056
2023-07-25T00:00:00Z,370.8882841903377,374.35166830858134,370.86858659289726,372.6888427734375,38894400
2023-07-25T04:00:00Z,370.368135608,373.826673444,370.348484824,372.166182267,38894384
2023-07-26T00:00:00Z,371.6458619601726,373.14140793425514,369.14669945351966,371.4490661621094,47075700
2023-07-26T04:00:00Z,371.124690759,372.618150279,368.629041298,370.928182928,47075710
2023-07-27T00:00:00Z,376.9098266210042,378.52343803042015,369.27460621894454,370.56353759765625,63940200
2023-07-27T04:00:00Z,376.381275255,377.992639474,368.756771388,370.043897685,63940225
2023-07-28T00:00:00Z,374.6173045040131,378.33651706389406,374.1056774417926,377.3132629394531,56902900
2023-07-28T04:00:00Z,374.091959016,377.805957034,373.581038654,376.784116309,56902926
2023-07-31T00:00:00Z,377.6182869887491,378.6907551113529,376.19159240697024,377.5100402832031,44019900
2023-07-31T04:00:00Z,377.088703448,378.159671131,375.664021669,376.980624141,44019905
2023-08-01T00:00:00Z,376.1620769587029,377.3919757298599,374.5681329555754,376.6343688964844,41060600
2023-08-01T04:00:00Z,375.634545494,376.862719442,374.042832059,376.10616429,41308457
2023-08-02T00:00:00Z,373.16109557263337,373.16109557263337,367.12966784749693,368.3694152832031,72687100
2023-08-02T04:00:00Z,372.637801063,372.637801063,366.614836024,367.852835363,72687107
2023-08-03T00:00:00Z,365.95882713700206,369.90435184798616,365.7915476989131,367.7790832519531,47666400
2023-08-03T04:00:00Z,365.445614426,369.38559645,365.278582769,367.263311868,47855381
2023-08-04T00:00:00Z,369.7074897709434,372.0197049605034,365.5553512263354,366.0571594238281,61702800
2023-08-04T04:00:00Z,369.189088618,371.498055639,365.042773371,365.543868342,61702759
2023-08-07T00:00:00Z,367.86765415773664,369.25498360237106,365.5357708456073,369.1565856933594,37230400
2023-08-07T04:00:00Z,367.351740393,368.737120605,365.023122588,368.63886669,37230444
2023-08-08T00:00:00Z,366.6476058999817,366.6672734711469,362.8890279564225,366.0178833007813,44726500
2023-08-08T04:00:00Z,366.133391837,366.15304262,362.380092253,365.504566776,44726453
2023-08-09T00:00:00Z,366.3031915996586,366.4606222337156,361.2360150499195,361.9936218261719,51150900
2023-08-09T04:00:00Z,365.789503131,365.946709397,360.729426468,361.485981619,51150900
2023-08-10T00:00:00Z,365.0044211596802,368.33989085090377,361.13762681764416,362.6626892089844,72035300
2023-08-10T04:00:00Z,364.492551443,367.823359188,360.626259856,362.154108247,72035265
2023-08-11T00:00:00Z,360.1044536348334,362.08214015021474,358.8253711287267,360.3504333496094,48707200
2023-08-11T04:00:00Z,359.599506436,361.574410144,358.322205531,359.845141225,48707187
2023-08-14T00:00:00Z,359.553484355475,364.51244412842345,358.83524275979033,364.3943786621094,42130800
2023-08-14T04:00:00Z,359.049284507,364.001281864,358.332030922,363.883377165,42130802
2023-08-15T00:00:00Z,363.42034344781393,364.2173455414884,359.85856111907714,360.5276489257813,45539900
2023-08-15T04:00:00Z,362.910663398,363.705537577,359.353871646,360.021998274,45539891
2023-08-16T00:00:00Z,359.98645920817404,361.52137052909745,356.611624061966,356.71002197265625,53190500
2023-08-16T04:00:00Z,359.481601737,361.014362823,356.111492425,356.209746341,53190525
2023-08-17T00:00:00Z,358.1071176846967,358.4514953081847,352.4004000236627,352.8136291503906,62604300
2023-08-17T04:00:00Z,357.604951945,357.94884065,351.906224829,352.318891275,62604338
2023-08-18T00:00:00Z,349.54703769092396,353.63029511668526,349.0058642803443,352.3708801269531,61191400
2023-08-18T04:00:00Z,349.056861271,353.134398776,348.516464734,351.876748654,61191389
2023-08-21T00:00:00Z,353.83692384755506,358.72700217281374,353.3744807454022,358.048095703125,50696500
2023-08-21T04:00:00Z,353.340731999,358.223951615,352.878938595,357.545999596,50696518
2023-08-22T00:00:00Z,360.6555055081969,360.6653543070012,356.84774369729803,357.5364990234375,44530200
2023-08-22T04:00:00Z,360.149728364,360.159553756,356.347301823,357.035079234,44613509
2023-08-23T00:00:00Z,358.71719481869087,364.2665126856572,358.5007314261463,363.1743469238281,51770600
2023-08-23T04:00:00Z,358.214126223,363.755647074,357.997967608,362.665028609,51770603
2023-08-24T00:00:00Z,366.6475926197669,366.7459604988561,355.2046097815919,355.4112243652344,66842500
2023-08-24T04:00:00Z,366.133391837,366.231645752,354.706461429,354.912794652,66842491
2023-08-25T00:00:00Z,356.2476049694556,359.8585713449479,352.8137068032823,358.1662292480469,69960500
2023-08-25T04:00:00Z,355.747952937,359.353871646,352.318891275,357.663904295,69960465
2023-08-28T00:00:00Z,361.0883426486006,361.79676536967435,358.39241480606745,360.862060546875,40910000
2023-08-28T04:00:00Z,360.582045594,361.289473788,357.889888301,360.356061588,40910019
2023-08-29T00:00:00Z,360.6653499839977,369.0975431080189,360.34066992242833,368.7433166503906,58492400
2023-08-29T04:00:00Z,360.159553756,368.57991434,359.836298373,368.226200243,58492371
2023-08-30T00:00:00Z,368.8515119480578,371.3801906583347,367.8478954803411,370.7996520996094,41731500
2023-08-30T04:00:00Z,368.334279551,370.856162807,367.332089609,370.279707083,41731511
2023-08-31T00:00:00Z,370.8783961791077,373.6136895466663,370.8095146489998,371.9114990234375,35730700
2023-08-31T04:00:00Z,370.358310216,373.088786536,370.289532475,371.389976332,35730701
2023-09-01T00:00:00Z,374.28281561021936,374.70589361223153,370.03227793748385,371.51800537109375,39801200
2023-09-01T04:00:00Z,373.757895703,374.180387541,369.513424794,370.996960669,39801177
2023-09-05T00:00:00Z,370.7111217591785,373.21028423077263,369.7862355695371,371.990234375,32344200
2023-09-05T04:00:00Z,370.191278559,372.686240243,369.267691751,371.468579465,32344222
2023-09-06T00:00:00Z,371.2129688856082,371.5573465500338,366.7066329588486,368.71380615234375,42998700
2023-09-06T04:00:00Z,370.69237353,371.036262235,366.192344186,368.196724068,42998735
2023-09-07T00:00:00Z,364.25664812381336,366.854208721943,363.2136963758197,366.076904296875,52060700
2023-09-07T04:00:00Z,363.745821683,366.33972506,362.704330175,365.563519125,52060716
2023-09-08T00:00:00Z,366.0276900079968,368.82201616025327,365.6242796443045,366.5885009765625,35800100
2023-09-08T04:00:00Z,365.514392167,368.304803376,365.111551112,366.074439487,35847359
2023-09-11T00:00:00Z,369.61896663053767,371.4195249524105,367.65112888881737,370.9078979492187,39936600
2023-09-11T04:00:00Z,369.100660094,370.898706753,367.135581778,370.387786391,39936634
2023-09-12T00:00:00Z,369.2352351552727,370.8882417292776,366.50979060925704,366.7951354980469,41391000
2023-09-12T04:00:00Z,368.717469822,370.369805924,365.995836355,366.28077271,41391024
2023-09-13T00:00:00Z,367.031304560014,369.79611455684034,365.8998037117071,368.19232177734375,46300700
2023-09-13T04:00:00Z,366.516582108,369.277517142,365.386662077,367.675978315,46300677
2023-09-14T00:00:00Z,369.9436794172297,372.18701344044155,367.8774736268473,371.2030944824219,48039400
2023-09-14T04:00:00Z,369.424898016,371.665087296,367.361565784,370.682548138,48039388
2023-09-15T00:00:00Z,369.8650084704276,370.2684188784552,363.9122802858166,364.8470153808594,69811200
2023-09-15T04:00:00Z,369.346294883,369.749135938,363.401932977,364.335345177,69811206
2023-09-18T00:00:00Z,363.9069691189676,366.3407681012067,363.6212111624308,365.2273254394531,36903500
2023-09-18T04:00:00Z,363.396204331,365.82658618,363.110855854,364.714711083,36903545
2023-09-19T00:00:00Z,363.90701727140873,365.24706980851767,361.4239327569058,364.4489440917969,37621700
2023-09-19T04:00:00Z,363.396204331,364.736948585,360.916624468,363.937382475,37621734
2023-09-20T00:00:00Z,365.5131061106414,365.8678152619394,359.11820769924856,359.1970520019531,45514200
2023-09-20T04:00:00Z,365.000059559,365.354285254,358.614157452,358.692874274,45514189
2023-09-21T00:00:00Z,355.5118408271102,356.30013348758865,352.44743768219166,352.61492919921875,69734800
2023-09-21T04:00:00Z,355.01286289,355.8000311,351.952746472,352.120019717,69734845
2023-09-22T00:00:00Z,354.359006723338,356.49718479026586,352.3488980230887,352.6642150878906,51589700
2023-09-22T04:00:00Z,353.861629382,355.996823153,351.854350446,352.16921773,51589689
2023-09-25T00:00:00Z,351.6985209907401,354.42794074320403,350.7131778472453,354.3392333984375,39168000
2023-09-25T04:00:00Z,351.204936672,353.930506601,350.220976409,353.841950177,39167985
2023-09-26T00:00:00Z,351.75768571572956,352.29964255853133,348.03308934331926,349.0184326171875,53657700
2023-09-26T04:00:00Z,351.263974288,351.805152433,347.54470289,348.528564757,53657748
2023-09-27T00:00:00Z,350.17131683413555,351.74787217352633,346.2102174092511,349.8363037109375,56066000
2023-09-27T04:00:00Z,349.679798264,351.254134685,345.724278007,349.345251775,56065972
2023-09-28T00:00:00Z,348.91983313948447,354.8910400317703,348.0625894477545,352.7626953125,56453300
2023-09-28T04:00:00Z,348.43016873,354.392967924,347.574123302,352.267613756,56453312
2023-09-29T00:00:00Z,356.2409818254251,357.6303193180829,351.7872114054841,353.0188903808594,64829600
2023-09-29T04:00:00Z,355.740993485,357.128377455,351.293493096,352.523443425,64829616
2023-10-02T00:00:00Z,353.28495323022247,357.3642583710357,352.67404526804705,355.965087890625,51625100
2023-10-02T04:00:00Z,352.789112696,356.862708184,352.179057332,355.465484611,51625054
2023-10-03T00:00:00Z,353.52142785074375,355.7187539856784,348.1020403157793,349.718017578125,60478500
2023-10-03T04:00:00Z,353.025263159,355.219494545,347.608561911,349.227176543,60478489
2023-10-04T00:00:00Z,350.5555569297421,355.3246146472607,350.0924443998235,354.47723388671875,54786700
2023-10-04T04:00:00Z,350.063542767,354.82591044,349.601081443,353.979704614,54786686
2023-10-05T00:00:00Z,354.46733754416096,354.87133184681437,349.934783079885,353.4327392578125,45897400
2023-10-05T04:00:00Z,353.969865011,354.373288719,349.443647801,352.936706735,45897390
2023-10-06T00:00:00Z,350.4373310951315,360.54696275822704,349.64906850019884,359.3547058105469,75049100
2023-10-06T04:00:00Z,349.945467535,360.040899834,349.158299325,358.850307916,75049119
2023-10-09T00:00:00Z,356.98983670606606,361.7293351903447,355.4921258364322,361.1874084472656,45304800
2023-10-09T04:00:00Z,356.488803284,361.221652149,354.993183685,360.680474005,45304766
2023-10-10T00:00:00Z,361.522389768607,365.83819750579465,361.01988521817543,363.1876220703125,46968800
2023-10-10T04:00:00Z,361.015020494,365.324766446,360.51320076,362.677913339,46968806
2023-10-11T00:00:00Z,364.51790605468614,365.9663619214004,362.7935552643259,365.7791442871094,38215100
2023-10-11T04:00:00Z,364.006259694,365.454649201,362.284329233,365.26572883,38215088
2023-10-12T00:00:00Z,366.2816927049763,368.26221238194034,362.11367952755785,364.508056640625,49587900
2023-10-12T04:00:00Z,365.767548564,367.745308693,361.605396652,363.996420091,49587942
2023-10-13T00:00:00Z,365.13865214466296,365.7200010485941,358.5269773449452,359.9261779785156,52469900
2023-10-13T04:00:00Z,364.626154659,365.206691215,358.023781295,359.421004868,52519876
2023-10-16T00:00:00Z,361.24655031919855,365.04999103567854,361.0987548405133,363.99566650390625,44201100
2023-10-16T04:00:00Z,360.739511621,364.537598236,360.591917581,363.484760754,44201059
2023-10-17T00:00:00Z,360.44842090151735,364.4981973969632,358.3299388750343,362.8034057617187,50999100
2023-10-17T04:00:00Z,359.942503808,363.986580488,357.826989242,362.294168836,50999102
2023-10-18T00:00:00Z,360.31046637039856,362.5176255477324,356.7139395823082,358.0441589355469,54280500
2023-10-18T04:00:00Z,359.804749371,362.00882036,356.213294411,357.541640766,54280490
2023-10-19T00:00:00Z,359.4631196781683,360.65537676031266,353.89593553906946,354.6940612792969,72274200
2023-10-19T04:00:00Z,358.958543545,360.149135463,353.399168059,354.196175872,72274238
2023-10-20T00:00:00Z,354.1914944866745,354.76301044050285,349.17610069402633,349.4027404785156,72559700
2023-10-20T04:00:00Z,353.694356137,354.26505309,348.685998399,348.912309259,72559723
2023-10-23T00:00:00Z,348.08235051550486,353.99440975051044,345.9737016212811,350.45703125,60665200
2023-10-23T04:00:00Z,347.593802507,353.497564085,345.488029148,349.965146741,60665185
2023-10-24T00:00:00Z,352.27008172327623,354.6348995548222,350.5752900977818,353.8663330078125,47082100
2023-10-24T04:00:00Z,351.775633625,354.137138256,350.083221972,353.369649251,47082078
2023-10-25T00:00:00Z,351.47196873068145,351.6493233086152,344.62382073653515,345.2051696777344,71190500
2023-10-25T04:00:00Z,350.978625812,351.155738659,344.140101984,344.720638539,71190536
2023-10-26T00:00:00Z,344.0030743187561,344.93916255325956,337.3323104943421,338.62310791015625,78621400
2023-10-26T04:00:00Z,343.520207018,344.454969268,336.858796038,338.147783982,78621425
2023-10-27T00:00:00Z,341.3524810806448,343.72716210384476,339.0369182513592,340.2489013671875,63476700
2023-10-27T04:00:00Z,340.873353911,343.244698144,338.561047293,339.771318416,63476707
2023-10-30T00:00:00Z,342.73196353376414,345.4022656576874,341.37221497245145,344.0819091796875,55298500
2023-10-30T04:00:00Z,342.250898279,344.917430592,340.893033116,343.598923839,55298536
2023-10-31T00:00:00Z,344.1114391570496,346.1018217264424,341.5396775996275,345.7273864746094,47671900
2023-10-31T04:00:00Z,343.628442647,345.616042378,341.060306361,345.242137478,47671906
2023-11-01T00:00:00Z,346.5649298772897,352.2897717671252,346.46638953800874,351.7281188964844,58992700
2023-11-01T04:00:00Z,346.078503702,351.795116038,345.980107676,351.23445548,58992666
2023-11-02T00:00:00Z,356.2410129874096,358.3496319411529,355.0191668891615,358.1131591796875,58162400
2023-11-02T04:00:00Z,355.740993485,357.846668447,354.520882758,357.610517984,58162442
2023-11-03T00:00:00Z,359.403979323471,363.61138451382374,359.17733953245124,362.3205871582031,53280500
2023-11-03T04:00:00Z,358.899505929,363.101016252,358.673195068,361.812028307,53280457
2023-11-06T00:00:00Z,363.0891051619072,364.3602063061445,361.5322761410514,363.7985534667969,38848700
2023-11-06T05:00:00Z,362.579517312,363.848826052,361.024860097,363.287968702,38848743
2023-11-07T00:00:00Z,364.8430502203304,368.1045341140592,363.640930200235,367.2374572753906,50777400
2023-11-07T05:00:00Z,364.330966581,367.587875051,363.125615258,366.72199002,50777398
2023-11-08T00:00:00Z,367.611870415712,368.3114858193752,365.1879342825612,367.4739379882813,35663400
2023-11-08T05:00:00Z,367.09589492,367.794506706,364.675352673,366.958140483,35663373
2023-11-09T00:00:00Z,368.1636172082992,369.3065887638403,364.1532634993729,364.64593505859375,53859400
2023-11-09T05:00:00Z,367.646912667,368.788306572,363.642194396,364.134174528,53859421
2023-11-10T00:00:00Z,366.3703426610041,372.991850652543,365.8382488743715,372.8440551757813,58309800
2023-11-10T05:00:00Z,365.856104988,372.468317956,365.324766446,372.320723916,58368439
2023-11-13T00:00:00Z,371.26750810516944,372.735659990496,369.7402079575448,371.6813354492187,40733500
2023-11-13T05:00:00Z,370.746387495,372.212488287,369.221249088,371.159650806,40733505
2023-11-14T00:00:00Z,378.0860607128957,380.5987041135127,377.5638299784624,379.6823120117187,67792600
2023-11-14T05:00:00Z,377.555392515,380.064491186,377.033893576,379.149408141,67792634
2023-11-15T00:00:00Z,381.57419300385976,382.0668646539616,378.6083000477536,379.9680786132813,54141400
2023-11-15T05:00:00Z,381.038611846,381.530591978,378.071971653,379.434756618,54141385
2023-11-16T00:00:00Z,379.1994967525258,380.5297161682242,377.9382585819302,380.2932434082031,45343500
2023-11-16T05:00:00Z,378.667267612,379.995613967,377.407798476,379.759463504,45343544
2023-11-17T00:00:00Z,379.56407573006413,381.3968298638466,378.65757675359185,380.3819274902344,46571900
2023-11-17T05:00:00Z,379.03133291,380.861498999,378.126089468,379.848019928,46622745
2023-11-20T00:00:00Z,380.39176852820106,385.6732242470782,380.39176852820106,385.0130310058594,44429600
2023-11-20T05:00:00Z,379.857859531,385.13188654,379.857859531,384.472633164,44536669
2023-11-21T00:00:00Z,383.30836938457026,383.5251460922471,381.03222898910747,382.7762756347656,43337000
2023-11-21T05:00:00Z,382.770381909,382.986853167,380.497433702,382.239043367,43336989
2023-11-22T00:00:00Z,384.8455522998127,387.3089106291963,383.3379782050416,384.343017578125,44121000
2023-11-22T05:00:00Z,384.305359919,386.765260577,382.799900717,383.803540185,44178572
2023-11-24T00:00:00Z,383.9389883255665,384.5302002849697,382.805849611046,383.8010559082031,15718800
2023-11-24T05:00:00Z,383.400116477,383.990492635,382.268562175,383.262362041,15718832
2023-11-27T00:00:00Z,383.3083449069727,385.4169635921862,382.589033588732,383.4660034179687,34139700
2023-11-27T05:00:00Z,382.770381909,384.875958476,382.052090917,382.927815551,34139656
2023-11-28T00:00:00Z,382.71719000412895,385.05244878485433,382.3624507839871,384.4710998535156,35491100
2023-11-28T05:00:00Z,382.180005751,384.511991575,381.825780057,383.931455019,35491123
2023-11-29T00:00:00Z,386.93444253594504,388.3632022739312,383.7517730189987,384.0966491699219,38811700
2023-11-29T05:00:00Z,386.391355677,387.818098058,383.213164027,383.55755012,38811745
2023-11-30T00:00:00Z,384.3626910552762,384.8258035968248,380.16514915622366,383.1310119628906,52834400
2023-11-30T05:00:00Z,383.823219391,384.285680714,379.63154867,382.593269062,52834381
2023-12-01T00:00:00Z,382.0668274225255,384.8159433818808,380.4114580563647,384.2247314453125,40490100
2023-12-01T05:00:00Z,381.530591978,384.275841112,379.880097033,383.685464954,40490068
2023-12-04T00:00:00Z,380.43116662675254,380.93370129993264,377.0514465419392,380.6578063964844,51186900
2023-12-04T05:00:00Z,379.897217941,380.394117874,376.522234239,380.123528802,51186944
2023-12-05T00:00:00Z,378.7560970843749,382.8058433095871,378.5787124502714,381.6135864257813,42933000
2023-12-05T05:00:00Z,378.224485494,382.268562175,378.047372647,381.077970257,42932956
2023-12-06T00:00:00Z,384.5498955042343,384.64843584230624,379.061556510073,379.4064025878906,41994100
2023-12-06T05:00:00Z,384.010171841,384.108567867,378.529513176,378.873899268,41994072
2023-12-07T00:00:00Z,382.3821544599071,385.53523475354353,381.2884078381228,384.7075500488281,49593500
2023-12-07T05:00:00Z,381.845459262,384.994132104,380.75326337,384.167605483,49593545
2023-12-08T00:00:00Z,382.9733568864543,386.8654445057405,382.786139271799,386.4220581054687,46687500
2023-12-08T05:00:00Z,382.43583542,386.322478459,382.248981366,385.87969634,46687525
2023-12-11T00:00:00Z,385.998334821996,389.9889928166888,385.7914211700645,389.7229309082031,41198000
2023-12-11T05:00:00Z,385.456593427,389.441632492,385.249961772,389.175963221,41198021
2023-12-12T00:00:00Z,389.7623189939832,392.94498807118384,388.6291804291912,392.8267517089844,39221200
2023-12-12T05:00:00Z,389.215321632,392.393513281,388.083767329,392.27543805,39221152
2023-12-13T00:00:00Z,393.7629000232505,398.43341782409794,392.9943334222213,397.822509765625,55408100
2023-12-13T05:00:00Z,393.2102003,397.874171946,392.442612898,397.264116583,55408129
2023-12-14T00:00:00Z,399.0443534222716,400.3449837671013,394.4723459280101,397.4776611328125,55447800
2023-12-14T05:00:00Z,398.484227309,399.783054856,393.918651689,396.919730491,55447808
2023-12-15T00:00:00Z,398.25604602017006,400.58147183446255,397.6550010435614,399.3990478515625,62896600
2023-12-15T05:00:00Z,397.697059099,400.019106923,397.096843338,398.838453004,62896645
2023-12-18T00:00:00Z,399.7920202843143,402.8131909265067,399.46622076148566,401.9147338867187,46610000
2023-12-18T05:00:00Z,399.231107908,402.248042169,398.905752253,401.350849301,46609985
2023-12-19T00:00:00Z,402.3688831593652,404.0867952971535,402.1812915891065,403.96832275390625,35711900
2023-12-19T05:00:00Z,401.804375366,403.519887005,401.612119752,403.401575857,35711855
2023-12-20T00:00:00Z,403.16860430932405,405.2616995946524,397.78774528609546,397.9654541015625,54042400
2023-12-20T05:00:00Z,402.602975612,404.693040625,397.229677664,397.407144385,54042443
2023-12-21T00:00:00Z,401.8949646280869,402.9612777827171,399.3378317905533,402.595947265625,45568900
2023-12-21T05:00:00Z,401.331130776,402.395931104,398.777581843,402.031138399,45568914
2023-12-22T00:00:00Z,403.8104010104473,404.7680943647573,401.3223868927144,403.1982727050781,34314000
2023-12-22T05:00:00Z,403.243827661,404.200176103,400.758011859,402.632553399,34314003
2023-12-26T00:00:00Z,404.0571815388857,406.33786841215897,403.95844437499267,405.66650390625,22722500
2023-12-26T05:00:00Z,403.490309218,405.767798807,403.391716595,405.097368971,22722545
2023-12-27T00:00:00Z,405.9490452519644,406.7788194367867,405.08960720527585,406.4923400878906,31980500
2023-12-27T05:00:00Z,405.379334399,406.2054816,404.521127753,405.92187883,31980481
2023-12-28T00:00:00Z,407.64806147854006,407.8950191252155,405.9391037109151,406.2947082519531,27029200
2023-12-28T05:00:00Z,407.076018801,407.322629906,405.369469954,405.724589946,27029152
2023-12-29T00:00:00Z,406.2749991067649,406.6306338260502,402.62001354809854,404.5364074707031,42662100
2023-12-29T05:00:00Z,405.704861057,406.059981048,402.055016703,403.968718878,42662120
2024-01-02T00:00:00Z,400.90118445234873,401.1481421130462,395.369326823485,397.6907348632813,58026900
2024-01-02T05:00:00Z,400.338603412,400.585214517,394.81451466,397.132659047,58026946
2024-01-03T00:00:00Z,395.06310955186376,396.12009559564825,393.04795670596747,393.4825744628906,47002800
2024-01-03T05:00:00Z,394.50871689,395.56421242,392.496370273,392.930405818,47002803
2024-01-04T00:00:00Z,391.6156065789611,394.72726726631595,391.2402260881703,391.4575500488281,39432800
2024-01-04T05:00:00Z,391.066025864,394.173325787,390.691176985,390.908194757,39432797
2024-01-05T00:00:00Z,391.6254768256185,394.6976157049845,390.5289691180864,391.92181396484375,44922800
2024-01-05T05:00:00Z,391.075890309,394.143732455,389.980937002,391.371823635,44922810
2024-01-08T00:00:00Z,393.14677064971954,400.3085439534449,392.99860205888314,400.0220947265625,42473800
2024-01-08T05:00:00Z,392.595014715,399.74673676,392.446949408,399.460667879,42473796
2024-01-09T00:00:00Z,397.0190807547,401.7409107765287,396.8215025360647,400.8123474121094,39132900
2024-01-09T05:00:00Z,396.461876842,401.177081169,396.264587958,400.249823415,39132860
2024-01-10T00:00:00Z,401.12841775635377,404.5364155681049,400.2393761596448,403.5288391113281,33962800
2024-01-10T05:00:00Z,400.565485629,403.963786656,399.677685651,402.96254557,33962774
2024-01-11T00:00:00Z,404.8031476719886,406.1959925651025,399.3206692442593,404.3684997558594,54536200
2024-01-11T05:00:00Z,404.235058871,405.626340081,398.762265229,403.801023327,54536198
2024-01-12T00:00:00Z,405.4056713013919,406.245333338748,403.1830524563775,404.5758972167969,39595000
2024-01-12T05:00:00Z,404.836789968,405.675267725,402.617290023,404.008176655,39594952
2024-01-16T00:00:00Z,403.3411407940105,406.1169425811047,401.879140541304,404.5364074707031,43903000
2024-01-16T05:00:00Z,402.77512113,405.54702995,401.315183388,403.968718878,43903027
2024-01-17T00:00:00Z,401.2272248549982,402.6299276236626,398.0167749505994,402.2545471191406,54386000
2024-01-17T05:00:00Z,400.664130071,402.059948925,397.458185706,401.690032268,54385974
2024-01-18T00:00:00Z,405.5242901108884,408.5470499542549,404.1808546899271,407.9642333984375,59562500
2024-01-18T05:00:00Z,404.955163298,407.968751001,403.613697531,407.391681015,59562505
2024-01-19T00:00:00Z,410.16707226895505,416.2125914446626,409.58425576240296,416.0545349121094,70325100
2024-01-19T05:00:00Z,409.591452072,415.628491922,409.004517642,415.470660815,70325123
2024-01-22T00:00:00Z,418.2573876461551,419.5613313657799,415.9952469706817,416.5978393554687,44880600
2024-01-22T05:00:00Z,417.670431872,418.970072395,415.41147415,416.013205246,44880639
2024-01-23T00:00:00Z,417.2892673649532,418.54383150320854,415.4519169444807,418.3265075683594,33003800
2024-01-23T05:00:00Z,416.70371634,417.956500754,414.868929719,417.739482981,33003806
2024-01-24T00:00:00Z,422.2383723803859,424.6190480726647,420.1540338505478,420.64794921875,46948000
2024-01-24T05:00:00Z,421.645802884,424.023133937,419.564405158,420.057627368,46948016
2024-01-25T00:00:00Z,423.1471402830395,423.81888806396256,418.820467179713,421.16162109375,44367200
2024-01-25T05:00:00Z,422.553331751,423.224113956,418.232705191,420.570578467,44367205
2024-01-26T00:00:00Z,419.274865020307,421.0233145079284,418.0005549754572,418.6525268554687,37137000
2024-01-26T05:00:00Z,418.686469624,420.432476248,417.413956323,418.06500964,37137028
2024-01-29T00:00:00Z,419.1068791840833,423.137244927174,418.4549073684011,422.9396667480469,38694700
2024-01-29T05:00:00Z,418.518774073,422.543467307,417.867720756,422.346178423,38694724
2024-01-30T00:00:00Z,421.9025030173065,422.47543156579263,419.2156022755008,420.1243896484375,36739000
2024-01-30T05:00:00Z,421.310411782,421.882549545,418.627282959,419.534811826,36738956
2024-01-31T00:00:00Z,415.72853974147705,417.7239468242111,411.7179496692199,411.895751953125,64010600
2024-01-31T05:00:00Z,415.145134157,417.13765324,411.140169811,411.317729807,64010649
2024-02-01T00:00:00Z,413.69360908615386,417.23991752552706,412.7255241901297,416.7460021972656,51008600
2024-02-01T05:00:00Z,413.113058651,416.649461897,412.14634312,416.161171909,51008622
2024-02-02T00:00:00Z,418.6425959598453,425.00422743156474,417.6449075538832,423.7892150878906,59602400
2024-02-02T05:00:00Z,418.055145196,424.40784726,417.058836331,423.194520624,59602435
2024-02-05T00:00:00Z,423.8485036455597,424.3819104905602,419.8280256705213,423.2360534667969,39889200
2024-02-05T05:00:00Z,423.253707289,423.786387276,419.2388785,422.642111749,39889209
2024-02-06T00:00:00Z,424.38194285431695,424.98453527196295,420.045381652116,422.3865356445313,35846100
2024-02-06T05:00:00Z,423.786387276,424.388118372,419.455896272,421.793769547,35846134
2024-02-07T00:00:00Z,425.1722423676001,427.5627759324522,423.8682985252067,426.7330017089844,37712700
2024-02-07T05:00:00Z,424.575542812,426.962738308,423.273436177,426.134124995,37712661
2024-02-08T00:00:00Z,426.8515066116603,428.2838731760965,426.1699311674683,427.5232543945313,29889900
2024-02-08T05:00:00Z,426.252498326,427.682842735,425.571851676,426.923280531,29889892
2024-02-09T00:00:00Z,428.6592756499195,432.5216974781875,427.8690231128558,431.7314147949219,36943900
2024-02-09T05:00:00Z,428.057691614,431.909757074,427.268634723,431.125533761,36943905
2024-02-12T00:00:00Z,431.6227409321858,433.7959804927143,429.3606002277538,430.0422058105469,33203300
2024-02-12T05:00:00Z,431.017024874,433.187202598,428.758067153,429.438713802,33203305
2024-02-13T00:00:00Z,422.08027429051936,426.0217088939476,420.15399248569577,423.3348083496094,64491700
2024-02-13T05:00:00Z,421.487971777,425.423885013,419.56489838,422.740756191,64491669
2024-02-14T00:00:00Z,426.01182802232114,428.3727274460472,423.6607864050378,427.9479675292969,45092700
2024-02-14T05:00:00Z,425.414020569,427.771622733,423.066184205,427.347451632,45092722
2024-02-15T00:00:00Z,428.6395040700747,429.6866021844067,426.0809960674444,429.2223205566406,38796100
2024-02-15T05:00:00Z,428.037962726,429.083593811,425.483071678,428.619964934,38796137
2024-02-16T00:00:00Z,429.5976969841717,429.6964559347723,424.6190219381849,425.3302612304687,53716500
2024-02-16T05:00:00Z,428.994813813,429.093458255,424.023133937,424.733373919,53716475
2024-02-20T00:00:00Z,423.3348244505183,424.8462041800542,418.34629159155463,422.1198120117187,53999500
2024-02-20T05:00:00Z,422.740756191,424.250016153,417.75921187,421.527429554,53999452
2024-02-21T00:00:00Z,419.3835049137998,420.5195343175768,416.499056197841,420.43060302734375,49779000
2024-02-21T05:00:00Z,418.794978511,419.929389594,415.914560804,419.840609596,50179697
2024-02-22T00:00:00Z,429.2025325203063,433.7761932856845,428.43202581368143,432.7389831542969,53887800
2024-02-22T05:00:00Z,428.600236045,433.16747371,427.830809398,432.131707069,53887751
2024-02-23T00:00:00Z,434.29972972450184,435.228292926846,430.486717969249,431.4646606445313,39853900
2024-02-23T05:00:00Z,433.690289253,434.617547007,429.882613791,430.859193767,39853861
2024-02-26T00:00:00Z,432.27466695240753,433.2624975303855,431.04973653630094,431.2374267578125,33043200
2024-02-26T05:00:00Z,431.668078192,432.654522612,430.439954889,430.632311551,33043238
2024-02-27T00:00:00Z,432.343905144652,432.6599880790419,429.73601744906733,432.2747497558594,33713200
2024-02-27T05:00:00Z,431.737129301,432.052791515,429.12798381,431.668078192,33713220
2024-02-28T00:00:00Z,430.1311095062372,431.3560400595294,429.0148560047162,429.9730529785156,32938800
2024-02-28T05:00:00Z,429.5274938,430.750684881,428.412811606,429.369662693,32938821
2024-02-29T00:00:00Z,432.8970655274805,434.7344161890731,429.7261072238398,433.6576843261719,42495200
2024-02-29T05:00:00Z,432.289538176,434.124324797,429.123051588,433.04910038,42495152
2024-03-01T00:00:00Z,434.54669033889377,441.1453917460865,434.4874229124854,440.1871948242187,43853000
2024-03-01T05:00:00Z,433.936900358,440.526349083,433.877713692,439.569497996,43853029
2024-03-04T00:00:00Z,440.1872243459957,440.6120144586767,438.369619473107,438.6165771484375,34325700
2024-03-04T05:00:00Z,439.569497996,439.993669096,437.754440263,438.001051368,34325687
2024-03-05T00:00:00Z,435.5740982004313,435.5839861548268,428.37280351125247,430.74359130859375,57917100
2024-03-05T05:00:00Z,434.962802554,434.972666999,427.771622733,430.139089341,57917135
2024-03-06T00:00:00Z,434.9615749173212,436.61123512944897,431.5733232108432,433.4501953125,46234500
2024-03-06T05:00:00Z,434.351207014,435.998569195,430.967702653,432.841947051,46234460
2024-03-07T00:00:00Z,437.03607945304515,441.2837394812956,435.4950357987029,440.0292053222656,44526700
2024-03-07T05:00:00Z,436.422740296,440.664451302,434.883887001,439.411666889,44526666
2024-03-08T00:00:00Z,440.38480818808466,443.1803859905229,433.0057115488,433.6774291992187,72096000
2024-03-08T05:00:00Z,439.76678688,442.558424588,432.398047062,433.068829268,72095957
2024-03-11T00:00:00Z,432.18582612227107,433.32182541621614,430.1410093054493,432.0672912597656,45860000
2024-03-11T04:00:00Z,431.579298194,432.713709277,429.537358244,431.460924863,45859992
2024-03-12T00:00:00Z,434.3788187851117,438.6165909215912,431.1485929967864,438.260986328125,55300900
2024-03-12T04:00:00Z,433.769204806,438.001051368,430.543531553,437.645931377,55300909
2024-03-13T00:00:00Z,437.2632129690602,437.2829888748034,433.7761721257406,434.8924255371094,37928700
2024-03-13T04:00:00Z,436.649622513,436.669351401,433.16747371,434.282155905,37928691
2024-03-14T00:00:00Z,436.12725598238745,436.6508050498592,431.079455553198,433.7959899902344,52195200
2024-03-14T04:00:00Z,435.51521143,436.038026972,430.474480443,433.187202598,52195208
2024-03-15T00:00:00Z,430.76329508345543,433.52920869281746,427.4738023180454,428.6394653320313,73069800
2024-03-15T04:00:00Z,430.158818229,432.924117871,426.875635266,428.037962726,73069824
2024-03-18T00:00:00Z,433.96405176519625,436.2489556354407,432.4902172279187,432.7276306152344,47323800
2024-03-18T04:00:00Z,433.355464489,435.637166499,431.883717305,432.120777254,47323802
2024-03-19T00:00:00Z,430.7196534725341,434.2113053461235,428.6226579939233,433.8057556152344,43004100
2024-03-19T04:00:00Z,430.115645184,433.602401936,428.021615634,433.197424523,43004105
2024-03-20T00:00:00Z,435.0025726505381,439.2855216334525,433.3012561785642,438.94921875,43653500
2024-03-20T04:00:00Z,434.392601766,438.669558348,432.693672131,438.33372342,43653490
2024-03-21T00:00:00Z,444.0038011516447,444.4587956988073,440.82867997846824,441.0264892578125,39345700
2024-03-21T04:00:00Z,443.381124837,443.835489739,440.210448017,440.407997975,39345652
2024-03-22T00:00:00Z,440.51210455310553,442.62884172673427,439.6614311607801,441.5309143066406,28253900
2024-03-22T04:00:00Z,439.894368085,442.008152632,439.044903268,440.911750367,28253899
2024-03-25T00:00:00Z,438.7316200402831,441.4122025295857,437.73261238861454,439.9284973144531,27789200
2024-03-25T04:00:00Z,438.116418467,440.793220392,437.118791181,439.31159571,27789154
2024-03-26T00:00:00Z,441.45172812690225,442.3716482638866,438.2766075490945,438.5041198730469,34142000
2024-03-26T04:00:00Z,440.832730384,441.746398938,437.662053564,437.889236016,34142043
2024-03-27T00:00:00Z,441.59029838868184,441.6892181200022,437.1292811248904,439.9977722167969,41359200
2024-03-27T04:00:00Z,440.971015354,441.069790333,436.51626381,439.380738196,41359240
2024-03-28T00:00:00Z,439.948269985988,440.7989433409665,438.83054055878017,439.1866455078125,36839600
2024-03-28T04:00:00Z,439.331350706,440.180815524,438.215193446,438.570783369,36839641
2024-04-01T00:00:00Z,440.13625746716383,442.6684455730439,438.2074283944994,440.1164855957031,38729000
2024-04-01T04:00:00Z,439.519023166,442.047662623,437.592911079,439.49926817,38728951
2024-04-02T00:00:00Z,435.2993055474477,436.63464625203727,433.27158720103864,436.318115234375,44259700
2024-04-02T04:00:00Z,434.688926703,436.022388916,432.664039637,435.706308984,44259665
2024-04-03T00:00:00Z,434.19151999810595,439.17677836679945,434.1816491557462,437.29742431640625,39949800
2024-04-03T04:00:00Z,433.58264694,438.560905872,433.572769442,436.684181274,39949750
2024-04-04T00:00:00Z,441.48144434714544,442.09473456067286,430.3833274974707,430.61083984375,57267700
2024-04-04T04:00:00Z,440.862362878,441.474767746,429.779810256,430.006992707,57267660
2024-04-05T00:00:00Z,432.0351718909734,438.3557705556081,431.22407246732575,435.6850891113281,54744600
2024-04-05T04:00:00Z,431.429352402,437.741073547,430.619397576,435.07414912,54744634
2024-04-08T00:00:00Z,436.6149191708532,437.6930747609312,434.42893509137633,435.813720703125,28144900
2024-04-08T04:00:00Z,436.002633921,437.07928119,433.819706889,435.202556592,28144944
2024-04-09T00:00:00Z,438.1480760138876,438.4250331404943,432.6880511524698,437.426025390625,39443600
2024-04-09T04:00:00Z,437.533646092,437.810216033,432.081267262,436.812588747,39521568
2024-04-10T00:00:00Z,432.25279752010994,434.4684543741748,431.5406177904376,433.60791015625,61502200
2024-04-10T04:00:00Z,431.646657356,433.859216881,430.935477508,432.999874565,61502191
2024-04-11T00:00:00Z,435.4774158620286,441.4814538292868,433.20238290855747,440.5318908691406,45474600
2024-04-11T04:00:00Z,434.866721664,440.862362878,432.594897152,439.914123081,45474550
2024-04-12T00:00:00Z,436.3082769159413,437.43587724458433,432.1341181408084,433.5090026855469,53665000
2024-04-12T04:00:00Z,435.696431486,436.822466245,431.528127381,432.901099586,53664995
2024-04-15T00:00:00Z,437.2578557574557,437.3468744561604,425.5365774509986,426.3773498535156,63453600
2024-04-15T04:00:00Z,436.644671283,436.733568764,424.939836295,425.779423615,63453622
2024-04-16T00:00:00Z,426.21909169442733,429.04803897510334,425.0321455051185,426.41693115234375,47619000
2024-04-16T04:00:00Z,425.621383649,428.446348042,424.436083903,425.818933606,47618961
2024-04-17T00:00:00Z,428.3951937854625,428.4149656563119,420.2842591999878,421.2140502929687,56880500
2024-04-17T04:00:00Z,427.794433182,427.814188178,419.694884921,420.623369721,56880536
2024-04-18T00:00:00Z,421.8569836696365,423.5879732317038,418.236739020357,418.8104553222656,46549400
2024-04-18T04:00:00Z,421.265407084,422.993969213,417.65024286,418.223137737,46549363
2024-04-19T00:00:00Z,417.63334168227425,418.1575829798095,408.582745982608,410.14556884765625,75231000
2024-04-19T04:00:00Z,417.047715489,417.571222877,408.009804929,409.570449594,75230990
2024-04-22T00:00:00Z,412.7767183248701,416.6046733073807,409.44333179355846,414.2703247070313,47807700
2024-04-22T04:00:00Z,412.19786403,416.020455709,408.869147244,413.68936621,47807663
2024-04-23T00:00:00Z,416.19905595938496,421.6492090659688,414.31970218727054,420.4523620605469,44384700
2024-04-23T04:00:00Z,415.615478296,421.057979628,413.740235324,419.862802385,44384741
2024-04-24T00:00:00Z,423.5483830821884,425.06176115461966,419.59183594526394,421.8767395019531,48440300
2024-04-24T04:00:00Z,422.954459221,424.465716397,419.003460069,421.285162079,48440305
2024-04-25T00:00:00Z,414.68574734246255,420.6997166428322,413.59772089332074,419.8391723632813,57392200
2024-04-25T04:00:00Z,414.104221121,420.109739832,413.017696354,419.250397516,57392169
2024-04-26T00:00:00Z,422.9747359747383,427.8511738733555,422.2823582242487,426.3180236816406,41874900
2024-04-26T04:00:00Z,422.381564344,427.251170799,421.690139492,425.720158628,41874907
2024-04-29T00:00:00Z,428.42488809783015,429.0480492004489,425.3091127708003,428.0490112304687,30022200
2024-04-29T04:00:00Z,427.824065676,428.446348042,424.712653844,427.448720757,30022161
2024-04-30T00:00:00Z,426.4663662313873,427.86105287563,419.89851294550385,419.9776306152344,43665900
2024-04-30T04:00:00Z,425.868321096,427.261048297,419.309662503,419.388682486,43665934
2024-05-01T00:00:00Z,418.5533076308933,425.4673956572168,416.0903662068146,416.9410095214844,52251700
2024-05-01T04:00:00Z,417.966322792,424.87069381,415.50682582,416.356290637,52251707
2024-05-02T00:00:00Z,420.6798568179414,423.1625997737883,416.0606049995212,422.2624816894531,36559000
2024-05-02T04:00:00Z,420.089984836,422.569236804,415.477193326,421.670384497,36559007
2024-05-03T00:00:00Z,429.7206178316715,431.73846546858186,427.92038151036974,430.7493286132813,48515300
2024-05-03T04:00:00Z,429.118017898,431.133027466,427.320313284,430.145277678,48515252
2024-05-06T00:00:00Z,432.5495329935745,435.5565174735854,431.7780074570127,435.4674987792969,30227200
2024-05-06T04:00:00Z,431.942982292,434.945741647,431.172537457,434.856844167,30227200
2024-05-07T00:00:00Z,435.9125894513008,437.16878229039776,434.80473090539914,435.5367126464844,30996100
2024-05-07T04:00:00Z,435.301331571,436.555773802,434.195051809,434.925986652,30996094
2024-05-08T00:00:00Z,432.9155500947103,436.684159179944,432.7968283132177,435.2795715332031,24896700
2024-05-08T04:00:00Z,432.308449713,436.071776406,432.189919739,434.669171707,24896723
2024-05-09T00:00:00Z,435.54661913008255,436.8028422580396,433.69693803654405,436.2291259765625,24580100
2024-05-09T04:00:00Z,434.93586415,436.19030638,433.088772046,435.617411503,24580121
2024-05-10T00:00:00Z,437.73267013361465,439.4834316514472,435.7148223227463,437.25787353515625,27116600
2024-05-10T04:00:00Z,437.118791181,438.867108306,435.102793864,436.644671283,27116566
2024-05-13T00:00:00Z,439.16687233072867,439.26579205563456,436.85229566102873,438.2667541503906,22994200
2024-05-13T04:00:00Z,438.551028374,438.649803352,436.23969387,437.652176067,22994192
2024-05-14T00:00:00Z,437.8414172762935,441.6199272591331,437.65347886134185,441.0857849121094,34478300
2024-05-14T04:00:00Z,437.227443658,440.995709099,437.039771198,440.467262962,34478321
2024-05-15T00:00:00Z,443.5586291074348,448.2273562332633,442.0452509387902,447.9800720214844,41464700
2024-05-15T04:00:00Z,442.936637432,447.598816432,441.425380257,447.351878985,41464651
2024-05-16T00:00:00Z,447.7921494818684,449.75065137557704,446.90193232511433,447.0700988769531,34780400
2024-05-16T04:00:00Z,447.164206525,449.119951105,446.275231716,446.44314918,34780412
2024-05-17T00:00:00Z,447.1986212386576,447.80201037946864,444.65656262066153,446.8524475097656,35803700
2024-05-17T04:00:00Z,446.571556652,447.174084023,444.032940922,446.225844226,35803719
2024-05-20T00:00:00Z,447.07012822592424,450.63099708670217,446.8821897910864,449.9682922363281,24474200
2024-05-20T04:00:00Z,446.44314918,449.999048417,446.250537971,449.337256059,24474226
2024-05-21T00:00:00Z,448.1185442189269,451.0364796666063,447.92070478454946,450.8485412597656,23167700
2024-05-21T04:00:00Z,447.490163955,450.40402583,447.292613997,450.21635337,23167720
2024-05-22T00:00:00Z,451.1057864827058,451.857540210049,448.1581475603907,450.7595825195313,25120000
2024-05-22T04:00:00Z,450.473168315,451.223858154,447.529673947,450.127455889,25120040
2024-05-23T00:00:00Z,455.5469794693014,455.5766523683539,446.9415066973637,448.7318420410156,40899200
2024-05-23T04:00:00Z,454.908164863,454.937797357,446.315038032,448.102568824,40899230
2024-05-24T00:00:00Z,450.34417283824854,454.2413748570816,448.6428560676612,452.9752807617187,29669500
2024-05-24T04:00:00Z,449.712600978,453.604335143,448.011103193,452.340015414,29669461
2024-05-28T00:00:00Z,454.1918939311823,454.745808203998,451.72895260433864,454.68646240234375,26216800
2024-05-28T04:00:00Z,453.554947653,454.108087535,451.095450681,454.048822547,26216815
2024-05-29T00:00:00Z,450.5320654894618,453.26206268217703,450.3935718404809,451.4816284179687,29739200
2024-05-29T04:00:00Z,449.900273438,452.626462853,449.761988467,450.848513234,29739238
2024-05-30T00:00:00Z,450.551786043758,450.690279676965,445.319244225753,446.6446838378906,30536800
2024-05-30T04:00:00Z,449.920028434,450.058313404,444.694832055,446.018416771,30714121
2024-05-31T00:00:00Z,446.8722569938479,447.5646648820336,438.2469822206981,445.8138732910156,55941300
2024-05-31T04:00:00Z,446.245599222,446.937024074,437.627482322,445.188706949,55941301
2024-06-03T00:00:00Z,449.6320012581915,450.631009074835,443.03444436352345,448.2076416015625,32997500
2024-06-03T04:00:00Z,449.001421131,449.999048417,442.413130045,447.579061436,32997467
2024-06-04T00:00:00Z,447.9504072512339,450.63095970345694,446.22931876556424,449.4341125488281,23767400
2024-06-04T04:00:00Z,447.322246491,449.994109668,445.604648385,448.803871173,23767436
2024-06-05T00:00:00Z,453.004931151471,458.5737465768754,449.47370515181433,458.49462890625,33817400
2024-06-05T04:00:00Z,452.369647908,457.930679214,448.841405665,457.851659231,33817409
2024-06-06T00:00:00Z,459.1771371560527,459.4936682116241,457.1691904379951,458.33636474609375,21966800
2024-06-06T04:00:00Z,458.533206585,458.849286517,456.528074515,457.693619265,21966820
2024-06-07T00:00:00Z,457.97039057899616,460.6806160602475,456.8229881379394,457.9308166503906,25829700
2024-06-07T04:00:00Z,457.328151844,460.034586263,456.182362089,457.288641852,25829720
2024-06-10T00:00:00Z,456.8032358696626,460.13662257873057,456.5163777005726,459.780517578125,20660800
2024-06-10T04:00:00Z,456.162607094,459.491323879,455.876159655,459.135733956,20719771
2024-06-11T00:00:00Z,458.50450772730306,463.0545433124852,457.0109014117994,462.9358215332031,22053300
2024-06-11T04:00:00Z,457.861536729,462.405185754,456.370034549,462.286655779,22053281
2024-06-12T00:00:00Z,466.8626674378341,471.32368405453144,466.1702897911525,468.9992065429687,34532600
2024-06-12T04:00:00Z,466.208022438,470.662773982,465.516597586,468.34156198,34532585
2024-06-13T00:00:00Z,472.530457651749,473.1931926237643,469.2663181179799,471.5413208007813,25859000
2024-06-13T04:00:00Z,471.867828723,472.529621081,468.608254422,470.880078935,25859014
2024-06-14T00:00:00Z,471.3435187046706,474.0537744176001,470.8786231404357,473.9845275878906,23372600
2024-06-14T04:00:00Z,470.682528977,473.388963396,470.218286577,473.319820911,23372620
2024-06-17T00:00:00Z,474.25156830496593,481.5711753074278,472.94593054199913,479.7907409667969,37054500
2024-06-17T04:00:00Z,473.586513354,480.895861785,472.282683634,479.117912167,37054504
2024-06-18T00:00:00Z,479.7412776538949,480.6215937616727,478.1784245124455,479.9390869140625,24438600
2024-06-18T04:00:00Z,479.068524677,479.947621989,477.507880012,479.266074635,24438565
2024-06-20T00:00:00Z,481.1359858400699,481.5514064353084,474.4098367852232,476.23974609375,33918700
2024-06-20T04:00:00Z,480.461251878,480.874822715,473.74455332,475.571890428,33918683
2024-06-21T00:00:00Z,475.9627524549559,477.29809320933606,473.47013851655726,474.9637145996094,37456800
2024-06-21T04:00:00Z,475.295320487,476.623843952,472.806191021,474.297693201,39432913
2024-06-24T00:00:00Z,473.73725096126896,475.47099181592733,469.41777397286,469.5564575195313,37751000
2024-06-24T04:00:00Z,473.072422182,474.80372993,468.758992593,468.897497213,37750969
2024-06-25T00:00:00Z,471.6468723532994,475.2233175695722,470.70568664689,474.9261169433594,29014700
2024-06-25T04:00:00Z,470.984959697,474.556400251,470.04510692,474.259604637,29250209
2024-06-26T00:00:00Z,474.1038235842448,476.45182952740066,473.6877426969305,475.9069213867187,22737100
2024-06-26T04:00:00Z,473.438470106,475.783155455,473.022956246,475.239030163,22737105
2024-06-27T00:00:00Z,475.6592291517392,478.611553035427,474.84684046619515,477.1353759765625,26222100
2024-06-27T04:00:00Z,474.991700485,477.93987025,474.18045914,476.465785367,26222135
2024-06-28T00:00:00Z,477.9279578687232,482.67346269795496,474.0146450158968,474.6585998535156,34881600
2024-06-28T04:00:00Z,477.257240338,481.996076973,473.349431421,473.992488585,34881581
2024-07-01T00:00:00Z,475.57999748371265,478.0072166007963,471.8351183529178,477.4425354003906,24898300
2024-07-01T04:00:00Z,474.912554988,477.336385835,471.167983659,476.772474168,24898336
2024-07-02T00:00:00Z,475.9465697445,482.5149760168708,475.81777272205466,482.4555358886719,26723600
2024-07-02T04:00:00Z,475.278602912,481.837785979,475.149991479,481.778426856,26723559
2024-07-03T00:00:00Z,481.7025280801993,486.6065496921619,481.7025280801993,486.4777526855469,18064900
2024-07-03T04:00:00Z,481.026544634,485.923672264,481.026544634,485.795060831,18064880
2024-07-05T00:00:00Z,487.319884695154,491.9861158127836,487.0226538424265,491.5502014160156,28495900
2024-07-05T04:00:00Z,486.635981737,491.295672875,486.339186123,490.860372642,28495936
2024-07-08T00:00:00Z,491.916766364616,493.2740329338848,490.8963372463012,492.71923828125,22109400
2024-07-08T04:00:00Z,491.226420565,492.576840609,490.207422291,492.027768723,22109420
2024-07-09T00:00:00Z,494.2350191565913,495.3545252210374,491.6294495164821,493.1452331542969,25614500
2024-07-09T04:00:00Z,493.541426354,494.6593565,490.939518139,492.45317577,25701253
2024-07-10T00:00:00Z,495.06724371399383,498.84184302588216,493.7595306592135,498.28704833984375,28046900
2024-07-10T04:00:00Z,494.372454073,498.141758369,493.066553372,497.58773989,28046901
2024-07-11T00:00:00Z,498.3960416391144,498.60408208769064,486.1706947905551,487.3595275878906,49966600
2024-07-11T04:00:00Z,497.696564948,497.904321878,485.483425436,486.675554486,49966590
2024-07-12T00:00:00Z,487.9340904027109,494.9780167524356,487.4684559718065,490.2226257324219,37109400
2024-07-12T04:00:00Z,487.249359339,494.283415389,486.784379544,489.534685566,37109399
2024-07-15T00:00:00Z,491.99600089511654,496.3551448499589,489.49942500337625,491.540283203125,31151400
2024-07-15T04:00:00Z,491.305566062,495.6585684,488.812482906,490.850479454,31151386
2024-07-16T00:00:00Z,492.99662197224063,493.80901063185854,488.5681514050571,491.728515625,25950600
2024-07-16T04:00:00Z,492.304777963,493.116019307,487.882523315,491.03845001,25950622
2024-07-17T00:00:00Z,483.7433788856669,484.2585366703108,477.2245271091295,477.2938537597656,56268800
2024-07-17T04:00:00Z,483.064541183,483.577404004,476.554824052,476.624076362,56268768
2024-07-18T00:00:00Z,481.0189866258677,481.197307007146,471.8450107133488,475.03509521484375,49347400
2024-07-18T04:00:00Z,480.343914722,480.521992091,471.18282344,474.368429696,49347361
2024-07-19T00:00:00Z,474.69826118608114,477.2146707760449,469.53667521921534,470.8245849609375,42042900
2024-07-19T04:00:00Z,474.032061333,476.544930864,468.877710839,470.163825166,42042856
2024-07-22T00:00:00Z,476.6895495582666,478.8592047028754,473.2715913896256,477.8387756347656,40300000
2024-07-22T04:00:00Z,476.020591947,478.187199928,472.604276567,477.168201654,40299999
2024-07-23T00:00:00Z,476.93720956859266,479.929139778085,475.6790200591189,476.154541015625,23282500
2024-07-23T04:00:00Z,476.267921625,479.255664138,475.011486859,475.486359842,23282454
2024-07-24T00:00:00Z,469.4177730491382,469.7843305630981,458.2128560235188,459.07476806640625,58818600
2024-07-24T04:00:00Z,468.758992593,469.125040517,457.569797949,458.430505229,58818629
2024-07-25T00:00:00Z,459.4116141087208,463.5924076204099,451.39678130888416,454.0122375488281,59256800
2024-07-25T04:00:00Z,458.766873592,462.941798561,450.763285204,453.375086606,59256759
2024-07-26T00:00:00Z,458.35151444667815,461.60103876896824,455.4982676790012,458.6685485839844,39992100
2024-07-26T04:00:00Z,457.708302569,460.953267948,454.859064676,458.024884557,39992132
2024-07-29T00:00:00Z,461.383116315446,463.5626883809726,457.3311198139349,459.5899353027344,28218500
2024-07-29T04:00:00Z,460.735617831,462.912118999,456.684357701,458.94495096,28218476
2024-07-30T00:00:00Z,461.5218203822993,462.2252153474391,449.93051231846664,453.2791137695313,41317200
2024-07-30T04:00:00Z,460.874122451,461.577528055,449.299093508,452.642990758,41317210
2024-07-31T00:00:00Z,463.5230477398301,468.39734966717026,462.076620963173,466.6933288574219,44552100
2024-07-31T04:00:00Z,462.872546251,467.739994319,461.42814093,466.038366132,44552134
2024-08-01T00:00:00Z,467.3769292797384,471.1316949567563,451.74354107209894,455.3893432617187,56653900
2024-08-01T04:00:00Z,466.720996044,470.470513967,451.109546753,454.750239617,56653900
2024-08-02T00:00:00Z,446.7008510299297,449.35594422368536,440.3404851566056,444.5807189941406,66323200
2024-08-02T04:00:00Z,446.073914504,448.725288655,439.722488367,443.956772458,66323244
2024-08-05T00:00:00Z,420.76401989618296,438.1807014186111,419.51574708871345,431.3249816894531,87483500
2024-08-05T04:00:00Z,420.173550598,437.565773572,418.927009019,430.719688078,87483452
2024-08-06T00:00:00Z,433.16773136287384,442.91630484411263,430.5225248808415,435.44635009765625,63164400
2024-08-06T04:00:00Z,432.559820884,442.29471702,429.918339921,434.835253924,63164429
2024-08-07T00:00:00Z,442.3417028514364,444.82839240368696,430.33431322132714,430.7305908203125,54929200
2024-08-07T04:00:00Z,441.720912167,444.204102137,429.730369365,430.126096851,54929163
2024-08-08T00:00:00Z,436.9621027581156,444.8184177575404,433.0884269964404,443.906982421875,47890100
2024-08-08T04:00:00Z,436.348911555,444.194208949,432.480675387,443.284035733,47890071
2024-08-09T00:00:00Z,442.5893651317929,447.8599446984154,441.46985903291545,446.2252807617187,33574000
2024-08-09T04:00:00Z,441.968241845,447.231417398,440.850311699,445.599041522,33573976
2024-08-12T00:00:00Z,447.1961655445336,450.1484591172227,444.3825252809175,447.1862487792969,27795000
2024-08-12T04:00:00Z,446.568573861,449.516743625,443.763459582,446.558680673,27795006
2024-08-13T00:00:00Z,451.5849931060486,458.54967631273865,451.4462793308009,458.28216552734375,40084500
2024-08-13T04:00:00Z,450.951255759,457.906166312,450.812751139,457.639050259,40084457
2024-08-14T00:00:00Z,459.2035379429091,460.7886481545662,454.1409992347584,458.4307861328125,34733700
2024-08-14T04:00:00Z,458.559116662,460.14133408,453.503698039,457.787448066,34733746
2024-08-15T00:00:00Z,464.4047599523792,470.408454066384,464.0282856953889,470.0121765136719,38280600
2024-08-15T04:00:00Z,463.753039905,469.748311306,463.377098794,469.352583821,38280565
2024-08-16T00:00:00Z,468.2289340511398,471.9837300381218,467.2679450064729,470.6165466308594,38383600
2024-08-16T04:00:00Z,467.571810138,471.32132806,466.612170986,469.956068236,38383623
2024-08-19T00:00:00Z,470.75522206656456,476.838159775864,468.9719276760101,476.7985229492187,23737700
2024-08-19T04:00:00Z,470.094572856,476.168989754,468.313799172,476.129417005,23737674
2024-08-20T00:00:00Z,475.8871033026028,478.4530361414534,474.1038088531109,475.7979431152344,29209300
2024-08-20T04:00:00Z,475.219243789,477.781579256,473.438470106,475.130205105,29209340
2024-08-21T00:00:00Z,476.5805497081169,479.86971082600905,474.86664249742586,478.01708984375,25658800
2024-08-21T04:00:00Z,475.911766888,479.196305015,474.200245515,477.346279022,25658787
2024-08-22T00:00:00Z,480.33537571180096,481.0288841455253,469.4078560191765,470.4382019042969,37739600
2024-08-22T04:00:00Z,479.66128481,480.35380791,468.749099406,469.777990868,37739576
2024-08-23T00:00:00Z,474.78736521575286,478.2548466699663,470.864166093088,475.5403137207031,36061500
2024-08-23T04:00:00Z,474.121100018,477.583715513,470.203397914,474.87298224,36061508
2024-08-26T00:00:00Z,474.9954750129997,475.9168271905872,468.8431499287544,470.9236450195313,27452600
2024-08-26T04:00:00Z,474.328856947,475.24892335,468.18518774,470.262757037,27452641
2024-08-27T00:00:00Z,469.28896037364865,473.400396779738,467.32734562030106,472.3304443359375,27510000
2024-08-27T04:00:00Z,468.63038116,472.736053819,466.671530109,471.667589609,27510003
2024-08-28T00:00:00Z,471.864808107776,472.5880063433666,463.5428583776521,466.970703125,37372400
2024-08-28T04:00:00Z,471.202609814,471.924812475,462.892332625,466.315375372,37372436
2024-08-29T00:00:00Z,468.8827928484705,473.4895840302983,465.00911671200544,466.2871398925781,41081500
2024-08-29T04:00:00Z,468.224760488,472.825092504,464.358502958,465.63274546,41081465
2024-08-30T00:00:00Z,470.6263875282429,472.4690916607698,466.1384771993043,471.8449401855469,33466500
2024-08-30T04:00:00Z,469.965961423,471.806094229,465.484347653,471.18282344,33466473
2024-09-03T00:00:00Z,468.8035388395337,468.9323056206166,455.1416524496019,457.5193481445313,44985200
2024-09-03T04:00:00Z,468.145614991,468.274226424,454.503008871,456.87727485,44985219
2024-09-04T00:00:00Z,454.40852713775496,460.1348241601613,453.477258224592,456.3304748535156,32505100
2024-09-04T04:00:00Z,453.770814091,459.489076252,452.840854501,455.690092394,32505102
2024-09-05T00:00:00Z,454.70569491267526,461.03630947784416,453.68526588800313,456.7564697265625,34452400
2024-09-05T04:00:00Z,454.067609705,460.389356281,453.047622112,456.115499441,34452385
2024-09-06T00:00:00Z,456.05310901273066,456.9348546285424,444.0259161994411,444.5212707519531,50624400
2024-09-06T04:00:00Z,455.413083155,456.293576809,443.402753979,443.897413335,50624385
2024-09-09T00:00:00Z,448.8506841381575,451.2283800463581,445.64079617378894,450.2376708984375,32981200
2024-09-09T04:00:00Z,448.220736111,450.595101022,445.018734866,449.605782309,32981169
2024-09-10T00:00:00Z,452.0010913798349,454.90389190042566,448.02836861259885,454.3986206054687,29680300
2024-09-10T04:00:00Z,451.366769619,454.265473448,447.399601579,453.760920904,29680319
2024-09-11T00:00:00Z,455.6369852193334,465.00908400490187,447.0871616105351,464.26605224609375,57843000
2024-09-11T04:00:00Z,454.997569295,464.35652432,446.459748802,463.614535286,57842992
2024-09-12T00:00:00Z,464.29581638811914,469.6357529807418,462.5125520912894,468.8233642578125,40067800
2024-09-12T04:00:00Z,463.644214847,468.97664271,461.862550777,468.165401365,40175456
2024-09-13T00:00:00Z,468.0902315957997,472.1025912298367,467.8623576257768,470.9236450195313,29111800
2024-09-13T04:00:00Z,467.433305518,471.440046305,467.205762214,470.262757037,29111849
2024-09-16T00:00:00Z,468.79361628971213,469.4573744200276,465.524288528779,468.8431396484375,22585600
2024-09-16T04:00:00Z,468.135721804,468.79846641,464.870970051,468.18518774,22585596
2024-09-17T00:00:00Z,471.8647931061313,473.1626194637402,466.5942140254684,469.0907897949219,30084400
2024-09-17T04:00:00Z,471.202609814,472.498617328,465.939434261,468.432517418,30084438
2024-09-18T00:00:00Z,470.2895966560615,474.38119962315574,466.4555272479723,467.0598754882813,39909200
2024-09-18T04:00:00Z,469.629593061,473.715479345,465.800929641,466.404414056,39909215
2024-09-19T00:00:00Z,478.12607832269657,481.7124704668982,476.0257799819862,478.8691101074219,52782500
2024-09-19T04:00:00Z,477.45510408,481.036437821,475.357748409,478.197093115,52782523
2024-09-20T00:00:00Z,478.0072259983105,479.19608901693704,473.85615243309553,477.9577026367187,34577700
2024-09-20T04:00:00Z,477.336385835,478.52356829,473.191140427,477.286919899,34577663
2024-09-23T00:00:00Z,479.1352933813507,480.3158962480575,477.7959506872309,479.2245788574219,24843000
2024-09-23T04:00:00Z,479.135921693,480.316523715,477.796583264,479.225210921,24842972
2024-09-24T00:00:00Z,480.6333475885268,482.4885720219182,476.3772551624619,481.5361633300781,25952600
2024-09-24T04:00:00Z,480.633996528,482.489228278,476.377876631,481.536809839,25952637
2024-09-25T00:00:00Z,480.91111874577587,483.9370455260504,480.7325477988355,481.9826049804687,26549900
2024-09-25T04:00:00Z,480.911785239,483.937697986,480.733206782,481.983255982,26549866
2024-09-26T00:00:00Z,489.4729790250894,489.80038938586057,481.96276544725106,485.6037902832031,32020200
2024-09-26T04:00:00Z,489.473630159,489.801023998,481.963413932,485.604430253,32020206
2024-09-27T00:00:00Z,486.6256530479584,486.76456175281504,481.72467055232573,482.9052734375,22851100
2024-09-27T04:00:00Z,486.62629587,486.765190225,481.725309322,482.905911345,22851120
2024-09-30T00:00:00Z,481.9429538811356,484.55218506630086,479.10555878077656,484.2148742675781,30281100
2024-09-30T04:00:00Z,481.943571881,484.552801561,479.106158616,484.215486697,30330605
2024-10-01T00:00:00Z,483.8477701398877,484.14538839099305,473.62910955506385,477.4685363769531,42735400
2024-10-01T04:00:00Z,483.848408758,484.14603952,473.629752596,477.469189425,42735424
2024-10-02T00:00:00Z,476.5657209152366,480.05793653831387,473.9465894744548,478.1431884765625,23744000
2024-10-02T04:00:00Z,476.566376114,480.058577055,473.947225408,478.143819153,23744049
2024-10-03T00:00:00Z,475.9506174766113,480.722621801194,475.2065415805555,477.7860107421875,25337200
2024-10-03T04:00:00Z,475.951272539,480.718325244,475.207195634,477.786662238,25337220
2024-10-04T00:00:00Z,483.5997116347102,484.02630785751336,478.579682300566,483.4707336425781,30686600
2024-10-04T04:00:00Z,483.600383123,484.026987215,478.575383757,483.471409792,30744909
2024-10-07T00:00:00Z,481.55604432247213,482.72671654095666,477.0717272577596,478.2920227050781,24975100
2024-10-07T04:00:00Z,481.55665189,482.727332887,477.072348409,478.292634534,24975119
2024-10-08T00:00:00Z,480.83181589462646,486.1197024602015,480.0282162700938,485.4351501464844,28272000
2024-10-08T04:00:00Z,480.832417036,486.120323574,480.023853466,485.435772822,28272017
2024-10-09T00:00:00Z,485.1375160516646,489.83016591016013,484.0958218394654,489.2547302246094,24995000
2024-10-09T04:00:00Z,485.13814206,489.830787074,484.096434393,489.255367601,24994950
2024-10-10T00:00:00Z,486.97288079520195,490.56428230026705,485.6632999428998,488.6991271972656,25750400
2024-10-10T04:00:00Z,486.973531759,490.564942953,485.663956406,488.699790178,25750446
2024-10-11T00:00:00Z,486.86377321706453,490.4849671159277,486.2982984967453,489.4630737304687,20644500
2024-10-11T04:00:00Z,486.864400479,490.48557475,486.298902031,489.463709134,20644497
2024-10-14T00:00:00Z,491.85402746733337,494.8898548804224,491.34807641617016,493.57037353515625,26060100
2024-10-14T04:00:00Z,491.854676255,494.890510028,491.34870396,493.57101365,26060145
2024-10-15T00:00:00Z,493.8977476785361,494.5624688319381,484.82002737514097,486.972900390625,34784500
2024-10-15T04:00:00Z,493.898407488,494.56311619,484.820669247,486.973531759,34784506
2024-10-16T00:00:00Z,487.30026609568785,487.8062474023501,483.718795252719,487.0324096679687,22996800
2024-10-16T04:00:00Z,487.300925597,487.806897892,483.719435427,487.033057911,22996776
2024-10-17T00:00:00Z,492.5187281720624,492.5683211220585,487.31019680837863,487.3697204589844,27210700
2024-10-17T04:00:00Z,492.519384957,492.568990084,487.310945832,487.370372775,27210658
2024-10-18T00:00:00Z,490.15753539620334,491.6556179545978,489.4035287665701,490.5643005371094,25335000
2024-10-18T04:00:00Z,490.158180912,491.656255747,489.404182982,490.564942953,25335030
2024-10-21T00:00:00Z,489.35393242594535,492.3104049952959,487.4292536147581,491.5068054199219,30336500
2024-10-21T04:00:00Z,489.354577855,492.311043424,487.429898927,491.507440366,30336549
2024-10-22T00:00:00Z,488.83807375200354,493.5207929965994,488.08406709201313,492.04254150390625,26685800
2024-10-22T04:00:00Z,488.838684534,493.51644801,488.084686603,492.043175738,26685841
2024-10-23T00:00:00Z,489.6912023486025,490.3459927399207,481.218650061365,484.50250244140625,39346600
2024-10-23T04:00:00Z,489.691892718,490.346680395,481.219337027,484.503196434,39346565
2024-10-24T00:00:00Z,488.2229113611023,489.1058959697234,485.5740180882913,488.4312744140625,22024900
2024-10-24T04:00:00Z,488.223580959,489.10655222,485.574667177,488.431922492,22024930
2024-10-25T00:00:00Z,491.22902181685464,496.3284064395032,490.52460813834386,491.4075927734375,38762100
2024-10-25T04:00:00Z,491.229651655,496.329058711,490.525258852,491.408230112,38762143
2024-10-28T00:00:00Z,494.5227964946088,494.58232014940006,491.1893507201843,491.4869689941406,20477800
2024-10-28T04:00:00Z,494.523432088,494.58295824,491.189967554,491.487598316,20477778
2024-10-29T00:00:00Z,491.8044187402905,497.38995346166206,489.94919430030234,496.2093505859375,28014100
2024-10-29T04:00:00Z,491.805071128,497.390608429,489.949839379,496.210006406,28014059
2024-10-30T00:00:00Z,495.4454629981242,496.39787173074626,491.9731085864843,492.459228515625,29756000
2024-10-30T04:00:00Z,495.44608745,496.398505889,491.97372856,492.459858805,29755960
2024-10-31T00:00:00Z,488.4907896798999,488.54038262888133,479.9289515501208,480.0281677246094,41245200
2024-10-31T04:00:00Z,488.491448645,488.541053772,479.929603725,480.028813979,41245248
2024-11-01T00:00:00Z,481.6651773097424,486.8737090932154,481.3675590327268,483.5799255371094,33655800
2024-11-01T04:00:00Z,481.66578317,486.875015976,481.368152408,483.580541072,33655757
2024-11-04T00:00:00Z,482.9747116073583,485.5144882475446,480.42500426672166,482.1711120605469,23291600
2024-11-04T05:00:00Z,482.975358522,485.515141025,480.430119456,482.171755465,23291580
2024-11-05T00:00:00Z,483.7584717889176,488.986864708101,483.6691863103744,488.3221435546875,24353600
2024-11-05T05:00:00Z,483.759119529,488.987499915,483.6698303,488.322791213,24353615
2024-11-06T00:00:00Z,496.6061801503593,502.409978294623,495.6537714644704,501.5865173339844,43082200
2024-11-06T05:00:00Z,496.606847422,502.410647281,495.654428984,501.587202173,43082198
2024-11-07T00:00:00Z,504.3842278003702,510.26741073728783,504.3247041524069,509.4836120605469,32853100
2024-11-07T05:00:00Z,504.384931336,510.268099398,504.325405183,509.484338391,32853120
2024-11-08T00:00:00Z,508.98757082027066,510.85272589475875,508.3625422286576,510.0789184570313,22924500
2024-11-08T05:00:00Z,508.983326608,510.85095964,508.363262521,510.079599915,22924483
2024-11-11T00:00:00Z,511.299163786391,511.5075268265627,506.8843318438275,509.7812805175781,24167500
2024-11-11T05:00:00Z,511.299886039,511.508227573,506.885029736,509.781969153,24167479
2024-11-12T00:00:00Z,509.711895702093,510.59481982391384,505.80298394720904,508.858642578125,25835300
2024-11-12T05:00:00Z,509.712521975,510.595493236,505.803637968,508.859313791,25835288
2024-11-13T00:00:00Z,508.35272735480186,510.91230509556345,505.9220670734697,508.2038879394531,24567400
2024-11-13T05:00:00Z,508.353341496,510.912966049,505.922690273,508.204526115,24567416
2024-11-14T00:00:00Z,507.8665643683169,508.739588052962,503.75925058094214,504.6719970703125,28679500
2024-11-14T05:00:00Z,507.867211251,508.740261486,503.759906735,504.672641072,28679519
2024-11-15T00:00:00Z,498.9674467592087,499.3543505352196,490.5841783861233,492.6477661132813,51461100
2024-11-15T05:00:00Z,498.968051467,499.354971458,490.584785004,492.648358287,51461054
2024-11-18T00:00:00Z,494.1954398375358,498.1737758551424,492.8065040323021,496.0704956054687,27080800
2024-11-18T05:00:00Z,494.19603825,498.174369435,492.807094694,496.07111205,27192662
2024-11-19T00:00:00Z,493.4910368934805,499.9694571048066,493.1536958116036,499.4833068847656,24523000
2024-11-19T05:00:00Z,493.491645446,499.973646602,493.154330583,499.483944788,24523020
2024-11-20T00:00:00Z,499.1856564574556,499.5031361161102,492.6377823112046,499.1955871582031,29565500
2024-11-20T05:00:00Z,499.186314026,499.503786839,492.633476749,499.196235051,29565491
2024-11-21T00:00:00Z,502.2413294830983,502.95564359753246,493.6298978588017,500.9913024902344,34526700
2024-11-21T05:00:00Z,502.241989849,502.956303678,493.630539802,500.991940649,34526738
2024-11-22T00:00:00Z,500.4357175118036,502.5290365817057,498.8086569561695,501.7948913574219,23826600
2024-11-22T05:00:00Z,500.436363226,502.529699586,498.809315061,501.795543706,23826644
2024-11-25T00:00:00Z,505.87241468402135,507.41018976726633,500.2769794512125,502.5885620117187,26375200
2024-11-25T05:00:00Z,505.873085146,507.413324339,500.280107076,502.589225738,26375166
2024-11-26T00:00:00Z,504.06672254797377,506.1104787047911,503.22346081916646,505.2870178222656,26557100
2024-11-26T05:00:00Z,504.067458523,506.111189755,503.224171364,505.287744647,26557061
2024-11-27T00:00:00Z,504.1561023396317,504.2255264165309,497.96536999082,501.3087463378906,24957400
2024-11-27T05:00:00Z,504.156747751,504.226194929,497.966027902,501.309413462,24957441
2024-11-29T00:00:00Z,501.9337807222535,506.3089508903919,501.31868278834094,505.7136840820313,15334000
2024-11-29T05:00:00Z,501.934438062,506.309610263,501.319334487,505.714348739,15333968
2024-12-02T00:00:00Z,506.97368662654696,512.1822183655047,506.586752593205,511.2198486328125,25147200
2024-12-02T05:00:00Z,506.974318965,512.1828573,506.587398974,511.220517836,25147165
2024-12-03T00:00:00Z,509.890434903682,513.0651709231122,509.31499924035353,512.787353515625,18597900
2024-12-03T05:00:00Z,509.891100433,513.065828561,509.315680959,512.788039849,18597900
2024-12-04T00:00:00Z,516.2101120920232,519.3848480945504,515.4957677287545,519.1268920898438,26086200
2024-12-04T05:00:00Z,516.210793612,519.38552174,515.496479784,519.12757508,26086222
2024-12-05T00:00:00Z,519.1765063776851,519.9007209183162,517.3014204692249,517.6883544921875,18169600
2024-12-05T05:00:00Z,519.177180207,519.901315851,517.302106406,517.689026397,18169632
2024-12-06T00:00:00Z,518.3530064032137,522.5595057281002,518.2240284052577,522.3214111328125,23762600
2024-12-06T05:00:00Z,518.353735099,522.560249868,518.224761769,522.322145259,23762611
2024-12-09T00:00:00Z,521.3987891581372,522.1924580312864,517.102973878682,518.2538452148438,20674400
2024-12-09T05:00:00Z,521.399489896,522.193171929,517.103685898,518.254524845,20674405
2024-12-10T00:00:00Z,519.4840189672058,521.2301267457367,515.0592258717493,516.4878540039062,24350000
2024-12-10T05:00:00Z,519.484731994,521.230832465,515.059954666,516.488582324,24350040
2024-12-11T00:00:00Z,520.8531319621538,526.4188051823884,520.4463971119644,525.7342529296875,32168600
2024-12-11T05:00:00Z,520.8538335,526.419528749,520.447071458,525.734977996,32168579
2024-12-12T00:00:00Z,523.511980803434,524.7818994700399,521.8651193703002,522.34130859375,23577500
2024-12-12T05:00:00Z,523.512668307,524.782559558,521.86577809,522.34198731,23577504
2024-12-13T00:00:00Z,526.2700231888497,528.958578680959,523.1349494940644,526.3394775390625,28780400
2024-12-13T05:00:00Z,526.270713368,528.955442051,523.135768552,526.340160546,28780405
2024-12-16T00:00:00Z,528.8693668170654,534.8914288475645,528.7899817598816,533.9191284179688,31979900
2024-12-16T05:00:00Z,528.870022023,534.892084441,528.79065382,533.919823951,31979863
2024-12-17T00:00:00Z,532.1234454065931,533.2345940322791,529.9110788568347,531.56787109375,28579100
2024-12-17T05:00:00Z,532.124118354,533.235273199,529.91172969,531.568540931,28579070
2024-12-18T00:00:00Z,530.9230075449514,532.6393233284896,510.942073860317,512.3905029296875,54703200
2024-12-18T05:00:00Z,530.923674281,532.639912464,510.942729125,512.391198833,54703155
2024-12-19T00:00:00Z,517.0732121815271,517.6387171158508,509.77136208940215,510.108642578125,46441800
2024-12-19T05:00:00Z,517.073922822,517.63932206,509.772048128,510.109362991,46441754
2024-12-20T00:00:00Z,506.4082488880885,520.6746720854811,505.26733831570937,514.5632934570312,60530000
2024-12-20T05:00:00Z,506.408820517,520.675255042,505.267902596,514.563903396,60529961
2024-12-23T00:00:00Z,516.2773215508976,519.9540272324169,512.8788812504641,519.576416015625,29672800
2024-12-23T05:00:00Z,516.277701089,519.954397257,512.879241388,519.576790624,29672800
2024-12-24T00:00:00Z,521.5241954175411,526.7112863468017,520.8882121206394,526.6218872070312,17558200
2024-12-24T05:00:00Z,521.524445891,526.711568593,520.888476824,526.622135443,17558215
2024-12-26T00:00:00Z,524.9921323134935,527.8937223215758,522.994783551006,526.2640380859375,19090500
2024-12-26T05:00:00Z,524.992464709,527.894073577,522.995124358,526.264402843,19141494
2024-12-27T00:00:00Z,522.6966520264838,523.1338828752066,514.5979649367405,519.2683715820312,33839600
2024-12-27T05:00:00Z,522.697013858,523.134242592,514.598345272,519.268743107,33839555
2024-12-30T00:00:00Z,512.2627757493814,516.088500066774,508.6059332824243,512.3621215820312,34584000
2024-12-30T05:00:00Z,512.263146355,516.088897773,508.60632422,512.362516521,34584028
2024-12-31T00:00:00Z,513.644094410772,514.3992562583705,507.0459049159329,508.0097961425781,29117000
2024-12-31T05:00:00Z,513.644391672,514.399604939,507.046212603,508.01010322,29117028
2025-01-02T00:00:00Z,511.06042287109295,513.3857099460889,502.52453474139946,507.0160827636719,36389800
2025-01-02T05:00:00Z,511.060767338,513.386029238,502.524870018,507.016401553,36389783
2025-01-03T00:00:00Z,510.1163791404504,516.3767439002675,509.3015977009679,515.3134765625,29059500
2025-01-03T05:00:00Z,510.116750754,516.372500228,509.301915387,515.313810472,29059520
2025-01-06T00:00:00Z,520.7192176012078,524.5946151120777,518.7417623146622,521.2359008789062,36109700
2025-01-06T05:00:00Z,520.719547541,524.594984042,518.742081224,521.236272408,36109734
2025-01-07T00:00:00Z,522.2793057604914,522.676749747613,510.0468495678178,511.9348449707031,36690300
2025-01-07T05:00:00Z,522.279659158,522.677139825,510.047191637,511.935224805,36690272
2025-01-08T00:00:00Z,511.83554740418106,513.6639233488847,507.3539460207125,512.0243530273438,30777800
2025-01-08T05:00:00Z,511.835854638,513.664166335,507.35426012,512.024657955,30777777
2025-01-10T00:00:00Z,508.2582560399639,508.3576018909527,500.74587805399426,503.9952697753906,40532500
2025-01-10T05:00:00Z,508.258528637,508.357898803,500.746144034,503.995548485,40532495
2025-01-13T00:00:00Z,498.04296636403393,502.8325822621149,496.5524148250259,502.37548828125,31694200
2025-01-13T05:00:00Z,498.0432755,502.832917535,496.552722999,502.375814768,31694210
2025-01-14T00:00:00Z,505.5354171737264,506.9464858814396,498.4304613679452,501.8984680175781,33737200
2025-01-14T05:00:00Z,505.535786069,506.941873928,498.43081915,501.898837968,33737237
2025-01-15T00:00:00Z,509.79844685715614,514.5880322454942,508.2382987029594,513.4453125,34957600
2025-01-15T05:00:00Z,509.798766221,514.588408255,508.238654603,513.445651338,34957554
2025-01-16T00:00:00Z,515.7109442532102,515.7904573182853,509.71895854451463,509.84814453125,28229000
2025-01-16T05:00:00Z,515.711291139,515.790687902,509.719270087,509.848451304,28229037
2025-01-17T00:00:00Z,519.5565458046289,520.768892568159,509.8779077274795,518.4535522460938,51837900
2025-01-17T05:00:00Z,519.55691659,520.77251184,509.876871172,518.45390774,51837941
2025-01-21T00:00:00Z,521.1763321012501,522.6569370321079,516.784190233401,521.4943237304688,23628000
2025-01-21T05:00:00Z,521.176650308,522.657265791,516.78448894,521.494634841,23627971
2025-01-22T00:00:00Z,526.2342050879784,530.457434010863,525.9261602278661,528.1619873046875,33593000
2025-01-22T05:00:00Z,526.234591793,530.457823877,525.926544276,528.162373027,33592988
2025-01-23T00:00:00Z,525.7076127624492,529.4042124255304,525.1213630726537,529.2849731445312,23096600
2025-01-23T05:00:00Z,525.707929909,529.40450011,525.121645926,529.28525591,23096588
2025-01-24T00:00:00Z,529.6626067696395,530.4277154132212,524.8232870176471,526.2939453125,19878300
2025-01-24T05:00:00Z,529.662862544,530.428012827,524.823535426,526.294213893,19878251
2025-01-27T00:00:00Z,507.78126694027895,514.727227991377,506.93661493215734,510.9710693359375,60771700
2025-01-27T05:00:00Z,507.781551837,514.727526489,506.93690542,510.971334188,60771695
2025-01-28T00:00:00Z,511.9746158466005,519.7056389765987,508.5563122008364,518.5231323242188,33194200
2025-01-28T05:00:00Z,511.974972871,519.705971841,508.556639137,518.523466857,33194214
2025-01-29T00:00:00Z,519.169115138246,519.2983011374322,513.6441392716389,517.5493774414062,26649000
2025-01-29T05:00:00Z,519.16937294,519.298554157,513.64319923,517.549639223,26649011
2025-01-30T00:00:00Z,520.4111255886488,522.7860246698378,514.9457705817763,519.7552490234375,27431300
2025-01-30T05:00:00Z,520.411500024,522.7814785,514.946140856,519.755656924,27431302
2025-01-31T00:00:00Z,523.6009014071057,528.1719622881295,517.9070142215932,519.0000610351562,38755200
2025-01-31T05:00:00Z,523.601282375,528.1701239,517.907371823,519.000443657,38845467
2025-02-03T00:00:00Z,510.2356481268789,517.5691667149378,507.8309085723365,514.846435546875,40580800
2025-02-03T05:00:00Z,510.235994954,517.569115776,507.83123692,514.846770689,40580835
2025-02-04T00:00:00Z,515.3632014316573,521.8023650900426,514.9656967351663,521.1663818359375,26046800
2025-02-04T05:00:00Z,515.363495556,521.802682358,514.966014889,521.166713291,26046753
2025-02-05T00:00:00Z,518.533087344952,523.6903982021383,517.3406339590531,523.5313720703125,21134100
2025-02-05T05:00:00Z,518.533403873,523.690715525,517.340961873,523.531723258,21134070
2025-02-06T00:00:00Z,524.0381574961376,526.4727371352427,522.4283666892038,526.2640380859375,19434500
2025-02-06T05:00:00Z,524.038511109,526.473080193,522.43000622,526.264402843,19434454
2025-02-07T00:00:00Z,526.8007131129621,528.7483284429109,518.9007772767695,519.6261596679688,29605500
2025-02-07T05:00:00Z,526.801001743,528.74865701,518.90107349,519.626475707,29605470
2025-02-10T00:00:00Z,523.8990176021349,527.0192533310259,523.432007239571,525.916259765625,20852800
2025-02-10T05:00:00Z,523.899392875,527.016734375,523.432353092,525.916607259,20852784
2025-02-11T00:00:00Z,522.6470030660466,526.5820202342347,522.5178170831823,524.6641845703125,19325500
2025-02-11T05:00:00Z,522.647328775,526.582387376,522.518147558,524.664543159,19325500
2025-02-12T00:00:00Z,519.0100229717194,525.8566374548477,518.6622518801204,524.9722290039062,25009400
2025-02-12T05:00:00Z,519.010380674,525.856985159,518.66258509,524.972590676,25009362
2025-02-13T00:00:00Z,526.6416602099531,532.8423450241579,525.856658218969,532.5244140625,28714800
2025-02-13T05:00:00Z,526.642009476,532.842707878,525.856985159,532.524723345,28714799
2025-02-14T00:00:00Z,532.6337190649526,535.445910069072,532.2958340155867,534.76025390625,17862600
2025-02-14T05:00:00Z,532.62906202,535.446206246,532.296171961,534.760552096,17862572
2025-02-18T00:00:00Z,536.3301909280925,536.5985095911096,532.6634320198589,535.9724731445312,20565000
2025-02-18T05:00:00Z,536.330600729,536.59890018,532.663841578,535.972868129,20565028
2025-02-19T00:00:00Z,535.177614880373,537.4034956659445,533.0809200913482,536.1216430664062,19666900
2025-02-19T05:00:00Z,535.177906796,537.40379853,533.081196278,536.121923379,19666861
2025-02-20T00:00:00Z,535.3364987054381,535.7041632085364,529.106034929491,533.845947265625,26550800
2025-02-20T05:00:00Z,535.336899062,535.704568679,529.10638961,533.846346562,26550753
2025-02-21T00:00:00Z,534.9888078968528,535.0087013272569,522.3986318284577,522.7662963867188,47093800
2025-02-21T05:00:00Z,534.989103479,535.008977512,522.398903358,522.766572975,47093750
2025-02-24T00:00:00Z,524.5548296972278,525.7373361801731,516.2574515413156,516.5952758789062,39268400
2025-02-24T05:00:00Z,524.555235975,525.736747258,516.257827056,516.595685623,39268392
2025-02-25T00:00:00Z,515.9693327435128,516.0488458111333,506.23107440915334,510.0866394042969,48940000
2025-02-25T05:00:00Z,515.969653573,516.049149706,506.231377236,510.086939704,48940025
2025-02-26T00:00:00Z,512.2827387092531,516.3866683055141,508.14890831803217,511.3188171386719,34457600
2025-02-26T05:00:00Z,512.283020388,516.387008273,508.149221453,511.319129771,34457618
2025-02-27T00:00:00Z,514.8662895456173,515.8003708854543,496.9001589871784,497.1187744140625,52448000
2025-02-27T05:00:00Z,514.866644722,515.800624919,496.900518583,497.11913295,52447966
2025-02-28T00:00:00Z,496.9796905709141,505.5751982352111,493.7998352114138,504.9690551757813,47654000
2025-02-28T05:00:00Z,496.980014716,505.575534136,493.800169382,504.969376119,47654043
2025-03-03T00:00:00Z,508.2979219919685,509.80833658708485,490.4709237175102,493.9190673828125,44587200
2025-03-03T05:00:00Z,508.298276703,509.808703237,490.471268797,493.919413582,44587204
2025-03-04T00:00:00Z,491.0671927212755,500.56697262556,484.6677553363339,492.4285583496094,67875400
2025-03-04T05:00:00Z,491.067489798,500.567277734,484.663082554,492.428861081,67875402
2025-03-05T00:00:00Z,493.0744692441924,500.45766070927147,488.1655836699512,498.8478698730469,46323700
2025-03-05T05:00:00Z,493.074767165,500.457970551,488.16588093,498.84817385,46323725
2025-03-06T00:00:00Z,490.58022541687785,495.4394073029576,483.1374149905395,485.1248168945313,57574300
2025-03-06T05:00:00Z,490.580575981,495.439777132,483.137750495,485.125153829,57574332
2025-03-07T00:00:00Z,484.0913896771833,490.172835031535,477.5031471015196,488.6922302246094,54714700
2025-03-07T05:00:00Z,484.091704095,490.173158297,477.503462043,488.692542813,54714726
2025-03-10T00:00:00Z,480.4047648459635,480.92147845342646,465.7079184343633,469.7522888183594,76668000
2025-03-10T04:00:00Z,480.405070911,480.921795777,465.708223256,469.75258904,76668029
2025-03-11T00:00:00Z,469.37467027626616,475.7939702022416,464.0683106107926,468.62939453125,68760800
2025-03-11T04:00:00Z,469.374982407,475.789326667,464.068615505,468.629706157,68760771
2025-03-12T00:00:00Z,476.1417740872487,478.0297999193566,468.8182025802525,473.9158935546875,46971100
2025-03-12T04:00:00Z,476.142090759,478.030123927,468.818509473,473.916199025,46971082
2025-03-13T00:00:00Z,473.2500706184088,473.27988043346534,463.4919201519314,465.389892578125,46563300
2025-03-13T04:00:00Z,473.250418908,473.280329328,463.492268538,465.390238722,46563349
2025-03-14T00:00:00Z,470.7460015069771,477.5329662224829,470.13982810737366,476.6386413574219,43563000
2025-03-14T04:00:00Z,470.746290707,477.533273093,470.140132691,476.638941593,43563010
2025-03-17T00:00:00Z,476.5889052181335,482.77967314656735,474.7903088976975,479.72900390625,41744400
2025-03-17T04:00:00Z,476.589256509,482.780017895,474.790656492,479.729353777,41744354
2025-03-18T00:00:00Z,476.3901917362346,476.5889137375583,469.4342848576123,471.5508728027344,39072300
2025-03-18T04:00:00Z,476.390516176,476.589256509,469.434604507,471.551189058,39072265
2025-03-19T00:00:00Z,473.80658371122826,482.27290553437547,471.8788012950444,477.86090087890625,40430300
2025-03-19T04:00:00Z,473.806891842,482.273230045,471.879110608,477.861194643,40430334
2025-03-20T00:00:00Z,473.87616704158864,481.4978372007988,473.180564168426,476.2411804199219,36780500
2025-03-20T04:00:00Z,473.876450958,481.498142744,473.180859792,476.241460926,36780549
2025-03-21T00:00:00Z,471.0937592442753,478.5763266010879,469.93114605028205,477.8111877441406,42234900
2025-03-21T04:00:00Z,471.094086291,478.576659843,469.926486832,477.81150956,42234874
2025-03-24T00:00:00Z,485.39050030859886,489.1423592971704,482.0665930507614,488.29644775390625,34567200
2025-03-24T04:00:00Z,485.390534471,489.142374212,482.066623402,488.2964687,34567186
2025-03-25T00:00:00Z,489.022941249908,491.2421796862816,488.05761261924056,491.08294677734375,26035200
2025-03-25T04:00:00Z,489.022952257,491.242210247,488.057624791,491.082980974,26035241
2025-03-26T00:00:00Z,489.9285233558148,490.7843964317407,480.4942090197157,482.0466918945313,34627100
2025-03-26T04:00:00Z,489.928568746,490.784426087,480.494234333,482.046719742,35043357
2025-03-27T00:00:00Z,480.0861907948712,484.2360865180512,477.9365920668743,479.2999877929687,33469800
2025-03-27T04:00:00Z,480.086209321,484.236022725,477.936614138,479.300014787,33469817
2025-03-28T00:00:00Z,477.49872503017417,478.2052964153207,465.7953639122296,466.68109130859375,46363800
2025-03-28T04:00:00Z,477.498733638,478.205313536,465.795382087,466.681094917,46363797
2025-03-31T00:00:00Z,459.6948832614754,467.5966072840796,455.1269671761035,466.6611633300781,53000300
2025-03-31T04:00:00Z,459.694910573,467.596663236,455.12702081,466.661191258,53000303
2025-04-01T00:00:00Z,465.0489616231821,471.3484864500327,462.18286035410387,470.4229736328125,41156200
2025-04-01T04:00:00Z,465.048994871,471.348502976,462.182867961,470.422982828,41156226
2025-04-02T00:00:00Z,463.87464014945493,477.24990051464846,463.6158828815237,473.8563232421875,49894500
2025-04-02T04:00:00Z,463.874678984,477.249937899,463.615931416,473.856364023,49894489
2025-04-03T00:00:00Z,454.24126086225453,457.8537794541511,447.9716210778618,448.4891052246094,70456300
2025-04-03T04:00:00Z,454.24130798,457.853822106,447.971655363,448.4891505,70456338
2025-04-04T00:00:00Z,436.0294529358994,438.2486913787224,420.6339721679687,420.6339721679687,117088400
2025-04-04T04:00:00Z,436.029459903,438.248717893,420.633979589,420.633979589,117088441
2025-04-07T00:00:00Z,406.6914794249544,441.00539943904226,400.4516930864391,421.6490783691406,161557000
2025-04-07T04:00:00Z,406.69146639,441.005374678,400.451669262,421.649066203,161556970
2025-04-08T00:00:00Z,436.0493338288811,441.0053554988176,407.8160004160076,414.0557861328125,101248100
2025-04-08T04:00:00Z,436.049363562,441.003782385,407.816023129,414.055820257,101248060
2025-04-09T00:00:00Z,413.5681807581863,465.57642043659325,413.42884056901664,463.7552490234375,142876900
2025-04-09T04:00:00Z,413.568180609,465.576441837,413.428854995,463.75525703,142876878
2025-04-10T00:00:00Z,451.3751243498341,453.39534429067385,430.54595489590434,444.0306701660156,108384100
2025-04-10T04:00:00Z,451.375181069,453.395402468,430.546001821,444.030730861,108384092
2025-04-11T00:00:00Z,442.5080869674275,453.5944394661005,439.2040723268698,452.2111206054687,52483800
2025-04-11T04:00:00Z,442.50810094,453.594439059,439.20409353,452.211134752,52483779
2025-04-14T00:00:00Z,462.2226327115798,462.8097869672901,450.4496325846052,455.2762756347656,43941200
2025-04-14T04:00:00Z,462.222675279,462.809833222,450.449660921,455.276298253,43941179
2025-04-15T00:00:00Z,456.3311517478731,460.152650240748,453.9526501626425,455.7837829589844,35404200
2025-04-15T04:00:00Z,456.331192185,460.152694732,453.952704923,455.78384156,35404210
2025-04-16T00:00:00Z,446.86698749756175,450.4396905530406,435.6512868687369,442.0403442382813,48980600
2025-04-16T04:00:00Z,446.867002283,450.439709092,435.65129038,442.040364951,48980552
2025-04-17T00:00:00Z,445.0159733415272,445.5931660897692,439.23393245815055,441.9607543945313,44837000
2025-04-17T04:00:00Z,445.015961987,445.593168101,439.233949018,441.960750315,44837047
2025-04-21T00:00:00Z,436.1189822025886,436.9648633110088,425.8685808388082,431.0236206054687,44149300
2025-04-21T04:00:00Z,436.119026369,436.964931881,425.868641933,431.02368964,44149313
2025-04-22T00:00:00Z,436.7061890853483,445.42397106891866,435.5119573980011,442.33892822265625,52304400
2025-04-22T04:00:00Z,436.706184313,445.423986998,435.511964767,442.338919838,52304388
2025-04-23T00:00:00Z,455.9629568263105,461.14785116525866,450.6984308488603,452.3703308105469,55801100
2025-04-23T04:00:00Z,455.962974492,461.147877687,450.69845666,452.370364024,55801136
2025-04-24T00:00:00Z,454.2810913346691,465.4072286279397,453.6341981671536,465.0987243652344,45956100
2025-04-24T04:00:00Z,454.281115298,465.407260735,453.634246377,465.098754019,45956136
2025-04-25T00:00:00Z,464.7205615859109,470.81107609503925,463.1481859616907,470.28363037109375,38697100
2025-04-25T04:00:00Z,464.720584496,470.81110418,463.148195427,470.283657214,38697063
2025-04-28T00:00:00Z,470.75137745023704,472.5228018406058,463.7850969803822,470.1343688964844,33550800
2025-04-28T04:00:00Z,470.751393203,472.520828497,463.785112518,470.134379771,33550778
2025-04-29T00:00:00Z,467.9051531308386,474.1250461983433,467.3279300466541,473.23931884765625,30613100
2025-04-29T04:00:00Z,467.905169952,474.129342707,467.327963838,473.239350591,30613120
2025-04-30T00:00:00Z,464.87977453427817,474.90127322951986,460.2024029412006,473.1795959472656,46810600
2025-04-30T04:00:00Z,464.879813769,474.901306126,460.20245388,473.179639613,46810610
2025-05-01T00:00:00Z,481.08135748377987,484.83318599096134,478.4242058431775,479.3596801757813,43316500
2025-05-01T04:00:00Z,481.081392276,484.833232016,478.424253786,479.359725764,43316539
2025-05-02T00:00:00Z,484.1962728644179,488.54521706431206,482.49448832227375,486.4752197265625,39218100
2025-05-02T04:00:00Z,484.196314925,488.545264439,482.494552072,486.475283892,39218082
2025-05-05T00:00:00Z,482.2656534659239,486.67430655244186,481.7680620014255,483.5892333984375,28309500
2025-05-05T04:00:00Z,482.265659993,486.674320483,481.768068515,483.589253323,28309490
2025-05-06T00:00:00Z,477.2499393796006,482.7134841287223,475.8865435793739,479.0910339355469,32786300
2025-05-06T04:00:00Z,477.249937899,482.713492322,475.886537251,479.091026366,32786310
2025-05-07T00:00:00Z,479.75773849221946,483.4598199362607,474.4832814966688,480.9718627929687,38006300
2025-05-07T04:00:00Z,479.757798946,483.459879539,474.48531965,480.971922151,38109864
2025-05-08T00:00:00Z,486.1767003880921,490.32662643958486,481.8377175267332,485.9378662109375,39577600
2025-05-08T04:00:00Z,486.176729006,490.326641928,481.837731322,485.937885096,39577592
2025-05-09T00:00:00Z,487.8486153265174,489.17222563016486,483.8579524315384,485.6194152832031,27767400
2025-05-09T04:00:00Z,487.84863637,489.1722297,483.852976806,485.619426551,27767416
2025-05-12T00:00:00Z,504.5477524292731,505.4434413067533,499.0643154796623,505.4036254882813,45090600
2025-05-12T04:00:00Z,504.547806355,505.443471014,499.064348273,505.403663696,45090616
2025-05-13T00:00:00Z,506.707335072133,514.8977013705513,505.97090943590337,513.1063842773438,53269600
2025-05-13T04:00:00Z,506.707353367,514.897709087,505.970917981,513.106379768,53269573
2025-05-14T00:00:00Z,514.2806849131285,516.7287959644325,513.2655789214306,516.1814575195312,47014500
2025-05-14T04:00:00Z,514.280695655,516.72675584,513.265609041,516.181495099,47014516
2025-05-15T00:00:00Z,514.0318883953613,519.4158011315517,512.6883550423395,516.7487182617188,50153300
2025-05-15T04:00:00Z,514.031899916,519.415839703,512.688402927,516.748749383,50153275
2025-05-16T00:00:00Z,518.1519218274547,519.1869509574169,514.6090729974479,518.9978637695312,48394600
2025-05-16T04:00:00Z,518.15195735,519.186947623,514.60910603,518.997862862,48394603
2025-05-19T00:00:00Z,511.76283198638407,520.0129368955124,511.76283198638407,519.4954223632812,52536200
2025-05-19T04:00:00Z,511.762882779,520.012949476,511.762882779,519.495454339,52536154
2025-05-20T00:00:00Z,516.96766002425,518.4206490040874,514.171198352801,517.7638549804688,42517600
2025-05-20T04:00:00Z,516.967689633,518.420656748,514.17122553,517.763835997,42517561
2025-05-21T00:00:00Z,513.7830855259509,520.4806468794133,508.77728647765286,510.568603515625,71292800
2025-05-21T04:00:00Z,513.783104177,520.480685465,508.777333914,510.568663233,71292831
2025-05-22T00:00:00Z,511.1856284174264,515.2161678084017,509.8321942334835,511.5240173339844,55607200
2025-05-22T04:00:00Z,511.185676665,515.216167633,509.832227846,511.52403887,55607169
2025-05-23T00:00:00Z,503.74166904926017,509.37440786318274,503.14455323986806,506.7869262695313,58368100
2025-05-23T04:00:00Z,503.741708161,509.374443687,503.144598388,506.786968004,58368075
2025-05-27T00:00:00Z,513.6637044067394,519.1969191841325,512.1112214329714,518.709228515625,47226300
2025-05-27T04:00:00Z,513.663682223,519.196899453,512.111196813,518.709259805,47226323
2025-05-28T00:00:00Z,519.6645455027536,521.1573196978349,515.8928245699911,516.4102783203125,46637200
2025-05-28T04:00:00Z,519.664635441,521.157409874,515.892892042,516.410387179,46637175
2025-05-29T00:00:00Z,523.7946096140164,523.943850597734,514.8280023627366,517.4254150390625,58513300
2025-05-29T04:00:00Z,523.794644705,523.943922148,514.82804628,517.425473793,58724069
2025-05-30T00:00:00Z,516.937802360934,518.1718194248762,509.46396914496165,516.609375,67662800
2025-05-30T04:00:00Z,516.937834145,518.171861009,509.464010153,516.60942377,67662836
2025-06-02T00:00:00Z,514.7484234216115,520.9285314569356,513.4845216279213,520.689697265625,44762800
2025-06-02T04:00:00Z,514.748431644,520.928517794,513.484549291,520.689673885,44762817
2025-06-03T00:00:00Z,521.0379136751978,526.192953382638,520.172109482974,524.7598876953125,44070300
2025-06-03T04:00:00Z,521.037987919,526.193035626,520.172178748,524.759972171,44070330
2025-06-04T00:00:00Z,525.4664906934179,527.2876922621837,523.4362788655679,526.2228393554688,41359300
2025-06-04T04:00:00Z,525.466552069,527.287736877,523.435781731,526.222891115,41359322
2025-06-05T00:00:00Z,527.6260127928042,530.4821825867151,520.1422186545674,522.261962890625,61031200
2025-06-05T04:00:00Z,527.626099081,530.482274162,520.14232326,522.262062954,61286623
2025-06-06T00:00:00Z,527.446880166096,529.2381970448477,525.6655248338539,527.3672485351562,42467000
2025-06-06T04:00:00Z,527.44696615,529.238295468,525.66558866,527.367351513,42467021
2025-06-09T00:00:00Z,527.5863156876297,529.7856311828058,526.4617540692666,528.1436157226562,33688700
2025-06-09T04:00:00Z,527.586291763,529.785646094,526.461735024,528.143594218,33688671
2025-06-10T00:00:00Z,528.6112629449328,532.3233363181573,526.342277608641,531.6366577148438,40664800
2025-06-10T04:00:00Z,528.611330207,532.323362629,526.342313069,531.63668639,40664795
2025-06-11T00:00:00Z,533.039834702878,534.1942808270467,527.5563674659288,529.8452758789062,53701000
2025-06-11T04:00:00Z,533.039894357,534.194306584,527.556436275,529.845357071,53701033
2025-06-12T00:00:00Z,528.5316670205602,532.0645538594068,528.282871317245,531.0892333984375,34104900
2025-06-12T04:00:00Z,528.53171557,532.068396756,528.282919832,531.089335765,34104887
2025-06-13T00:00:00Z,525.1380723113464,529.3078908293887,523.1974536303323,524.4215698242188,55814400
2025-06-13T04:00:00Z,525.138141694,529.307958275,523.197534932,524.421609966,55814443
2025-06-16T00:00:00Z,527.9445262501218,532.7910620936354,527.8947792535579,531.7162475585938,37622100
2025-06-16T04:00:00Z,527.944557627,532.791098618,527.894798479,531.716301026,37622051
2025-06-17T00:00:00Z,529.1487078886557,530.7608992855103,525.366964373918,526.5313720703125,42180900
2025-06-17T04:00:00Z,529.148729003,530.755949475,525.367033774,526.531397831,42180866
2025-06-18T00:00:00Z,527.5464108599048,529.9846210200801,524.8594657253662,526.4417724609375,43983500
2025-06-18T04:00:00Z,527.546484445,529.984682685,524.859490467,526.441831365,43983522
2025-06-20T00:00:00Z,529.6960723110417,530.989797962704,522.3516174800588,524.292236328125,61643500
2025-06-20T04:00:00Z,529.696079628,530.989817469,522.35162942,524.292236182,61643519
2025-06-23T00:00:00Z,524.8611059770333,530.2012624901581,521.7128229011945,529.6832275390625,50666100
2025-06-23T04:00:00Z,524.86123393,530.201406315,521.712923345,529.683329889,50666146
2025-06-24T00:00:00Z,534.9038188952696,538.6997215726698,534.2861174166954,537.7831420898438,45442000
2025-06-24T04:00:00Z,534.903946176,538.699852292,534.286239668,537.78325554,45441982
2025-06-25T00:00:00Z,540.0546537700266,541.3000294115662,537.3845756916884,539.157958984375,44804200
2025-06-25T04:00:00Z,540.054821405,541.300197427,537.384735212,539.158150668,44804168
2025-06-26T00:00:00Z,541.339901952907,544.6476272131085,539.5167156535897,544.1992797851562,43811400
2025-06-26T04:00:00Z,541.34004946,544.647768176,539.516818963,544.199432807,43811432
2025-06-27T00:00:00Z,545.2354314727291,547.9553124291843,542.5254624415982,546.0623779296875,57577100
2025-06-27T04:00:00Z,545.235585658,547.955486891,542.530628937,546.062515337,57577147
2025-06-30T00:00:00Z,549.2206440950201,550.7549250315776,546.9789678853869,549.5992431640625,45548700
2025-06-30T04:00:00Z,549.22078893,550.75509219,546.97911209,549.599383241,45548742
2025-07-01T00:00:00Z,547.6962844543337,548.6727003482655,542.6450333450836,544.9664306640625,56166700
2025-07-01T04:00:00Z,547.696448679,548.67282348,542.645203531,544.966584437,56166736
2025-07-02T00:00:00Z,544.1394799694398,548.9616013728256,544.099649838931,548.7623291015625,36538300
2025-07-02T04:00:00Z,544.139654758,548.961750718,544.099802726,548.762490554,36538281
2025-07-03T00:00:00Z,551.1334998356798,555.1386472795501,551.1334998356798,554.1622314453125,26443500
2025-07-03T04:00:00Z,551.133686501,555.138815789,551.133686501,554.162440987,26443524
2025-07-07T00:00:00Z,551.4723321808171,552.2893059767699,547.5469053516296,549.9878540039062,45349300
2025-07-07T04:00:00Z,551.472428779,552.28939545,547.547003556,549.98794056,45349323
2025-07-08T00:00:00Z,551.3328226115977,551.9604968449189,549.0612280892235,550.2966918945312,36153300
2025-07-08T04:00:00Z,551.332946664,551.96061618,549.061380799,550.296793814,36153258
2025-07-09T00:00:00Z,552.4287282148103,555.5670993773455,551.0538285444961,554.1921997070312,43045500
2025-07-09T04:00:00Z,552.428877564,555.567225141,551.053982435,554.192330012,43045534
2025-07-10T00:00:00Z,554.8298167972696,555.2382732584896,550.7051180084419,553.3951416015625,34710900
2025-07-10T04:00:00Z,554.829962536,555.238445871,550.705277149,553.395289358,34710913
2025-07-11T00:00:00Z,551.2530854493318,553.733864104168,550.0077097543851,552.1497802734375,39618600
2025-07-11T04:00:00Z,551.253242599,553.734031636,550.007866576,552.149913335,39618635
2025-07-14T00:00:00Z,551.9405857278426,554.8896575344722,549.5893307950605,554.1524047851562,36453300
2025-07-14T04:00:00Z,551.940690163,554.884759081,549.589420233,554.152477979,36453314
2025-07-15T00:00:00Z,558.177370440617,558.7253235687808,554.6006247913591,554.660400390625,43277700
2025-07-15T04:00:00Z,558.177533284,558.725498734,554.600813347,554.660591396,43277661
2025-07-16T00:00:00Z,555.2183595594536,558.1375126628243,549.5194892045199,555.228271484375,52314700
2025-07-16T04:00:00Z,555.218519855,558.137681251,549.519679176,555.228482863,52314711
2025-07-17T00:00:00Z,555.9556343165032,560.229741645841,555.1486333295833,559.7216186523438,40423800
2025-07-17T04:00:00Z,555.95578246,560.229912969,555.148778797,559.721799552,40423778
2025-07-18T00:00:00Z,561.0367592084838,562.6407884950407,557.9083608963978,559.1836547851562,50484700
2025-07-18T04:00:00Z,561.036916632,562.637175006,557.908532063,559.18379711,50484704
2025-07-21T00:00:00Z,560.0106243017523,563.9659084478778,559.9807060956166,562.0828857421875,39595200
2025-07-21T04:00:00Z,560.010726789,563.966041037,559.980837765,562.083032491,39595214
2025-07-22T00:00:00Z,562.212410691865,562.2622135594852,556.5434579032301,559.1737060546875,43270600
2025-07-22T04:00:00Z,562.212551597,562.262366638,556.543599942,559.173834102,43270647
2025-07-23T00:00:00Z,560.2597104593184,561.7640732969975,557.5099110527195,561.7242431640625,40215300
2025-07-23T04:00:00Z,560.259801994,561.764216229,557.510011736,561.724364196,40215259
2025-07-24T00:00:00Z,563.0392899612859,564.1451688896942,561.2060703387892,562.9197387695312,42275500
2025-07-24T04:00:00Z,563.039481276,564.145375184,561.211269275,562.919925178,42275541
2025-07-25T00:00:00Z,562.8400440606903,565.5998159531918,562.1825124752501,564.2747192382812,30630800
2025-07-25T04:00:00Z,562.840221112,565.594992874,562.182662572,564.27489429,30630813
2025-07-28T00:00:00Z,565.6396634648174,566.9348420155121,564.7728868526946,566.0382080078125,31498700
2025-07-28T04:00:00Z,565.639826411,566.935017474,564.773044699,566.038346738,31498739
2025-07-29T00:00:00Z,568.6485511909246,569.9935327032099,564.434219030358,565.1614990234375,45463300
2025-07-29T04:00:00Z,568.648654881,569.993660985,564.434302421,565.161602018,45463317
2025-07-30T00:00:00Z,566.0780214636062,568.508997161805,562.9595959750744,565.9186401367188,43433800
2025-07-30T04:00:00Z,566.078198771,568.509172767,562.95977721,565.91879064,43433777
2025-07-31T00:00:00Z,572.4144506359528,572.5041444344463,561.7839416385068,562.9197387695312,64613600
2025-07-31T04:00:00Z,572.414671973,572.504339047,561.784142245,562.919925178,64613590
2025-08-01T00:00:00Z,556.7626938955674,556.951993446216,549.6391201209816,551.8309936523438,69400800
2025-08-01T04:00:00Z,556.762786122,556.952083278,549.639235274,551.831097073,69400789
2025-08-04T00:00:00Z,556.9818168836358,562.2323403030458,556.8822111512052,562.0131225585938,47669800
2025-08-04T04:00:00Z,556.981972302,562.227496109,556.882342221,562.013291433,47669751
2025-08-05T00:00:00Z,563.2983805936119,564.4640352064246,557.6592854470431,558.1973266601562,48666600
2025-08-05T04:00:00Z,563.298519489,564.464888856,557.659456859,558.1974593,48666640
2025-08-06T00:00:00Z,559.0342039471559,565.6596271290572,558.5559991276681,565.2212524414062,41823700
2025-08-06T04:00:00Z,559.034351987,565.659752427,558.556127595,565.221380067,41823677
2025-08-07T00:00:00Z,569.5550971875249,571.1990173575662,563.0193682552224,567.1340942382812,44463000
2025-08-07T04:00:00Z,569.555288626,571.199184975,563.019555259,567.134277638,44462972
2025-08-08T00:00:00Z,568.3396913615944,572.6437172653317,568.0408133424522,572.4244995117188,35255500
2025-08-08T04:00:00Z,568.339801628,572.643821161,568.040911382,572.424634981,35255472
2025-08-11T00:00:00Z,572.5639937844218,574.6661734544787,569.4555407796788,570.7307739257812,33112900
2025-08-11T04:00:00Z,572.564117096,574.666311822,569.455658544,570.730923591,33112917
2025-08-12T00:00:00Z,573.0321290334282,578.2029307017501,570.3720239097617,577.904052734375,42143300
2025-08-12T04:00:00Z,573.03237848,578.203179726,570.367273792,577.90428948,42271441
2025-08-13T00:00:00Z,580.604084362888,581.1620102059526,576.7982091868794,578.1930541992188,41209300
2025-08-13T04:00:00Z,580.604264697,581.162093525,576.798395572,578.193216718,41209294
2025-08-14T00:00:00Z,576.1407825220163,579.7274406220099,575.7720953282917,577.7448120117188,45425000
2025-08-14T04:00:00Z,576.140837033,579.727519977,575.77220573,577.74488135,45425043
2025-08-15T00:00:00Z,577.6550229317031,577.6949138700501,573.4406912378071,575.2041625976562,49480200
2025-08-15T04:00:00Z,577.655214276,577.695066309,573.445145909,575.204314264,49480161
2025-08-18T00:00:00Z,574.3074712675442,575.6325679790418,573.1118984877381,574.9749755859375,29831000
2025-08-18T04:00:00Z,574.307643527,575.627742111,573.113278107,574.975165075,29830957
2025-08-19T00:00:00Z,574.2576318109441,574.4269858610731,566.1477315418194,567.1739501953125,53752600
2025-08-19T04:00:00Z,574.257828487,574.427199626,566.147939828,567.174129671,53752635
2025-08-20T00:00:00Z,566.2275216498264,566.3470728538312,556.7726389420532,563.8065185546875,76781100
2025-08-20T04:00:00Z,566.227643893,566.347199992,556.772749131,563.806632906,76781087
2025-08-21T00:00:00Z,562.2622161511607,564.3943140175195,558.9046880126308,561.1962280273438,46436900
2025-08-21T04:00:00Z,562.262366638,564.394450388,558.904832881,561.196324763,46436899
2025-08-22T00:00:00Z,562.5810219572568,571.8665505027725,561.186237654488,569.85400390625,51502100
2025-08-22T04:00:00Z,562.5811829,571.866706523,561.186361754,569.854178871,51502129
2025-08-25T00:00:00Z,568.2898651145814,571.1691275247927,567.0544013373471,568.2101440429688,34044700
2025-08-25T04:00:00Z,568.289986587,571.166406678,567.054573572,568.210282521,34044749
2025-08-26T00:00:00Z,567.7219543005008,570.8004889189272,566.6957355547859,570.4916381835938,34103000
2025-08-26T04:00:00Z,567.72209512,570.800664648,566.695905278,570.491811394,34103014
2025-08-27T00:00:00Z,569.4755344252939,572.285048840458,568.2600159705794,571.3684692382812,36927100
2025-08-27T04:00:00Z,569.47558456,572.280171363,568.260097562,571.368556114,36927144
2025-08-28T00:00:00Z,571.9861459076477,575.8617699919798,570.3422863370614,574.9451904296875,46787900
2025-08-28T04:00:00Z,571.986262621,575.861872804,570.342366272,574.945276051,46787857
2025-08-29T00:00:00Z,572.5340452045847,572.9027323513419,566.4366907257225,568.2898559570312,56030400
2025-08-29T04:00:00Z,572.529246567,572.902859374,566.436867065,568.289986587,56030409
2025-09-02T00:00:00Z,559.2335343759405,563.8762688061983,557.4700627066655,563.527587890625,65876800
2025-09-02T04:00:00Z,559.233612151,563.871392459,557.465178199,563.527668677,65876765
2025-09-03T00:00:00Z,567.1241403555323,569.585034325084,564.6333889904666,567.9610595703125,54230200
2025-09-03T04:00:00Z,567.12431463,569.580196146,564.628581081,567.961207317,54230213
2025-09-04T00:00:00Z,568.6286096639848,573.470616113036,566.9249745111877,573.1019897460938,47526300
2025-09-04T04:00:00Z,568.628728865,573.47075084,566.920072962,573.102119538,47526280
2025-09-05T00:00:00Z,578.3424981949754,578.9701724080204,569.4156841594208,573.9288940429688,68342500
2025-09-05T04:00:00Z,578.34266184,578.970331356,569.415806511,573.929049217,68342532
2025-09-08T00:00:00Z,576.2303653317651,578.6912594012136,575.6326093036281,576.728515625,46371400
2025-09-08T04:00:00Z,576.230504106,578.691367127,575.632723615,576.728654515,46371354
2025-09-09T00:00:00Z,577.5255685086003,578.7908897662577,574.9052929899314,578.3624877929688,44007600
2025-09-09T04:00:00Z,577.52569517,578.790997208,574.905424018,578.362587857,44007592
2025-09-10T00:00:00Z,581.5804896782814,581.6104078841153,576.4096872460331,578.5517578125,49308000
2025-09-10T04:00:00Z,581.580639499,581.610528523,576.409838253,578.551885012,49307959
2025-09-11T00:00:00Z,581.0822703109691,582.7162176589113,579.4682684312116,581.919189453125,44745800
2025-09-11T04:00:00Z,581.08248909,582.716422431,579.468481765,581.919381777,44745766
2025-09-12T00:00:00Z,582.875622079706,585.6851967841828,581.9390971782137,584.4896240234375,50745900
2025-09-12T04:00:00Z,582.875830562,585.685398869,581.939307793,584.489837887,50745886
2025-09-15T00:00:00Z,586.263084887294,589.6006673309763,586.1136154844122,589.4910888671875,44360300
2025-09-15T04:00:00Z,586.263253343,589.600861084,586.118789725,589.491267994,44360315
2025-09-16T00:00:00Z,590.4176835168099,590.666758666618,588.3055311111864,588.9929809570312,36942100
2025-09-16T04:00:00Z,590.417827754,590.666902959,588.30567002,588.993117585,36942130
2025-09-17T00:00:00Z,588.9132280535239,589.560847731768,582.2081448420756,587.8173217773438,69384800
2025-09-17T04:00:00Z,588.913413519,589.561009051,582.20332751,587.81748262,69384820
2025-09-18T00:00:00Z,592.7091584852494,595.9272507480725,590.7664209781601,593.11767578125,61069300
2025-09-18T04:00:00Z,592.709319636,595.927371278,590.766533041,593.117802971,61069294
2025-09-19T00:00:00Z,595.1202047360832,597.83011295333,593.6456386208329,597.1326904296875,58196100
2025-09-19T04:00:00Z,595.120367615,597.83030584,593.645842405,597.132895268,58196109
2025-09-22T00:00:00Z,596.2190510860968,601.3360027595129,596.1990824942005,600.667724609375,57154800
2025-09-22T04:00:00Z,596.219176095,601.336123887,596.199226981,600.667828562,57154769
2025-09-23T00:00:00Z,600.8372900448078,601.0367933292055,595.4609900615409,596.6779174804688,64635500
2025-09-23T04:00:00Z,600.837396032,601.036887174,595.461109755,596.678005722,64635486
2025-09-24T00:00:00Z,598.0544387994095,598.3736318933126,591.8502333814113,594.583251953125,49850300
2025-09-24T04:00:00Z,598.054494601,598.373680429,591.850320085,594.583348731,49850301
2025-09-25T00:00:00Z,590.6932034651784,593.6057566967052,587.0026056631178,592.0198364257812,70920200
2025-09-25T04:00:00Z,590.693271462,593.600854856,587.002685335,592.019887556,70920209
2025-09-26T00:00:00Z,592.8376791327265,594.7827296224774,589.5560723046866,594.4535522460938,54337400
2025-09-26T04:00:00Z,592.837801238,594.782839873,589.556171952,594.453679488,54337416
2025-09-29T00:00:00Z,597.5855809487724,600.5181027058711,595.8898943349653,597.20654296875,48332900
2025-09-29T04:00:00Z,597.585690418,600.518210205,595.890015711,597.206657248,48332934
2025-09-30T00:00:00Z,596.9073409482912,599.1815689140329,594.5832523790604,598.8424072265625,46533800
2025-09-30T04:00:00Z,596.907420535,599.181619554,594.583348731,598.842484612,46533814
2025-10-01T00:00:00Z,595.6504804045827,602.2536309055715,594.8226361779185,601.7150268554688,46899600
2025-10-01T04:00:00Z,595.65062634,602.25378314,594.822738101,601.715157057,46899612
2025-10-02T00:00:00Z,605.5153536087707,605.6150748101588,601.3958573858611,604.188720703125,43765400
2025-10-02T04:00:00Z,605.515463312,605.615208883,601.39597123,604.188847218,43765410
2025-10-03T00:00:00Z,604.9668078782124,605.7847287787447,599.859840058186,601.645263671875,46482100
2025-10-03T04:00:00Z,604.966862672,605.780287803,599.854902158,601.645335157,46482098
2025-10-06T00:00:00Z,606.9018036091138,607.8094613156995,604.4280726015548,606.1636962890625,41962100
2025-10-06T04:00:00Z,606.901926749,607.809611445,604.428236588,606.163809524,41962115
2025-10-07T00:00:00Z,607.4703970532165,608.1586438162234,601.4956480641417,602.9718627929688,58209500
2025-10-07T04:00:00Z,607.470476504,608.158720944,601.495716801,602.971951252,58209463
2025-10-08T00:00:00Z,603.8695906281247,610.1934861561377,603.7200088104369,609.88427734375,50629800
2025-10-08T04:00:00Z,603.869661391,610.193530592,603.720043034,609.884319322,50629754
2025-10-09T00:00:00Z,609.9241018375851,610.0537759298148,605.9342796270852,609.1461181640625,45551000
2025-10-09T04:00:00Z,609.92421755,610.053886793,605.93439471,609.146202097,45550958
2025-10-10T00:00:00Z,609.8443624637231,611.6198017284072,587.5511938507611,588.0000610351562,97614800
2025-10-10T04:00:00Z,609.844421094,611.619892257,587.551285975,588.000141045,97614783
2025-10-13T00:00:00Z,598.1541220292103,601.415821078074,595.7103438165695,600.4782104492188,65872600
2025-10-13T04:00:00Z,598.154240172,601.415920344,595.710473683,600.478311977,65872584
2025-10-14T00:00:00Z,593.7952358040048,601.1564623206032,588.6284235801336,596.4783935546875,69203200
2025-10-14T04:00:00Z,593.79535872,601.156581859,588.628538142,596.47851458,69203187
2025-10-15T00:00:00Z,602.4731063786636,605.1562641092269,594.4136488911962,600.6876220703125,62805500
2025-10-15T04:00:00Z,602.473223397,605.156379257,594.41378126,600.687777676,62805456
2025-10-16T00:00:00Z,603.5702851791965,606.7621549667239,593.9847524006545,598.4633178710938,70982000
2025-10-16T04:00:00Z,603.570424678,606.76228295,593.984875305,598.463451442,70981963
2025-10-17T00:00:00Z,596.4285459627954,603.9693073296388,594.8525491800316,602.393310546875,72024900
2025-10-17T04:00:00Z,596.428641794,603.969406962,594.852661772,602.39342694,72024872
2025-10-20T00:00:00Z,605.5951192469275,611.2406903321764,605.5252900595317,609.98388671875,45761700
2025-10-20T04:00:00Z,605.595259769,611.240859088,605.520450591,609.984064893,45761697
2025-10-21T00:00:00Z,610.0837500489531,611.1609582497778,607.7696457807522,609.8244018554688,44538200
2025-10-21T04:00:00Z,610.083810464,611.162359323,607.769713217,609.824471979,44538161
2025-10-22T00:00:00Z,609.2657958565487,609.8542605281881,598.2139715066553,603.9493408203125,61478800
2025-10-22T04:00:00Z,609.265896782,609.854395651,598.214087515,603.949457847,61478802
2025-10-23T00:00:00Z,603.3708114071275,609.8143961922938,602.9818500103868,609.0264282226562,42844300
2025-10-23T04:00:00Z,603.370933536,609.814497422,602.981925809,609.026507411,42844298
2025-10-24T00:00:00Z,614.4226241256162,616.8464337655934,613.5648269782704,615.52978515625,47632500
2025-10-24T04:00:00Z,614.422742802,616.846560178,613.564930892,615.529918641,47632473
2025-10-27T00:00:00Z,622.930958710038,626.9506729134798,622.4422152319877,626.4918823242188,54098600
2025-10-27T04:00:00Z,622.931040009,626.95078652,622.442286711,626.491956893,54098611
2025-10-28T00:00:00Z,628.7560864561588,633.0651018787079,627.648925370604,631.3095703125,61195700
2025-10-28T04:00:00Z,628.756181355,633.065190022,627.649005517,631.309667973,61195733
2025-10-29T00:00:00Z,633.9728090539653,635.3891789092543,628.6463695521778,634.15234375,67422800
2025-10-29T04:00:00Z,633.972874718,635.389261827,628.646461227,634.152416746,67422806
2025-10-30T00:00:00Z,630.5614543099158,631.8880872300178,624.3473257513068,624.45703125,61628600
2025-10-30T04:00:00Z,630.56157619,631.888192285,624.347427117,624.457147245,61628621
2025-10-31T00:00:00Z,632.5563592252307,632.5863121135939,625.0954113092228,627.4693603515625,66305100
2025-10-31T04:00:00Z,632.55648761,632.586411282,625.095518899,627.469463489,66305147
2025-11-03T00:00:00Z,633.4939381480045,634.2021534587442,628.2473125587718,630.4716796875,37154300
2025-11-03T05:00:00Z,633.494095978,634.202289532,628.247478943,630.471805176,37154307
2025-11-04T00:00:00Z,621.6941527131348,625.354797701833,616.8864094378021,617.6743774414062,63830800
2025-11-04T05:00:00Z,621.694194928,625.354857384,616.881471128,617.674448417,63830768
2025-11-05T00:00:00Z,616.9163015661201,625.0056518350635,615.6395900613109,621.6941528320312,48688500
2025-11-05T05:00:00Z,616.916382077,625.005747886,615.639638769,621.694194928,48688484
2025-11-06T00:00:00Z,620.2078932237561,620.4572571227977,608.7471381645778,610.1136474609375,72115100
2025-11-06T05:00:00Z,620.20798592,620.457349848,608.747219813,610.113734135,72115128
2025-11-07T00:00:00Z,606.7621834660789,608.3980251800011,597.1466973484642,608.1885375976562,81835400
2025-11-07T05:00:00Z,606.76228295,608.398110314,597.146809905,608.188644615,81835388
2025-11-10T00:00:00Z,617.3451949289606,622.7214951546598,615.3203917446493,621.6442260742188,55919900
2025-11-10T05:00:00Z,617.345288033,622.72157431,615.320452941,621.644322143,55919931
2025-11-11T00:00:00Z,618.9910087880348,621.1355017301039,615.9487814833327,619.9884643554688,44868800
2025-11-11T05:00:00Z,618.991089954,621.135619731,615.948850039,619.988545664,44868841
2025-11-12T00:00:00Z,623.2501373408774,623.2700450530867,616.2379957742788,619.4996948242188,47444400
2025-11-12T05:00:00Z,623.250225836,623.27017495,616.238112195,619.499792366,47444384
2025-11-13T00:00:00Z,615.9686873362173,616.5472286099415,604.5378855310528,606.8519897460938,71333600
2025-11-13T05:00:00Z,615.968799153,616.547323465,604.537956716,606.852053964,71333634
2025-11-14T00:00:00Z,598.0244819828539,611.7893568378086,595.6505328274214,607.310791015625,80087300
2025-11-14T05:00:00Z,598.02457093,611.789459728,595.65062634,607.31088359,80087291
2025-11-17T00:00:00Z,604.7573208445992,610.9215891749508,598.3436886131177,602.1240234375,63850400
2025-11-17T05:00:00Z,604.757396973,610.92167326,598.343756757,602.124113898,63850367
2025-11-18T00:00:00Z,598.0943000892208,600.7774579901122,589.8353996813287,594.792724609375,83327300
2025-11-18T05:00:00Z,598.09439283,600.77754869,589.835459551,594.79281443,83327279
2025-11-19T00:00:00Z,595.5508254465173,604.6176628042144,593.077155027408,598.3436889648438,73111500
2025-11-19T05:00:00Z,595.550880769,604.617753173,593.077190608,598.343756757,73111487
2025-11-20T00:00:00Z,610.0637948039835,612.4676969147798,583.262167456246,584.1798095703125,117743200
2025-11-20T05:00:00Z,610.06386135,612.467729611,583.262226422,584.179885675,117743195
2025-11-21T00:00:00Z,585.9751825584982,595.4609945768989,579.2623261905873,588.568603515625,103344200
2025-11-21T05:00:00Z,585.975305953,595.461109755,579.262429025,588.568690799,103344155
2025-11-24T00:00:00Z,593.7653733267485,605.1363301511908,593.6456226504143,603.6201782226562,60168100
2025-11-24T05:00:00Z,593.765435048,605.136430142,593.645740363,603.620297463,60168149
2025-11-25T00:00:00Z,601.9743827443708,608.7072074163303,595.8001307211132,607.3406982421875,57560900
2025-11-25T05:00:00Z,601.974495542,608.70742133,595.800244697,607.340807261,57560867
2025-11-26T00:00:00Z,610.9514997668095,614.6221288317284,608.8368989020178,612.70703125,42393600
2025-11-26T05:00:00Z,610.951596932,614.622233944,608.836990826,612.707118981,42393598
2025-11-28T00:00:00Z,614.5423522607352,617.7442066386661,613.8541054647261,617.6743774414062,23034400
2025-11-28T05:00:00Z,614.542437488,617.744270317,613.851599663,617.674448417,23034394
2025-12-01T00:00:00Z,612.0686387329198,617.8638528985133,610.961477711232,615.599609375,40957600
2025-12-01T05:00:00Z,612.068747327,617.864064747,610.961571489,615.59974054,40957588
2025-12-02T00:00:00Z,617.8838431924653,622.1629056286581,616.018606165418,620.4173583984375,54541800
2025-12-02T05:00:00Z,617.883914116,622.162999112,616.018671938,620.41745162,54541834
2025-12-03T00:00:00Z,618.0434315384043,622.6317029281745,616.4575112334458,621.9335327148438,47841600
2025-12-03T05:00:00Z,618.04350703,622.631803296,616.457552451,621.933584299,47841627
2025-12-04T00:00:00Z,623.339907329069,623.3498916256304,617.9636071501104,621.35498046875,47067800
2025-12-04T05:00:00Z,623.33999685,623.349971407,617.963710573,621.355059987,47067751
2025-12-05T00:00:00Z,622.7913119974152,627.3197383563271,622.1230338136666,623.8884887695312,53614200
2025-12-05T05:00:00Z,622.791396209,627.319845133,622.123100884,623.88859749,53614169
2025-12-08T00:00:00Z,625.6141268554061,627.2399842967836,620.10815265492,622.6915893554688,43462400
2025-12-08T05:00:00Z,625.614195869,627.240048676,620.108240349,622.691650638,43462406
2025-12-09T00:00:00Z,621.4248072711308,624.2775156033157,619.4199118254116,623.4595947265625,37156000
2025-12-09T05:00:00Z,621.424881887,624.277605217,619.41999591,623.459691535,37155999
2025-12-10T00:00:00Z,622.2626189242517,627.6090269272694,619.4099106697121,626.0130615234375,55031400
2025-12-10T05:00:00Z,622.262744683,627.609107289,619.410021352,626.013178153,55031384
2025-12-11T00:00:00Z,622.2327496814814,624.1877845427603,616.148234091509,623.98828125,58272800
2025-12-11T05:00:00Z,622.232821012,624.187834203,616.148341181,623.988343061,58272844
2025-12-12T00:00:00Z,620.4972123256402,621.953458575216,609.8044563667469,612.0587158203125,75158700
2025-12-12T05:00:00Z,620.497248076,621.953533413,609.804522865,612.05877277,75158726
2025-12-15T00:00:00Z,616.7966055109866,616.8464661142882,607.7696446385382,608.9865112304688,49538200
2025-12-15T05:00:00Z,616.796687392,616.846560178,607.769713217,608.986609183,49538197
2025-12-16T00:00:00Z,606.7123103516171,611.9489518835392,605.3657088583533,610.1934204101562,55152800
2025-12-16T05:00:00Z,606.712410164,611.949052642,605.365944701,610.193530592,55152819
2025-12-17T00:00:00Z,611.5001003103562,612.0886258751325,598.7526499708691,598.8822631835938,70654300
2025-12-17T05:00:00Z,611.500197572,612.088696441,598.752713598,598.882382841,70654327
2025-12-18T00:00:00Z,608.2484274799762,611.3704684542074,605.3757504118026,607.5601806640625,78875800
2025-12-18T05:00:00Z,608.248491958,611.37052833,605.375819513,607.560247518,78875824
2025-12-19T00:00:00Z,610.392920608793,616.0484763883416,610.3131071204459,615.4799194335938,60369800
2025-12-19T05:00:00Z,610.393021734,616.04859561,610.313225277,615.480045855,60369829
2025-12-22T00:00:00Z,620.5674955378034,620.8671665076671,616.9920478025754,618.4302368164062,43703100
2025-12-22T05:00:00Z,620.567712893,620.86733519,616.992220156,618.430407179,43703101
2025-12-23T00:00:00Z,617.42148892244,621.6261480926279,617.0020349130734,621.3265380859375,41120400
2025-12-23T05:00:00Z,617.421678781,621.626378341,617.002207566,621.326756044,41120445
2025-12-24T00:00:00Z,621.2067276835874,623.4938829346665,620.9370481838333,623.144287109375,18468700
2025-12-24T05:00:00Z,621.206907126,623.494023988,620.937247059,623.144464642,18468707
2025-12-26T00:00:00Z,623.873297918951,624.7322611929134,622.3552536061636,623.1043090820312,28959800
2025-12-26T05:00:00Z,623.873545564,624.727469108,622.355459262,623.104515003,28959778
2025-12-29T00:00:00Z,619.3190849184411,621.995763643064,617.9508150333834,620.088134765625,32458300
2025-12-29T05:00:00Z,619.319286658,621.995912506,617.951011505,620.088317219,32458308
2025-12-30T00:00:00Z,619.0594201394988,621.3964390816567,618.4401448660525,618.64990234375,31226800
2025-12-30T05:00:00Z,619.059614001,621.396667913,618.435400884,618.650130196,31226754
2025-12-31T00:00:00Z,618.8696789386981,619.1792861072609,613.2766946262738,613.536376953125,40746500
2025-12-31T05:00:00Z,618.869853214,619.17946292,613.276903681,613.536576338,40746527
2026-01-02T00:00:00Z,619.2791633693975,622.0656280105537,609.381669736326,612.347900390625,61859200
2026-01-02T05:00:00Z,619.279337019,622.065824375,609.381813828,612.348074562,61859163
2026-01-05T00:00:00Z,618.5400731036631,620.0281869343077,615.9433108116908,617.2117309570312,46828400
2026-01-05T05:00:00Z,618.540268688,620.02839276,615.943542119,617.211943174,46828359
2026-01-06T00:00:00Z,618.4501618747352,623.2341686687002,617.7610283782293,622.6348876953125,43137500
2026-01-06T05:00:00Z,618.450381999,623.235649695,617.761250717,622.635106738,43137520
2026-01-07T00:00:00Z,622.2553845556755,627.1492383750701,621.7760085257346,623.2341918945312,44880300
2026-01-07T05:00:00Z,622.255585163,627.149416004,621.776189489,623.234351331,44880339
2026-01-08T00:00:00Z,622.2454332860368,622.6348958217857,617.0219780933957,619.6885986328125,50435900
2026-01-08T05:00:00Z,622.245597753,622.635106738,617.022182386,619.688820824,50435941
2026-01-09T00:00:00Z,620.6273877403378,627.0992684709724,618.280371644388,625.86083984375,49688700
2026-01-09T05:00:00Z,620.627637353,627.099478955,618.280596031,625.86104013,49688734
2026-01-12T00:00:00Z,621.5263228144307,628.0580650499223,621.4763979710708,626.3801879882812,37388700
2026-01-12T05:00:00Z,621.526504242,628.053276598,621.476567192,626.380385443,37388651
2026-01-13T00:00:00Z,626.4800871429724,628.6772678768714,622.9145755930199,625.4513549804688,44481400
2026-01-13T05:00:00Z,626.480259542,628.677489716,622.90976051,625.451556325,44481380
2026-01-14T00:00:00Z,621.4563902550666,622.6648884214621,613.7860691564842,618.769775390625,72598700
2026-01-14T05:00:00Z,621.456592373,622.665068968,613.786261585,618.769979115,72598700
2026-01-15T00:00:00Z,625.8108857116995,629.206628407055,619.9682771169513,620.9970092773438,53934900
2026-01-15T05:00:00Z,625.81110308,629.20682244,619.968468301,620.997171518,53934892
2026-01-16T00:00:00Z,624.7123119754499,625.2915986535979,618.1006533744517,620.4776611328125,61058100
2026-01-16T05:00:00Z,624.712487994,625.291757767,618.100822653,620.477826204,61058094
2026-01-20T00:00:00Z,609.7611716460692,614.2854351912486,606.2855126563834,607.2942504882812,81988900
2026-01-20T05:00:00Z,609.761335403,614.280638374,606.285716765,607.294445163,81988898
2026-01-21T00:00:00Z,608.7024240227943,619.6386461402016,607.0944662344775,615.50390625,79837900
2026-01-21T05:00:00Z,608.702669956,619.638883774,607.098192559,615.504096084,79837881
2026-01-22T00:00:00Z,621.5662350217955,621.6761428244047,617.0020437780021,619.978271484375,42254800
2026-01-22T05:00:00Z,621.566453881,621.67631539,617.002207566,619.97845571,42254757
2026-01-23T00:00:00Z,618.949566020391,624.612469784726,617.8709699342951,621.935791015625,43645800
2026-01-23T05:00:00Z,618.949752493,624.612514021,617.871112226,621.935988047,43645825
2026-01-26T00:00:00Z,622.425196766994,626.81961915323,621.3365426117721,624.67236328125,35983000
2026-01-26T05:00:00Z,622.425371131,626.819831478,621.336743454,624.672538354,35983008
2026-01-27T00:00:00Z,628.1179690883873,631.2440322678261,626.5499998769385,630.335205078125,38997200
2026-01-27T05:00:00Z,628.118194763,631.246950656,626.550171411,630.335399756,38997212
2026-01-28T00:00:00Z,634.6597767228699,635.7982947738302,631.014348844542,632.4225463867188,50691700
2026-01-28T05:00:00Z,634.659948234,635.79851296,631.014543628,632.422768421,50691691
2026-01-29T00:00:00Z,631.8533057393616,632.8719797654484,617.4914101080947,628.6373291015625,79944000
2026-01-29T05:00:00Z,631.853486058,632.872201865,617.49159065,628.637540076,79944047
2026-01-30T00:00:00Z,624.9220440060533,627.4688205124429,618.5200822009824,621.0868530273438,65650700
2026-01-30T05:00:00Z,624.922223601,627.465018156,618.517797015,621.087058207,65650714
2026-02-02T00:00:00Z,617.9208683974972,627.6985176699922,617.8808797571519,625.3515014648438,49020300
2026-02-02T05:00:00Z,617.921049275,627.698723548,617.881099636,625.351682226,49020292
2026-02-03T00:00:00Z,627.5087242048245,629.1866011443993,610.1905958568021,615.7435913085938,81234000
2026-02-03T05:00:00Z,627.50896276,629.18684762,610.190794028,615.743793921,81233969
2026-02-04T00:00:00Z,614.2455284678144,614.3253838343164,599.7138024298947,604.9871826171875,81850700
2026-02-04T05:00:00Z,614.245682439,614.325581718,599.714001064,604.987353481,81850748
2026-02-05T00:00:00Z,599.4541864003901,604.0483693053457,594.0110373128413,596.2781982421875,89354500
2026-02-05T05:00:00Z,599.454328407,604.048536952,594.011190022,596.278332065,89354492
2026-02-06T00:00:00Z,599.434154665902,610.6399955270392,598.0159600076653,608.8822631835938,78019300
2026-02-06T05:00:00Z,599.434353587,610.640227473,598.016141384,608.882443334,78019338
2026-02-09T00:00:00Z,606.7748955946631,615.6837064208919,604.3080353554789,613.54638671875,56797600
2026-02-09T05:00:00Z,606.775099849,615.683869462,604.308209609,613.546563748,56797557
2026-02-10T00:00:00Z,614.5351423104305,616.2430108652889,610.2405694597212,610.699951171875,53938900
2026-02-10T05:00:00Z,614.530323621,616.243164415,610.240731077,610.700151932,53938859
2026-02-11T00:00:00Z,615.6037921922693,616.7423712103644,606.9247331463698,612.337890625,58575100
2026-02-11T05:00:00Z,615.603970183,616.742534909,606.924910997,612.338087152,58575101
2026-02-12T00:00:00Z,613.9358943887876,615.0344847338599,598.8149461335121,599.8836059570312,81378900
2026-02-12T05:00:00Z,613.936072733,615.03468782,598.815034301,599.883787032,81378903
2026-02-13T00:00:00Z,599.673873409497,605.7162424752422,595.6689134343201,601.1619873046875,69237500
2026-02-13T05:00:00Z,599.674051424,605.716434402,595.669100062,601.162175496,69237547
2026-02-17T00:00:00Z,597.626419057608,603.1894116444834,592.5927882610704,600.542724609375,69013800
2026-02-17T05:00:00Z,597.621638694,603.189619702,592.592977819,600.542956084,69013763
2026-02-18T00:00:00Z,601.3517411914925,609.0021290003773,599.9634770047899,605.027099609375,64250700
2026-02-18T05:00:00Z,601.351936284,609.003290993,599.963686311,605.02730312,64250668
2026-02-19T00:00:00Z,602.0508799312083,605.0570991965415,599.993476524114,602.7100219726562,60960800
2026-02-19T05:00:00Z,602.051054976,605.052271645,599.993648541,602.710224028,60960839
2026-02-20T00:00:00Z,599.3642756707148,609.581373723881,598.4753818004266,608.0433349609375,74127300
2026-02-20T05:00:00Z,599.364441718,609.581562025,598.475562239,608.043500904,74127323
2026-02-23T00:00:00Z,605.8460514657053,607.2443127599432,598.2955745850619,600.652587890625,63859100
2026-02-23T05:00:00Z,605.841277025,607.244508113,598.295788861,600.652817593,63859111
2026-02-24T00:00:00Z,601.6414099286677,608.2230768722754,598.9747284234804,607.1044921875,55023700
2026-02-24T05:00:00Z,601.641571171,608.223274282,598.974932733,607.104684375,55023732
2026-02-25T00:00:00Z,610.3004608891118,616.053216829597,610.2305417280922,615.9033813476562,55710700
2026-02-25T05:00:00Z,610.300655537,616.053403628,610.230743668,615.903592479,55710653
2026-02-26T00:00:00Z,614.8148183820397,614.8148183820397,603.2193924504018,608.4727783203125,96178900
2026-02-26T05:00:00Z,614.814964802,614.814964802,603.219581932,608.472959529,96178870
2026-02-27T00:00:00Z,602.2206376135266,607.5539396831472,601.4316544188312,606.5252075195312,68125200
2026-02-27T05:00:00Z,602.220840944,607.55411782,601.431835563,606.525414602,68125196
2026-03-02T00:00:00Z,598.1058012495889,609.1518702196468,597.2369017749593,607.32421875,75264600
2026-03-02T05:00:00Z,598.106028073,609.1521034,597.237123414,607.324407392,75264644
2026-03-03T00:00:00Z,595.5790600436336,603.1994564784976,591.1246545665933,600.8224487304688,97015500
2026-03-03T05:00:00Z,595.579213374,603.199607112,591.124828567,600.822603561,97015532
2026-03-04T00:00:00Z,603.3991678160902,612.108218610738,602.6701065956436,609.9808959960938,70943900
2026-03-04T05:00:00Z,603.39935531,612.108376725,602.670274388,609.981058421,70943888
2026-03-05T00:00:00Z,606.6350803018902,611.9883154244911,601.5015388569162,608.1431274414062,89602400
2026-03-05T05:00:00Z,606.635276111,611.988527806,601.501747432,608.143375003,89602407
2026-03-06T00:00:00Z,599.5539822531658,605.2368188486739,597.5764953219963,598.9946899414062,86302300
2026-03-06T05:00:00Z,599.554202506,605.237038728,597.57669535,598.994907553,86302307
2026-03-09T00:00:00Z,593.4816386137257,608.5027370453225,590.5853272955466,606.99462890625,93068200
2026-03-09T04:00:00Z,593.476863594,608.502921758,590.585508434,606.994822866,93068170
2026-03-10T00:00:00Z,607.0146358319374,612.5176457382476,604.65756151405,607.004638671875,64078900
2026-03-10T04:00:00Z,607.014797686,612.51786053,604.657768954,607.004810276,64078867
2026-03-11T00:00:00Z,608.1831666985171,611.6587648578186,604.2681201890963,606.9247436523438,60114800
2026-03-11T04:00:00Z,608.183324642,611.65894328,604.268259969,606.924910997,60114800
2026-03-12T00:00:00Z,602.0009473234562,603.3792143506387,596.2981160455262,596.5078735351562,71836600
2026-03-12T04:00:00Z,602.001117926,603.37938049,596.298306885,596.508042492,71836629
2026-03-13T00:00:00Z,598.9747313072235,602.8398528802119,591.8237748266745,592.9722900390625,63145500
2026-03-13T04:00:00Z,598.974932733,602.839960482,591.823947259,592.972499395,63145490
2026-03-16T00:00:00Z,599.2843027330098,603.099499235842,598.3554812666724,599.6239013671875,49077200
2026-03-16T04:00:00Z,599.284542439,603.099733013,598.35571332,599.624114375,49077155
2026-03-17T00:00:00Z,602.3804630878033,605.1369970937805,601.1120429286618,602.5502319335938,47106600
2026-03-17T04:00:00Z,602.380639502,605.137164629,601.112238447,602.55042547,47106607
2026-03-18T00:00:00Z,600.7325461165636,602.400426051188,593.8112802396884,594.15087890625,56128000
2026-03-18T04:00:00Z,600.732716872,602.400614322,593.811441825,594.151013761,56127962
2026-03-19T00:00:00Z,588.7676039624899,595.0496606380132,586.3406715242521,592.273193359375,75597600
2026-03-19T04:00:00Z,588.767799835,595.04988065,586.340859235,592.273380703,75597578
2026-03-20T00:00:00Z,590.3156309505814,590.4254777892629,577.8113788279011,581.3269653320312,91964700
2026-03-20T04:00:00Z,590.315848367,590.425709875,577.811611197,581.327179475,91964677
2026-03-23T00:00:00Z,590.52001953125,595.0800170898438,585.9600219726562,588.0,89936100
2026-03-23T04:00:00Z,590.52,595.08,585.96,588.0,89936118
2026-03-24T00:00:00Z,584.8099975585938,587.9299926757812,581.9299926757812,583.97998046875,57750900
2026-03-24T04:00:00Z,584.81,587.93,581.93,583.98,57750895
2026-03-25T00:00:00Z,589.1400146484375,591.3699951171875,585.6900024414062,587.8200073242188,60475500
2026-03-25T04:00:00Z,589.14,591.37,585.69,587.82,60475491
2026-03-26T00:00:00Z,582.5999755859375,584.6300048828125,573.4299926757812,573.7899780273438,81492100
2026-03-26T04:00:00Z,582.6,584.63,573.43,573.79,81492124
2026-03-27T00:00:00Z,570.8099975585938,571.02001953125,561.5700073242188,562.5800170898438,82702200
2026-03-27T04:00:00Z,570.81,571.02,561.57,562.58,82702240
2026-03-30T00:00:00Z,567.3800048828125,568.0499877929688,555.5999755859375,558.280029296875,70602600
2026-03-30T04:00:00Z,567.38,568.05,555.6,558.28,70602622
2026-03-31T00:00:00Z,564.2899780273438,578.6400146484375,564.2100219726562,577.1799926757812,95878000
2026-03-31T04:00:00Z,564.29,578.64,564.21,577.18,95877997
2026-04-01T00:00:00Z,581.47998046875,587.739990234375,580.4199829101562,584.3099975585938,79435100
2026-04-01T04:00:00Z,581.48,587.739,580.42,584.31,79435132
2026-04-02T00:00:00Z,573.969970703125,586.0499877929688,571.9199829101562,584.97998046875,50941700
2026-04-02T04:00:00Z,573.97,586.05,571.92,584.98,50941709
2026-04-06T00:00:00Z,586.22998046875,590.6099853515625,584.6900024414062,588.5,35108500
2026-04-06T04:00:00Z,586.23,590.61,584.69,588.5,35108496
2026-04-07T00:00:00Z,585.6400146484375,588.97998046875,578.4000244140625,588.5900268554688,49948200
2026-04-07T04:00:00Z,585.64,588.98,578.4001,588.59,49948195
2026-04-08T00:00:00Z,608.7100219726562,609.9000244140625,602.1199951171875,606.0900268554688,63086000
2026-04-08T04:00:00Z,608.71,609.9,602.12,606.09,63085996
2026-04-09T00:00:00Z,605.9299926757812,610.5,603.030029296875,610.1900024414062,37837500
2026-04-09T04:00:00Z,605.93,610.5,603.03,610.19,37837538
2026-04-10T00:00:00Z,611.8400268554688,613.6699829101562,609.5800170898438,611.0700073242188,34038500
2026-04-10T04:00:00Z,611.84,613.67,609.58,611.07,34038533
2026-04-13T00:00:00Z,609.47998046875,626.739990234375,608.1099853515625,617.3900146484375,32972100
2026-04-13T04:00:00Z,609.48,626.74,608.11,617.39,32972110
2026-04-14T00:00:00Z,620.219970703125,628.5999755859375,620.0999755859375,628.5999755859375,49921100
2026-04-14T04:00:00Z,620.22,628.6,620.1,628.6,49921081
2026-04-15T00:00:00Z,629.0800170898438,637.8300170898438,628.2000122070312,637.4000244140625,50102400
2026-04-15T04:00:00Z,629.08,637.83,628.2,637.4,50102386
2026-04-16T00:00:00Z,639.2100219726562,642.1799926757812,635.260009765625,640.469970703125,42320600
2026-04-16T04:00:00Z,639.21,642.18,635.255,640.47,42320581
2026-04-17T00:00:00Z,645.5900268554688,650.0,644.0700073242188,648.8499755859375,53488900
2026-04-17T04:00:00Z,645.59,650.0,644.07,648.85,53488871
2026-04-20T00:00:00Z,648.0399780273438,648.760009765625,642.52001953125,646.7899780273438,37138500
2026-04-20T04:00:00Z,648.04,648.76,642.52,646.79,37138511
2026-04-21T00:00:00Z,648.4099731445312,650.2000122070312,642.2100219726562,644.3300170898438,39580500
2026-04-21T04:00:00Z,648.41,650.2,642.21,644.33,39580523
2026-04-22T00:00:00Z,650.1500244140625,655.3300170898438,648.52001953125,655.1099853515625,37368400
2026-04-22T04:00:00Z,650.15,655.33,648.52,655.11,37368402
2026-04-23T00:00:00Z,653.5499877929688,656.9199829101562,645.52001953125,651.4199829101562,40099800
2026-04-23T04:00:00Z,653.55,656.92,645.52,651.42,40099827
2026-04-24T00:00:00Z,658.510009765625,664.510009765625,656.530029296875,663.8800048828125,45563100
2026-04-24T04:00:00Z,658.51,664.51,656.5301,663.88,45563050
2026-04-27T00:00:00Z,663.4000244140625,664.4299926757812,660.6900024414062,664.22998046875,32717000
2026-04-27T04:00:00Z,663.4,664.43,660.69,664.23,32717030
2026-04-28T00:00:00Z,657.4099731445312,659.6400146484375,653.8099975585938,657.5499877929688,34147900
2026-04-28T04:00:00Z,657.455,659.64,653.81,657.6099,25059664
2026-04-29T00:00:00Z,658.6300048828125,661.719970703125,656.5900268554688,661.5700073242188,31131400
2026-04-29T04:00:00Z,658.6300048828125,661.719970703125,656.5900268554688,661.5700073242188,31724900
2026-04-30T04:00:00Z,665.3499755859375,668.9000244140625,657.5599975585938,667.739990234375,40622200
2026-05-01T04:00:00Z,669.1599731445312,675.969970703125,668.7999877929688,674.1500244140625,39172600
2026-05-04T04:00:00Z,674.6599731445312,676.72998046875,668.9000244140625,672.8800048828125,34443200
2026-05-05T04:00:00Z,677.9600219726562,682.77001953125,677.510009765625,681.6099853515625,36623100
2026-05-06T04:00:00Z,687.780029296875,695.9299926757812,686.47998046875,695.77001953125,38454700
2026-05-07T04:00:00Z,696.5800170898438,701.239990234375,691.77001953125,694.9400024414062,43475200
2026-05-08T04:00:00Z,699.9199829101562,711.22998046875,699.5,711.22998046875,44146300
2026-05-11T04:00:00Z,710.3599853515625,714.5900268554688,708.9099731445312,713.2899780273438,35908200
2026-05-12T04:00:00Z,708.219970703125,710.1799926757812,696.6400146484375,707.239990234375,45600700
2026-05-13T04:00:00Z,709.9600219726562,716.6500244140625,704.8300170898438,714.7100219726562,39709700
2026-05-14T04:00:00Z,714.6199951171875,722.030029296875,714.219970703125,719.7899780273438,33209400
2026-05-15T04:00:00Z,710.1400146484375,715.1300048828125,705.5499877929688,708.9299926757812,51687900
2026-05-18T04:00:00Z,711.5399780273438,712.0700073242188,698.8499755859375,705.8800048828125,49696500
2026-05-19T04:00:00Z,699.8099975585938,706.489990234375,695.25,701.530029296875,46590800
2026-05-20T04:00:00Z,705.2899780273438,713.1500244140625,703.7899780273438,713.1500244140625,36450900
2026-05-21T04:00:00Z,708.989990234375,717.1199951171875,706.77001953125,714.510009765625,36225800
2026-05-22T04:00:00Z,718.0700073242188,722.1199951171875,715.9500122070312,717.5399780273438,32999600
2026-05-26T04:00:00Z,725.9600219726562,731.1699829101562,724.1599731445312,730.280029296875,34068000
2026-05-27T04:00:00Z,732.9600219726562,733.3200073242188,725.4400024414062,729.4500122070312,34919500
2026-05-28T04:00:00Z,729.72998046875,736.5999755859375,726.4099731445312,735.5999755859375,32707600
2026-05-29T04:00:00Z,737.8400268554688,741.6300048828125,735.25,738.3099975585938,37477400
2026-06-01T04:00:00Z,737.0399780273438,745.6500244140625,735.989990234375,742.739990234375,33727900
2026-06-02T04:00:00Z,742.4000244140625,746.4400024414062,739.22998046875,746.1599731445312,29688500
2026-06-03T04:00:00Z,747.3099975585938,748.6500244140625,741.010009765625,744.2100219726562,39849600
2026-06-04T04:00:00Z,,,,,36871759
2026-06-05T04:00:00Z,730.0599975585938,731.6900024414062,704.3200073242188,705.0599975585938,99178800
2026-06-08T04:00:00Z,717.8099975585938,723.030029296875,713.0700073242188,716.0700073242188,47047200
2026-06-09T04:00:00Z,,,,,87562233
2026-06-10T04:00:00Z,,,,,60321643
2026-06-11T04:00:00Z,699.2899780273438,718.3699951171875,695.0,717.1199951171875,71471100
2026-06-12T04:00:00Z,717.6099853515625,724.010009765625,711.280029296875,721.3400268554688,51168400
2026-06-15T04:00:00Z,738.0999755859375,744.760009765625,737.3800048828125,744.0,46525500
2026-06-16T04:00:00Z,742.25,744.219970703125,729.6400146484375,729.8599853515625,45129400
2026-06-17T04:00:00Z,735.1900024414062,735.6799926757812,720.8499755859375,722.510009765625,51282500
2026-06-18T04:00:00Z,,,,,49291407
2026-06-22T04:00:00Z,742.02001953125,745.4500122070312,734.3900146484375,737.9500122070312,43202700
2026-06-23T04:00:00Z,715.739990234375,723.6099853515625,712.1099853515625,713.6500244140625,52901800
2026-06-24T04:00:00Z,715.3699951171875,719.9299926757812,704.4500122070312,710.6199951171875,52179200
2026-06-25T04:00:00Z,725.9000244140625,726.8300170898438,705.2999877929688,716.3800048828125,49668000
2026-06-26T04:00:00Z,,,,,44705529
2026-06-29T04:00:00Z,713.989990234375,724.5800170898438,705.1699829101562,724.0800170898438,44565100
2026-06-30T04:00:00Z,724.1799926757812,737.6199951171875,723.9099731445312,736.4000244140625,41926000
2026-07-01T04:00:00Z,729.1900024414062,731.9199829101562,724.5999755859375,725.1699829101562,40258000
2026-07-02T04:00:00Z,725.5800170898438,730.8300170898438,707.5599975585938,712.5999755859375,50959800
2026-07-06T04:00:00Z,719.9299926757812,726.0800170898438,718.4500122070312,722.8200073242188,29988100
2026-07-07T04:00:00Z,714.1699829101562,716.3499755859375,704.9000244140625,709.4299926757812,42150000
2026-07-08T04:00:00Z,704.9500122070312,712.260009765625,700.9099731445312,711.4400024414062,35413800
2026-07-09T04:00:00Z,718.3300170898438,724.22998046875,715.1300048828125,723.280029296875,33572700
2026-07-10T04:00:00Z,720.7000122070312,726.3900146484375,717.0,725.510009765625,26374600
2026-07-13T04:00:00Z,717.719970703125,718.739990234375,710.0800170898438,711.739990234375,36351500
