datetime,open,high,low,close,volume
1998-01-02T00:00:00Z,59.70896319744299,59.91988117919375,59.229604148009436,59.86235809326172,2360900
1998-01-05T00:00:00Z,60.03490022029614,60.399212933226714,59.38297220768354,59.996551513671875,4191800
1998-01-06T00:00:00Z,59.67059168578665,59.68976604044147,59.01866362752291,59.037837982177734,3154900
1998-01-07T00:00:00Z,58.96116132523043,59.344648553362006,58.42427920584621,59.191253662109375,4424200
1998-01-08T00:00:00Z,59.09534336663539,59.09534336663539,58.52011289908216,58.67350769042969,3831000
1998-01-09T00:00:00Z,58.44340249631723,58.596797253525416,56.3917476186578,56.641014099121094,10258800
1998-01-12T00:00:00Z,55.91242329110491,57.79151021926961,55.778202796236,57.67646408081055,12097900
1998-01-13T00:00:00Z,58.05993763407723,58.52012208031826,57.81067105903,58.481773376464844,5224900
1998-01-14T00:00:00Z,58.7118801684666,58.88444937862865,58.11747511124176,58.75022888183594,3770400
1998-01-15T00:00:00Z,58.59681977608966,58.750214592257436,58.174984031628284,58.261268615722656,2875400
1998-01-16T00:00:00Z,59.05699965707827,59.325440564610446,58.69268699685603,59.0953483581543,4374800
1998-01-20T00:00:00Z,59.32545922816485,60.140369382397886,59.21041308874372,60.05408477783203,5091700
1998-01-21T00:00:00Z,59.65143582253668,59.93905123151709,58.999507562181094,59.47886657714844,4699400
1998-01-22T00:00:00Z,58.99946632453496,59.440476310061214,58.826897199763806,58.95153045654297,4543400
1998-01-23T00:00:00Z,59.210395579384674,59.38296473748521,58.29002673618181,58.865257263183594,6350300
1998-01-26T00:00:00Z,59.13373223494986,59.35423739730457,58.53932701468934,58.826942443847656,4362900
1998-01-27T00:00:00Z,58.78856819943099,59.82398329491999,58.692696431330155,59.421321868896484,7044200
1998-01-28T00:00:00Z,59.76645883036224,60.197881776683424,59.632238358173424,59.95820236206055,4268600
1998-01-29T00:00:00Z,60.03489024766529,61.08947950465078,59.86232109652221,60.284156799316406,8007700
1998-01-30T00:00:00Z,60.61013653652727,60.72518266725146,60.130777658509814,60.3225212097168,3649100
1998-02-02T00:00:00Z,61.30041335238898,61.66472609986955,61.20454157673619,61.31958770751953,5756300
1998-02-03T00:00:00Z,61.357930311869566,61.85646349565351,61.185361132867435,61.77976608276367,2759600
1998-02-04T00:00:00Z,61.53051762317114,62.06739967161265,61.31959967556912,61.703086853027344,3374000
1998-02-05T00:00:00Z,62.16325949199164,62.33582868860728,61.37711092963147,61.66472625732422,5076200
1998-02-06T00:00:00Z,61.97150866894411,62.35499572753906,61.779765139646635,62.35499572753906,5701200
1998-02-09T00:00:00Z,62.412506746164404,62.43168109539518,61.79892757077968,62.144065856933594,2322200
1998-02-10T00:00:00Z,62.23995024767365,62.87270390083854,62.08655542266398,62.73848342895508,3660400
1998-02-11T00:00:00Z,62.642643400783314,62.79603830350944,62.40296386527373,62.680992126464844,4073200
1998-02-12T00:00:00Z,62.412516181148696,63.16031591419472,61.8948086736553,62.949398040771484,5024700
1998-02-13T00:00:00Z,62.700102364315704,62.90143296823781,62.508358932008925,62.58505630493164,2101300
1998-02-17T00:00:00Z,63.0836159194388,63.25618508152845,62.68095454122962,62.89187240600586,3055500
1998-02-18T00:00:00Z,62.77684050499493,63.49587884309429,62.75766614931228,63.46711730957031,3007400
1998-02-19T00:00:00Z,63.352031900670916,63.447903619648926,63.04524239994127,63.131526947021484,3387800
1998-02-20T00:00:00Z,63.29454015111363,63.639678510010945,62.8151813193118,63.6013298034668,3707000
1998-02-23T00:00:00Z,63.965670253994226,63.965670253994226,63.4096137679733,63.850624084472656,3227800
1998-02-24T00:00:00Z,63.754754349336785,63.86980052259875,63.160349120816655,63.35209274291992,3386800
1998-02-25T00:00:00Z,63.65884011672038,64.34911669629928,63.58214271898939,64.13819885253906,3481800
1998-02-26T00:00:00Z,64.08070471057144,64.56006366262538,63.92730984591417,64.5025405883789,3187600
1998-02-27T00:00:00Z,64.40666879796812,64.75180724344696,64.13822778481791,64.5025405883789,3442900
1998-03-02T00:00:00Z,64.57921926926247,64.88600890949648,64.19573221896992,64.36830139160156,4252300
1998-03-03T00:00:00Z,64.13820769549545,64.8093100181688,64.13820769549545,64.73261260986328,3349200
1998-03-04T00:00:00Z,64.48334492255196,64.6750884400142,64.08068353588125,64.31077575683594,4404100
1998-03-05T00:00:00Z,63.50546697202735,64.0806976511218,63.29454905635938,63.71638488769531,7268000
1998-03-06T00:00:00Z,64.15740396505261,65.0010757446289,64.08070653054567,65.0010757446289,6896300
1998-03-09T00:00:00Z,64.75180647710572,65.17364234992074,64.57923725640866,64.77098083496094,3362800
1998-03-10T00:00:00Z,65.1736721161873,65.55715944843907,65.001102816674,65.38459014892578,5481900
1998-03-11T00:00:00Z,65.63379165462354,65.84470947764453,65.51874556933936,65.69131469726562,3439600
1998-03-12T00:00:00Z,65.71051122975904,66.01730089409406,65.3461985033612,65.95977783203125,3191300
1998-03-13T00:00:00Z,66.17068706074991,66.26655881829953,65.57628216394224,65.71050262451172,2879400
1998-03-16T00:00:00Z,66.17070862988126,66.49667271180186,65.97896505228091,66.41997528076172,3223600
1998-03-17T00:00:00Z,66.45829953032798,66.6116943359375,66.05563816560296,66.6116943359375,4581900
1998-03-18T00:00:00Z,66.41998215750019,66.86099243164062,66.28576163928352,66.86099243164062,1944100
1998-03-19T00:00:00Z,66.86098485898644,67.11025150744267,66.6692412832509,67.03355407714844,2554800
1998-03-20T00:00:00Z,67.41844617737301,67.80303514586916,66.99539831202726,67.6107406616211,3123300
1998-03-23T00:00:00Z,67.51458225663467,67.87994171629745,67.32228780418056,67.45689392089844,4453100
1998-03-24T00:00:00Z,67.72608142980012,68.18758794720932,67.64916367689858,68.03375244140625,3333600
1998-03-25T00:00:00Z,68.55299150182846,68.62990930435505,67.18770050698139,67.7838134765625,4597600
1998-03-26T00:00:00Z,67.61075516028598,68.14917983164207,67.45691953989852,67.745361328125,3333500
1998-03-27T00:00:00Z,68.14915394973319,68.1683833949786,67.07230501599024,67.45689392089844,2611300
1998-03-30T00:00:00Z,67.45690830054448,67.74535004071215,67.05308986430975,67.41844940185547,3108700
1998-03-31T00:00:00Z,67.78380658017971,68.41837838646225,67.53382374740175,67.64920043945312,5926500
1998-04-01T00:00:00Z,67.8799416318727,68.3510630397993,67.32228772044938,68.19722747802734,2929000
1998-04-02T00:00:00Z,68.26454556304208,69.07218244012596,68.14916886631582,68.93757629394531,3920900
1998-04-03T00:00:00Z,69.1298710687803,69.41831281176547,68.82219987626279,69.28370666503906,3787600
1998-04-06T00:00:00Z,69.68750831676584,69.76442609636491,68.72603607177734,68.72603607177734,4550500
1998-04-07T00:00:00Z,68.76450728295555,68.87988397302763,67.78380541734293,68.26454162597656,5583700
1998-04-08T00:00:00Z,68.43760546935516,68.47606436537616,67.53382141286185,67.87995147705078,4854800
1998-04-09T00:00:00Z,68.0337462315337,68.47602327034808,68.0145167950635,68.4183349609375,4481200
1998-04-13T00:00:00Z,68.53373002629672,68.53373002629672,67.68763459387331,68.22605895996094,4350200
1998-04-14T00:00:00Z,68.37989266375845,68.80294036865234,68.24528657583767,68.80294036865234,3279100
1998-04-15T00:00:00Z,68.89910728344019,68.99525451660156,68.39914167100105,68.99525451660156,3867200
1998-04-16T00:00:00Z,68.4952932358864,68.6106699229766,67.99532759182883,68.1876220703125,7177900
1998-04-17T00:00:00Z,68.12993536040605,69.18755501742619,67.95687032562094,69.0914077758789,5688800
1998-04-20T00:00:00Z,68.91833849526726,69.26446854351359,68.84142070676808,69.07217407226562,3688300
1998-04-21T00:00:00Z,69.18756204564409,69.62983940168905,68.86066139117607,69.39908599853516,4573200
1998-04-22T00:00:00Z,69.45680157128339,69.80293181167185,69.41834265568468,69.5914077758789,2386100
1998-04-23T00:00:00Z,69.30293922764913,69.53369263240269,68.76451461655752,68.91835021972656,5062000
1998-04-24T00:00:00Z,68.76450550576354,69.206782806276,67.89918035258698,68.1876220703125,11039700
1998-04-27T00:00:00Z,67.3030339016521,67.49532828422825,66.22618535922567,66.89921569824219,14510200
1998-04-28T00:00:00Z,67.55306446819931,67.57229392008323,66.53390351835174,66.80311584472656,6511400
1998-04-29T00:00:00Z,67.09154525547453,67.66842870565058,66.7261857370297,67.26461029052734,7703100
1998-04-30T00:00:00Z,68.03378256927071,68.87026350249944,67.93763533556626,68.51451873779297,8684500
1998-05-01T00:00:00Z,68.76451152766575,69.28370666503906,68.49529923421292,69.28370666503906,4008800
1998-05-04T00:00:00Z,69.36062432290716,69.72598386328288,69.01449423202489,69.11064147949219,4537200
1998-05-05T00:00:00Z,68.91831679917344,69.01446400452943,68.3798924491799,68.62987518310547,5146400
1998-05-06T00:00:00Z,68.99525423539338,68.99525423539338,67.80302854905158,67.82225799560547,5526100
1998-05-07T00:00:00Z,67.9953259176171,68.03378481236687,67.2838363647461,67.2838363647461,6940400
1998-05-08T00:00:00Z,67.68765324012233,68.53374890562387,67.68765324012233,68.37991333007812,7951000
1998-05-11T00:00:00Z,68.64913561543277,69.05295406022944,67.91841652484834,68.149169921875,6336300
1998-05-12T00:00:00Z,68.18758492014516,68.89907410289906,67.89914335956925,68.87984466552734,6045200
1998-05-13T00:00:00Z,68.95679313895496,69.26446427398656,68.66835144986285,69.05294036865234,4441500
1998-05-14T00:00:00Z,68.62990745589275,69.34139711010066,68.51453075521039,68.70682525634766,4187500
1998-05-15T00:00:00Z,68.91834035498171,69.05294648848754,68.18762134452152,68.32222747802734,6716100
1998-05-18T00:00:00Z,68.12990390274207,68.66832820679987,67.58186487896896,68.05298614501953,4847200
1998-05-19T00:00:00Z,68.30299482364317,68.72604265194276,68.16838869645694,68.51451873779297,5918700
1998-05-20T00:00:00Z,68.97604805991686,69.22603094945657,68.22609939129775,69.16834259033203,5716600
1998-05-21T00:00:00Z,69.14908385957229,69.3990666432693,68.49528273298012,68.72603607177734,6301500
1998-05-22T00:00:00Z,68.76448105372741,68.9567754638329,68.2645155874531,68.4568099975586,4862200
1998-05-26T00:00:00Z,68.97605297928227,68.97605297928227,67.18771371887712,67.36077880859375,6899300
1998-05-27T00:00:00Z,66.78386333730909,67.62995892810713,66.19736525732408,67.45689392089844,10202600
1998-05-28T00:00:00Z,67.61069850510285,67.91836948806122,67.11073315779548,67.76453399658203,4907600
1998-05-29T00:00:00Z,68.07223148624752,68.18760814978353,67.0915298461914,67.0915298461914,4772600
1998-06-01T00:00:00Z,67.05311599274336,67.82229426624772,66.80313305385444,67.39924621582031,6092200
1998-06-02T00:00:00Z,67.68764726384336,67.89917116154287,67.16845224221728,67.45689392089844,6701100
1998-06-03T00:00:00Z,67.61073526004513,67.80302972893035,66.38005065917969,66.38005065917969,6445100
1998-06-04T00:00:00Z,66.61080934353113,67.72611735216994,66.49543265298229,67.6107406616211,6566300
1998-06-05T00:00:00Z,67.91841879912785,68.91835021972656,67.61074759278978,68.91835021972656,8463200
1998-06-08T00:00:00Z,68.87990483118836,69.20680555205105,68.7068397436728,68.84144592285156,4159900
1998-06-09T00:00:00Z,68.74526923362075,69.17793176725893,68.55297477422602,69.05294036865234,2725300
1998-06-10T00:00:00Z,68.68755923899835,69.57211347331915,68.45680596047987,68.61064147949219,6186900
1998-06-11T00:00:00Z,68.57222578042713,68.84143810822466,67.30308194938165,67.32231140136719,8056600
1998-06-12T00:00:00Z,67.6107181879377,67.95684814453125,66.61078720222305,67.95684814453125,9779000
1998-06-15T00:00:00Z,66.95694072604768,67.6299714340924,66.14930387639403,66.16853332519531,10234200
1998-06-16T00:00:00Z,66.70695453899276,67.2069201826981,66.30313613446152,67.18769073486328,7471500
1998-06-17T00:00:00Z,67.78379396995243,68.78372511504108,67.64918785426741,68.5914306640625,12057700
1998-06-18T00:00:00Z,68.41838147639557,68.57221707274496,68.14916918278412,68.28377532958984,3844600
1998-06-19T00:00:00Z,68.55891252525282,68.6650110111529,67.67154337045213,67.94161224365234,3549100
1998-06-22T00:00:00Z,68.05738758562514,68.55894429685706,67.94164372918699,68.26958465576172,5438300
1998-06-23T00:00:00Z,68.57823909577361,69.17624905694632,68.52036716404723,69.07979583740234,5004600
1998-06-24T00:00:00Z,69.23404374468191,70.17928424161404,68.89645785292043,70.00566864013672,8291900
1998-06-25T00:00:00Z,70.31437818299267,70.6423190414593,69.63920582732607,69.88998413085938,5854800
1998-06-26T00:00:00Z,69.94787171936873,70.27581265131283,69.83212786103553,70.17935943603516,4833100
1998-06-29T00:00:00Z,70.52659084933387,70.79665985149215,70.24687652566995,70.43013763427734,5953400
1998-06-30T00:00:00Z,70.31439054755302,70.48800632668278,69.79354321016373,69.94786834716797,4284800
1998-07-01T00:00:00Z,70.41083276596818,70.95097066115918,70.14076381837269,70.75806427001953,3489500
1998-07-02T00:00:00Z,70.8159038849915,70.91235703656463,70.52654443027211,70.89306640625,3503900
1998-07-06T00:00:00Z,70.85452987202284,71.60686492919922,70.71949537458092,71.60686492919922,3144400
1998-07-07T00:00:00Z,71.5972138120417,71.68402169622712,71.1631743911146,71.4718246459961,4920700
1998-07-08T00:00:00Z,71.52967763330392,72.18555925130077,71.45251509001017,71.9926528930664,6875000
1998-07-09T00:00:00Z,71.78046015288459,72.05052907041761,71.37535677658505,71.51039123535156,6942500
1998-07-10T00:00:00Z,71.62612557622298,72.18555397420586,71.02811590941367,71.89619445800781,7849700
1998-07-13T00:00:00Z,71.95407046780565,72.12768618743307,71.64542029957914,71.91548919677734,6555100
1998-07-14T00:00:00Z,72.18557769613494,72.93791268548536,72.18557769613494,72.72571563720703,6983600
1998-07-15T00:00:00Z,72.88001962256754,73.01505406866548,72.55207882490116,72.59066009521484,4977500
1998-07-16T00:00:00Z,72.64854704997066,73.20797558540592,72.26273426691188,73.09223175048828,6315600
1998-07-17T00:00:00Z,73.22724856636559,73.45873618037939,73.03434222135408,73.18866729736328,3539500
1998-07-20T00:00:00Z,73.30441110437019,73.60341593913802,72.8028546073403,73.18866729736328,2338400
1998-07-21T00:00:00Z,73.4587400379099,73.4587400379099,71.78045474817824,71.91548919677734,5518600
1998-07-22T00:00:00Z,71.81903601920656,72.21449404724677,71.31747949583847,71.91548919677734,10417300
1998-07-23T00:00:00Z,71.79972363301295,71.97333930004602,70.31434514839661,70.48796081542969,15110900
1998-07-24T00:00:00Z,70.9702756385939,71.04743821063913,69.67780255683643,70.43013763427734,11540500
1998-07-27T00:00:00Z,70.14075503791516,70.98954305267542,69.65848912043775,70.93167114257812,9600000
1998-07-28T00:00:00Z,70.642301271895,70.77733570906138,69.06046929366032,69.73564147949219,13693000
1998-07-29T00:00:00Z,70.19859716727382,70.44937533797307,69.29193762705346,69.4655532836914,7462400
1998-07-30T00:00:00Z,70.14073356910215,70.73874312373421,70.00569915354006,70.50725555419922,6821600
1998-07-31T00:00:00Z,70.58444930735934,70.68090250400782,68.71325729237877,69.00261688232422,7680500
1998-08-03T00:00:00Z,69.00260876243802,69.39806682216124,68.53963347300595,68.71324920654297,10486500
1998-08-04T00:00:00Z,69.27266814775555,69.27266814775555,66.05113220214844,66.05113220214844,15091600
1998-08-05T00:00:00Z,66.62983820988582,67.20855712890625,65.18304091233473,66.95777893066406,21718400
1998-08-06T00:00:00Z,66.74562043864633,67.59440867543836,66.3983888872314,67.24717712402344,13084400
1998-08-07T00:00:00Z,67.71012355371849,68.26955192496003,66.95778884756605,67.3628921508789,12083800
1998-08-10T00:00:00Z,67.13143695884035,67.69086560016403,66.7842053883636,66.97711181640625,6273000
1998-08-11T00:00:00Z,65.91612709446957,66.32123059724506,65.1252107319079,65.9739990234375,14287100
1998-08-12T00:00:00Z,66.51409268063878,67.20855536523942,66.35976763961642,67.09281158447266,11158400
1998-08-13T00:00:00Z,67.17000798324213,67.69085525939018,66.28263854980469,66.28263854980469,9073900
1998-08-14T00:00:00Z,66.88057446788703,67.1120618903314,65.29874374785047,65.51094055175781,8628500
1998-08-17T00:00:00Z,65.43382198065348,67.24714133978715,65.12517187697115,66.89990997314453,11290000
1998-08-18T00:00:00Z,67.28573356101359,68.26955592672795,67.15069911866064,68.134521484375,7603900
1998-08-19T00:00:00Z,68.57819190392128,68.57819190392128,67.6715322641226,67.96089172363281,6258600
1998-08-20T00:00:00Z,67.71011881934514,68.1538033586172,67.38217807292665,67.55579376220703,7402800
1998-08-21T00:00:00Z,66.78418313983397,67.11212395825603,65.12518841134589,67.01567077636719,16685400
1998-08-24T00:00:00Z,67.44007873535156,67.86447282350308,66.86135952423584,67.44007873535156,7201700
1998-08-25T00:00:00Z,68.13453638608053,68.6746742736259,67.06390593041024,67.59439849853516,9688300
1998-08-26T00:00:00Z,66.84207308579805,67.67157067387578,66.5141321788836,67.2085952758789,9339700
1998-08-27T00:00:00Z,66.05110900143544,66.39834029875607,63.871268079367034,64.04488372802734,24887800
1998-08-28T00:00:00Z,64.7972533284825,65.26022864252941,63.06109590080658,63.81343078613281,23735900
1998-08-31T00:00:00Z,64.04491970936456,64.20889013633132,58.64354093869527,59.260841369628906,22563100
1998-09-01T00:00:00Z,59.299432655634696,62.07728506370607,57.794762601262704,61.76863479614258,24748500
1998-09-02T00:00:00Z,61.614295472285775,62.810314983645114,60.977704442046125,61.32493591308594,13843200
1998-09-03T00:00:00Z,60.26394376107689,61.34421932145471,59.72380598088798,60.8426628112793,17311300
1998-09-04T00:00:00Z,61.382792946017915,61.614280537266254,59.10649829874258,60.34109878540039,17783800
1998-09-08T00:00:00Z,62.270157698288706,63.5819206237793,61.61427623554341,63.5819206237793,14746500
1998-09-09T00:00:00Z,63.42764182588947,63.65912956977958,62.000134071900476,62.03871536254883,12109700
1998-09-10T00:00:00Z,60.76551113031842,61.32493964548643,59.76239793070682,60.80409240722656,19889300
1998-09-11T00:00:00Z,60.61119573601346,62.77174758911133,59.87815135728382,62.77174758911133,20379800
1998-09-14T00:00:00Z,63.50479252748979,64.47896993412351,63.022526484601805,63.85202407836914,10686800
1998-09-15T00:00:00Z,63.50477925435201,64.39214858779678,63.138257138363954,64.23782348632812,8337900
1998-09-16T00:00:00Z,64.66219564165388,64.97084574018206,63.6783734525953,64.81652069091797,11024900
1998-09-17T00:00:00Z,63.118947552699666,63.60121335001552,62.82958807431015,62.964622497558594,12945200
1998-09-18T00:00:00Z,63.41930790840758,63.43866667150539,62.62559862139759,63.245079040527344,7019200
1998-09-21T00:00:00Z,61.7157612168223,64.05817248007057,61.289868259868065,63.20638656616211,8834600
1998-09-22T00:00:00Z,64.11627868429858,64.2130725832785,63.283851153071275,63.729103088378906,7270100
1998-09-23T00:00:00Z,64.34856918370612,66.2844467163086,64.29049285772804,66.2844467163086,13688500
1998-09-24T00:00:00Z,65.85853070013538,66.16827099737293,63.961371379555345,64.65828704833984,11129500
1998-09-25T00:00:00Z,63.88396324871255,65.30683333925205,63.57422282084,64.58087921142578,10247400
1998-09-28T00:00:00Z,65.23908672910748,65.85856767134233,64.58088822798295,65.16165161132812,8847800
1998-09-29T00:00:00Z,65.27778246517761,65.6262403786928,64.0388209949014,65.00675964355469,10618100
1998-09-30T00:00:00Z,64.11624906572722,64.61957710790986,62.79985264771108,63.03215789794922,7908400
1998-10-01T00:00:00Z,61.967448087978184,62.906348816583915,60.767203857595604,61.21245574951172,13335600
1998-10-02T00:00:00Z,61.25115070112218,62.490112030095574,60.22513585056609,62.39331817626953,14351800
1998-10-05T00:00:00Z,61.69641422515734,61.92871951875693,59.68310168062758,61.135009765625,12807200
1998-10-06T00:00:00Z,62.41270977328583,62.741809049385665,60.41875533573979,61.07695388793945,12621000
1998-10-07T00:00:00Z,61.09634384685502,61.967489434025005,59.31533509086305,60.16712188720703,14348500
1998-10-08T00:00:00Z,58.57966908973538,59.934783708466874,57.12776056966594,59.837989807128906,20625000
1998-10-09T00:00:00Z,60.08961315983786,61.19306288603333,58.26988904997163,61.03819274902344,12708500
1998-10-12T00:00:00Z,62.33523746548909,62.83856546986881,61.75447438351248,61.92870330810547,9508500
1998-10-13T00:00:00Z,61.67703411241098,62.19972084217717,61.1737061504139,61.71575164794922,6256800
1998-10-14T00:00:00Z,61.28987547860818,63.07088259927525,61.23179915945599,62.296531677246094,8176900
1998-10-15T00:00:00Z,62.025544850814306,66.43934766791345,61.90939214510117,65.64563751220703,20541100
1998-10-16T00:00:00Z,65.74235967420182,66.12953493730076,65.0454442006237,65.66492462158203,16573900
1998-10-19T00:00:00Z,65.4713468316299,66.16826240996777,65.35519423524025,65.8972396850586,7915900
1998-10-20T00:00:00Z,66.63290467217703,67.397576297555,65.72304223185388,66.2844467163086,14611600
1998-10-21T00:00:00Z,66.2069941852744,66.67160467078509,65.5875135379268,66.0521240234375,9178400
1998-10-22T00:00:00Z,66.14892518200215,67.19429888988277,65.76174973463895,67.0394287109375,8277500
1998-10-23T00:00:00Z,66.8845607872489,66.90391956026981,66.14892741245427,66.1876449584961,6237200
1998-10-26T00:00:00Z,66.7296919207955,67.19430248247207,66.1489287186998,66.67161560058594,5838600
1998-10-27T00:00:00Z,67.17495038130573,67.50404956184815,65.83919488381002,66.2844467163086,10089700
1998-10-28T00:00:00Z,66.01342660492104,66.61354866496578,65.68432741070296,66.16829681396484,5650600
1998-10-29T00:00:00Z,66.34252086335405,67.7944289651199,66.05213924300088,67.77507019042969,9625600
1998-10-30T00:00:00Z,68.22028784318404,68.70425696806474,67.83311254327947,68.14285278320312,9872800
1998-11-02T00:00:00Z,68.64619183673538,69.30438995361328,68.25901647386604,69.30438995361328,6501400
1998-11-03T00:00:00Z,69.13017026936666,69.26568166446204,68.6074834597131,68.80107116699219,6866000
1998-11-04T00:00:00Z,69.67220112475626,70.05937645748622,68.82041539275035,69.53668975830078,8233600
1998-11-05T00:00:00Z,69.09143647463955,70.58206147002964,68.83977251437888,70.48526763916016,6841500
1998-11-06T00:00:00Z,70.29171552167142,70.9692726803766,70.1949216418564,70.69824981689453,5224800
1998-11-09T00:00:00Z,70.58207591541289,70.77566361677167,69.69157248916248,70.19490051269531,6188700
1998-11-10T00:00:00Z,70.0013198852539,70.58208304801873,69.53670935504203,70.0013198852539,14015200
1998-11-11T00:00:00Z,70.50462809012568,70.62078068994467,69.31406394198105,69.53668975830078,10922400
1998-11-12T00:00:00Z,69.57542692458749,70.07875499916715,69.18825148260314,69.45927429199219,5457400
1998-11-13T00:00:00Z,69.51737515320278,70.13685607910156,69.45929881639978,70.13685607910156,5524600
1998-11-16T00:00:00Z,70.75629395785397,70.84340841005925,69.93354635369288,70.65950012207031,6023700
1998-11-17T00:00:00Z,70.4078361490328,71.62743847990689,70.00130203874144,70.65950012207031,9058900
1998-11-18T00:00:00Z,70.81441866390585,71.24031183246953,70.31109037378515,71.08544158935547,4567700
1998-11-19T00:00:00Z,71.41454381922152,71.801719443072,71.00800941417852,71.70492553710938,5249300
1998-11-20T00:00:00Z,72.08239104280135,72.32437570455373,71.7629712892882,72.24694061279297,5562000
1998-11-23T00:00:00Z,72.76958550258458,74.10534006488261,72.57599788486021,73.95046997070312,7151300
1998-11-24T00:00:00Z,73.71821380390132,74.12474807120225,73.37943524781721,73.48590850830078,5323700
1998-11-25T00:00:00Z,73.67949625463456,73.83436645170158,73.23424443806688,73.48590850830078,4393500
1998-11-27T00:00:00Z,74.00855718995736,74.16342730701717,73.72785510278645,74.02791595458984,4557900
1998-11-30T00:00:00Z,73.72789682484803,73.95052274410384,71.93721008300781,71.93721008300781,8705400
1998-12-01T00:00:00Z,71.93718835423275,73.1180733083792,71.37578403176968,72.86640930175781,8950600
1998-12-02T00:00:00Z,72.61474773021752,73.04064067878184,71.8597556850353,72.6534652709961,7495500
1998-12-03T00:00:00Z,72.63415575298764,73.29235439254029,71.29839969036605,71.4532699584961,12145300
1998-12-04T00:00:00Z,72.2469630659319,73.40848980332629,72.1695279501056,73.3310546875,10339500
1998-12-07T00:00:00Z,73.13745107164648,74.00859593618436,73.09873352211147,73.67949676513672,4290000
1998-12-08T00:00:00Z,73.42783793663092,74.18283020647763,72.7889983236837,73.35040283203125,10102600
1998-12-09T00:00:00Z,73.52462605756754,73.69885502926793,73.02129791709973,73.48590850830078,5327900
1998-12-10T00:00:00Z,73.6213836955476,73.6213836955476,72.30498766838556,72.41146087646484,5966600
1998-12-11T00:00:00Z,72.13082370330582,72.69222839664879,71.58877779249194,72.55671691894531,8198200
1998-12-14T00:00:00Z,71.95656029627874,72.11143048254999,70.46593475341797,70.46593475341797,9521400
1998-12-15T00:00:00Z,71.04669829390556,72.32437733679323,70.94990442702013,72.28565979003906,9631500
1998-12-16T00:00:00Z,72.55669002272099,72.55669002272099,71.70490390719279,72.18887329101562,7260000
1998-12-17T00:00:00Z,72.61474438602225,73.46653024392282,72.49859176903581,73.3406982421875,6914700
1998-12-18T00:00:00Z,73.53579761408552,74.04079780900528,73.26387443220565,73.65233612060547,4802400
1998-12-21T00:00:00Z,74.11846293634184,75.41980911473149,73.96307831802666,74.68173217773438,8580700
1998-12-22T00:00:00Z,74.8371627171505,75.3421630365499,74.0796622380514,75.01197052001953,5461100
1998-12-23T00:00:00Z,75.32270486760557,76.585205078125,75.08962790566352,76.585205078125,7791000
1998-12-24T00:00:00Z,76.54635105531432,76.60462028981469,76.13846641381176,76.2550048828125,1507100
1998-12-28T00:00:00Z,76.60466037707383,76.64350655373563,75.82773684383778,76.0608139038086,4203600
1998-12-29T00:00:00Z,76.27447519546901,77.37187979148224,75.90543648176543,77.26505279541016,3935800
1998-12-30T00:00:00Z,77.03197068969912,77.53697100183533,76.46870111077797,76.64350891113281,6810700
1998-12-31T00:00:00Z,76.64350891113281,77.03197068969912,76.11908551006829,76.64350891113281,6790500
1999-01-04T00:00:00Z,76.68234290911941,77.8283049738707,75.65291935942759,76.46868896484375,9450400
1999-01-05T00:00:00Z,76.41039693038228,77.61462789369791,76.41039693038228,77.34270477294922,8031000
1999-01-06T00:00:00Z,78.1973209951718,79.40155196926534,78.15847483471717,79.20732116699219,7737700
1999-01-07T00:00:00Z,78.54692457414367,79.07134766106303,78.17788610557079,78.81884765625,5504900
1999-01-08T00:00:00Z,79.67346575488783,79.86769653439755,78.2944272203688,79.40154266357422,6224400
1999-01-11T00:00:00Z,79.36271995342817,79.36271995342817,77.8282963419938,78.6440658569336,7578300
1999-01-12T00:00:00Z,78.44984305744441,78.44984305744441,76.91541928880412,77.22618865966797,7768800
1999-01-13T00:00:00Z,74.8371568291383,77.77004306874377,74.8177337414588,76.6823501586914,10810600
1999-01-14T00:00:00Z,76.83770205170016,77.01250976617573,75.14789414510312,75.34212493896484,11400700
1999-01-15T00:00:00Z,76.06082385652628,77.55640185370517,75.86659294780175,77.30390167236328,7817700
1999-01-19T00:00:00Z,77.87684156081704,78.08078390684237,76.76001442782116,77.8088607788086,6535100
1999-01-20T00:00:00Z,78.37216591232776,79.51812818960839,77.71178087118298,78.43043518066406,6534400
1999-01-21T00:00:00Z,78.0516387669678,78.21673492959546,76.19673482215123,76.35211944580078,6937500
1999-01-22T00:00:00Z,75.90542206479724,76.97369182261808,75.69176811323307,76.1773452758789,7522300
1999-01-25T00:00:00Z,76.62406933903394,77.0708002882856,75.76945361003077,76.95426177978516,5700300
1999-01-26T00:00:00Z,77.1484759155334,78.35270690917969,76.83770662685048,78.35270690917969,6047000
1999-01-27T00:00:00Z,78.54694262548351,78.70232727953984,77.16790382073343,77.43982696533203,7399400
1999-01-28T00:00:00Z,77.84775629405854,78.91602640288419,77.80891010828306,78.74121856689453,5961700
1999-01-29T00:00:00Z,79.14906141078019,79.74146542870137,77.94483029238305,79.34329223632812,6456800
1999-02-01T00:00:00Z,79.98425190767553,79.98425190767553,78.87713623046875,78.87713623046875,9426800
1999-02-02T00:00:00Z,78.98397513730794,79.07137901979112,77.54666684758439,78.39157104492188,9194500
1999-02-03T00:00:00Z,78.11962733433649,79.51808908671644,78.10020425444232,79.18789672851562,10290700
1999-02-04T00:00:00Z,79.16849020087861,79.24618253669891,77.55637423260752,78.00310516357422,7761100
1999-02-05T00:00:00Z,78.10025020378363,78.10025020378363,76.585249080706,77.10967254638672,7516100
1999-02-08T00:00:00Z,77.75063005028328,77.75063005028328,76.6629369993675,77.26505279541016,8528400
1999-02-09T00:00:00Z,77.30388548172479,77.38157782894261,75.5266730391173,75.53638458251953,8985700
1999-02-10T00:00:00Z,75.90539603021355,76.44924226584456,75.41010749419246,76.02193450927734,6936700
1999-02-11T00:00:00Z,76.48809613238323,78.37213506708136,76.13848065996504,77.77001953125,9181800
1999-02-12T00:00:00Z,77.57580769676771,78.00311560095622,76.2161916379861,76.83773040771484,10676600
1999-02-16T00:00:00Z,77.53692858240976,78.08077477487154,76.37154388427734,76.37154388427734,6915500
1999-02-17T00:00:00Z,76.56583811649237,77.9157431771459,75.98314528455559,76.29391479492188,7858100
1999-02-18T00:00:00Z,76.565796041043,77.30387322256497,75.96368044559085,76.89598846435547,9048900
1999-02-19T00:00:00Z,77.07080397423604,78.15849677225954,76.68234226065623,77.22618865966797,5312200
1999-02-22T00:00:00Z,77.34270332257925,79.38212668995013,77.24558792413302,79.2850112915039,10695800
1999-02-23T00:00:00Z,79.30446219163782,79.86773170022403,78.68292342354269,79.2461929321289,7770700
1999-02-24T00:00:00Z,79.45982539963103,80.08136399967704,77.6923250057502,77.84770965576172,7271000
1999-02-25T00:00:00Z,77.40101891620934,77.86717310792554,76.25505652824037,77.10967254638672,11633000
1999-02-26T00:00:00Z,77.53694338839526,77.59521263442862,76.33271230370575,76.79886627197266,9621300
1999-03-01T00:00:00Z,76.8571504090202,77.26503521028113,76.06080389227272,77.01253509521484,7607200
1999-03-02T00:00:00Z,77.38157986939407,77.88658013962606,76.02196375723103,76.33273315429688,9651500
1999-03-03T00:00:00Z,76.50750077232412,76.79884692911135,75.69173153331991,76.7405776977539,7881400
1999-03-04T00:00:00Z,77.10964585208679,77.99339620127317,76.61435719485046,77.71176147460938,8256400
1999-03-05T00:00:00Z,79.24617207957208,79.63463370741312,78.66347963781051,79.27530670166016,10703100
1999-03-08T00:00:00Z,79.73176217938119,80.0522430748647,79.0908003884142,79.79003143310547,4802200
1999-03-09T00:00:00Z,79.63466374335374,80.76120288899143,79.40158667873905,79.59581756591797,7893400
1999-03-10T00:00:00Z,79.84829775769178,80.33387485424792,79.42098991272238,80.29502868652344,3950000
1999-03-11T00:00:00Z,80.60576142306533,81.53806902506706,80.10076147198107,81.1884536743164,6583700
1999-03-12T00:00:00Z,81.42155260463844,81.44097568493535,80.31443702771469,80.41155242919922,5286500
1999-03-15T00:00:00Z,80.76117923061572,81.57694871779367,80.48925606822309,81.55752563476562,5394400
1999-03-16T00:00:00Z,81.49925759042134,81.82945000677908,81.09137284080292,81.24675750732422,4547500
1999-03-17T00:00:00Z,81.22730993154097,81.38269455120916,80.5669252979512,80.8971176147461,4524100
1999-03-18T00:00:00Z,80.66405530147155,82.2761710226423,80.64463222049359,82.19847869873047,3506300
1999-03-19T00:00:00Z,82.43682737787086,82.63152937923569,80.80133056640625,80.80133056640625,5526700
1999-03-22T00:00:00Z,81.03495017561332,81.36594348483615,80.6358111850799,80.95706939697266,4603800
1999-03-23T00:00:00Z,80.56767865842731,80.7039700433014,78.3188708080048,78.62065887451172,9713800
1999-03-24T00:00:00Z,79.0295029174985,79.23393991691553,78.27016549109238,79.06844329833984,6280900
1999-03-25T00:00:00Z,79.78884234851851,80.6844711303711,79.59414043942013,80.6844711303711,6639600
1999-03-26T00:00:00Z,80.13932796583978,80.4508511066205,79.57469227317473,80.10038757324219,6159700
1999-03-29T00:00:00Z,80.4702777403549,81.89160130073378,80.4702777403549,81.71636962890625,5863900
1999-03-30T00:00:00Z,80.95710013201138,81.75537841614135,80.72345770738796,81.28809356689453,5401400
1999-03-31T00:00:00Z,81.71639036830467,81.99870813345608,79.9446030145959,79.9835433959961,7413600
1999-04-01T00:00:00Z,80.80130745518407,80.80130745518407,79.82779772680836,80.5871353149414,7683600
1999-04-05T00:00:00Z,81.5801096581501,82.61202989964939,81.15176540696173,82.49520874023438,5791100
1999-04-06T00:00:00Z,82.35891717135102,82.8554070975613,81.71640079625539,82.30050659179688,5381300
1999-04-07T00:00:00Z,82.67044859865803,83.09879289191531,81.85270040243955,82.9625015258789,6248600
1999-04-08T00:00:00Z,82.98196523584608,84.07229607892617,82.4173296206796,84.01388549804688,5909100
1999-04-09T00:00:00Z,83.76079581599197,84.42278257976317,83.23510044476188,84.03337860107422,4365800
1999-04-12T00:00:00Z,83.15722036558464,84.98741908119338,83.00145877276687,84.92900848388672,8213200
1999-04-13T00:00:00Z,84.89004461678371,85.02633597281984,83.79971376849474,84.38381958007812,10071400
1999-04-14T00:00:00Z,84.77322967464838,84.77322967464838,82.67044859865803,82.9625015258789,11551700
1999-04-15T00:00:00Z,83.13770226791975,83.21558301945879,81.61902761290857,82.65094757080078,11150000
1999-04-16T00:00:00Z,82.80672351151075,82.80672351151075,81.73586299114086,81.95003509521484,6476200
1999-04-19T00:00:00Z,82.67043060317464,83.8191718668551,79.98354425761691,80.6844711303711,12487200
1999-04-20T00:00:00Z,80.87923469579823,81.73592374890731,80.37300934623377,81.69698333740234,9049600
1999-04-21T00:00:00Z,81.65801433107167,84.50066337550096,81.24914015344827,84.03337860107422,5772200
1999-04-22T00:00:00Z,84.18917869793759,84.96798701151702,83.73162881370966,84.83169555664062,6897400
1999-04-23T00:00:00Z,84.65637964704209,85.20154492535791,84.11121436872628,84.61743927001953,4593100
1999-04-26T00:00:00Z,85.04582219591842,85.24052416981017,84.40330568207563,85.10423278808594,3606500
1999-04-27T00:00:00Z,85.43518839768373,85.66883066312863,84.63691065741368,85.51306915283203,5147200
1999-04-28T00:00:00Z,85.00682729014841,85.51305209764814,84.11119878457194,84.34484100341797,5544300
1999-04-29T00:00:00Z,84.46176119775765,84.77328452167745,83.37142956403832,83.70242309570312,9824300
1999-04-30T00:00:00Z,84.16963821504174,84.50063147195955,81.93056618295064,83.0208969116211,10991900
1999-05-03T00:00:00Z,83.13774235399019,84.63694754398018,82.92357018399163,84.53959655761719,10709700
1999-05-04T00:00:00Z,84.18913961392697,84.61748398754085,82.94304689068662,83.33245086669922,10509300
1999-05-05T00:00:00Z,83.44929534105664,84.15022269343136,82.14479165747036,83.99446105957031,10032300
1999-05-06T00:00:00Z,83.76078770584685,84.18913204093022,82.47575470059675,83.47846984863281,13507200
1999-05-07T00:00:00Z,83.79970587271231,84.18910971041079,83.1377193486249,84.1112289428711,8680700
1999-05-10T00:00:00Z,84.01385451189594,84.55901973236712,83.19610668118919,83.69259643554688,5580100
1999-05-11T00:00:00Z,84.30595419034603,85.27946405397589,83.93602044216668,84.53959655761719,7000600
1999-05-12T00:00:00Z,84.57853754521288,85.49363682344148,81.9305906975727,85.20158386230469,13865800
1999-05-13T00:00:00Z,85.51307685513545,85.98036142811434,85.24049418756444,85.57148742675781,4485700
1999-05-14T00:00:00Z,83.83867605165243,84.65642440143631,83.17668929230356,83.35192108154297,8370100
1999-05-17T00:00:00Z,83.25454750292013,83.78997782479345,82.47573976201349,83.60501098632812,6268100
1999-05-18T00:00:00Z,83.8191982701845,84.10151612730823,82.63151625056052,83.44926452636719,8218600
1999-05-19T00:00:00Z,83.78026603078412,84.11125941273237,83.02092827219695,84.05284881591797,5052400
1999-05-20T00:00:00Z,84.18907059914193,84.4811233417384,83.52708438258993,83.54655456542969,4670400
1999-05-21T00:00:00Z,83.56607769433525,83.91654120749881,82.6120381307233,83.0793228149414,6418200
1999-05-24T00:00:00Z,83.39089123786803,83.39089123786803,81.23943350221909,81.69698333740234,7952000
1999-05-25T00:00:00Z,81.8527055045431,82.45628159175547,80.02250704654428,80.37297058105469,15406400
1999-05-26T00:00:00Z,80.56768095110613,81.6190716643395,79.80834321377091,81.26860809326172,12575900
1999-05-27T00:00:00Z,80.89866562149278,81.17124836967591,79.74992403986388,80.10038757324219,14515400
1999-05-28T00:00:00Z,80.37297884493505,81.46330995329657,80.11986626620826,81.1225814819336,8748000
1999-06-01T00:00:00Z,81.07384453481332,81.09331471841918,79.98351425288499,80.84020233154297,6705300
1999-06-02T00:00:00Z,80.84023294458032,81.11281561828555,79.75963734524886,80.9181137084961,6981900
1999-06-03T00:00:00Z,81.42435449297618,81.54117566154574,80.85971884489003,81.3659439086914,6076600
1999-06-04T00:00:00Z,81.91111102675765,83.08905783377425,81.58011770908357,83.0014419555664,9787200
1999-06-07T00:00:00Z,83.13771067125306,83.60499522771912,82.80671744375626,83.21559143066406,5299100
1999-06-08T00:00:00Z,83.09876923299691,83.3616167926608,81.98896842552718,82.39784240722656,4895700
1999-06-09T00:00:00Z,82.49523148225407,82.92357585152705,82.12529770879105,82.31999969482422,7409700
1999-06-10T00:00:00Z,81.89163170853443,81.91110190152268,80.74289032222832,81.56063842773438,7040700
1999-06-11T00:00:00Z,81.7553550084738,82.37840129574963,80.43138164801269,80.87919616699219,12824800
1999-06-14T00:00:00Z,81.42435406881665,81.46329445813699,80.71369196372058,80.95706939697266,6823500
1999-06-15T00:00:00Z,81.28804044181288,82.02790763625333,81.04466307522063,81.50221252441406,5700900
1999-06-16T00:00:00Z,82.4757846236732,83.4103544211086,82.4757846236732,83.05989074707031,7865800
1999-06-17T00:00:00Z,82.78727064473762,84.46170744517211,82.63150908190651,83.83866119384766,8162800
1999-06-18T00:00:00Z,83.77926174570317,84.16984105454095,83.34962450598161,83.93549346923828,2875100
1999-06-21T00:00:00Z,84.03317635659276,84.52140071376563,83.525423025133,84.13082122802734,4646400
1999-06-22T00:00:00Z,83.74018860576642,84.48228915777648,83.4277252154464,83.5448989868164,5862400
1999-06-23T00:00:00Z,83.11531294503905,83.50589242316424,82.5685016756638,83.13484191894531,9629200
1999-06-24T00:00:00Z,83.03718517416327,83.07624311639007,81.6506282251121,82.50990295410156,9176900
1999-06-25T00:00:00Z,82.86142338698325,83.12506449368236,82.02167763971946,82.30484771728516,4087000
1999-06-28T00:00:00Z,82.9200132202778,83.50588236691188,82.80283939095098,83.31059265136719,5028900
1999-06-29T00:00:00Z,83.11527236251017,84.48229986847251,82.97856961191394,84.09172058105469,6956200
1999-06-30T00:00:00Z,84.13079625846696,85.9274613596227,83.64257204619636,85.61499786376953,16856100
1999-07-01T00:00:00Z,85.61498172234053,86.55237203316908,85.0291127780727,86.25943756103516,9939500
1999-07-02T00:00:00Z,86.31802580918306,87.17730027425185,86.18132305337666,87.11871337890625,3772800
1999-07-06T00:00:00Z,87.02109676070278,87.95848739008198,86.61098836034937,87.09921264648438,11221100
1999-07-07T00:00:00Z,86.90387573788853,87.313983915528,86.56211892318896,87.21633911132812,3230700
1999-07-08T00:00:00Z,86.90392929164206,87.88037793536837,86.70863956289679,87.28474426269531,7101500
1999-07-09T00:00:00Z,87.48981299349421,87.86086353967198,87.21640732788954,87.80227661132812,2976800
1999-07-12T00:00:00Z,88.07568257786102,88.07568257786102,87.17734967351919,87.41169738769531,4436300
1999-07-13T00:00:00Z,87.09921264648438,87.44096964677888,86.65004630324017,87.09921264648438,6477600
1999-07-14T00:00:00Z,87.48979562952898,87.62649843520013,86.70863673997962,87.58744049072266,4382500
1999-07-15T00:00:00Z,87.97800096414856,88.34905135667216,87.6850664437352,88.14399719238281,3348600
1999-07-16T00:00:00Z,88.27093797719863,88.83727806599039,87.95847447993421,88.6224594116211,2281500
1999-07-19T00:00:00Z,88.85678415713103,88.89584208423307,87.8412780524781,88.03656768798828,4287000
1999-07-20T00:00:00Z,87.56791346103658,87.74367421508416,85.9470087292645,86.23017883300781,7060100
1999-07-21T00:00:00Z,86.29851882877486,86.80627205112113,85.81029457651884,86.13252258300781,4793700
1999-07-22T00:00:00Z,85.88842331362072,86.23994482786473,84.65809801376666,84.9998550415039,7804100
1999-07-23T00:00:00Z,85.40019486534442,85.61501355812256,84.44327523387818,84.83385467529297,4603000
1999-07-26T00:00:00Z,84.2870697700911,85.06822889678332,84.13083794475266,84.20895385742188,4333400
1999-07-27T00:00:00Z,84.99007266271849,85.74193796545623,84.5994932846729,84.91195678710938,5908500
1999-07-28T00:00:00Z,85.14632870876588,85.81031384089844,84.73622024480163,85.18538665771484,3955500
1999-07-29T00:00:00Z,84.32610263749073,84.52139236106066,83.31059607492716,83.99411010742188,7760600
1999-07-30T00:00:00Z,84.24800362021236,84.5799962167686,82.84191732891536,82.95909118652344,5994300
1999-08-02T00:00:00Z,82.95906059010704,84.20891461029699,82.8028288375833,83.15435028076172,6065500
1999-08-03T00:00:00Z,83.5644433839302,83.64255924593901,82.09977097126492,82.76375579833984,5445400
1999-08-04T00:00:00Z,82.93956790358256,83.66214007509952,81.51395253815718,81.6311264038086,6497900
1999-08-05T00:00:00Z,81.78730760902631,82.45129243679779,80.51792485005146,82.37317657470703,10322000
1999-08-06T00:00:00Z,82.0021433240501,82.49036756389322,80.92804999639523,81.47486114501953,7537700
1999-08-09T00:00:00Z,81.61159694065934,82.363462574116,81.08431454836506,81.29913330078125,5565900
1999-08-10T00:00:00Z,81.16240194940092,81.338162685095,79.36573665119474,80.40077209472656,9793300
1999-08-11T00:00:00Z,81.04524285151915,81.57252515440855,80.38125772936212,81.37723541259766,8003400
1999-08-12T00:00:00Z,81.6701413274942,82.37318415097336,81.18191714452257,81.32838439941406,7036800
1999-08-13T00:00:00Z,82.25602446786397,83.27153094277587,81.94356093712184,83.21294403076172,5857700
1999-08-16T00:00:00Z,83.19341260250484,83.72069479505593,82.64660143985927,83.58399200439453,3927000
1999-08-17T00:00:00Z,84.01364738230585,84.26752404803574,83.19343046225545,84.13082122802734,4808000
1999-08-18T00:00:00Z,83.867170524285,83.97457987063115,83.2715368763654,83.5254135131836,4355500
1999-08-19T00:00:00Z,82.72469937379829,83.26174593488881,82.29506212492588,82.84187316894531,6448100
1999-08-20T00:00:00Z,83.15438115265711,83.81836634739416,82.92003343686757,83.6816635131836,3663700
1999-08-23T00:00:00Z,84.24797697528047,85.33183481536578,84.15033212482233,85.28301239013672,5637800
1999-08-24T00:00:00Z,85.0291417004609,86.22040895901122,84.59950432852472,85.5954818725586,9279500
1999-08-25T00:00:00Z,85.73214261297073,86.72811966838337,85.08768687123313,86.4742431640625,6005300
1999-08-26T00:00:00Z,86.41568023681641,86.50356058959962,85.3025291015625,85.4392318725586,4322300
1999-08-27T00:00:00Z,85.53690100532613,85.65407484231973,84.40422058105469,84.40422058105469,6247400
1999-08-30T00:00:00Z,84.57995113029283,84.677595959582,82.49035178350424,82.84187316894531,4652000
1999-08-31T00:00:00Z,83.0761839708219,83.58393685827873,81.78727279496994,82.52937316894531,11453700
1999-09-01T00:00:00Z,83.07620390133637,83.57419242965891,82.68562466343634,83.5448989868164,6863900
1999-09-02T00:00:00Z,82.56850319562898,82.91026024527976,81.6506414051383,82.5587387084961,10896300
1999-09-03T00:00:00Z,84.28703657048129,85.30254303518588,84.16986274763076,84.97055053710938,9160800
1999-09-07T00:00:00Z,85.02911614194736,85.38063752241476,84.50183407124626,84.65806579589844,4560800
1999-09-08T00:00:00Z,84.26749954966412,85.02912932543165,83.7597463658191,84.24797058105469,6159600
1999-09-09T00:00:00Z,84.20895385742188,84.52141750809876,83.54496859973348,84.20895385742188,6177800
1999-09-10T00:00:00Z,85.14630441393672,85.2146558050947,84.326087720041,84.91195678710938,2934500
1999-09-13T00:00:00Z,84.44327818559277,84.6580968858799,84.05269873052528,84.33586883544922,2320500
1999-09-14T00:00:00Z,83.779296875,84.09176045308858,83.3496594551282,83.779296875,3736000
1999-09-15T00:00:00Z,84.63855378744107,84.63855378744107,82.41225126511337,82.45130920410156,6984500
1999-09-16T00:00:00Z,82.80279960780825,82.99808922952478,81.43577225579256,82.77350616455078,15377600
1999-09-17T00:00:00Z,83.11439670313185,83.93692372045784,82.82063705408684,83.81941986083984,8542300
1999-09-20T00:00:00Z,83.93688137998745,83.9760493134359,83.40811427843364,83.70187377929688,2803900
1999-09-21T00:00:00Z,82.87938477204362,83.01647260129795,81.56725840632365,81.9393539428711,9335200
1999-09-22T00:00:00Z,82.25271364392982,82.62480925327141,81.31268263085634,81.85124206542969,13009100
1999-09-23T00:00:00Z,82.60517606986932,82.60517606986932,79.98092438818072,80.1375961303711,12204100
1999-09-24T00:00:00Z,80.05931091308594,80.45099051637892,79.15844782551207,80.05931091308594,13792900
1999-09-27T00:00:00Z,80.68597834831598,81.31266555878835,80.39221871840708,80.58805847167969,6970300
1999-09-28T00:00:00Z,80.17679716880693,80.72514849287303,78.68841500348466,80.43138885498047,11063400
1999-09-29T00:00:00Z,80.49013794907917,80.9209854028212,79.43260328989419,79.47177124023438,7580300
1999-09-30T00:00:00Z,79.86344720044181,81.11682155572095,79.56968758592328,80.68597412109375,7498900
1999-10-01T00:00:00Z,80.17675429009893,80.56843359781803,79.35422774388883,80.50968170166016,11127100
1999-10-04T00:00:00Z,80.96015516248306,82.01768984530214,80.68597950397441,81.9393539428711,6341600
1999-10-05T00:00:00Z,81.91976724469491,82.70312624297074,80.64680887249669,81.86101531982422,11976000
1999-10-06T00:00:00Z,81.93933400289839,83.23187607846992,81.9001660612144,83.11437225341797,10308200
1999-10-07T00:00:00Z,83.26123547395822,83.34936332521845,82.40933291177613,82.64434051513672,6535600
1999-10-08T00:00:00Z,82.56603301517548,83.89774322509766,82.24289744953259,83.89774322509766,9674300
1999-10-11T00:00:00Z,83.72147506382076,84.05440256699853,83.5452193268443,83.7606430053711,4282000
1999-10-12T00:00:00Z,83.4277160760485,83.54521990150772,82.21350987963652,82.46810150146484,8686100
1999-10-13T00:00:00Z,81.90018357863256,82.29186307924775,80.33346557617188,80.33346557617188,10469300
1999-10-14T00:00:00Z,80.51952030541867,80.96015978173435,79.43260959717333,80.31388854980469,10562200
1999-10-15T00:00:00Z,78.96259919587555,79.43261466727958,78.02256825306752,78.25757598876953,14238700
1999-10-18T00:00:00Z,78.2967255775973,78.92341272579218,77.35669485530498,78.82549285888672,9758800
1999-10-19T00:00:00Z,79.7067677505373,80.3726228128268,78.92340885372612,79.58926391601562,14392900
1999-10-20T00:00:00Z,80.05926848294442,81.1363868211445,79.6675890872353,80.37261199951172,9759400
1999-10-21T00:00:00Z,79.72635723269264,80.84264373779297,79.35426173099252,80.84264373779297,9105400
1999-10-22T00:00:00Z,81.31266769640096,82.23311456097969,81.19516384134836,81.52809143066406,8309600
1999-10-25T00:00:00Z,81.03847777008838,81.7630847486996,80.6859662669802,81.11681365966797,8114300
1999-10-26T00:00:00Z,81.58682388641432,81.90016742510434,80.09844207763672,80.09844207763672,6256300
1999-10-27T00:00:00Z,80.45091321580578,81.66511881935494,80.37257737041551,81.54761505126953,5433300
1999-10-28T00:00:00Z,82.9968801871378,84.51463814242408,82.84020839820504,84.3285903930664,10509700
1999-10-29T00:00:00Z,85.13153311457947,86.28698755528805,85.05319722029414,85.85614013671875,10988600
1999-11-01T00:00:00Z,85.54275727964536,85.85610071290414,84.95523834228516,84.95523834228516,4006500
1999-11-02T00:00:00Z,85.2098544802554,86.01279725977516,84.34815979003906,84.34815979003906,6516900
1999-11-03T00:00:00Z,85.22943543156136,85.46444306602338,84.68108428448329,84.91609191894531,7222300
1999-11-04T00:00:00Z,85.69948866537055,86.08137624054758,85.08259335162303,85.5624008178711,7907500
1999-11-05T00:00:00Z,86.87451829676831,87.17806992742653,85.71906370264989,86.40450286865234,7431500
1999-11-08T00:00:00Z,85.85612393807673,86.71781861263773,85.69945217906564,86.4828109741211,4649200
1999-11-09T00:00:00Z,86.79617589666498,86.91367974490053,85.40571369254423,85.67009735107422,4533700
1999-11-10T00:00:00Z,85.38614029405014,86.72764272756903,85.27842841982599,86.30658721923828,6405600
1999-11-11T00:00:00Z,86.60028006970236,86.7961196899414,86.14984894315258,86.7961196899414,4794100
1999-11-12T00:00:00Z,87.26617003084296,87.726393324318,85.93446007525559,87.57951354980469,11802900
1999-11-15T00:00:00Z,87.63828407368445,87.89287573691526,87.36410843635895,87.78516387939453,2187500
1999-11-16T00:00:00Z,88.08868397400443,89.61623340707965,87.79492446764381,88.51953125,7544800
1999-11-17T00:00:00Z,89.14625714967868,89.5771046139346,88.5587378802388,88.75457763671875,9459000
1999-11-18T00:00:00Z,89.2637674998652,89.61627908718366,88.75458409596074,89.38127136230469,4491000
1999-11-19T00:00:00Z,89.24420368294966,89.5967153499001,88.98961192348547,89.3029556274414,4832100
1999-11-22T00:00:00Z,89.26373359628299,89.6162450497128,88.6762145072333,89.28331756591797,4155400
1999-11-23T00:00:00Z,89.51832059221633,89.51832059221633,87.97118707071445,88.49995422363281,5918000
1999-11-24T00:00:00Z,88.20619591610719,89.26373023659339,87.73618066255779,88.969970703125,4459700
1999-11-26T00:00:00Z,89.2833331837572,89.53792483354637,88.51955823438968,88.6370620727539,1693900
1999-11-29T00:00:00Z,88.28455489131142,88.94061802104942,88.01037925500299,88.32372283935547,7348600
1999-11-30T00:00:00Z,88.20619790169431,89.18539636863142,87.10949561872475,87.28575134277344,7682000
1999-12-01T00:00:00Z,87.30535226087912,88.04954324022263,87.10951252947292,87.99079132080078,6980200
1999-12-02T00:00:00Z,88.12785190818585,88.59786711836284,87.97118017146019,88.51953125,6698300
1999-12-03T00:00:00Z,89.63588938359823,91.08510411254431,89.63588938359823,90.14507293701172,10045400
1999-12-06T00:00:00Z,89.94915642240528,90.06666021916871,89.1462138111885,89.47914123535156,3138900
1999-12-07T00:00:00Z,89.79252834606255,89.81211232171054,88.59790583153479,88.75457763671875,10714200
1999-12-08T00:00:00Z,88.57830970826849,89.0287410864003,88.04954243828767,88.18663024902344,4611400
1999-12-09T00:00:00Z,88.87209967007294,89.12669140557558,87.34454925705715,88.61750793457031,6474700
1999-12-10T00:00:00Z,89.16584658181614,89.49877418820553,88.28456762372659,88.9112548828125,5127300
1999-12-13T00:00:00Z,88.63704664956717,89.43998940534097,88.53912680130206,89.0678939819336,4210800
1999-12-14T00:00:00Z,88.75457382879715,89.29313313601072,88.12788663494862,88.20622253417969,5739000
1999-12-15T00:00:00Z,87.97118563702585,89.11684778301117,87.755761985644,88.67620849609375,6879100
1999-12-16T00:00:00Z,89.10706192123963,89.40082146603493,88.46079092268998,89.0678939819336,5854900
1999-12-17T00:00:00Z,89.83623591192031,90.03255635753202,89.24727457508516,89.6399154663086,4775400
1999-12-20T00:00:00Z,89.56137173490863,89.95401255794637,88.63866580076994,88.9920425415039,4608700
1999-12-21T00:00:00Z,88.95277431310647,90.50370549181656,88.79571799121177,90.34664916992188,7981300
1999-12-22T00:00:00Z,90.22886050538061,90.58223724365234,89.8165876440636,90.58223724365234,5377500
1999-12-23T00:00:00Z,91.10251654459636,92.02522277832033,91.09270052083335,92.02522277832031,5721700
1999-12-27T00:00:00Z,92.03498437103617,92.21167269427409,91.1319107189313,91.8975601196289,2691000
1999-12-28T00:00:00Z,91.64238651923105,92.03502742119862,91.39698595550132,91.83870697021484,4084500
1999-12-29T00:00:00Z,91.91722581131806,92.23133850097656,91.28900043200107,92.23133850097656,3001000
1999-12-30T00:00:00Z,92.42767164893905,92.70252029020607,91.83871027479543,92.12337493896484,3641300
1999-12-31T00:00:00Z,92.25098257835876,92.66325553731716,91.87797371072972,92.27061462402344,3172700
2000-01-03T00:00:00Z,93.13441474498164,93.13441474498164,90.3859286437385,91.3675308227539,8164300
2000-01-04T00:00:00Z,90.16996395097435,90.5037086466344,87.72577485628759,87.79448699951172,8089800
2000-01-05T00:00:00Z,87.91228925841195,88.9135234594345,86.22393354688371,87.95155334472656,12177900
2000-01-06T00:00:00Z,87.71595493462038,88.89387733750247,86.53803253173828,86.53803253173828,6227200
2000-01-07T00:00:00Z,88.14785281748959,91.56382751464844,87.99079650957424,91.56382751464844,8066500
2000-01-10T00:00:00Z,91.87794494628906,92.29021777617626,91.11229540506999,91.87794494628906,5741700
2000-01-11T00:00:00Z,91.60310253882491,91.77979090634516,90.15033151699186,90.77855682373047,7503700
2000-01-12T00:00:00Z,90.8374583393062,90.8374583393062,89.75769602924312,89.87548828125,6907700
2000-01-13T00:00:00Z,90.75896755086964,91.56388160442484,90.01294964757459,91.09271240234375,5158300
2000-01-14T00:00:00Z,92.05467250888053,92.64363394527771,91.70129564704222,92.32952117919922,7437300
2000-01-18T00:00:00Z,91.30863062649698,92.11354437745082,91.21047041296602,91.60311126708984,6488500
2000-01-19T00:00:00Z,91.28902104436135,92.34915161132812,91.09270056899713,92.34915161132812,6157900
2000-01-20T00:00:00Z,92.32949047549813,92.32949047549813,90.34665429900966,90.93561553955078,5800100
2000-01-21T00:00:00Z,91.40674694396365,91.40674694396365,90.50367341315989,90.7392578125,6244800
2000-01-24T00:00:00Z,91.50499019142886,91.6227824980473,87.57857997081402,88.16754150390625,7896900
2000-01-25T00:00:00Z,88.27551157408378,89.16876983642578,87.32335716257637,89.16876983642578,9942500
2000-01-26T00:00:00Z,88.57978262056841,88.92334339092744,88.01045334397344,88.46199035644531,5158100
2000-01-27T00:00:00Z,89.10983857241544,89.34542307624206,86.77362557613489,88.10860443115234,10922700
2000-01-28T00:00:00Z,87.59819123409379,87.99083216297812,85.14418542856674,85.36013793945312,11916200
2000-01-31T00:00:00Z,85.32085181243528,87.74540892215359,84.8104187367051,87.67669677734375,10768700
2000-02-01T00:00:00Z,87.79449446650672,89.01168110714254,87.0288448054616,88.54051208496094,8419900
2000-02-02T00:00:00Z,88.75648866652597,89.36508215218451,88.18715927671636,88.61906433105469,6205900
2000-02-03T00:00:00Z,88.50124651185814,89.99328172368183,87.95154932855468,89.95401763916016,7997500
2000-02-04T00:00:00Z,89.95401771440073,90.46445081360947,89.28652827697393,89.58100891113281,4925400
2000-02-07T00:00:00Z,89.56138815473736,89.6988124679954,88.85463454369604,89.44359588623047,5845800
2000-02-08T00:00:00Z,90.4448293699956,90.8178382169741,90.22887687963963,90.66078186035156,4936400
2000-02-09T00:00:00Z,90.75893038602246,90.75893038602246,88.74664607614417,88.75646209716797,8511500
2000-02-10T00:00:00Z,88.97239243126336,89.56135354620994,88.5012235393061,88.9331283569336,6690600
2000-02-11T00:00:00Z,89.10981165476349,89.16870776292923,86.71470325602343,87.1269760131836,9849800
2000-02-14T00:00:00Z,87.8141472262721,87.8141472262721,86.89144100681429,87.63745880126953,8528800
2000-02-15T00:00:00Z,87.48034827502441,88.7171664844783,86.567458644237,88.62882232666016,11078300
2000-02-16T00:00:00Z,88.1871359914327,88.54051276076612,87.195717833025,87.32332611083984,8845400
2000-02-17T00:00:00Z,88.22642220190015,88.22642220190015,86.83254681775799,86.87181091308594,7584200
2000-02-18T00:00:00Z,87.24478940897671,87.24478940897671,84.57483185730686,85.0067367553711,9409200
2000-02-22T00:00:00Z,84.9281804658219,85.65456573564053,83.8876826468925,84.79075622558594,16415400
2000-02-23T00:00:00Z,85.20307660484751,86.36136727758623,84.4963229740239,85.79203796386719,12119000
2000-02-24T00:00:00Z,85.87057866787364,86.08653119767396,83.6128931290521,84.0644302368164,17375000
2000-02-25T00:00:00Z,84.92824641439736,85.8902168430394,83.63253114316522,83.76013946533203,10559900
2000-02-28T00:00:00Z,83.78957652082347,85.8705735009564,83.37730353419337,85.51719665527344,13397800
2000-02-29T00:00:00Z,85.47791828747066,86.34172821044922,85.28159785043006,86.34172821044922,8242500
2000-03-01T00:00:00Z,86.45945403570515,87.32326329491747,86.20423766366515,86.96988677978516,6868000
2000-03-02T00:00:00Z,87.12699167986044,87.40184023405557,86.28281397768964,87.0288314819336,7600200
2000-03-03T00:00:00Z,88.22636701112516,89.03128046182746,87.77483019731655,88.65827178955078,12770300
2000-03-06T00:00:00Z,88.4619763908318,88.79572108649184,87.16626169003399,87.79448699951172,11967100
2000-03-07T00:00:00Z,87.95156468226257,88.0497249107026,84.9478616919978,86.0963363647461,20062000
2000-03-08T00:00:00Z,85.73309531712641,86.59690484173223,84.83002172322034,85.98831176757812,11808500
2000-03-09T00:00:00Z,86.22392676420306,88.5012435913086,85.51717326613581,88.5012435913086,5500900
2000-03-10T00:00:00Z,88.06935442227747,89.20801303941793,87.65708147469213,88.03009033203125,7924600
2000-03-13T00:00:00Z,85.87056807353505,88.24604560826248,85.24234260980549,87.06812286376953,10540500
2000-03-14T00:00:00Z,87.50001483823003,88.01044795148871,85.53681055646584,85.83129119873047,8263900
2000-03-15T00:00:00Z,85.98836596117629,88.22641932180964,85.4779327385757,87.83377838134766,10300800
2000-03-16T00:00:00Z,88.97239843087905,92.25094885849529,88.50122950714977,91.93683624267578,25601400
2000-03-17T00:00:00Z,91.83594469129659,93.21368068109315,91.59976137876004,92.54449462890625,10272900
2000-03-20T00:00:00Z,92.50509271054963,92.80032172983863,91.18640309105882,92.07209014892578,12502300
2000-03-21T00:00:00Z,91.65880635217188,94.31586859343089,91.009302248753,93.96159362792969,13612600
2000-03-22T00:00:00Z,94.19776328772076,95.00472281442292,93.64666897680222,94.53235626220703,8260000
2000-03-23T00:00:00Z,93.9419457942217,96.65805484924005,93.9419457942217,96.14632415771484,11654500
2000-03-24T00:00:00Z,96.28406117570852,98.0947998568543,95.55582931481293,96.7170639038086,11462900
2000-03-27T00:00:00Z,96.59894975719507,96.85481494603849,95.61485287702804,95.6935806274414,8798600
2000-03-28T00:00:00Z,95.26054764267428,96.35289483155205,94.84722708472053,95.1424560546875,6334400
2000-03-29T00:00:00Z,95.45741474414123,96.03803200907981,94.25681633189532,95.24091339111328,6747500
2000-03-30T00:00:00Z,94.57171092568551,95.68374040899481,92.66256296318987,93.64665985107422,9491900
2000-03-31T00:00:00Z,94.23713657445741,95.92978355553579,93.48922279212044,94.70950317382812,9249100
2000-04-03T00:00:00Z,94.55201704167138,95.2605667114258,93.64664801920742,95.26056671142578,8508200
2000-04-04T00:00:00Z,95.57544699993657,96.36272415809091,89.0508875517325,94.55198669433594,19585500
2000-04-05T00:00:00Z,93.13495204176022,94.9850546393776,92.97749650153746,93.96159362792969,8387200
2000-04-06T00:00:00Z,94.63075156375734,95.53612065109778,93.84347409650478,94.77836608886719,6378500
2000-04-07T00:00:00Z,95.45739748927616,95.81167236655594,94.78821160996989,95.37866973876953,6023600
2000-04-10T00:00:00Z,95.57548349403017,96.43164773043674,94.6701144164508,95.00470733642578,9624200
2000-04-11T00:00:00Z,94.47330654769635,95.49676736862973,93.44984572676297,94.72917175292969,9006400
2000-04-12T00:00:00Z,94.70945957169985,95.20150788618291,92.05239867349131,92.1311264038086,10779200
2000-04-13T00:00:00Z,92.87903802729562,93.31204053558139,90.55657002830836,90.85179901123047,12225800
2000-04-14T00:00:00Z,89.82833899469937,89.94643058846978,84.08121476453893,85.65576934814453,29604000
2000-04-17T00:00:00Z,85.14407549192384,88.6474609375,84.82916444063609,88.6474609375,23918200
2000-04-18T00:00:00Z,88.52934399142092,90.98958587646484,88.03729561441213,90.98958587646484,11069200
2000-04-19T00:00:00Z,91.00932385307212,91.4029627970733,89.76936117946842,90.14331817626953,6553700
2000-04-20T00:00:00Z,90.41883079863692,90.65501407455848,89.67091709155198,90.57628631591797,8537600
2000-04-24T00:00:00Z,89.11979667247914,90.26134883833686,88.48997478786798,89.5921630859375,12893100
2000-04-25T00:00:00Z,91.08801364798104,93.31207275390625,90.96992201403812,93.31207275390625,14102000
2000-04-26T00:00:00Z,93.19397097981772,93.68601940104168,91.95400895833335,92.25907897949219,7711100
2000-04-27T00:00:00Z,90.06454405066086,92.80033330394797,90.06454405066086,91.95401000976562,15595300
2000-04-28T00:00:00Z,92.58380706675372,93.12506019054958,91.36352729674124,91.38320922851562,8743400
2000-05-01T00:00:00Z,92.30831126785765,93.51875074397134,91.85562658573382,92.62322235107422,7328300
2000-05-02T00:00:00Z,91.63910711442297,92.6625679327112,90.77310180664062,90.77310180664062,9411900
2000-05-03T00:00:00Z,90.69438277087033,90.69438277087033,88.03732077563,88.6474609375,12630700
2000-05-04T00:00:00Z,89.43474967892658,89.66109202516505,88.64747195287968,89.31665802001953,5963600
2000-05-05T00:00:00Z,88.84422884292653,90.69433019676681,88.76550112574182,90.39910125732422,7862400
2000-05-08T00:00:00Z,89.90710172060095,90.30074051972792,89.33632546186683,89.72012329101562,5064100
2000-05-09T00:00:00Z,90.10390505480693,90.320406355725,88.34237174279181,89.00171661376953,5620300
2000-05-10T00:00:00Z,88.48997523795425,88.78520424786736,86.75796504646404,86.99414825439453,10293900
2000-05-11T00:00:00Z,88.25379357594247,89.11979868685717,87.62397167709543,88.98202514648438,7091100
2000-05-12T00:00:00Z,89.31668034726734,90.35982359504283,89.19858865883992,89.94650268554688,5960800
2000-05-15T00:00:00Z,89.90706808640383,91.70796491869497,89.43470170416353,91.50130462646484,4441300
2000-05-16T00:00:00Z,92.30825805338992,93.03648951351262,91.52098079920323,92.3869857788086,8192200
2000-05-17T00:00:00Z,91.75720038768165,92.0721114143232,90.98960476024287,91.422607421875,5907200
2000-05-18T00:00:00Z,91.71780407480708,92.15080658331475,90.30070495605469,90.30070495605469,4325600
2000-05-19T00:00:00Z,89.78900566810628,90.21216735637114,88.43095187786092,88.88363647460938,6518400
2000-05-22T00:00:00Z,88.96236067316138,89.10013424057558,86.28561707768574,88.21444702148438,10839400
2000-05-23T00:00:00Z,88.4506346764772,88.68681794664134,86.6398962718853,86.91544342041016,7979200
2000-05-24T00:00:00Z,86.91542779443098,88.6080742596305,85.97069488362195,88.33252716064453,11081500
2000-05-25T00:00:00Z,88.60811164767745,89.31666162975573,86.73832697274868,86.81705474853516,8278900
2000-05-26T00:00:00Z,87.42717383909917,87.97826813614887,86.49228172803271,86.91544342041016,4814000
2000-05-30T00:00:00Z,88.17508630585252,90.02518856316281,87.84049334442406,89.74964141845703,5362700
2000-05-31T00:00:00Z,89.78904710097699,90.69441671225383,89.49381787990846,89.94650268554688,6056500
2000-06-01T00:00:00Z,90.49755058042466,91.59973910424019,90.06454794606856,91.52101135253906,8961600
2000-06-02T00:00:00Z,93.80410978502312,93.90251946797005,92.88889973361657,93.11524200439453,8962200
2000-06-05T00:00:00Z,92.87907611098245,93.35144267734474,92.50511924594565,92.6625747680664,6998100
2000-06-06T00:00:00Z,92.3476620188445,93.07589379520795,91.89497740110507,92.24925231933594,4858900
2000-06-07T00:00:00Z,92.3476399097267,93.21364505807024,91.95400120593416,92.8888931274414,4919500
2000-06-08T00:00:00Z,92.8987370539513,93.05619254048341,91.99336800639159,92.5247802734375,5723100
2000-06-09T00:00:00Z,92.89877165154185,93.19400079873955,91.71785506275107,92.32799530029297,3085300
2000-06-12T00:00:00Z,92.56418125623253,92.56418125623253,91.24549102783203,91.24549102783203,3678900
2000-06-13T00:00:00Z,91.20612414519766,93.05622679294228,91.08803248683098,92.95781707763672,6558700
2000-06-14T00:00:00Z,93.37110718005658,93.76474591184434,92.70192133601739,93.11524200439453,6420500
2000-06-15T00:00:00Z,93.29239081491576,93.68602959472554,92.48543131630574,93.31207275390625,5881200
2000-06-16T00:00:00Z,93.63042753272869,93.63042753272869,92.09162151765224,92.54537200927734,5567900
2000-06-19T00:00:00Z,92.46643987843122,94.1630718028061,92.32834193109838,93.72904968261719,5106900
2000-06-20T00:00:00Z,93.551495354237,93.98551747523938,92.80182078159656,93.39366912841797,6480000
2000-06-21T00:00:00Z,92.76235398899573,93.70931123941507,92.73276157492012,93.35420227050781,3115000
2000-06-22T00:00:00Z,93.15691464796598,93.23582774804896,91.53919609626475,91.93376159667969,7490500
2000-06-23T00:00:00Z,92.05213878681134,92.24942155317827,90.82898563533634,91.14463806152344,4863300
2000-06-26T00:00:00Z,91.77593860448917,92.32833032437861,91.46028619312376,92.31846618652344,5201300
2000-06-27T00:00:00Z,92.16066259377996,92.62427718672738,91.5490858967004,91.63786315917969,4159500
2000-06-28T00:00:00Z,91.93380471307763,92.79198507896152,91.73652187034571,91.89434814453125,5347700
2000-06-29T00:00:00Z,91.38141527907591,92.01272039326642,90.60214802874701,91.02630615234375,6345700
2000-06-30T00:00:00Z,90.86843526786465,91.91403384997425,90.83884285516343,91.71675109863281,7420200
2000-07-03T00:00:00Z,91.81540930035916,93.07801914032973,91.65758307036285,92.97937774658203,1436600
2000-07-05T00:00:00Z,92.40726631843745,92.58482084381447,91.1446563602009,91.30248260498047,2748200
2000-07-06T00:00:00Z,91.499737286445,92.46642273858726,91.04598697217415,92.0126724243164,5963200
2000-07-07T00:00:00Z,92.60453705909408,93.92633168690817,92.32834116671503,93.4923095703125,3034800
2000-07-10T00:00:00Z,93.35420093201753,94.00523403234648,93.13718989857456,93.33447265625,2816100
2000-07-11T00:00:00Z,93.09775426382255,94.1433531144228,92.90047146182249,93.53177642822266,5431600
2000-07-12T00:00:00Z,94.2419900902159,94.77465363060438,93.86715278401658,94.14334869384766,5883000
2000-07-13T00:00:00Z,94.68585860811294,94.93246205276373,94.18278758102535,94.55762481689453,5356000
2000-07-14T00:00:00Z,94.97193565368651,95.48487091064453,94.48859281539916,95.48487091064453,5341900
2000-07-17T00:00:00Z,95.31717748673546,95.94848239816577,95.12975884115458,95.32704162597656,4208300
2000-07-18T00:00:00Z,95.09030293050259,95.09030293050259,94.28144350723483,94.54777526855469,4262100
2000-07-19T00:00:00Z,94.36032791362372,94.63652373022224,93.59092528167069,93.7882080078125,8506800
2000-07-20T00:00:00Z,94.06443858799598,95.0903091430664,93.94606890856478,95.0903091430664,4538900
2000-07-21T00:00:00Z,94.53791389998067,94.53791389998067,93.23584747314453,93.23584747314453,5656900
2000-07-24T00:00:00Z,93.51204550045554,93.97566007202953,92.52563151838324,92.70318603515625,5628500
2000-07-25T00:00:00Z,93.27531091935259,93.3344957613065,92.66373421916225,92.99911499023438,4757100
2000-07-26T00:00:00Z,92.78213433639147,92.90050405912554,91.94368213369178,92.09164428710938,12062500
2000-07-27T00:00:00Z,92.13109486285511,92.56511715128826,91.34196342934028,91.77598571777344,7652600
2000-07-28T00:00:00Z,91.99296335589894,92.11133302781302,89.33950987715812,89.70448303222656,6229500
2000-07-31T00:00:00Z,90.23717001934985,90.98684480306986,89.6847780734509,90.27662658691406,5265500
2000-08-01T00:00:00Z,90.67119137045614,91.36168129603621,90.35553883304812,90.82901763916016,3946600
2000-08-02T00:00:00Z,90.82896458625999,91.79564991743435,90.67113840974173,91.28271484375,7439800
2000-08-03T00:00:00Z,90.19767956755197,92.05213754641241,90.03985335658513,91.9140396118164,4607100
2000-08-04T00:00:00Z,92.36781577510165,92.62428343957758,91.79569560050149,92.40727233886719,3686600
2000-08-07T00:00:00Z,92.62428933155688,93.70934490413103,92.40727821704205,93.5120620727539,4159800
2000-08-08T00:00:00Z,93.11748233649247,93.94607010304601,93.11748233649247,93.86715698242188,3658700
2000-08-09T00:00:00Z,94.15321708685669,94.20253778726887,93.03856925754135,93.0780258178711,5383800
2000-08-10T00:00:00Z,93.13724117746241,93.34438818707126,92.34810971228586,92.62430572509766,4193400
2000-08-11T00:00:00Z,92.5650284948909,93.43307224036728,91.89426741884097,93.05823516845703,5089400
2000-08-14T00:00:00Z,93.29503929293104,94.4195512911753,92.84128883749915,94.24199676513672,2966700
2000-08-15T00:00:00Z,94.28144034644029,94.57736451576372,93.78823339756794,94.16307067871094,5564600
2000-08-16T00:00:00Z,94.26171990499664,94.656285496897,93.33449076403079,93.82769775390625,5191600
2000-08-17T00:00:00Z,93.86716750736689,94.97195131997987,93.6501564013179,94.81412506103516,5652200
2000-08-18T00:00:00Z,94.93248101156789,94.93248101156789,94.20253466962524,94.49845886230469,4626400
2000-08-21T00:00:00Z,94.71545129281738,95.14947335664615,94.32088578024576,95.0113754272461,2380600
2000-08-22T00:00:00Z,95.05085947350932,95.52433822555669,94.75493525347972,94.85357666015625,3075300
2000-08-23T00:00:00Z,94.57736798767128,95.50459708558962,94.24198725012634,95.22840118408203,5483200
2000-08-24T00:00:00Z,95.42571160538243,95.64272273369734,95.01141763314489,95.52435302734375,4529000
2000-08-25T00:00:00Z,95.42568607330321,95.72161026000975,95.28758811950684,95.48487091064453,2822200
2000-08-28T00:00:00Z,95.48489286567454,96.53049189912097,95.48489286567454,95.81040954589844,5518700
2000-08-29T00:00:00Z,95.60325628369971,95.87945223664477,95.26787548369498,95.83013153076172,3561900
2000-08-30T00:00:00Z,95.52432689298044,95.64269656694944,94.91275024414062,94.91275024414062,3964800
2000-08-31T00:00:00Z,95.36651731207432,96.64885567063551,95.26787589987731,96.17537689208984,4863100
2000-09-01T00:00:00Z,96.74746544009349,96.96447647595015,95.95833440061475,96.27398681640625,3191200
2000-09-05T00:00:00Z,95.87940719595036,96.08655406334901,95.20864591104042,95.50457000732422,3470800
2000-09-06T00:00:00Z,95.44541088188736,95.92875370259969,94.39981212687702,94.41954040527344,4322200
2000-09-07T00:00:00Z,94.85356388917887,95.37636327417539,94.58723212701084,95.22840118408203,4265500
2000-09-08T00:00:00Z,94.87329387545437,95.01139182869375,94.27158136491134,94.5773696899414,3518200
2000-09-11T00:00:00Z,94.53790377554526,95.44540452130383,93.86714235476718,94.43926239013672,3937500
2000-09-12T00:00:00Z,94.53793351658265,94.85358604919227,93.70934561848239,93.7488021850586,4769100
2000-09-13T00:00:00Z,93.43313585502152,94.28145191113764,93.21612477089879,93.99539184570312,7691600
2000-09-14T00:00:00Z,94.61683417546595,94.65629073684022,93.53177873767392,94.4688720703125,3397100
2000-09-15T00:00:00Z,93.78651790096335,93.82607358122524,92.40206909179688,92.40206909179688,4085700
2000-09-18T00:00:00Z,92.63945571329145,93.01523488890045,91.26489504461645,91.55167388916016,5109300
2000-09-19T00:00:00Z,91.84827683288927,92.59983465365795,91.5812760281425,92.38227844238281,6588200
2000-09-20T00:00:00Z,92.20428606994095,92.42184230047921,90.60228109961379,91.699951171875,6508100
2000-09-21T00:00:00Z,91.43297062596886,92.12519514941877,90.2660778578676,90.30563354492188,5972300
2000-09-22T00:00:00Z,90.26605774700373,91.96695191138636,90.137501792719,91.94717407226562,7791300
2000-09-25T00:00:00Z,92.36252097157919,92.4416323385784,90.95829420734319,91.29451751708984,9726300
2000-09-26T00:00:00Z,91.37362853722638,91.76918537072088,90.12762451171875,90.12762451171875,5302400
2000-09-27T00:00:00Z,90.85941452096316,91.11652649065678,89.94963370512417,90.60230255126953,7186200
2000-09-28T00:00:00Z,90.62206554412842,92.6097385225625,90.4341760586048,91.76918029785156,7036400
2000-09-29T00:00:00Z,92.0658257237925,92.38227109684956,90.89893341064453,90.89893341064453,9333600
2000-10-02T00:00:00Z,91.31430436258029,91.7098612365789,90.5924130675328,91.03741455078125,5517800
2000-10-03T00:00:00Z,91.47252576392994,92.2438616568582,90.04852103852389,90.18696594238281,9347200
2000-10-04T00:00:00Z,90.42428324708943,91.29450819522414,89.71228101679739,90.93850708007812,6148900
2000-10-05T00:00:00Z,90.76052066553295,91.67030143489764,90.70118713709613,91.25496673583984,4566900
2000-10-06T00:00:00Z,91.05722831486071,91.54178567665785,88.44655191660667,89.2772216796875,10014900
2000-10-09T00:00:00Z,89.43542883396148,89.43542883396148,88.2092022555215,88.6047592163086,4508000
2000-10-10T00:00:00Z,88.6640526680204,89.39583271457778,87.14115905761719,87.14115905761719,6104700
2000-10-11T00:00:00Z,87.10161010295145,87.73450100288207,85.51938285312491,86.40938568115234,10346000
2000-10-12T00:00:00Z,86.8840696128881,87.08184805498436,84.03606004670192,84.25361633300781,12336900
2000-10-13T00:00:00Z,84.13493697960666,87.12139101908025,84.09538129696463,87.06205749511719,11778800
2000-10-16T00:00:00Z,86.96317265552399,87.4872854768502,86.50828228229746,87.4576187133789,5659000
2000-10-17T00:00:00Z,87.61585985795908,87.69497124383534,85.06451766344965,85.28207397460938,7831700
2000-10-18T00:00:00Z,83.93717401032119,86.15229264584333,82.37472425847967,84.96562194824219,10897300
2000-10-19T00:00:00Z,86.60716723326131,88.25861698525429,86.35005529582527,88.16961669921875,8767300
2000-10-20T00:00:00Z,87.57628822624883,89.35629408450593,87.57628822624883,88.54540252685547,7373500
2000-10-23T00:00:00Z,88.5651467263712,89.25737096384842,87.93225599496344,88.94092559814453,5290000
2000-10-24T00:00:00Z,89.21782772114594,89.8309407026036,87.97182392011906,88.34760284423828,5750700
2000-10-25T00:00:00Z,87.81363758785032,88.32786159174314,86.15229849835046,86.27096557617188,9137600
2000-10-26T00:00:00Z,86.78516767141642,87.12139097369857,84.82716138165566,86.5082778930664,9345800
2000-10-27T00:00:00Z,87.25983087113012,88.14983367919922,86.46871726395759,88.14983367919922,9762900
2000-10-30T00:00:00Z,87.61581062925957,89.29692663456139,87.43781011105115,88.94092559814453,10154100
2000-10-31T00:00:00Z,89.2475058751258,90.93851124960186,88.6442817356928,90.4737319946289,7752400
2000-11-01T00:00:00Z,90.028753261813,90.66164432165,89.37608435635609,90.16719818115234,6753600
2000-11-02T00:00:00Z,90.60229996748356,91.0769682056891,90.19685418068299,90.31552124023438,11395100
2000-11-03T00:00:00Z,90.80004157443933,90.97804209157502,90.10781734113387,90.36492919921875,5187100
2000-11-06T00:00:00Z,90.60226129682343,91.32415226764509,90.5231499575553,90.99781799316406,4042500
2000-11-07T00:00:00Z,90.59238241029823,91.13627292798913,90.22649242566979,90.9780502319336,5231300
2000-11-08T00:00:00Z,91.17582630718906,91.17582630718906,88.96070861816406,88.96070861816406,6123300
2000-11-09T00:00:00Z,88.6047415040588,89.37607742340217,86.86429122451479,88.62451934814453,10635300
2000-11-10T00:00:00Z,87.97181208855716,88.26847962033062,86.40936308788359,86.46869659423828,8569500
2000-11-13T00:00:00Z,85.83580506018309,86.69614089431165,84.1843558153616,85.79624938964844,17285300
2000-11-14T00:00:00Z,87.002715973627,88.3673868993329,86.70604838108224,88.05094146728516,7668900
2000-11-15T00:00:00Z,88.01138203506027,88.67393963015566,87.18071281135857,88.32782745361328,8837700
2000-11-16T00:00:00Z,87.70485986721744,88.5256404928775,86.90385708795883,86.94341278076172,6684100
2000-11-17T00:00:00Z,86.90386908102063,87.97187293408733,85.91497662447738,86.47864532470703,6551100
2000-11-20T00:00:00Z,85.91493156415405,86.31048833931129,85.00515098129237,85.24248504638672,5458500
2000-11-21T00:00:00Z,85.36118963352531,86.19185922680799,84.50085326905396,85.6776351928711,7684300
2000-11-22T00:00:00Z,85.02496102432193,85.36118441055442,83.62073394064505,83.63062286376953,5736900
2000-11-24T00:00:00Z,84.57007932165683,85.42052679846488,84.57007932165683,85.34141540527344,3411600
2000-11-27T00:00:00Z,86.36983871021792,86.50828360853977,85.63805853337385,86.09294891357422,5992000
2000-11-28T00:00:00Z,85.51935372301327,86.44891191565472,84.57990661342882,84.60957336425781,5336100
2000-11-29T00:00:00Z,85.04469771016677,86.01381170732914,84.34258450814097,84.45136260986328,6914100
2000-11-30T00:00:00Z,83.85803410101805,84.49092492442196,82.11758433665729,83.71958923339844,11201600
2000-12-01T00:00:00Z,84.29314378789344,84.84692324027753,82.90869515693319,83.6800308227539,7587200
2000-12-04T00:00:00Z,83.46249312406853,84.72827501031033,83.2251590203982,84.39205169677734,6996600
2000-12-05T00:00:00Z,85.3611885003284,87.49719599755626,85.06452079238008,87.16097259521484,8883400
2000-12-06T00:00:00Z,87.20049493579212,87.5564960491612,85.46004504820996,85.7666015625,12888000
2000-12-07T00:00:00Z,85.36118741020968,85.99407851241699,84.58985137939453,84.58985137939453,6529100
2000-12-08T00:00:00Z,86.74561156585885,88.26850533935888,84.72827176200167,84.78760528564453,10276300
2000-12-11T00:00:00Z,86.94341372325681,88.327862986366,86.52807894432405,87.73452758789062,6405600
2000-12-12T00:00:00Z,87.45763862373225,87.85319556006755,86.94341460649638,87.35874938964844,5022900
2000-12-13T00:00:00Z,88.1300891397687,88.22897837803146,86.09297083155592,86.16219329833984,6070500
2000-12-14T00:00:00Z,85.9941037569842,86.38966081198413,84.82721044473442,85.06454467773438,7678400
2000-12-15T00:00:00Z,84.51201453239644,84.51201453239644,82.88525744515312,83.14315795898438,9065300
2000-12-18T00:00:00Z,83.83751132175561,84.73024393166546,83.64904554855242,84.25411987304688,7235400
2000-12-19T00:00:00Z,84.0954471804061,85.68252804250388,82.53812408447266,82.53812408447266,9616600
2000-12-20T00:00:00Z,81.65527095228138,81.85365596431318,80.04835235482396,80.14754486083984,9994300
2000-12-21T00:00:00Z,79.98885487244193,81.8040781414966,79.691277287351,80.70304107666016,14331500
2000-12-22T00:00:00Z,81.8933494695331,83.23244857059743,81.79415694352835,83.12333679199219,10182900
2000-12-26T00:00:00Z,83.06381173522301,84.01605987548828,82.70671868262353,84.01605987548828,4665300
2000-12-27T00:00:00Z,83.63912500309038,84.89886988869196,83.32170896892306,84.63105010986328,4854100
2000-12-28T00:00:00Z,84.3136451544676,84.98815431570333,84.17477562127199,84.88896179199219,8358700
2000-12-29T00:00:00Z,85.10719370194535,85.24606324877837,83.28205108642578,83.28205108642578,8774600
2001-01-02T00:00:00Z,83.7978579591976,83.89705049939552,80.98078981757685,81.77433013916016,8737500
2001-01-03T00:00:00Z,81.45692097699201,86.33719437210648,81.04031227253103,85.70236206054688,19431600
2001-01-04T00:00:00Z,85.6626364860923,85.99989096044699,84.43264957962224,84.77982330322266,9219000
2001-01-05T00:00:00Z,84.73029719750893,84.82948977207872,82.01242065429688,82.01242065429688,12911400
2001-01-08T00:00:00Z,82.44883934603365,82.64722442626953,81.06014378438246,82.64722442626953,6625300
2001-01-09T00:00:00Z,83.1928065138173,83.48046496009138,82.16120380993785,82.42902374267578,5702400
2001-01-10T00:00:00Z,81.89337660573852,83.87722778320312,81.77434553509066,83.87722778320312,8746100
2001-01-11T00:00:00Z,83.22251081015978,84.74015612052384,83.22251081015978,83.95653533935547,7245100
2001-01-12T00:00:00Z,84.23429103692372,84.88896169265111,83.3415583245682,83.79784393310547,7244000
2001-01-16T00:00:00Z,83.79788671047989,84.55175027463667,83.4903897303633,84.33352661132812,8542200
2001-01-17T00:00:00Z,85.6031349824388,85.73208524371015,84.20452061018807,84.72032165527344,7851400
2001-01-18T00:00:00Z,84.71038303600783,86.14867408287212,84.39296708083776,85.56343841552734,8107000
2001-01-19T00:00:00Z,86.45622236161321,86.45622236161321,84.98817269324255,85.07744598388672,7782500
2001-01-22T00:00:00Z,85.2262136792043,86.19830038085259,84.78976658866834,85.642822265625,7050900
2001-01-23T00:00:00Z,85.36511141216582,86.75380715905209,85.16672630546779,86.3173599243164,8463100
2001-01-24T00:00:00Z,86.49587944163629,87.17038859324539,86.23797888366812,86.57523345947266,6199900
2001-01-25T00:00:00Z,86.49588706053567,87.1307192591451,86.11895544261131,86.35701751708984,10818300
2001-01-26T00:00:00Z,85.80158004655462,86.41657403070333,85.35521344515635,86.25786590576172,7136800
2001-01-29T00:00:00Z,86.01978962085151,86.90855110015823,85.93725830963959,86.71810913085938,6705900
2001-01-30T00:00:00Z,86.52765560182809,87.55608096087532,86.20388488748107,87.47990417480469,7069100
2001-01-31T00:00:00Z,87.22597094439156,88.05125503068983,86.71811275599941,86.9847412109375,9706900
2001-02-01T00:00:00Z,87.03546828155781,87.57506965218033,86.49585722416802,87.56237030029297,8239100
2001-02-02T00:00:00Z,87.22594402377266,87.60050239925651,85.54364249869231,85.57538604736328,8276600
2001-02-05T00:00:00Z,85.57539491102948,86.29910333654072,85.5436513590706,86.20387268066406,4352900
2001-02-06T00:00:00Z,85.89280333675842,86.78156459109036,85.84201559554357,85.94993591308594,7106700
2001-02-07T00:00:00Z,85.52457549780452,85.95625664693497,84.86434473390469,85.50553131103516,5748700
2001-02-08T00:00:00Z,85.57540401654809,85.95629762026701,84.49619094251823,84.50888061523438,5943300
2001-02-09T00:00:00Z,84.65486889564586,84.65486889564586,83.32806237439266,83.6962661743164,9913000
2001-02-12T00:00:00Z,83.60739024474549,84.75009002513495,83.60739024474549,84.65486907958984,5804400
2001-02-13T00:00:00Z,84.87705811750888,85.17543000857452,83.79784537952058,83.96289825439453,6587600
2001-02-14T00:00:00Z,84.21050149440683,84.21050149440683,82.94719140532787,83.83595275878906,8400100
2001-02-15T00:00:00Z,84.3311357332318,84.76282681280742,83.7915339922297,84.64855194091797,5929800
2001-02-16T00:00:00Z,83.16299997402263,83.34709700949689,82.08378740789664,82.78209686279297,6434900
2001-02-20T00:00:00Z,83.18839713750842,83.25188422451754,81.32199883273512,81.50609588623047,5760000
2001-02-21T00:00:00Z,81.19503621408607,81.79177516554654,79.67143802422858,79.74761962890625,10910800
2001-02-22T00:00:00Z,80.21105033777413,80.33167000992282,78.09705787460591,79.86824035644531,21281600
2001-02-23T00:00:00Z,79.40480250844854,79.69682470162019,77.32255393565265,79.32862091064453,20173000
2001-02-26T00:00:00Z,79.86187122027721,81.01726531982422,79.03658764486478,81.01726531982422,11503700
2001-02-27T00:00:00Z,80.49676672175052,81.15698829060844,79.67783217704343,80.26822662353516,11415000
2001-02-28T00:00:00Z,80.46499423502131,80.52212681734511,78.25577569416515,78.68746185302734,14825800
2001-03-01T00:00:00Z,78.75094282356787,79.10009765625,77.29082670613869,79.10009765625,14672000
2001-03-02T00:00:00Z,77.76690906756714,79.76663055512407,77.63994462276926,78.47157287597656,12564300
2001-03-05T00:00:00Z,78.81443136867732,79.21437397585977,78.59858586714434,79.18898010253906,5293200
2001-03-06T00:00:00Z,80.2110525370502,81.09981864152485,79.66509642330371,80.0396499633789,6917000
2001-03-07T00:00:00Z,80.56023519312616,80.6491113445947,79.83652662066118,80.61102294921875,6371700
2001-03-08T00:00:00Z,80.36978220035769,80.7760745556054,80.07775987273509,80.69989776611328,6055000
2001-03-09T00:00:00Z,80.05237450910282,80.05237450910282,78.15422675598435,78.31293487548828,10020300
2001-03-12T00:00:00Z,77.6653490052993,77.76692445594367,74.75147228316219,74.96096801757812,13972900
2001-03-13T00:00:00Z,75.79896542549969,76.459191492762,74.6118274713763,76.19255828857422,12888000
2001-03-14T00:00:00Z,74.30710521808437,75.72912788029487,73.48182148436176,74.68800354003906,19883400
2001-03-15T00:00:00Z,75.19591120191056,75.45619486390092,74.50394606939776,74.70709228515625,10370300
2001-03-16T00:00:00Z,74.55810595689722,74.72997488566875,73.08132983529934,73.2086410522461,58514600
2001-03-19T00:00:00Z,73.68605189168238,74.91457728917487,73.08770127491013,74.69815063476562,10067800
2001-03-20T00:00:00Z,75.04822182582795,75.40468340729825,72.63572966512044,72.6930160522461,15083900
2001-03-21T00:00:00Z,72.6803268500467,73.36779300760412,71.22901264393269,71.45816802978516,19004600
2001-03-22T00:00:00Z,71.30535860025817,71.67455374212146,68.77192679268605,70.73247528076172,28624800
2001-03-23T00:00:00Z,72.08835127509451,72.98587744986988,70.97440324214604,72.87129974365234,12861700
2001-03-26T00:00:00Z,73.64783996669196,74.0106683799395,73.05585625492746,73.80061340332031,9943800
2001-03-27T00:00:00Z,73.59691120569285,75.52563068169945,73.3804846255559,75.3092041015625,12880700
2001-03-28T00:00:00Z,74.41169729591857,74.4435214549136,73.13861438189575,73.22772979736328,10953300
2001-03-29T00:00:00Z,73.01133637594276,74.15711346213497,71.38179105907216,73.50784301757812,12060300
2001-03-30T00:00:00Z,73.55236590737613,74.27802276611328,72.88399544760073,74.27802276611328,9183600
2001-04-02T00:00:00Z,74.02975669560936,74.7172176232414,72.43840341201006,72.6930160522461,10561000
2001-04-03T00:00:00Z,72.5529853538177,72.66119621799044,70.0577395659825,70.2677993774414,12836000
2001-04-04T00:00:00Z,70.3823999389631,71.35630774657648,69.57399429638242,70.56063079833984,14884300
2001-04-05T00:00:00Z,72.12010765460826,73.51412934349707,71.61087283852065,73.23405456542969,21522800
2001-04-06T00:00:00Z,72.55937335174136,72.82035773065265,71.33084790795999,72.12016296386719,14937800
2001-04-09T00:00:00Z,72.56569577468991,73.19587019398722,71.78911474463472,72.92215728759766,9034300
2001-04-10T00:00:00Z,73.48871834930982,74.9527658238971,73.31048749635342,74.25257110595703,17873600
2001-04-11T00:00:00Z,75.6084045789072,75.74207772171899,73.92793527437814,74.30349731445312,12722300
2001-04-12T00:00:00Z,74.02979863477107,75.71026826575307,73.8133719402512,75.6529769897461,9233200
2001-04-16T00:00:00Z,75.29652278745623,75.67844685905514,74.4180969371359,74.85730743408203,7350000
2001-04-17T00:00:00Z,74.67266658513616,76.168542690267,74.48806900500459,75.91392517089844,10924700
2001-04-18T00:00:00Z,77.05972607778911,80.20424319851783,76.8242087892084,78.93115997314453,32481600
2001-04-19T00:00:00Z,79.090256009446,80.10235433876471,78.66377450676796,79.98141479492188,13809900
2001-04-20T00:00:00Z,79.50403774827606,79.822308511995,78.7147276140525,79.24942016601562,7626700
2001-04-23T00:00:00Z,78.70835498056519,78.86112357598002,77.60077416506205,77.81082916259766,8451800
2001-04-24T00:00:00Z,77.98907763571341,78.70837277894738,77.08518969517523,77.39073181152344,10044700
2001-04-25T00:00:00Z,77.28886160681516,78.72107986770962,76.98968634862241,78.4028091430664,8249000
2001-04-26T00:00:00Z,78.75929646347406,79.70774211366964,78.61288975463344,78.7529296875,10590400
2001-04-27T00:00:00Z,79.51675246093754,80.10236939767175,79.05844186473665,80.06417846679688,7938700
2001-04-30T00:00:00Z,80.49066589145505,81.01262969580537,79.3576228666282,80.62434387207031,10766900
2001-05-01T00:00:00Z,79.61223496667606,80.93624228185234,79.3130597231441,80.87258911132812,10578000
2001-05-02T00:00:00Z,81.10173532080384,81.27996612086649,80.20420969079896,80.7261734008789,9572900
2001-05-03T00:00:00Z,80.28697963885193,80.29971318876659,79.07118786902608,79.70136260986328,9926200
2001-05-04T00:00:00Z,78.70836999313876,81.06357197600958,78.57469683960115,81.05720520019531,12145300
2001-05-07T00:00:00Z,80.75165209262677,81.08265152356013,80.35063271076838,80.35699462890625,7185200
2001-05-08T00:00:00Z,80.75167327988721,80.90444191452181,79.9241672007974,80.3188247680664,6952600
2001-05-09T00:00:00Z,79.72679730529667,80.55430293247241,79.60585290502914,79.98141479492188,9507400
2001-05-10T00:00:00Z,81.00625663406771,81.15902520406452,80.05780648995871,80.2169418334961,6872400
2001-05-11T00:00:00Z,80.20425220930863,80.51615627476733,79.18578648587278,79.66319274902344,7734400
2001-05-14T00:00:00Z,79.50403302715333,79.84776601432934,79.22395321765595,79.82230377197266,7914000
2001-05-15T00:00:00Z,79.91779237537797,80.52250489645662,79.47221038304362,80.1915054321289,9782200
2001-05-16T00:00:00Z,79.46582292211178,82.24114370556279,79.3257878990122,82.0820083618164,14909000
2001-05-17T00:00:00Z,82.1138198794089,82.801285583476,81.83374018002802,82.20929718017578,11824600
2001-05-18T00:00:00Z,82.17114208863151,82.58489990234375,81.54097220310253,82.58489990234375,6683100
2001-05-21T00:00:00Z,82.64854354160119,83.92162650328765,82.209328365763,83.8006820678711,11531500
2001-05-22T00:00:00Z,83.91528307655388,84.08078040141508,83.43151494113738,83.69248962402344,8342700
2001-05-23T00:00:00Z,83.41879492985603,83.41879492985603,82.27301788330078,82.27301788330078,12330800
2001-05-24T00:00:00Z,82.41300548885428,82.75037161147308,81.82738863991506,82.51485443115234,7902800
2001-05-25T00:00:00Z,82.52757823596747,82.5594072445309,81.41363578262035,81.54094696044922,7425000
2001-05-29T00:00:00Z,81.61733462427084,81.70008810986029,80.77710021645048,80.89167785644531,9003900
2001-05-30T00:00:00Z,80.57977828516367,80.898049004084,79.5676797300814,79.7586441040039,10041800
2001-05-31T00:00:00Z,79.84135639170604,80.68795728412809,79.73314556208253,80.17235565185547,9874200
2001-06-01T00:00:00Z,80.33155128303505,80.90443971789455,79.64409001763087,80.6689224243164,8848300
2001-06-04T00:00:00Z,80.71347700905689,81.11449646966972,80.25516627896967,81.05720520019531,5623500
2001-06-05T00:00:00Z,81.15265403194967,82.26023460313853,81.01261416019906,81.98652648925781,9115400
2001-06-06T00:00:00Z,82.00566822505773,82.00566822505773,81.0699511507578,81.30547332763672,12064900
2001-06-07T00:00:00Z,80.87257178197105,81.70007739074491,80.84074277531646,81.59822845458984,7355300
2001-06-08T00:00:00Z,81.28632865147023,81.39454437211828,80.29332569709476,80.84075164794922,8170600
2001-06-11T00:00:00Z,80.6561816760245,80.8344125384285,79.82868054965932,80.26789093017578,7012200
2001-06-12T00:00:00Z,79.47858311026252,80.67527954805237,78.95661920207019,80.12785339355469,9364400
2001-06-13T00:00:00Z,80.31242726211919,80.57341156716981,79.34488647107095,79.44036865234375,7629400
2001-06-14T00:00:00Z,79.04568768149961,79.12207437504071,77.4988923463665,77.65802764892578,12603000
2001-06-15T00:00:00Z,77.18316302779343,78.13430639515093,76.8576020582048,77.78321075439453,16821100
2001-06-18T00:00:00Z,77.65551203493938,78.15981063612185,77.18313297784944,77.40655517578125,11368300
2001-06-19T00:00:00Z,78.12148297110578,78.44704371710134,77.17034025698707,77.74485778808594,7732300
2001-06-20T00:00:00Z,77.36183433246752,78.42788036826933,77.30438015418459,78.15338897705078,8787200
2001-06-21T00:00:00Z,78.0193712549847,79.35352440977805,77.9746868160739,79.04073333740234,12259100
2001-06-22T00:00:00Z,78.83007651267242,78.89391073003804,77.98107216825628,78.4215316772461,12212000
2001-06-25T00:00:00Z,78.69597637118973,78.79811495439336,77.55971141934567,77.70014953613281,8406800
2001-06-26T00:00:00Z,77.1767299215953,78.12787269466864,76.96607266876237,77.59165954589844,8005800
2001-06-27T00:00:00Z,77.62357327660851,78.03211801462454,77.18311387263846,77.5469741821289,10105100
2001-06-28T00:00:00Z,77.87890142966044,79.11730519119797,77.83421700889552,77.97465515136719,10269300
2001-06-29T00:00:00Z,78.38964386874454,79.16204936512992,78.0449331325474,78.26197052001953,9824200
2001-07-02T00:00:00Z,78.38959000319039,79.35988243556095,78.27468650341417,79.23859405517578,8522200
2001-07-03T00:00:00Z,79.14290616469117,79.2195053100586,78.54923843689025,79.2195053100586,3303100
2001-07-05T00:00:00Z,78.56196076774569,78.93220600386765,77.66188720571188,77.67465209960938,5517900
2001-07-06T00:00:00Z,77.4384835501376,77.5533871108655,75.99581146240234,75.99581146240234,11665900
2001-07-09T00:00:00Z,76.27664466199262,76.94691590732522,76.09152208118421,76.41069793701172,8339300
2001-07-10T00:00:00Z,76.7873001749273,77.0107222190586,75.45952792661087,75.49144744873047,8630700
2001-07-11T00:00:00Z,75.38934699112173,75.89364550012675,74.74461030616115,75.56808471679688,15328600
2001-07-12T00:00:00Z,76.28304599871976,77.54059992120035,76.16175758886484,77.36186218261719,12002800
2001-07-13T00:00:00Z,77.13844137437299,78.08320433069972,76.99800804716197,78.03213500976562,10433800
2001-07-16T00:00:00Z,77.73210953143398,78.05767036749884,76.7873514369065,77.05545806884766,6915300
2001-07-17T00:00:00Z,76.72986005654278,77.84697535195139,76.49367308246468,77.7767562866211,7469800
2001-07-18T00:00:00Z,76.95968702655414,77.64910809978929,76.64051114489757,77.2469482421875,7709300
2001-07-19T00:00:00Z,77.9938565078164,78.50454011453408,77.08739773262035,77.92363739013672,10082900
2001-07-20T00:00:00Z,77.33629707454247,77.84059542140905,77.18947406409325,77.45758056640625,6705800
2001-07-23T00:00:00Z,77.7512601664511,77.8023246149671,75.93195343017578,75.93195343017578,8065200
2001-07-24T00:00:00Z,75.9638888072122,76.09155726047314,74.52759679194979,75.19786834716797,12269000
2001-07-25T00:00:00Z,75.27444697384011,76.27027914502025,74.98080571510685,76.02770233154297,12088500
2001-07-26T00:00:00Z,76.00217850981733,77.14482903815866,75.68300254783054,76.82565307617188,12898200
2001-07-27T00:00:00Z,77.13204771719535,77.46398850406929,76.54476524105965,77.11927795410156,8478800
2001-07-30T00:00:00Z,77.36184802980357,77.46398177449295,76.79371537742665,77.14480590820312,8547700
2001-07-31T00:00:00Z,77.24056710387363,78.31299831301791,77.11289869311932,77.4639892578125,11918100
2001-08-01T00:00:00Z,77.859788830648,78.32578303106308,77.5916821780608,77.94915771484375,11940800
2001-08-02T00:00:00Z,78.66413640357256,78.67690130347468,77.80874200292055,78.26835632324219,11070100
2001-08-03T00:00:00Z,78.10872854192161,78.10872854192161,77.176735475628,77.84062194824219,10816300
2001-08-06T00:00:00Z,77.46400592487805,77.56614457164768,76.66606601038562,76.79373931884766,8550100
2001-08-07T00:00:00Z,76.77458167604395,77.36824914408557,76.54477947025099,77.09375762939453,8865100
2001-08-08T00:00:00Z,76.67883864811918,77.34272526626935,75.6000222848453,75.66385650634766,15183800
2001-08-09T00:00:00Z,75.77238738926025,75.94474517237448,75.23617399788198,75.88729095458984,14118500
2001-08-10T00:00:00Z,75.83622619025537,76.50010804259131,74.90422790281522,76.14901733398438,11173300
2001-08-13T00:00:00Z,76.34685137958452,76.50643928166151,75.84255302459289,76.1681137084961,7431600
2001-08-14T00:00:00Z,76.69158301587491,76.82563630621878,75.83619396218425,76.13621520996094,13178100
2001-08-15T00:00:00Z,76.1106857654449,76.3532576914059,75.37658023578284,75.47871398925781,8520600
2001-08-16T00:00:00Z,75.19784232470228,75.80427457319277,74.68715894790361,75.74044036865234,10734700
2001-08-17T00:00:00Z,75.10210560215936,75.2425438061165,74.05520882569174,74.527587890625,11604600
2001-08-20T00:00:00Z,74.55953146510488,75.26171784096016,74.39994343103594,75.21703338623047,10417400
2001-08-21T00:00:00Z,75.19785304368284,75.67023206890181,73.92114928993773,73.93391418457031,14480800
2001-08-22T00:00:00Z,74.52756021057442,74.96163955693157,73.90835828868764,74.69991302490234,11752300
2001-08-23T00:00:00Z,74.66166904773421,75.01914470363832,74.36164274928302,74.4318618774414,8744100
2001-08-24T00:00:00Z,74.82120090678427,76.04683498119275,74.52117483362206,75.97661590576172,11687700
2001-08-27T00:00:00Z,75.94471387569277,76.09153206129724,75.49148468540092,75.52339935302734,7425100
2001-08-28T00:00:00Z,75.50426368968122,75.63831700733641,74.4190673828125,74.4190673828125,12046600
2001-08-29T00:00:00Z,74.77014982496686,74.80206936530074,73.5189807936405,73.75517272949219,16180000
2001-08-30T00:00:00Z,73.31468999339447,73.88282260300079,71.52092331836123,72.3380126953125,17692600
2001-08-31T00:00:00Z,72.38914051269805,73.2636799104525,72.21678269122356,72.86790466308594,15985400
2001-09-04T00:00:00Z,72.67635457874853,74.15733062357438,72.36994842891585,72.40186309814453,24473400
2001-09-05T00:00:00Z,72.58061981201172,72.89341579582629,71.46350382186054,72.58061981201172,21477100
2001-09-06T00:00:00Z,71.91034024690305,72.32526994289795,70.71023559570312,70.71023559570312,21653000
2001-09-07T00:00:00Z,70.23147350071646,71.01664847621231,69.34416475431814,69.40161895751953,33133900
2001-09-10T00:00:00Z,68.7505172112162,70.44215120079043,68.7505172112162,70.25064849853516,23408700
2001-09-17T00:00:00Z,64.47355270097383,67.9206545124995,63.83520069403349,66.58011627197266,32388700
2001-09-18T00:00:00Z,66.59924707013825,67.2184491196173,65.98004502065919,66.4205093383789,22029200
2001-09-19T00:00:00Z,66.45247555218607,66.70781745428911,62.91600311419955,65.08001708984375,42771800
2001-09-20T00:00:00Z,64.09051955569275,64.99059303113853,62.91594975035818,63.01170349121094,36210900
2001-09-21T00:00:00Z,60.409644708228846,63.42756340734912,60.1020887924722,62.331886291503906,49782100
2001-09-24T00:00:00Z,63.89529452598243,64.81797181223865,63.4723991402777,64.52322387695312,25549600
2001-09-25T00:00:00Z,64.55527488839715,65.35620882001497,64.01064079259957,65.1960220336914,25466200
2001-09-26T00:00:00Z,65.58049471848778,65.6125340435547,64.35026089674659,64.96537780761719,18587500
2001-09-27T00:00:00Z,64.87564541569012,65.54202300213697,64.07471152166924,65.52920532226562,20536800
2001-09-28T00:00:00Z,65.98414925566225,70.23871030151376,65.67658844662492,66.91963958740234,21687200
2001-10-01T00:00:00Z,66.57363376154929,66.84274640706664,65.88803446643807,66.81070709228516,20457400
2001-10-02T00:00:00Z,66.63771129151816,67.65009307861328,66.41345074083593,67.65009307861328,19833100
2001-10-03T00:00:00Z,67.02215542396357,69.12380543527628,66.86196862568043,68.78421020507812,32045800
2001-10-04T00:00:00Z,69.38649187189881,69.82220001899518,68.39974092440083,68.84185791015625,32674100
2001-10-05T00:00:00Z,68.72008054372117,68.9571585721269,67.6115866506733,68.70726776123047,29796100
2001-10-08T00:00:00Z,68.09219344458843,68.75216707633088,67.83589851058605,68.2587890625,12970300
2001-10-09T00:00:00Z,68.31004891074731,68.39975311391407,67.66289296917644,67.89356231689453,15976300
2001-10-10T00:00:00Z,67.79107288729278,69.553128133632,67.61165951949522,69.40575408935547,19987400
2001-10-11T00:00:00Z,69.80940646827857,70.674419111278,69.80940646827857,70.48219299316406,23006300
2001-10-12T00:00:00Z,69.9375589123287,70.411710478695,68.75217755215634,70.16181945800781,31360500
2001-10-15T00:00:00Z,69.60437177611857,70.12978432383042,69.23914604037392,70.03367614746094,16873000
2001-10-16T00:00:00Z,70.35402280732623,70.87302631486092,69.80938394456668,70.47576141357422,15877100
2001-10-17T00:00:00Z,71.16778691579357,71.21904786187278,68.97643280029297,68.97643280029297,28542300
2001-10-18T00:00:00Z,69.08535561678406,69.30321218381704,68.39975638068677,68.82905578613281,16510000
2001-10-19T00:00:00Z,68.55994966518435,69.14303195742129,67.92561131276679,68.78421020507812,21912500
2001-10-22T00:00:00Z,68.75217320008022,70.2066671229967,68.69450341283428,70.14259338378906,17540600
2001-10-23T00:00:00Z,70.45655691243346,70.66159580746859,69.44417522947313,69.78377532958984,22062500
2001-10-24T00:00:00Z,69.82862315021076,70.1297701896636,69.34165397119195,69.59795379638672,16065200
2001-10-25T00:00:00Z,68.84830889995219,70.86666426755166,68.39337881456557,70.84744262695312,27467900
2001-10-26T00:00:00Z,70.45015474040846,71.62913216483918,70.27074630133524,70.6872329711914,18623300
2001-10-29T00:00:00Z,70.5847266466451,70.83461770869634,68.84829711914062,68.84829711914062,18727500
2001-10-30T00:00:00Z,68.7842298275719,69.00849043144186,67.63729143804898,68.02174377441406,26178600
2001-10-31T00:00:00Z,68.49587469406423,69.11099140180849,67.79105377197266,67.79105377197266,28124200
2001-11-01T00:00:00Z,68.30366655254102,69.84787001298557,67.72699295966724,69.52749633789062,29806800
2001-11-02T00:00:00Z,69.48262144184035,70.08492042938965,69.11739576749719,70.00162506103516,17575900
2001-11-05T00:00:00Z,70.55909080960895,71.18061155231531,70.45016005893665,70.91790771484375,15929500
2001-11-06T00:00:00Z,70.70643277726361,72.07122706040214,70.38605926681973,72.01996612548828,23245800
2001-11-07T00:00:00Z,71.6163130914222,72.48132573066793,71.53301771447468,71.92387390136719,19716000
2001-11-08T00:00:00Z,72.3211291546966,73.09643258285091,71.69960366647463,72.14812469482422,22563500
2001-11-09T00:00:00Z,71.92388460716876,72.37881460469933,71.4048808571787,72.22503662109375,15895800
2001-11-12T00:00:00Z,71.12291408959796,72.18014757403752,70.48216711581779,71.78288269042969,26068800
2001-11-13T00:00:00Z,72.68636843941898,73.39759826660156,72.51977278830512,73.39759826660156,15296200
2001-11-14T00:00:00Z,73.7948561758477,73.94223018743688,72.85936582099433,73.46807861328125,17571300
2001-11-15T00:00:00Z,73.28227981253457,73.80128362744102,73.00034940023251,73.60265350341797,19470200
2001-11-16T00:00:00Z,73.73717178867938,73.74998457875171,72.66071654765807,73.27583312988281,18134900
2001-11-19T00:00:00Z,73.63465670570355,74.23055171352581,73.33350478185076,74.17929077148438,13625400
2001-11-20T00:00:00Z,73.92303376690252,74.19855536109985,73.45528598567823,73.55780792236328,16209700
2001-11-21T00:00:00Z,73.36555918463958,73.47448504250016,72.73122078405397,73.07081604003906,11470200
2001-11-23T00:00:00Z,73.07081043220745,74.16648754495411,73.04517995788136,74.12163543701172,6717100
2001-11-26T00:00:00Z,74.16646466178052,74.54450304229667,73.73075650969568,74.28179931640625,13726000
2001-11-27T00:00:00Z,74.08319984235742,74.90335555168106,73.10285242977682,73.96145629882812,19261400
2001-11-28T00:00:00Z,73.51935414728044,73.79487572047405,72.56464190512732,72.62230682373047,20195500
2001-11-29T00:00:00Z,72.82734975810189,73.63468793939757,72.4044541396488,73.60265350341797,16354700
2001-11-30T00:00:00Z,73.3014929407162,73.6282754362583,73.05800583526701,73.07723236083984,13680300
2001-12-03T00:00:00Z,72.82092608736053,73.09644760095786,72.41084823761292,72.64151763916016,15220400
2001-12-04T00:00:00Z,72.9939168606297,73.8781510890563,72.62869116713135,73.87174224853516,17239900
2001-12-05T00:00:00Z,74.07679377154815,75.60817938668896,74.04475445199571,75.2237319946289,25204000
2001-12-06T00:00:00Z,75.18524932861328,75.56970143275014,74.92254560519878,75.18524932861328,17972900
2001-12-07T00:00:00Z,74.90332710840535,75.02506571719283,74.13442775650579,74.68547058105469,18857800
2001-12-10T00:00:00Z,74.23054179123163,74.57654577099267,73.2694212547327,73.28864288330078,13862700
2001-12-11T00:00:00Z,73.62184144429123,74.14725386130603,72.98109435580918,73.14128112792969,20833300
2001-12-12T00:00:00Z,73.3975756670532,73.54494474924799,72.47489836161392,73.22457122802734,16171500
2001-12-13T00:00:00Z,72.69276989437499,72.85295669880377,71.78931885942359,71.80213165283203,19026700
2001-12-14T00:00:00Z,71.97512951034459,72.7183936724133,71.76368177472952,72.48772430419922,16721900
2001-12-17T00:00:00Z,72.39802174834793,73.27584713570592,72.3403568492324,73.2374038696289,13925900
2001-12-18T00:00:00Z,73.44885315019583,73.78204444706921,73.26303586703827,73.6731185913086,13663700
2001-12-19T00:00:00Z,73.10282010381982,74.27538824247635,73.0451552224981,74.19209289550781,20143400
2001-12-20T00:00:00Z,74.00629639648362,74.19852249837312,73.39758855468824,73.46166229248047,14867900
2001-12-21T00:00:00Z,73.95866382748606,73.9843824599791,73.42501324024273,73.9072265625,14037700
2001-12-24T00:00:00Z,73.83008698518897,73.96510614765695,73.68863693727155,73.76579284667969,5728800
2001-12-26T00:00:00Z,73.71432755671448,74.71732947116189,73.71432755671448,74.17082214355469,10304800
2001-12-27T00:00:00Z,74.13227887037414,74.63378004552528,74.100129346704,74.62091827392578,9407300
2001-12-28T00:00:00Z,74.76874696467661,75.0645037355094,74.53085340961918,74.58229064941406,10593800
2001-12-31T00:00:00Z,74.67876199546113,74.8330688668551,73.44429721365532,73.48930358886719,14619500
2002-01-02T00:00:00Z,74.01009023543219,74.42157848430153,73.17425197066999,74.2801284790039,18651900
2002-01-03T00:00:00Z,74.35729751377858,75.19313102101451,74.28657249862344,75.12240600585938,15743000
2002-01-04T00:00:00Z,75.33458566299547,75.85537943423022,74.93595908625818,75.62391662597656,20140700
2002-01-07T00:00:00Z,75.67533096892662,75.86178734813514,74.94236721911483,75.09024810791016,13106500
2002-01-08T00:00:00Z,75.09025602996854,75.26385066046907,74.56303634894994,74.91665649414062,12683700
2002-01-09T00:00:00Z,75.01952317322039,75.72676829495505,74.15796627903947,74.30584716796875,16610300
2002-01-10T00:00:00Z,74.38300042582118,74.80734552173674,74.13224993611502,74.63375091552734,12823400
2002-01-11T00:00:00Z,74.71731751396094,74.76232387714195,73.74646035925534,73.90077209472656,13708400
2002-01-14T00:00:00Z,73.71433534545575,73.83649270350313,73.27069757242421,73.4378662109375,12301100
2002-01-15T00:00:00Z,73.65003514983077,74.1901116069516,73.2321160406816,74.03580474853516,20219900
2002-01-16T00:00:00Z,73.4892814793563,73.55357558098342,72.45413025558524,72.53771209716797,17067000
2002-01-17T00:00:00Z,73.14213482527664,73.45074867513554,72.91067198521812,73.08426666259766,17283400
2002-01-18T00:00:00Z,72.65348767163356,73.19999522615095,72.44131259230481,72.74993133544922,17028000
2002-01-22T00:00:00Z,73.13569151460214,73.25142291497022,72.02338389410173,72.24842071533203,11689300
2002-01-23T00:00:00Z,72.41555611273776,73.007074652544,72.02335568208048,72.80133056640625,12438900
2002-01-24T00:00:00Z,73.06495030669319,73.45715080406885,72.85920618555569,73.02637481689453,12142800
2002-01-25T00:00:00Z,72.73061098195706,73.41213739818794,72.67917373026853,73.007080078125,12810700
2002-01-28T00:00:00Z,73.23212426982896,73.41858065964242,72.60203009372394,73.20640563964844,10589200
2002-01-29T00:00:00Z,73.19997522377427,73.3800007308618,70.75676420492937,70.9046401977539,27720800
2002-01-30T00:00:00Z,70.97538619390224,72.9042398922353,69.69591461416667,71.92695617675781,34711800
2002-01-31T00:00:00Z,72.10697192067629,72.84636671877756,71.76620859854708,72.76921081542969,19909200
2002-02-01T00:00:00Z,72.71134672217059,72.84637078690182,72.11983281278751,72.42845153808594,15838500
2002-02-04T00:00:00Z,72.15840050914464,72.15840050914464,70.36456644105483,70.628173828125,24243400
2002-02-05T00:00:00Z,70.33887522429377,71.03968980689403,69.77950581128557,70.19099426269531,33614000
2002-02-06T00:00:00Z,70.49956974830245,70.55743297686533,69.47727522908859,69.88876342773438,29486000
2002-02-07T00:00:00Z,69.9016372709602,70.63460105802412,69.43871174116674,69.45156860351562,23445400
2002-02-08T00:00:00Z,69.84374780891848,71.20680535223285,69.63157776029564,70.78245544433594,19277800
2002-02-11T00:00:00Z,70.75673521073494,71.77902459507284,70.60885437318079,71.65043640136719,18792400
2002-02-12T00:00:00Z,71.34184842667501,71.82406171760404,70.74390374970992,71.42543029785156,13942500
2002-02-13T00:00:00Z,71.67615523089884,72.35768148911826,71.59256848995295,72.18408203125,16781100
2002-02-14T00:00:00Z,72.33844905787618,72.63420605464971,71.74693015900019,72.04911804199219,20453800
2002-02-15T00:00:00Z,72.10697964449264,72.16484289920567,71.1811283264564,71.29685974121094,18366800
2002-02-19T00:00:00Z,70.82107759341537,70.9110903714451,69.8309321297599,69.92737579345703,15988100
2002-02-20T00:00:00Z,70.11381777575052,71.10395812988281,69.32298578291993,71.10395812988281,29242800
2002-02-21T00:00:00Z,70.67959236457989,71.1296560307389,69.60586554293909,69.63158416748047,26288600
2002-02-22T00:00:00Z,69.66373386713384,70.68602841982916,69.35512016070514,70.4931411743164,26572900
2002-02-25T00:00:00Z,70.55745270056397,71.88836128814252,70.53173406779342,71.65689849853516,17458700
2002-02-26T00:00:00Z,71.7533375821279,72.03623761928608,71.09109877271423,71.50901794433594,22346500
2002-02-27T00:00:00Z,71.98480521645176,72.56346219273506,71.14254083756184,71.78549194335938,28597900
2002-02-28T00:00:00Z,71.90120371604425,72.49271739466923,71.38684100965,71.46399688720703,23755400
2002-03-01T00:00:00Z,71.83049813029396,73.19998221602111,71.69547898708095,73.12925720214844,26273600
2002-03-04T00:00:00Z,73.23211909740708,74.57588431847053,73.07138134912714,74.42157745361328,27184600
2002-03-05T00:00:00Z,74.15153306954345,74.839490378964,73.92007033877331,74.18367767333984,22718900
2002-03-06T00:00:00Z,74.00365928549228,75.32171080058951,73.98437154030117,75.06452941894531,20143200
2002-03-07T00:00:00Z,75.45673928664729,75.54675204559457,74.30585626259,74.90380096435547,19330800
2002-03-08T00:00:00Z,75.46958441360252,75.80392167083723,74.89093245473585,75.21883392333984,19930100
2002-03-11T00:00:00Z,75.15453814991046,75.80392000015578,74.85878129369146,75.37957000732422,15621800
2002-03-12T00:00:00Z,74.64664466379806,75.38603963703953,74.54377500696215,75.33460235595703,17153600
2002-03-13T00:00:00Z,74.98737861797804,75.06453450930154,74.35085845687259,74.60803985595703,17175300
2002-03-14T00:00:00Z,74.60803962153908,74.8587901358936,74.34442733934081,74.50516510009766,11168100
2002-03-15T00:00:00Z,74.7766437201265,75.40853809448262,74.7315084076725,75.21510314941406,21220100
2002-03-18T00:00:00Z,75.50524269311705,75.80184681749195,74.8604498350727,75.22798156738281,17548900
2002-03-19T00:00:00Z,75.63420389148939,75.91790940263253,75.32470115643068,75.73091888427734,17912000
2002-03-20T00:00:00Z,75.11837150822288,75.16995611995253,74.27369439851206,74.3059310913086,17114500
2002-03-21T00:00:00Z,74.34462984898327,74.73150463899054,73.58377396357102,74.33818054199219,25846800
2002-03-22T00:00:00Z,74.47355258204004,74.75726292798198,73.95771648385062,74.17694854736328,15235400
2002-03-25T00:00:00Z,74.20920395737596,74.38330077518792,73.05502912828848,73.25491333007812,17499600
2002-03-26T00:00:00Z,73.19690145091911,74.16409098072153,73.1646647515539,73.68049621582031,19947600
2002-03-27T00:00:00Z,73.52572030322429,74.15761939547616,73.35162841623468,73.87390899658203,19020300
2002-03-28T00:00:00Z,74.13184985672703,74.64768129020555,73.82879636837612,73.84169006347656,17532900
2002-04-01T00:00:00Z,73.65468181153004,74.21564838467985,73.18398091512647,73.87390899658203,17711000
2002-04-02T00:00:00Z,73.49347418311645,74.11891897045678,73.35806338693016,73.46768188476562,15669500
2002-04-03T00:00:00Z,73.51288385561949,73.64184054496363,72.32001726134794,72.95191192626953,25658500
2002-04-04T00:00:00Z,72.60368366094991,73.11951997786574,72.3651134228646,72.64881896972656,23549000
2002-04-05T00:00:00Z,72.98408610307007,73.26779154129011,72.33284410921033,72.66168975830078,19404900
2002-04-08T00:00:00Z,71.77835777349642,72.88095323176192,71.72032876382048,72.81647491455078,16470100
2002-04-09T00:00:00Z,72.9776915082324,72.9776915082324,72.1717000420783,72.3071060180664,15122700
2002-04-10T00:00:00Z,72.28128684523209,73.20979024346495,72.27483753847224,73.12596893310547,17199300
2002-04-11T00:00:00Z,72.79065783439911,72.8938270423345,71.24960345635937,71.30763244628906,25453700
2002-04-12T00:00:00Z,71.5848782802165,71.99110080062488,70.95298423416857,71.8427963256836,14950600
2002-04-15T00:00:00Z,71.97176546660874,72.12651434260478,71.05615606180186,71.29473114013672,17394900
2002-04-16T00:00:00Z,72.02337298127867,73.06793936655653,72.00402997922573,72.99056243896484,15040900
2002-04-17T00:00:00Z,73.1130459779182,73.29358715204896,72.60365913983324,72.83578491210938,12920100
2002-04-18T00:00:00Z,72.79711280324386,73.15819522035213,71.66872533040159,72.51985168457031,25204800
2002-04-19T00:00:00Z,72.99055900836724,73.01635131635221,72.57789191936713,72.78422546386719,10499200
2002-04-22T00:00:00Z,72.4618185860627,72.49406019625829,71.46883700846334,71.57200622558594,13922900
2002-04-23T00:00:00Z,71.63005164779881,71.88152544236156,71.03684327143885,71.26251983642578,16967000
2002-04-24T00:00:00Z,71.28826040222613,72.09425106313905,70.54030362697476,70.5467529296875,18902700
2002-04-25T00:00:00Z,70.41781698191166,70.75955635883717,70.10186990580408,70.58546447753906,25451500
2002-04-26T00:00:00Z,70.79177340117774,70.93362854676592,69.17979205472422,69.24427032470703,19769800
2002-04-29T00:00:00Z,69.59249316175378,69.80527598493643,68.7542604809986,68.9025650024414,17724400
2002-04-30T00:00:00Z,69.00573468177022,70.05030096116583,68.76071514830288,69.54736328125,19473500
2002-05-01T00:00:00Z,69.61826943165167,70.44360331033823,68.86386314435643,70.39846801757812,24575600
2002-05-02T00:00:00Z,70.34688983798954,70.86917532400747,69.49576358302441,70.1276626586914,15666800
2002-05-03T00:00:00Z,70.02452328529982,70.12769253318689,69.12181204381004,69.36683654785156,18185500
2002-05-06T00:00:00Z,69.40547002187607,69.63114643158488,67.90310219250823,68.00627136230469,23630400
2002-05-07T00:00:00Z,68.41250048701514,68.55435565982334,67.63875125999645,67.76770782470703,21910000
2002-05-08T00:00:00Z,69.02509332136874,70.5145635923502,68.85744576223335,70.28888702392578,27917400
2002-05-09T00:00:00Z,70.05674737600421,70.3469022041702,69.36681919137509,69.47643280029297,18085600
2002-05-10T00:00:00Z,69.61828732195558,69.66987193247404,68.0901264411559,68.1675033569336,18958900
2002-05-13T00:00:00Z,68.48988585250629,69.60537454148006,68.21262477663001,69.55379486083984,14677700
2002-05-14T00:00:00Z,70.6822169450964,71.16581173966482,70.28244347727615,71.069091796875,34201200
2002-05-15T00:00:00Z,70.60482617051164,71.51398656743417,70.46942024489375,70.79181671142578,29535300
2002-05-16T00:00:00Z,70.73379701028495,71.23673973146963,70.49522672549008,71.15936279296875,28092000
2002-05-17T00:00:00Z,71.35275084961114,71.73317611896351,70.99166365161116,71.50749969482422,27823700
2002-05-20T00:00:00Z,71.33986372950265,71.37210533216118,70.59835114275731,70.73375701904297,13833800
2002-05-21T00:00:00Z,70.99811873353427,71.23669378382898,69.84393930542338,70.08895874023438,16877200
2002-05-22T00:00:00Z,69.77948461732277,70.35979917953162,69.63762939996292,70.24373626708984,15844200
2002-05-23T00:00:00Z,70.4500603870862,71.15933145987009,69.94712280673724,70.99168395996094,13879800
2002-05-24T00:00:00Z,70.91432585721842,71.05617616404125,70.03095780638195,70.0825424194336,11877000
2002-05-28T00:00:00Z,70.31467418291528,70.36625388093314,69.28300151248004,69.70211791992188,24236900
2002-05-29T00:00:00Z,69.39258986914929,69.65050300518836,69.0766379145593,69.1862564086914,14773300
2002-05-30T00:00:00Z,68.70268117937707,69.32168173445899,68.28356483663164,68.99283599853516,18217900
2002-05-31T00:00:00Z,69.25074459722862,69.99870165359773,68.89610660538652,69.13468170166016,19826300
2002-06-03T00:00:00Z,69.05084424854516,69.37968988566855,67.14225854729195,67.29701232910156,26056300
2002-06-04T00:00:00Z,67.15517048761798,67.83219996977795,66.76829579504391,67.46466827392578,25856200
2002-06-05T00:00:00Z,67.67100723621236,68.13525887254458,67.28413251239517,68.09657287597656,19695900
2002-06-06T00:00:00Z,68.05144417340074,68.09013017372067,66.51038951518352,66.71027374267578,22998500
2002-06-07T00:00:00Z,65.62702106601387,67.00687748878957,65.58833506592579,66.63289642333984,24011600
2002-06-10T00:00:00Z,66.5683813137181,67.35502900979935,66.42652616598191,66.89077758789062,18759900
2002-06-11T00:00:00Z,67.14228727188521,67.40665473937757,65.59478814676413,65.74308776855469,19990700
2002-06-12T00:00:00Z,65.58188122382519,66.29115238620408,64.98222366703469,66.14285278320312,31266000
2002-06-13T00:00:00Z,65.85267474676259,66.41364615026998,65.3432879383915,65.47869873046875,21043900
2002-06-14T00:00:00Z,64.67914674611734,65.48513752869533,63.512073667145174,65.38197326660156,39267500
2002-06-17T00:00:00Z,65.71725663682253,67.27765345380047,65.67212135432736,67.13580322265625,17647200
2002-06-18T00:00:00Z,66.8907865616043,67.72256965088224,66.81985897822094,67.68388366699219,21628500
2002-06-19T00:00:00Z,66.73604790801504,67.33570534686218,65.92360768649158,66.1041488647461,21540700
2002-06-20T00:00:00Z,65.93651779328866,66.44590473182978,65.0982851259417,65.25948333740234,25691000
2002-06-21T00:00:00Z,65.00908836789786,65.30673065682294,63.850868737338565,64.23909759521484,31190700
2002-06-24T00:00:00Z,63.805585883667035,65.15145075181523,62.92559769577003,64.57557678222656,37169700
2002-06-25T00:00:00Z,64.89906350278194,65.2808203186757,63.11320559194416,63.12614440917969,33355000
2002-06-26T00:00:00Z,61.599122721770364,63.50792208976219,61.59265577982849,63.22969055175781,37913600
2002-06-27T00:00:00Z,63.73436447941756,64.37494198889301,62.48555896778851,64.33612060546875,31616400
2002-06-28T00:00:00Z,64.21319364646547,65.02847743234175,63.98025542192939,64.03202056884766,28184200
2002-07-01T00:00:00Z,64.17439542935568,64.57556805795029,62.69265088575369,62.78323745727539,20270200
2002-07-02T00:00:00Z,62.673221598844066,62.89321608256429,61.320885433670355,61.45029830932617,34213900
2002-07-03T00:00:00Z,61.22383934416578,62.01323576634975,60.64149367485217,61.799713134765625,30565800
2002-07-05T00:00:00Z,62.621449451218474,64.40083556573545,62.54380667109728,64.25848388671875,19013500
2002-07-08T00:00:00Z,64.0449829235769,64.51085457134961,63.1261685770255,63.4561653137207,19118600
2002-07-09T00:00:00Z,63.23615167966714,63.63084734468672,61.47617619769495,61.857933044433594,28620400
2002-07-10T00:00:00Z,62.11671565341845,62.162008894452015,59.5544017251061,59.60616683959961,50522500
2002-07-11T00:00:00Z,59.37328517065938,60.40209188155864,58.441531970903284,60.09151077270508,59476500
2002-07-12T00:00:00Z,60.389154356863166,60.75150063717934,59.21799095238783,59.4315185546875,39018600
2002-07-15T00:00:00Z,59.295640439536605,59.78739964625144,56.86920380565138,59.748573303222656,77317200
2002-07-16T00:00:00Z,58.959164353376174,59.77444333684479,58.150352311889655,58.5968132019043,53282400
2002-07-17T00:00:00Z,59.82621749462122,60.36974183531728,58.07271331721189,58.71329116821289,48880600
2002-07-18T00:00:00Z,58.68740670072957,58.94622757195367,56.77861203157213,56.81096649169922,32656700
2002-07-19T00:00:00Z,56.13801891769578,56.64918864163417,54.54627765742245,54.81156539916992,77572600
2002-07-22T00:00:00Z,54.416845064487866,55.58800765268917,52.70216343463287,53.18745040893555,78134000
2002-07-23T00:00:00Z,53.41395787215652,53.860418834704184,51.60221663024851,51.731624603271484,74484100
2002-07-24T00:00:00Z,50.55399388941525,55.076875079878064,50.26282348404709,54.81805419921875,107022800
2002-07-25T00:00:00Z,54.52686261132095,55.54920207019694,52.79924152279515,54.3521614074707,87176600
2002-07-26T00:00:00Z,54.77273709368785,55.60095960231043,54.222746046861495,55.38743209838867,41206800
2002-07-29T00:00:00Z,56.61680979962067,58.4544273138375,56.48740192328773,58.085609436035156,53492900
2002-07-30T00:00:00Z,57.7945011535781,59.14036623010139,57.406272172126975,58.84272384643555,47532200
2002-07-31T00:00:00Z,58.55152695798953,59.23740300844034,57.749186698708556,58.98505401611328,44669900
2002-08-01T00:00:00Z,58.803867761036216,59.10798187266723,57.15389418995693,57.445064544677734,66571900
2002-08-02T00:00:00Z,57.26389839376589,57.52919114007214,55.40039703677096,56.15744400024414,51772900
2002-08-05T00:00:00Z,55.963333881431154,56.24803736328172,54.06101089220596,54.2033576965332,47191300
2002-08-06T00:00:00Z,55.14802858316569,56.87564948588172,55.070380869474434,56.028011322021484,64730000
2002-08-07T00:00:00Z,56.856266305608145,57.26390589241272,55.49745780973005,57.00508499145508,43289400
2002-08-08T00:00:00Z,57.212139374253574,58.94623295215427,56.81097167700807,58.84917449951172,48339800
2002-08-09T00:00:00Z,58.299184893027174,59.48975906960134,57.81389755218078,59.069175720214844,41879200
2002-08-12T00:00:00Z,58.22797961204129,59.05620213225031,57.9432812060917,58.635623931884766,25841700
2002-08-13T00:00:00Z,58.33151561505588,59.30856177919832,57.360941328404685,57.567996978759766,49690500
2002-08-14T00:00:00Z,57.60036310314929,59.936212954869504,56.95331339212646,59.67092514038086,57423600
2002-08-15T00:00:00Z,60.07209034642594,60.81619847100726,59.65797894322538,60.4991455078125,45551500
2002-08-16T00:00:00Z,60.059145625454946,60.874429530185125,59.52856513368381,60.31796646118164,36517300
2002-08-19T00:00:00Z,60.47326059384802,61.955004906724255,60.240322321464156,61.728538513183594,33669900
2002-08-20T00:00:00Z,61.35323990432822,61.72852983894304,60.57678239655643,61.075008392333984,30508300
2002-08-21T00:00:00Z,61.50854358279849,61.97442016180838,60.54444090137927,61.95500946044922,39628900
2002-08-22T00:00:00Z,61.7867493968898,62.86085383257109,61.514989817956746,62.556739807128906,38399800
2002-08-23T00:00:00Z,62.12321467963635,62.213801201296945,60.919702392893875,61.210872650146484,33716400
2002-08-26T00:00:00Z,61.41145410211309,61.88379734715293,60.4991121798884,61.63792037963867,33830100
2002-08-27T00:00:00Z,61.92265303997002,62.27853234227913,60.49914570392829,60.92620086669922,35335700
2002-08-28T00:00:00Z,60.35681128291156,60.49269116366809,59.39918023664683,59.593292236328125,38970600
2002-08-29T00:00:00Z,59.05621333933274,60.207965745199026,58.758571123186364,59.61914825439453,42965700
2002-08-30T00:00:00Z,59.32151885431804,60.427973289230216,59.1403457215742,59.38622283935547,30366700
2002-09-03T00:00:00Z,58.706810691235944,58.88151190610763,57.037421586477414,57.12153625488281,76586400
2002-09-04T00:00:00Z,57.33507221680655,58.39623329110213,56.97919292017201,57.93682861328125,51099500
2002-09-05T00:00:00Z,57.257419562254405,57.86564778551644,56.61684181991053,57.445064544677734,67250900
2002-09-06T00:00:00Z,58.07271175384522,58.60329232115183,57.807419001893145,58.234474182128906,38622200
2002-09-09T00:00:00Z,57.65209488705205,59.107955893980616,57.45798304808505,58.661495208740234,33998400
2002-09-10T00:00:00Z,58.97206942826187,59.38618056160778,58.59677967098148,59.334415435791016,41416600
2002-09-11T00:00:00Z,59.83267862788276,60.38914169114297,58.946218879062,58.96562957763672,27711200
2002-09-12T00:00:00Z,58.71975615575736,58.777988255105555,57.580947381398516,57.87858963012695,43601700
2002-09-13T00:00:00Z,57.38685941431816,58.16978923099012,57.10215586767412,58.020965576171875,41131000
2002-09-16T00:00:00Z,57.78798679363183,58.16327667236328,57.237995729474754,58.16327667236328,28167600
2002-09-17T00:00:00Z,58.81033036012263,59.004447190372396,56.77859526631824,56.830360412597656,47609700
2002-09-18T00:00:00Z,56.299778322697215,57.263880694516224,55.82743001605267,56.26095199584961,54719400
2002-09-19T00:00:00Z,55.6398250512722,56.16393887927451,54.80513000488281,54.80513000488281,48510500
2002-09-20T00:00:00Z,55.19374778771647,55.37573297776128,54.62829451275218,54.82327651977539,46325600
2002-09-23T00:00:00Z,54.368361777279745,54.634838910899326,53.74440987556556,54.37486267089844,46893800
2002-09-24T00:00:00Z,53.5818721501379,54.36831094594068,53.19839912482332,53.49737548828125,69507000
2002-09-25T00:00:00Z,54.18632835461857,55.0962543048426,53.32189374318121,54.82327651977539,59294400
2002-09-26T00:00:00Z,55.25875355322169,55.876209103713535,54.888282206416804,55.72022247314453,53638000
2002-09-27T00:00:00Z,55.24575870202748,55.65522548138358,53.78337097167969,53.78337097167969,64648300
2002-09-30T00:00:00Z,53.29593188822895,53.815894182824806,52.58098745220562,53.15944290161133,73096400
2002-10-01T00:00:00Z,53.57538584857244,55.74621675810567,52.95143436034626,55.713722229003906,67198100
2002-10-02T00:00:00Z,55.0442855954259,55.59024139881547,53.68588706012758,54.04336166381836,56749100
2002-10-03T00:00:00Z,54.03683510350338,54.985761376754446,53.26339312405778,53.49737548828125,55547000
2002-10-04T00:00:00Z,53.81589193438914,53.89388280421049,51.72305097623556,52.5159912109375,68483700
2002-10-07T00:00:00Z,52.035026570041495,52.77596961699541,51.0536050526811,51.430572509765625,53188000
2002-10-08T00:00:00Z,51.87252429946603,52.84744960743981,50.826104072209375,52.23649978637695,79531000
2002-10-09T00:00:00Z,51.40453837714248,51.8010082372615,50.55310554248911,50.76108932495117,79956400
2002-10-10T00:00:00Z,50.65710212911954,52.69144374528073,50.09164387141224,52.40546417236328,76749000
2002-10-11T00:00:00Z,53.36092415842188,55.07029679784129,53.17893884899193,54.699825286865234,82308300
2002-10-14T00:00:00Z,54.075843125461965,55.14826171852642,53.971853694174285,55.005271911621094,40631900
2002-10-15T00:00:00Z,56.539178324746096,57.66359458755895,56.44818567442916,57.65059280395508,82320300
2002-10-16T00:00:00Z,56.812142776116545,57.065622928033186,55.84371352010075,56.2531852722168,62977800
2002-10-17T00:00:00Z,57.76107930297374,58.040558103018185,57.09812728485586,57.3711051940918,68534100
2002-10-18T00:00:00Z,56.96812687408755,57.91705341866648,56.500162011834774,57.611576080322266,47448700
2002-10-21T00:00:00Z,57.27364527842889,58.82052583003194,56.916170486025386,58.606040954589844,45859100
2002-10-22T00:00:00Z,57.87806791230254,58.50201951592643,57.533590137289245,58.18354034423828,40966800
2002-10-23T00:00:00Z,57.69608210402596,58.671007489052414,56.987638704428996,58.625511169433594,54905800
2002-10-24T00:00:00Z,58.982976417089226,59.080469931837904,57.260607518949655,57.429595947265625,54987400
2002-10-25T00:00:00Z,57.332111547075364,58.74900330499623,57.15662715961045,58.625511169433594,43672100
2002-10-28T00:00:00Z,59.24293936392962,59.33393196089162,57.74805248459748,58.24201583862305,39416100
2002-10-29T00:00:00Z,57.89757713409759,58.16405419337967,56.54567924481656,57.56610107421875,59508200
2002-10-30T00:00:00Z,57.6375906985543,58.46952625879196,57.345115057720676,58.12505340576172,41688600
2002-10-31T00:00:00Z,58.2745168659971,58.69048445135263,57.31908961382198,57.5335693359375,41620600
2002-11-01T00:00:00Z,57.42312812885214,59.02850672562034,57.22814594578531,58.6710319519043,51878900
2002-11-04T00:00:00Z,59.66541643761419,60.40635909622881,59.08046040220123,59.22994613647461,49080600
2002-11-05T00:00:00Z,59.041478242353094,59.84091923050871,59.041478242353094,59.69792938232422,37270800
2002-11-06T00:00:00Z,60.107381192099005,60.49084933111563,59.00896405029678,60.471351623535156,65013100
2002-11-07T00:00:00Z,59.80843591822519,59.938428978443795,58.63852812862711,58.989501953125,51572000
2002-11-08T00:00:00Z,58.8399864221557,59.51593517476579,58.183535380694515,58.26803207397461,37905400
2002-11-11T00:00:00Z,58.177065896848944,58.209560443960484,57.06565122757535,57.364627838134766,33505100
2002-11-12T00:00:00Z,57.62457894750111,58.45001340270763,57.436092821160074,57.81956100463867,37724500
2002-11-13T00:00:00Z,57.40362010815976,58.326548501797376,56.83816146537879,57.87808609008789,63891500
2002-11-14T00:00:00Z,58.54102022114904,59.14547416647417,58.33303633451711,58.96998977661133,31896800
2002-11-15T00:00:00Z,58.495513891048745,59.502938613773935,58.463014399841036,59.40544509887695,39152100
2002-11-18T00:00:00Z,59.89292628009288,59.89292628009288,58.7230136561349,58.80751037597656,28934800
2002-11-19T00:00:00Z,58.50852557383964,59.21047310892571,58.33954206106987,58.72951126098633,32806600
2002-11-20T00:00:00Z,58.482519577180746,60.06839464984153,58.46301690638427,60.0359001159668,36688400
2002-11-21T00:00:00Z,60.18540676287864,61.21883048968779,60.07491638366144,61.153831481933594,55128200
2002-11-22T00:00:00Z,60.75735365977174,61.27081001140608,60.620859738856524,60.718353271484375,32513800
2002-11-25T00:00:00Z,60.724859051290736,61.26431901103042,60.29588945668497,60.75735855102539,33846400
2002-11-26T00:00:00Z,60.4908359650156,60.737815137670964,59.548410609546636,59.60040283203125,42284700
2002-11-27T00:00:00Z,60.13340306428311,61.517800457218534,60.074909914077274,61.27731704711914,37764000
2002-11-29T00:00:00Z,61.61528012556827,61.71276868729294,60.94582726312478,61.08232116699219,19385700
2002-12-02T00:00:00Z,62.050760879042116,62.4277332731765,60.588372587508616,61.17982482910156,49911900
2002-12-03T00:00:00Z,60.60785728621122,60.70535080978422,60.022901103499784,60.360877990722656,34407700
2002-12-04T00:00:00Z,59.64594703535649,60.53638088356453,59.424966275806995,60.087913513183594,64040800
2002-12-05T00:00:00Z,60.269875320521166,60.31537162944819,59.21045347750875,59.4249382019043,36724900
2002-12-06T00:00:00Z,58.57352737126152,59.905922614528535,58.48253471889119,59.8149299621582,49824100
2002-12-09T00:00:00Z,59.190973063052546,59.44445328095794,58.1575544760117,58.17055130004883,36789600
2002-12-10T00:00:00Z,58.508526436802036,59.210473982241375,58.33954292153987,58.95049285888672,33319900
2002-12-11T00:00:00Z,58.76850087937253,59.54844416077281,58.599517383320354,59.00248336791992,39201000
2002-12-12T00:00:00Z,59.275481098743725,59.4639673307851,58.625530626350795,58.996002197265625,34465600
2002-12-13T00:00:00Z,58.43705831251852,58.8075299402335,58.02108538438043,58.06658172607422,36862200
2002-12-16T00:00:00Z,58.37854833621194,59.658951496710294,58.27455884432616,59.56795883178711,37098400
2002-12-17T00:00:00Z,59.385942834652056,59.62642119973801,58.97647109522328,59.04796600341797,32353900
2002-12-18T00:00:00Z,58.70350385500028,58.75550106285673,58.060054523638435,58.36553192138672,35612600
2002-12-19T00:00:00Z,58.07305688417509,58.95048877583752,57.58559417117072,57.94956970214844,39264200
2002-12-20T00:00:00Z,58.26046654265146,58.79604464152752,58.19515311266077,58.776451110839844,31176900
2002-12-23T00:00:00Z,58.51518737172442,59.089957465604066,58.33230779025176,58.79603958129883,22599300
2002-12-24T00:00:00Z,58.51517068138133,58.69152235828247,58.293104105246194,58.35841751098633,10937000
2002-12-26T00:00:00Z,58.58703656665591,59.18140021929411,58.02533211938501,58.38456344604492,17485600
2002-12-27T00:00:00Z,58.103723777787586,58.31926262035837,57.0717544555664,57.071754455566406,22205700
2002-12-30T00:00:00Z,57.33951705143453,57.7836552071127,56.96722514028471,57.54852294921875,29968000
2002-12-31T00:00:00Z,57.47016439078701,57.757549471522154,56.895399212412165,57.626922607421875,34036600
2003-01-02T00:00:00Z,58.031868564442334,59.63207504810488,57.82939543124526,59.481849670410156,44516300
2003-01-03T00:00:00Z,59.37733858310281,59.68431215563441,59.109547082886124,59.66471862792969,32222600
2003-01-06T00:00:00Z,59.59288060115944,61.06245517910725,59.54716070250265,60.71628952026367,40984500
2003-01-07T00:00:00Z,60.67711535204898,60.98409401529758,60.21991128523964,60.56608200073242,38640400
2003-01-08T00:00:00Z,60.2198675832685,60.350499357454915,59.46875605984045,59.69082260131836,38702200
2003-01-09T00:00:00Z,59.9717316519071,60.86000862774585,59.70394498087635,60.618343353271484,34804900
2003-01-10T00:00:00Z,60.056595375416535,61.16041045073549,59.958627751175996,60.781585693359375,37768900
2003-01-13T00:00:00Z,61.09509828669853,61.30410419449892,60.376640790078056,60.761993408203125,31649900
2003-01-14T00:00:00Z,60.53994627146736,61.284530368791664,60.35706666624321,60.95795822143555,30733000
2003-01-15T00:00:00Z,61.09509730426096,61.114690829193755,60.03047425713078,60.35051345825195,33511800
2003-01-16T00:00:00Z,60.41584067399344,60.696692889423375,59.73003724607769,60.10232925415039,44812100
2003-01-17T00:00:00Z,59.42955727255413,60.28517910104844,58.88091883268793,59.21402359008789,35618300
2003-01-21T00:00:00Z,59.351208994933984,59.383863211636815,58.097168475902095,58.293113708496094,36826200
2003-01-22T00:00:00Z,57.97960446009409,58.65234712569781,57.47668565319023,57.58771896362305,42286500
2003-01-23T00:00:00Z,57.9665484243808,58.37802748125381,57.44403106506393,57.94042205810547,55919800
2003-01-24T00:00:00Z,57.86205809760868,57.92084368288183,56.28144989763148,56.418609619140625,68633900
2003-01-27T00:00:00Z,55.99404730708921,56.6929113125076,55.1906778511326,55.64787673950195,57884400
2003-01-28T00:00:00Z,55.92874772052606,56.431671649984395,55.60217555239316,56.05937957763672,46929100
2003-01-29T00:00:00Z,55.791543259703595,56.94107776480232,55.3669987850219,56.48387908935547,53712200
2003-01-30T00:00:00Z,56.686371182141755,56.745151753185496,55.125357343017974,55.14495086669922,49845900
2003-01-31T00:00:00Z,54.962088022162135,56.307563543110874,54.962088022162135,56.209590911865234,55317000
2003-02-03T00:00:00Z,56.26182830512789,56.69943362452706,56.11813581622818,56.320613861083984,39696000
2003-02-04T00:00:00Z,55.719714383362614,56.0070993448532,55.0600425153496,55.76543426513672,43633400
2003-02-05T00:00:00Z,56.00711174675913,56.523096231377,55.177620855724385,55.419281005859375,55270600
2003-02-06T00:00:00Z,55.1057837093125,55.445416536259955,54.635519038850404,55.15803146362305,53638000
2003-02-07T00:00:00Z,55.458459604717454,55.5107073377294,54.19135864617877,54.48527145385742,43165000
2003-02-10T00:00:00Z,54.511400956550794,54.949006267216646,53.98235587897248,54.87063217163086,45455900
2003-02-11T00:00:00Z,55.10577457942579,55.438874513235916,54.099931974939246,54.491817474365234,46861000
2003-02-12T00:00:00Z,54.31547853999111,54.61592429877929,53.616609404626736,53.62314224243164,35873600
2003-02-13T00:00:00Z,53.65577685834412,53.98888167040235,52.904660314056834,53.78640365600586,57934100
2003-02-14T00:00:00Z,53.79949730689664,54.99474757812402,53.44026595185025,54.962093353271484,59580900
2003-02-18T00:00:00Z,55.21027999659666,56.03977594468623,55.11884020464748,55.92873764038086,39492700
2003-02-19T00:00:00Z,55.72627791817009,55.82425057111402,55.047007169680576,55.63483810424805,31432000
2003-02-20T00:00:00Z,55.65440055563882,55.79156019991921,54.89675609441,55.07963562011719,29280100
2003-02-21T00:00:00Z,55.11232061061116,56.0005973599362,54.51142898109602,55.63483810424805,60955800
2003-02-24T00:00:00Z,55.47152959834782,55.51724948683675,54.596313897581695,54.73347854614258,30628600
2003-02-25T00:00:00Z,54.178295999239225,55.18413841648006,53.70150364167628,55.171077728271484,56770600
2003-02-26T00:00:00Z,54.877157832160215,55.210262674374796,54.263205847856774,54.367706298828125,37787200
2003-02-27T00:00:00Z,54.66816973454404,55.35397316522732,54.3154762375529,55.086181640625,51126000
2003-02-28T00:00:00Z,55.17106367662462,55.66745441471384,54.96859067085198,55.4519157409668,43666800
2003-03-03T00:00:00Z,55.68709149833861,56.02672438498808,54.68124855039369,54.922908782958984,42923100
2003-03-04T00:00:00Z,54.83143542940852,54.870627456927444,53.982351240593296,54.047664642333984,31440500
2003-03-05T00:00:00Z,53.95624406314146,54.56366838312836,53.792958009199765,54.5048828125,43974700
2003-03-06T00:00:00Z,54.126043714278694,54.55058331713974,53.864785124222806,54.047664642333984,41217700
2003-03-07T00:00:00Z,53.30307686318305,54.857557632504495,53.18551075571553,54.419952392578125,63538000
2003-03-10T00:00:00Z,53.94969387919962,54.11951271596348,52.96997787055886,53.113670349121094,41014100
2003-03-11T00:00:00Z,53.21819797143724,53.55783080348272,52.56505369334599,52.5911750793457,48102700
2003-03-12T00:00:00Z,52.49973604423178,52.97000072860674,51.84659175662111,52.94387435913086,62459800
2003-03-13T00:00:00Z,53.675384597621466,54.805326130765245,53.25083991812487,54.772666931152344,72117800
2003-03-14T00:00:00Z,54.99474409881688,55.367036123631685,54.43957248049237,54.94902420043945,63951800
2003-03-17T00:00:00Z,54.511398363805164,56.79086955872115,54.35464519699573,56.67983627319336,88217500
2003-03-18T00:00:00Z,56.921492076065505,57.052118863274735,56.353255087211075,57.01293182373047,50792300
2003-03-19T00:00:00Z,57.00640814051136,57.58117805592011,56.61452273288296,57.45054626464844,49630800
2003-03-20T00:00:00Z,57.03906810239911,57.86202597457572,56.398984774279484,57.57464599609375,67321600
2003-03-21T00:00:00Z,58.23303143506487,58.94126717981262,57.662503332033445,58.80355453491211,71165300
2003-03-24T00:00:00Z,57.721549566709335,57.80024468996712,56.626402034768546,56.849369049072266,65398900
2003-03-25T00:00:00Z,56.88216704101188,57.87895213506926,56.68543669576553,57.393672943115234,61040100
2003-03-26T00:00:00Z,57.41988826164602,57.6100643766489,56.92150086010707,57.10511779785156,45740800
2003-03-27T00:00:00Z,56.65917549403517,57.48545652295573,56.39030432465569,57.15100860595703,53120200
2003-03-28T00:00:00Z,56.705079709883655,57.23625786966692,56.560807863230146,56.862464904785156,32583000
2003-03-31T00:00:00Z,55.97060801440126,56.78377070464762,55.34762139746461,55.57058334350586,61119500
2003-04-01T00:00:00Z,55.90505734460008,56.65264363493562,55.682095294550464,56.42312240600586,53574000
2003-04-02T00:00:00Z,57.40677620987029,58.21337991939124,57.380544503429206,57.78712844848633,50431200
2003-04-03T00:00:00Z,58.27897494985356,58.35766508389819,57.47892523248273,57.51171112060547,48755500
2003-04-04T00:00:00Z,57.99040432453203,58.09532612251275,57.45922615238872,57.852691650390625,36250100
2003-04-07T00:00:00Z,59.24293309737988,59.57738100153095,57.68874372544865,57.741207122802734,69776200
2003-04-08T00:00:00Z,57.90515136230463,58.1346724712527,57.51824006163365,57.83301544189453,39712700
2003-04-09T00:00:00Z,57.94449274876881,58.4297666346347,56.90180405799853,57.07230758666992,55647300
2003-04-10T00:00:00Z,57.11168120946575,57.46580179090157,56.206709725698964,57.38711166381836,41812400
2003-04-11T00:00:00Z,57.81334526423697,58.167460702017785,56.96083253563169,57.15100860595703,47730100
2003-04-14T00:00:00Z,57.36088026516401,58.36421941641949,57.052663923915674,58.33142852783203,36711700
2003-04-15T00:00:00Z,58.259292114857665,58.87572479248047,57.98386666437445,58.87572479248047,49709800
2003-04-16T00:00:00Z,58.960964862401035,59.05932749725784,57.72809980487947,57.872371673583984,51788000
2003-04-17T00:00:00Z,57.90516530661176,58.8363683175524,57.8330293688304,58.731441497802734,37403100
2003-04-21T00:00:00Z,58.92818283596782,59.12491814161276,58.403558689705726,58.790470123291016,32052700
2003-04-22T00:00:00Z,58.42980550558069,60.04301841816443,58.292092757295386,59.898746490478516,59763600
2003-04-23T00:00:00Z,60.08235107198047,60.561065962487106,59.83315235888548,60.4495849609375,44227100
2003-04-24T00:00:00Z,60.02333862537141,60.38401840097427,59.649545495740874,59.91185760498047,49692400
2003-04-25T00:00:00Z,59.87253107909293,59.984012134003706,59.0331310689706,59.17084884643555,43917200
2003-04-28T00:00:00Z,59.30854106861133,60.45615212642077,59.216732584241555,60.19384002685547,46432900
2003-04-29T00:00:00Z,60.423366686515664,60.856182440306064,59.938092510631435,60.40369415283203,52017100
2003-04-30T00:00:00Z,60.27250289916992,60.70531337909862,59.944614200999744,60.27250289916992,48709100
2003-05-01T00:00:00Z,60.27906641252271,60.81024958804337,59.34786356617155,60.265953063964844,50240400
2003-05-02T00:00:00Z,60.04296648149362,61.29550349461633,59.997062271771945,61.125,50201500
2003-05-05T00:00:00Z,61.295532266616476,61.49882171892416,60.659427202470006,61.006988525390625,35437800
2003-05-06T00:00:00Z,61.013536284759425,61.892275691238616,60.98730458563071,61.58406448364258,44401000
2003-05-07T00:00:00Z,61.262756485937935,61.73491726861901,60.96765849835587,61.24308395385742,41413100
2003-05-08T00:00:00Z,60.67254837170615,61.20373169134189,60.5151631303854,60.626644134521484,40570700
2003-05-09T00:00:00Z,60.875825564831686,61.511930530300326,60.73155371659939,61.466026306152344,33608100
2003-05-12T00:00:00Z,61.31524300482683,62.37760516605854,61.170971044305226,62.22021484375,35662300
2003-05-13T00:00:00Z,61.99066343048607,62.41691992409016,61.813605657886626,62.10870361328125,39253600
2003-05-14T00:00:00Z,62.35790160016872,62.45626925976347,61.58408868609705,61.97755432128906,32195100
2003-05-15T00:00:00Z,62.22675317327124,62.5152969976272,61.807055794128445,62.37102508544922,43879200
2003-05-16T00:00:00Z,62.22678218355939,62.594016310718004,61.813643790505964,62.21366882324219,38905000
2003-05-19T00:00:00Z,61.74149855523779,61.9185564105499,60.54798281750691,60.75783157348633,41606000
2003-05-20T00:00:00Z,60.86930493332623,61.00701769297406,60.062695908887925,60.63322448730469,55404600
2003-05-21T00:00:00Z,60.403710859673126,60.90865770890238,60.27255726338186,60.75783157348633,49333800
2003-05-22T00:00:00Z,60.95452297902029,61.67588230677951,60.777465236961255,61.361106872558594,38421800
2003-05-23T00:00:00Z,61.334882897608,61.629985842470276,61.079130013972545,61.485713958740234,26155900
2003-05-27T00:00:00Z,61.18405197252823,62.84972267076402,61.03322092339446,62.56118392944336,43719200
2003-05-28T00:00:00Z,62.856267986124855,63.26285180888637,62.580842656117824,62.73822784423828,37727100
2003-05-29T00:00:00Z,62.87594446207303,63.49237690881015,62.35132546762856,62.57428741455078,50844200
2003-05-30T00:00:00Z,62.88903927588195,63.6694108012203,62.66607240922573,63.57760238647461,52529500
2003-06-02T00:00:00Z,63.958006020725264,64.5613203769739,63.39403673021843,63.8399658203125,50305500
2003-06-03T00:00:00Z,63.708791237790734,64.1612743540355,63.51205596764205,64.10225677490234,38254500
2003-06-04T00:00:00Z,64.04325750766891,65.15151850371353,63.98423490847367,65.02692413330078,49360700
2003-06-05T00:00:00Z,64.64656937665822,65.34825134277344,64.44327487959832,65.34825134277344,46262400
2003-06-06T00:00:00Z,65.8400618390234,66.4958393374137,65.00722161428398,65.09247589111328,60356800
2003-06-09T00:00:00Z,64.77116273298418,64.98757057977869,64.11538501774285,64.43016052246094,37808500
2003-06-10T00:00:00Z,64.56783466711488,65.0924585271534,64.39077699118263,65.08589935302734,29965900
2003-06-11T00:00:00Z,65.0269345193938,65.83353847945779,64.73183148265812,65.77452087402344,37610200
2003-06-12T00:00:00Z,66.0696145847694,66.16798225724528,65.32858745806791,65.9778060913086,36442000
2003-06-13T00:00:00Z,65.97780668642874,66.06961518071765,64.88921310673496,65.28923797607422,48628300
2003-06-16T00:00:00Z,65.5515189263942,66.69257038641258,65.44659712704731,66.66634368896484,36326300
2003-06-17T00:00:00Z,66.9352098648793,67.00734579082385,66.38435916114122,66.66634368896484,36801800
2003-06-18T00:00:00Z,66.42369057054132,66.98110033577113,66.23351453239293,66.60730743408203,35521000
2003-06-19T00:00:00Z,66.65327400219478,66.71229662250929,65.47287162779433,65.59091186523438,43551700
2003-06-20T00:00:00Z,66.07132787554764,66.14372439349998,65.43292495610936,65.44609069824219,41545000
2003-06-23T00:00:00Z,65.45267039589349,65.59088558589322,64.44570700845813,64.7747802734375,34237500
2003-06-24T00:00:00Z,64.64315049201888,65.21573473747517,64.51151817832941,64.84059143066406,36213600
2003-06-25T00:00:00Z,64.8471492410469,65.44606473904553,64.18900299072266,64.18900299072266,47743400
2003-06-26T00:00:00Z,64.35355962950955,65.14333838903823,63.81387973673149,65.02487182617188,33477300
2003-06-27T00:00:00Z,64.9919668126819,65.2815528792072,64.22193661352247,64.27458953857422,54208800
2003-06-30T00:00:00Z,64.64316140931139,64.93932537792664,64.14955144744586,64.25485229492188,33349000
2003-07-01T00:00:00Z,64.004733798164,65.05776697465335,63.465053981384564,64.84716033935547,51322800
2003-07-02T00:00:00Z,65.00516035823551,65.67647293848215,64.87353300039908,65.6633071899414,34662100
2003-07-03T00:00:00Z,65.2025716237502,65.71592507515028,64.43254144665009,64.98538208007812,30792800
2003-07-07T00:00:00Z,65.58430919543389,66.40699243917676,65.58430919543389,66.27536010742188,31391100
2003-07-08T00:00:00Z,66.14373688568195,66.66367333041914,65.92654729080559,66.571533203125,30952500
2003-07-09T00:00:00Z,66.42015568522376,66.7360682721779,65.83440559512522,66.1963882446289,36528500
2003-07-10T00:00:00Z,65.7093682100959,65.8410005710503,64.91301125605104,65.35397338867188,49777700
2003-07-11T00:00:00Z,65.41318689590504,66.11082065015897,65.41318689590504,65.97261047363281,39976300
2003-07-14T00:00:00Z,66.6044143148102,67.06511981201515,66.11080451004256,66.29508972167969,42114900
2003-07-15T00:00:00Z,66.72289094808069,66.77554387364515,65.78174124396834,66.15030670166016,42573600
2003-07-16T00:00:00Z,66.34776645089408,66.38725866689353,65.30789849310959,65.76201629638672,39894200
2003-07-17T00:00:00Z,65.2552346372256,65.73567883038378,64.60367092672206,64.82743835449219,52253500
2003-07-18T00:00:00Z,65.16968437058577,65.68304301716992,64.8011238234328,65.49217987060547,35698100
2003-07-21T00:00:00Z,65.45264714895649,65.47897360335557,64.39961407928209,64.6826171875,34786000
2003-07-22T00:00:00Z,64.95249451939803,65.42636091097549,64.44571878680419,65.26840209960938,49968300
2003-07-23T00:00:00Z,65.2947247888262,65.45267856978928,64.68264823867652,65.31446838378906,37275400
2003-07-24T00:00:00Z,65.80807404069684,66.03842433563806,64.7418798123232,64.82085418701172,40896200
2003-07-25T00:00:00Z,64.93273649570897,66.00551348958987,64.52468385557016,65.96602630615234,43241100
2003-07-28T00:00:00Z,66.05819042468302,66.45966033974834,65.59748469167205,65.7225341796875,34382800
2003-07-29T00:00:00Z,65.90679633718595,65.9857757323037,64.94590295892253,65.41976928710938,53472100
2003-07-30T00:00:00Z,65.55140667900031,65.65012968277539,65.11044961956691,65.26182556152344,28363300
2003-07-31T00:00:00Z,65.80150186937475,66.41357843233577,65.2683996879182,65.41319274902344,54937200
2003-08-01T00:00:00Z,65.28155472565777,65.50532213156787,64.6563125208171,64.83401489257812,49321000
2003-08-04T00:00:00Z,64.70238257622562,65.15650528043774,63.840212244469306,64.83401489257812,55214100
2003-08-05T00:00:00Z,64.76820370009614,64.99855398587025,63.40583553581863,63.45848846435547,61415600
2003-08-06T00:00:00Z,63.63620518583742,64.53786293927239,63.45850276728811,63.82706832885742,50096900
2003-08-07T00:00:00Z,63.95210442215213,64.54443737108389,63.68226692507552,64.49836730957031,43427400
2003-08-08T00:00:00Z,64.70894364189908,64.86031949937934,64.34038332282748,64.6826171875,27357300
2003-08-11T00:00:00Z,64.66950114737351,65.18285480965773,64.3930756958456,64.92617797851562,34631400
2003-08-12T00:00:00Z,64.96565548244058,65.54482272913584,64.77479235061521,65.51850128173828,43285600
2003-08-13T00:00:00Z,65.69620735226547,65.71595095105357,64.84719745554945,65.18285369873047,36152000
2003-08-14T00:00:00Z,65.22229403691081,65.65009011459072,64.7944979592309,65.36050415039062,35525100
2003-08-15T00:00:00Z,65.39346325910284,65.67646657014535,65.23550944076278,65.56458282470703,12567000
2003-08-18T00:00:00Z,65.76859442421141,66.20955147118188,65.64354495487993,66.13057708740234,22873800
2003-08-19T00:00:00Z,66.26875445345321,66.4332910331698,65.81463188663291,66.3806381225586,37437700
2003-08-20T00:00:00Z,66.00554659075058,66.40043368693614,65.91998930997663,66.11084747314453,21295300
2003-08-21T00:00:00Z,66.50568104318806,66.81500556502803,66.07788497339926,66.32139587402344,46494200
2003-08-22T00:00:00Z,66.96644012607427,67.01251020344321,65.63698573538359,65.6633071899414,52040300
2003-08-25T00:00:00Z,65.6238149978922,66.36094120101816,65.3408116809231,65.76860809326172,23473000
2003-08-26T00:00:00Z,65.48559221126541,66.07134233286132,65.0446351572569,65.8870620727539,45065800
2003-08-27T00:00:00Z,65.8475609107974,66.05158472388155,65.53164837387602,65.90679168701172,18919500
2003-08-28T00:00:00Z,66.07790908428477,66.47279597692555,65.5908820840698,66.3148422241211,27402400
2003-08-29T00:00:00Z,66.21612727467799,66.78871660225491,66.13057002763036,66.76239013671875,28706600
2003-09-02T00:00:00Z,66.89401071376271,67.71011097824668,66.50570668400142,67.65746307373047,49419100
2003-09-03T00:00:00Z,67.80882670570315,68.2497836140738,67.64429009619839,68.02601623535156,44912400
2003-09-04T00:00:00Z,67.85490062149307,68.15106954823094,67.63113323002186,68.05892944335938,28381000
2003-09-05T00:00:00Z,67.74959682821851,68.15106656239507,67.39419714445933,67.67720031738281,31637300
2003-09-08T00:00:00Z,67.81541991791455,68.36826059995475,67.74302339699125,68.23663330078125,32632800
2003-09-09T00:00:00Z,68.03260138606623,68.09183215726905,67.57847872180852,67.7890853881836,35053200
2003-09-10T00:00:00Z,67.47978056535625,67.65748298683576,66.83479960918095,67.1046371459961,45904900
2003-09-11T00:00:00Z,67.1968028420485,67.6311822408791,67.02568322845498,67.30210876464844,38396300
2003-09-12T00:00:00Z,67.07170647443387,67.55215056633507,66.70314105157857,67.4271011352539,42524800
2003-09-15T00:00:00Z,67.47318113077972,67.54557765194416,67.09803780350022,67.19017791748047,21312800
2003-09-16T00:00:00Z,67.28233281845836,68.21031696431226,67.24284060583497,68.17082977294922,37892600
2003-09-17T00:00:00Z,68.10498796493862,68.30901173100253,67.82198482753145,68.03916931152344,31885800
2003-09-18T00:00:00Z,68.05234358216003,68.90793094997801,67.9009676900893,68.84211730957031,30243600
2003-09-19T00:00:00Z,68.88836902525632,69.10639231717725,68.31358676178179,68.4919662475586,34331600
2003-09-22T00:00:00Z,67.95022067582936,68.02289511295874,67.4084689884782,67.75202178955078,36677400
2003-09-23T00:00:00Z,67.77841170042312,68.24088562720812,67.62645979802576,68.00965118408203,32489200
2003-09-24T00:00:00Z,68.12858243030105,68.19464870362927,66.77420114467138,66.80062866210938,41694700
2003-09-25T00:00:00Z,66.99885254765319,67.30936462915696,66.19943376768573,66.25228881835938,52673100
2003-09-26T00:00:00Z,66.35798167288542,66.5033305041934,65.96818207614727,66.03424835205078,42914700
2003-09-29T00:00:00Z,66.2654872190206,66.72134804659166,65.92854266257214,66.68170928955078,36771600
2003-09-30T00:00:00Z,66.38440919135357,66.56939678009692,65.5717793801924,66.03424835205078,70764500
2003-10-01T00:00:00Z,66.22590187142646,67.50760991265672,66.19947432989676,67.44154357910156,65797600
2003-10-02T00:00:00Z,67.34240346841729,67.7586256708763,67.14419953932139,67.68595123291016,44591500
2003-10-03T00:00:00Z,68.49197923912688,68.89499023438096,68.10218452860599,68.30699157714844,48806900
2003-10-06T00:00:00Z,68.36643877052424,68.7033783442952,68.18144611132297,68.61749267578125,20226500
2003-10-07T00:00:00Z,68.22109428367625,68.91479789809193,67.9898597455377,68.88176727294922,42602900
2003-10-08T00:00:00Z,68.92805302109403,68.96769180981545,68.32023473818957,68.71002960205078,30920800
2003-10-09T00:00:00Z,69.29135349307586,69.51598484036012,68.59765015704994,68.89495086669922,40066500
2003-10-10T00:00:00Z,68.88836683692605,69.10639012192118,68.65052921029047,69.0865707397461,22682800
2003-10-13T00:00:00Z,69.17906646929508,69.56225800375852,69.04693389077273,69.30459594726562,23825600
2003-10-14T00:00:00Z,69.23852968434778,69.65475184333278,68.94783196284632,69.54904174804688,38484400
2003-10-15T00:00:00Z,69.93886217952499,69.95868156813921,69.13284010563824,69.36407470703125,39021700
2003-10-16T00:00:00Z,69.15925461561068,69.85296332971065,69.13943523072817,69.64154815673828,32772200
2003-10-17T00:00:00Z,69.68118098510531,69.78688604231085,68.69677964243837,68.88176727294922,32790300
2003-10-20T00:00:00Z,69.0073177827394,69.3971176147461,68.67037806010717,69.3971176147461,27657000
2003-10-21T00:00:00Z,69.2517478275487,69.55565682098076,68.92141130766142,69.2781753540039,26729100
2003-10-22T00:00:00Z,68.72981050784598,68.83552060595595,68.1748476143734,68.40608215332031,33914500
2003-10-23T00:00:00Z,67.97665433568162,68.67696620335224,67.94361866472008,68.28056335449219,45830500
2003-10-24T00:00:00Z,67.93703592384172,68.43254089355469,67.50759727531637,68.43254089355469,51723600
2003-10-27T00:00:00Z,68.53825064226565,68.82894852382829,68.22773336705785,68.465576171875,32460200
2003-10-28T00:00:00Z,68.696805594526,69.46979207426367,68.5910954568507,69.3971176147461,34956200
2003-10-29T00:00:00Z,69.21873792743841,69.65478471547391,68.62413600271678,69.48961639404297,30955400
2003-10-30T00:00:00Z,69.89258787438709,70.0115092000137,69.23852310370789,69.63492584228516,39123100
2003-10-31T00:00:00Z,69.63496738443209,69.85959388876877,69.51604598786051,69.56890106201172,25761600
2003-11-03T00:00:00Z,69.86618960215503,70.43436894684336,69.83976206978157,70.02474975585938,37589300
2003-11-04T00:00:00Z,70.02472417175687,70.20971179024794,69.7538508848334,69.87277221679688,31421600
2003-11-05T00:00:00Z,69.6943865135328,70.01151174022137,69.30459190127374,69.92562103271484,33558800
2003-11-06T00:00:00Z,69.76707567397537,70.32204367775223,69.43673913665491,70.29561614990234,28392300
2003-11-07T00:00:00Z,70.45418178360555,70.50703684343684,69.74726174010388,69.77368927001953,31723200
2003-11-10T00:00:00Z,69.85959182107636,69.9256581415413,69.37730314519885,69.48961639404297,25530800
2003-11-11T00:00:00Z,69.43010565311064,69.58867076233503,69.23851496706516,69.4697494506836,26558600
2003-11-12T00:00:00Z,69.52261986140361,70.34185294476093,69.47637295445284,70.24935913085938,28000000
2003-11-13T00:00:00Z,70.03793054864974,70.38808635420818,69.88597357464486,70.2691650390625,29714800
2003-11-14T00:00:00Z,70.29561775234943,70.65898492736387,69.5622702195379,69.6745834350586,49158500
2003-11-17T00:00:00Z,69.31116773257652,69.46311961412043,68.73638073237429,69.32437896728516,44382100
2003-11-18T00:00:00Z,69.52922945983825,69.66797019365654,68.51179237130212,68.60428619384766,41155000
2003-11-19T00:00:00Z,68.72984091345,69.37730294946896,68.65716644898245,69.18570709228516,29827000
2003-11-20T00:00:00Z,68.7100233101604,69.52925679212342,68.5448549848956,68.5646743774414,53578700
2003-11-21T00:00:00Z,68.86854374634223,68.92800693020014,68.45892976202165,68.84872436523438,30016000
2003-11-24T00:00:00Z,69.1658809233016,69.88601231269166,69.15927277976009,69.76048278808594,28906400
2003-11-25T00:00:00Z,69.8529783562365,70.30883942820354,69.66798562962231,70.02474975585938,37580000
2003-11-26T00:00:00Z,70.30882561148367,70.32864499673487,69.62833316833724,70.27579498291016,33053600
2003-11-28T00:00:00Z,70.21632297341691,70.46738192984809,70.16346792569088,70.3286361694336,10507500
2003-12-01T00:00:00Z,70.59291228049034,71.14127210537589,70.55988165329597,71.08841705322266,38699000
2003-12-02T00:00:00Z,70.94304953941383,71.2007115502898,70.73824256680317,70.91001892089844,35352000
2003-12-03T00:00:00Z,71.12144256065302,71.40553212472304,70.73825104808706,70.79771423339844,39078600
2003-12-04T00:00:00Z,70.80432744856806,71.1676996314525,70.65237547429652,71.08841705322266,36089500
2003-12-05T00:00:00Z,70.77128000631218,71.22053776180181,70.44094356964433,70.5928955078125,28824400
2003-12-08T00:00:00Z,70.52021336351895,71.114819892493,70.48057460843184,71.06857299804688,32482900
2003-12-09T00:00:00Z,71.28661623794838,71.30643562105405,70.38810057323586,70.52023315429688,43596100
2003-12-10T00:00:00Z,70.54007147769526,70.67881727775845,70.0049278280146,70.5136489868164,36915400
2003-12-11T00:00:00Z,70.48059340984152,71.41874782774414,70.47398526871972,71.30643463134766,45304000
2003-12-12T00:00:00Z,71.3328848269891,71.48483683734156,70.94969316869232,71.44519805908203,34142200
2003-12-15T00:00:00Z,72.12567350918756,72.16531731857009,71.00913951552802,71.08841705322266,38693400
2003-12-16T00:00:00Z,71.14127164130561,71.68302332100423,71.03556153768871,71.4583969116211,32894200
2003-12-17T00:00:00Z,71.39234660356414,71.68304443359375,71.22057519539814,71.68304443359375,23198800
2003-12-18T00:00:00Z,71.71606551778088,72.49565996105913,71.6103554045398,72.48905181884766,29353100
2003-12-19T00:00:00Z,72.552796237154,72.59926168503546,72.07486302217103,72.28727722167969,41465100
2003-12-22T00:00:00Z,72.21423711657938,72.79174041748047,72.20759775054076,72.79174041748047,27611300
2003-12-23T00:00:00Z,72.67226234720529,72.98424167239519,72.60587881077704,72.83821105957031,24741200
2003-12-24T00:00:00Z,72.69880659090838,72.93777313169318,72.63906748788845,72.76519012451172,8055800
2003-12-26T00:00:00Z,72.8249300767575,73.07053598663721,72.77182527499659,72.81829071044922,8308400
2003-12-29T00:00:00Z,73.08379634586026,73.86043493886012,72.87138224185128,73.78742218017578,22483700
2003-12-30T00:00:00Z,73.74098366114528,73.86046696297738,73.58167428015376,73.80072784423828,19559500
2003-12-31T00:00:00Z,73.82723174729928,74.02636707661827,73.57498657340442,73.86705780029297,31501800
2004-01-02T00:00:00Z,74.17238617908237,74.47109670309293,73.50195746929198,73.83385467529297,38072300
2004-01-05T00:00:00Z,74.13923130892456,74.69017705838169,74.07284778776081,74.63707733154297,27959800
2004-01-06T00:00:00Z,74.45124153807357,74.82960444437154,74.34503191872861,74.71012115478516,20472800
2004-01-07T00:00:00Z,74.60391431466485,75.0486557174447,74.27201683837775,74.96236419677734,30170400
2004-01-08T00:00:00Z,75.1747406271594,75.2809501971238,74.85611698161725,75.26103210449219,36438400
2004-01-09T00:00:00Z,74.89596076777366,75.34070202241747,74.52423227438834,74.60388946533203,54084300
2004-01-12T00:00:00Z,74.71011248619213,75.17476685602911,74.58398984394232,75.15485382080078,31564100
2004-01-13T00:00:00Z,75.0685462489329,75.16148217363487,74.18570307560896,74.71673583984375,54239700
2004-01-14T00:00:00Z,74.84949916321322,75.4469154649332,74.78975500086514,75.34070587158203,30112800
2004-01-15T00:00:00Z,75.38719210846054,75.71245021524922,74.73003652737833,75.5265884399414,38408700
2004-01-16T00:00:00Z,75.69917945834415,75.87840187304558,75.42702108805804,75.82530212402344,31922700
2004-01-20T00:00:00Z,76.02439706811747,76.10405424573604,75.55310349533079,75.80534362792969,29863000
2004-01-21T00:00:00Z,75.75890443981034,76.5355482635514,75.48675118465712,76.40278625488281,30725000
2004-01-22T00:00:00Z,76.42930864021666,76.58861792369997,76.05758529063866,76.20362091064453,29888500
2004-01-23T00:00:00Z,76.33637048974472,76.58197628753003,75.63938421170693,75.9580078125,44245300
2004-01-26T00:00:00Z,75.93150638476247,76.95375124859527,75.92486701702842,76.91392517089844,30460600
2004-01-27T00:00:00Z,76.83423779933881,77.33208383259587,76.1040646300988,76.12397766113281,35322800
2004-01-28T00:00:00Z,76.32312744008843,76.52226283914906,74.96898545619622,75.2544174194336,52621300
2004-01-29T00:00:00Z,75.3805151868329,75.5730162337427,74.71672056894434,75.3274154663086,60117100
2004-01-30T00:00:00Z,75.35396279439523,75.48672475658356,75.06853090612911,75.3274154663086,30984400
2004-02-02T00:00:00Z,75.4734672688416,76.12398840576435,75.08847013102249,75.65269470214844,38832400
2004-02-03T00:00:00Z,75.5000360342755,75.76555502658104,75.3009005883115,75.5265884399414,25093500
2004-02-04T00:00:00Z,75.13496419329152,75.49341413213214,74.86944515737021,74.90927124023438,39332600
2004-02-05T00:00:00Z,75.12164127495774,75.3672471249993,74.86276175988621,75.12828063964844,37226800
2004-02-06T00:00:00Z,75.28759807634505,76.13725453190565,75.14156242347958,75.97130584716797,37216000
2004-02-09T00:00:00Z,76.11734375666936,76.25010574700663,75.86510357155667,75.99122619628906,24851300
2004-02-10T00:00:00Z,75.85849919823944,76.42936335913981,75.84522552525884,76.23686218261719,27908100
2004-02-11T00:00:00Z,76.23681582125373,77.25906020716093,75.78543524909148,77.04664611816406,42965700
2004-02-12T00:00:00Z,76.98026687000656,77.17940222768718,76.72138735997585,76.76785278320312,27814700
2004-02-13T00:00:00Z,76.88068066441097,77.13292075740318,76.17042073464451,76.42266082763672,44739900
2004-02-17T00:00:00Z,76.90063820259878,77.28564046029622,76.84753339511917,77.11305236816406,23984300
2004-02-18T00:00:00Z,77.13293500477737,77.39845387317433,76.56871057465328,76.77449035644531,28618000
2004-02-19T00:00:00Z,77.21921714306102,77.25904319336773,76.37619527300035,76.48904418945312,51146200
2004-02-20T00:00:00Z,76.65503298331654,76.70813272343155,75.88502851159063,76.25675201416016,46728800
2004-02-23T00:00:00Z,76.48241810137168,76.50897049430161,75.7854317139264,76.06422424316406,36357000
2004-02-24T00:00:00Z,75.85183845800071,76.32977158031389,75.02873422754635,75.9314956665039,43953000
2004-02-25T00:00:00Z,75.97794092363347,76.3762167316509,75.88501007057447,76.2500991821289,31213600
2004-02-26T00:00:00Z,76.07753155729166,76.52891227800083,75.89830410375917,76.29658508300781,29683000
2004-02-27T00:00:00Z,76.4624964452796,76.82758041208274,76.09076805055477,76.34964752197266,39312000
2004-03-01T00:00:00Z,76.6218271469465,77.22587772772049,76.50234389100686,77.10639953613281,33130800
2004-03-02T00:00:00Z,76.96037431135166,77.64408217684858,76.48908058915818,76.655029296875,38556400
2004-03-03T00:00:00Z,76.50235461680907,76.91390923704694,76.28330110614927,76.79442596435547,31346200
2004-03-04T00:00:00Z,76.81431558061088,77.0665557174576,76.6815536156775,76.99353790283203,21060000
2004-03-05T00:00:00Z,76.61521410255462,77.63081959477526,76.52228321204774,77.25245666503906,55905600
2004-03-08T00:00:00Z,77.22586447400425,77.41173122361849,76.27664301917484,76.30982971191406,39281600
2004-03-09T00:00:00Z,76.40276952346076,76.47578734615014,75.83190567208113,76.0044937133789,39746100
2004-03-10T00:00:00Z,76.15052351123465,76.18371020532129,74.7167246278179,74.7300033569336,67671800
2004-03-11T00:00:00Z,74.6105437620245,75.18804205279385,73.74760841267214,73.7608871459961,89134800
2004-03-12T00:00:00Z,74.16577891394788,74.8162948387804,74.06620870298539,74.7300033569336,54012200
2004-03-15T00:00:00Z,74.52426344792921,74.57736826410546,73.6148675265928,73.81400299072266,57677200
2004-03-16T00:00:00Z,74.19896518870233,74.38482688046123,73.57499659692493,74.20560455322266,59832600
2004-03-17T00:00:00Z,74.46454375805426,75.18144377043231,74.41143892802137,75.03540802001953,41607300
2004-03-18T00:00:00Z,74.8096766780324,75.18803953545076,74.29855687793673,75.05528259277344,60014300
2004-03-19T00:00:00Z,74.87877620896735,74.98535308591497,73.96618724246093,73.97950744628906,48636200
2004-03-22T00:00:00Z,73.63312372490019,73.65310657101261,72.67390645464477,73.04027557373047,62752100
2004-03-23T00:00:00Z,73.43994083908424,73.53986014236152,72.84709274364114,72.91370391845703,54080200
2004-03-24T00:00:00Z,72.99361564996464,73.36664216825154,72.50734458253622,72.9736328125,51584300
2004-03-25T00:00:00Z,73.32670606908636,74.13937566779985,73.13353009217026,73.93953704833984,49873600
2004-03-26T00:00:00Z,73.91288247536087,74.46576485008383,73.80630561829392,73.95951080322266,37409500
2004-03-29T00:00:00Z,74.35918085551701,75.09857652124914,74.32587781202575,74.9986572265625,44113600
2004-03-30T00:00:00Z,74.805477279891,75.31838880992852,74.75218631824647,75.25177764892578,39059900
2004-03-31T00:00:00Z,75.26510509745786,75.53821749061156,74.85877036946735,75.33837890625,48517600
2004-04-01T00:00:00Z,75.31839778276476,75.85129729848379,75.30507758181969,75.79134368896484,45103800
2004-04-02T00:00:00Z,76.4774362547883,76.49741909408962,75.87126810685727,76.36419677734375,50987700
2004-04-05T00:00:00Z,76.24430978572208,76.8571406957031,76.23098958424711,76.78386688232422,30251800
2004-04-06T00:00:00Z,76.49077859191775,76.72392023926261,76.35089360351083,76.53740692138672,28420900
2004-04-07T00:00:00Z,76.57068742736507,76.5906753473453,76.01114763844525,76.35752868652344,45890500
2004-04-08T00:00:00Z,76.87710091676676,76.87710091676676,75.76467391549541,76.18433380126953,46929700
2004-04-12T00:00:00Z,76.32420970191463,76.65727048251425,76.31754706331347,76.48407745361328,23085200
2004-04-13T00:00:00Z,76.77720339289795,76.80384887589659,75.28508683761112,75.41165161132812,56210300
2004-04-14T00:00:00Z,75.01196579889721,75.69807034366906,74.97200012276845,75.53153991699219,62322300
2004-04-15T00:00:00Z,75.57150011836228,75.79132148535612,74.84542995006166,75.24510192871094,61602500
2004-04-16T00:00:00Z,75.5249033341802,75.97120889405647,75.25845862525397,75.82466125488281,47059200
2004-04-19T00:00:00Z,75.63814792579161,75.93123812203189,75.45162951459336,75.82466125488281,28277600
2004-04-20T00:00:00Z,75.99117847647456,76.1510462903504,74.45909625700368,74.55235290527344,53299400
2004-04-21T00:00:00Z,74.7388628632883,75.23845420617687,74.51904653481785,75.05194091796875,50177300
2004-04-22T00:00:00Z,74.92538253990811,76.38418583074458,74.89873705797012,76.10441589355469,62071500
2004-04-23T00:00:00Z,76.21763137971824,76.31755063499521,75.79797660608027,76.17766571044922,29395700
2004-04-26T00:00:00Z,76.27093687631202,76.56403205914101,75.67142631239155,76.07109832763672,35515200
2004-04-27T00:00:00Z,76.0911051308246,76.68395320168126,75.91124937596307,76.13773345947266,43485500
2004-04-28T00:00:00Z,75.86462864167831,75.94456510540837,74.9387195357606,75.1518783569336,50165800
2004-04-29T00:00:00Z,75.08526449082042,75.48493663095162,74.04611591005788,74.49241638183594,69687600
2004-04-30T00:00:00Z,74.71890219852564,74.85878720619819,73.87292950961812,73.91289520263672,48681400
2004-05-03T00:00:00Z,74.18599975332917,74.79883069749052,74.17267446900436,74.70557403564453,33758000
2004-05-04T00:00:00Z,74.77216412008555,75.44494848972352,74.3791547391768,74.64559936523438,51185100
2004-05-05T00:00:00Z,74.87874421234172,75.24510810529995,74.71221378405924,75.12520599365234,34405000
2004-05-06T00:00:00Z,74.61893459977361,74.99862368408508,73.93949284757042,74.47904968261719,54997000
2004-05-07T00:00:00Z,74.0860570218481,74.75884136850958,73.24674224853516,73.24674224853516,60950000
2004-05-10T00:00:00Z,72.90039919042056,73.10689540081346,72.1809861526474,72.49406433105469,75279400
2004-05-11T00:00:00Z,72.91369661350643,73.30671114512721,72.82710260313199,73.10687255859375,48300600
2004-05-12T00:00:00Z,72.98693500702534,73.63307369689831,71.98109008519928,73.5731201171875,90830500
2004-05-13T00:00:00Z,73.11353371619407,73.81295859065357,73.0269346254708,73.26673889160156,57393700
2004-05-14T00:00:00Z,73.24008759590275,73.76632441136445,72.78712458272723,73.30004119873047,54123100
2004-05-17T00:00:00Z,72.53404226209703,72.94037718999815,72.214306468341,72.6739273071289,55020400
2004-05-18T00:00:00Z,72.93369361832104,73.23345155632954,72.82711674501897,73.04027557373047,30193100
2004-05-19T00:00:00Z,73.60647980479585,74.05944296072505,72.7072161358194,72.78714752197266,54804100
2004-05-20T00:00:00Z,72.90703435391192,73.18680939294536,72.63392703846591,73.02027893066406,38082900
2004-05-21T00:00:00Z,73.25340197658997,73.63975377076827,72.92034113652699,73.14682006835938,47480400
2004-05-24T00:00:00Z,73.62643251019415,73.77964274111258,73.0602300676011,73.45323944091797,40961500
2004-05-25T00:00:00Z,73.20680906255775,74.59234404692202,73.00697042904284,74.50574493408203,48668000
2004-05-26T00:00:00Z,74.3791865414498,74.79884158081711,74.27926722290302,74.76553344726562,35977000
2004-05-27T00:00:00Z,74.96537443158738,75.29177280575954,74.64563361864785,75.18519592285156,45306900
2004-05-28T00:00:00Z,75.09191094149149,75.19182514340018,74.84544405186963,75.17850494384766,23367200
2004-06-01T00:00:00Z,74.9120523241068,75.17850204383207,74.51904292614392,75.07858276367188,41044700
2004-06-02T00:00:00Z,75.29174150174674,75.59149934214258,74.91205230292991,75.35835266113281,39774200
2004-06-03T00:00:00Z,75.14518919844147,75.39831870321294,74.6522605513105,74.66558074951172,38688300
2004-06-04T00:00:00Z,75.25843048095703,75.65810247698863,75.07857477937446,75.25843048095703,32739500
2004-06-07T00:00:00Z,75.55823246387732,76.47747916221758,75.55156981967029,76.40420532226562,31643800
2004-06-08T00:00:00Z,76.18438194756673,76.55074603185885,76.05115448609942,76.51078033447266,32846500
2004-06-09T00:00:00Z,76.27759732898359,76.40415699621671,75.75136057586194,75.79798889160156,36737600
2004-06-10T00:00:00Z,75.96453200189265,76.17102813720703,75.8912581960509,76.17102813720703,21711000
2004-06-14T00:00:00Z,75.81799948162077,75.8379823268086,75.1851856675065,75.41832733154297,34633000
2004-06-15T00:00:00Z,75.87124816819488,76.23761198401989,75.61146116133749,75.95117950439453,37445000
2004-06-16T00:00:00Z,75.93785858154297,76.07108086200222,75.73802007874984,75.93785858154297,26633400
2004-06-17T00:00:00Z,75.8379814574863,75.98452909665995,75.49160028661795,75.82466125488281,28402400
2004-06-18T00:00:00Z,75.72704040277156,76.36216918502281,75.66687304585868,75.96772003173828,31799800
2004-06-21T00:00:00Z,76.04795853033056,76.30869398009617,75.63345353551068,75.68025207519531,25284000
2004-06-22T00:00:00Z,75.63341333353831,76.13482817820667,75.32587950755374,76.06128692626953,37334000
2004-06-23T00:00:00Z,75.95433378646409,76.77665141293645,75.8273070390186,76.71648406982422,35580000
2004-06-24T00:00:00Z,76.58947530172671,76.83684189412229,76.38891234361411,76.47582244873047,35272100
2004-06-25T00:00:00Z,76.48921948502837,76.84355207535117,76.0011731149032,76.10813903808594,32837900
2004-06-28T00:00:00Z,76.56270272415898,76.62287515860925,75.82061343741378,75.84735107421875,40824500
2004-06-29T00:00:00Z,75.90086280096457,76.32873654701154,75.82732152267612,76.1615982055664,28418100
2004-06-30T00:00:00Z,76.2618783110709,76.74323752579856,75.98108713603214,76.56941223144531,52230600
2004-07-01T00:00:00Z,76.38222728731864,76.48251131920597,75.26574431392882,75.50642395019531,57734700
2004-07-02T00:00:00Z,75.65350018852638,75.74041028854131,75.27910684084188,75.46630096435547,34615100
2004-07-06T00:00:00Z,75.12534359001963,75.17882398281165,74.63061042659854,74.80443572998047,38698200
2004-07-07T00:00:00Z,74.75095322165356,75.25905522839896,74.71084165029336,75.02506256103516,29839800
2004-07-08T00:00:00Z,74.7509549414466,75.09191860782559,74.34313695437662,74.50359344482422,45291100
2004-07-09T00:00:00Z,74.69079991407101,74.83788250426834,74.46348906540464,74.6974868774414,27412900
2004-07-12T00:00:00Z,74.55705546582256,74.90470600878682,74.20941002351475,74.73088073730469,35691300
2004-07-13T00:00:00Z,74.82450488747398,74.89135921590524,74.61056797609893,74.78439331054688,26752000
2004-07-14T00:00:00Z,74.38323244813162,75.13869574808574,74.28963540568266,74.55705261230469,54089400
2004-07-15T00:00:00Z,74.70415079944071,74.81780874680744,74.00885469499805,74.07571411132812,38403500
2004-07-16T00:00:00Z,74.59048967946265,74.6573439877202,73.83502630490459,74.01553344726562,40871200
2004-07-19T00:00:00Z,74.0422881207958,74.18268372095497,73.53418611498816,73.70132446289062,39592800
2004-07-20T00:00:00Z,73.89518882054745,74.81110859582488,73.7079947294032,74.63728332519531,46679800
2004-07-21T00:00:00Z,74.75765988479989,74.91811131318237,73.17318608996388,73.26010131835938,56241100
2004-07-22T00:00:00Z,73.11297167749333,73.80158059444918,72.71852267320496,73.46061706542969,72477100
2004-07-23T00:00:00Z,73.28684411761945,73.34701149055225,72.66508909401925,72.84559631347656,49610500
2004-07-26T00:00:00Z,72.99935007560356,73.15980146934824,72.34416547510452,72.70518493652344,49679100
2004-07-27T00:00:00Z,72.90574608418135,73.61441101489216,72.85226059112387,73.38710021972656,51295100
2004-07-28T00:00:00Z,73.2400029736679,73.78821637772374,72.59818743172625,73.60770416259766,65862300
2004-07-29T00:00:00Z,73.90186499819326,74.1224887594179,73.54084568909538,73.92192077636719,52200500
2004-07-30T00:00:00Z,73.75479443419698,74.14255654387095,73.60771190289606,74.1024398803711,41581700
2004-08-02T00:00:00Z,73.66789286398416,74.45009903379301,73.57429580609201,74.25621795654297,38263100
2004-08-03T00:00:00Z,74.16264906808004,74.24955919751778,73.64786505414122,73.68128967285156,40948800
2004-08-04T00:00:00Z,73.46734111896447,74.04229751676355,73.30020274985213,73.67459106445312,40763200
2004-08-05T00:00:00Z,73.73477248086895,73.79493985273758,72.3842914381281,72.47120666503906,50772000
2004-08-06T00:00:00Z,71.95637666827827,72.17700044104194,71.28114163137994,71.43490600585938,74729000
2004-08-09T00:00:00Z,71.54855558623682,71.8560945225997,71.44827669465732,71.53518676757812,37476300
2004-08-10T00:00:00Z,71.74248023776946,72.47789322759647,71.7090556204693,72.45783233642578,55870600
2004-08-11T00:00:00Z,71.98983733169482,72.42439810417585,71.60207509774816,72.31074523925781,52933200
2004-08-12T00:00:00Z,71.98980524511748,72.17031235596536,71.28782237932444,71.52182006835938,50015900
2004-08-13T00:00:00Z,71.6020666176275,71.76920496412087,71.26110296259691,71.66223907470703,41634700
2004-08-16T00:00:00Z,71.6288030845334,72.6316330755627,71.60206033936043,72.40432739257812,45731900
2004-08-17T00:00:00Z,72.70519329806994,73.05952583780807,72.55811071161448,72.81216430664062,40701600
2004-08-18T00:00:00Z,72.55139625293606,73.65451013263629,72.53134047159439,73.5609130859375,43165400
2004-08-19T00:00:00Z,73.41383153947409,73.55422711140454,72.99264482368277,73.34697723388672,39881600
2004-08-20T00:00:00Z,73.28012742420874,73.96204954408793,73.2132731145197,73.86177062988281,44870900
2004-08-23T00:00:00Z,73.90858886173697,74.05566634200291,73.57431212351231,73.67459106445312,33745100
2004-08-24T00:00:00Z,73.96872998946763,74.02890243334708,73.44057231833209,73.77484893798828,30453100
2004-08-25T00:00:00Z,73.7614918032288,74.38992847929676,73.47401366075421,74.27627563476562,38551400
2004-08-26T00:00:00Z,74.1826785744862,74.41667122518477,74.10913729845848,74.27627563476562,26629500
2004-08-27T00:00:00Z,74.34313843903948,74.63061661434367,74.24285950632925,74.5102767944336,24902900
2004-08-30T00:00:00Z,74.3565137679224,74.43673691560544,73.84172476721932,73.89521026611328,26726500
2004-08-31T00:00:00Z,73.98211203391378,74.3163886902738,73.60771871034382,74.282958984375,44125300
2004-09-01T00:00:00Z,74.17600374689161,74.63730726277174,73.86178790778541,74.42337036132812,52778300
2004-09-02T00:00:00Z,74.36988281347715,75.3459702182341,74.36988281347715,75.2657470703125,42736600
2004-09-03T00:00:00Z,75.09857884225534,75.42616846751126,74.88464203179042,74.95818328857422,30480500
2004-09-07T00:00:00Z,75.23898217376701,75.6334261366959,75.09189964499475,75.45291900634766,37338800
2004-09-08T00:00:00Z,75.292489819839,75.58664986331476,75.08523478617303,75.2657470703125,32963100
2004-09-09T00:00:00Z,75.25907331632527,75.4663232857073,74.8980537853425,75.19890594482422,34314800
2004-09-10T00:00:00Z,75.22563517254011,75.72705028152183,74.93147511038512,75.58665466308594,27900600
2004-09-13T00:00:00Z,75.75380188831451,76.04128012176302,75.55323888167109,75.83403015136719,44398100
2004-09-14T00:00:00Z,75.74712090684407,76.00785638897642,75.6735796066879,75.98780059814453,28048900
2004-09-15T00:00:00Z,75.74712623205856,75.78723781654229,75.33262115664283,75.41284942626953,38295000
2004-09-16T00:00:00Z,75.44627082637723,75.79392154592915,75.41284620762046,75.64015197753906,23911700
2004-09-17T00:00:00Z,75.82743772740714,76.10268808594283,75.6528939663692,75.96170806884766,33683000
2004-09-20T00:00:00Z,75.63944554501951,75.85427291596511,75.37762484673858,75.50518035888672,37149400
2004-09-21T00:00:00Z,75.69317220514831,76.17653518862147,75.55219218861694,75.83415222167969,40920800
2004-09-22T00:00:00Z,75.52534843180553,75.5387729067838,74.83387272788791,74.88758087158203,49042100
2004-09-23T00:00:00Z,74.9211414140494,74.98827402984915,74.48477172851562,74.48477172851562,44068700
2004-09-24T00:00:00Z,74.63242984454692,75.00838152749651,74.60557578705854,74.82711791992188,34981100
2004-09-27T00:00:00Z,74.58543044871085,74.65256302601934,74.23633797357435,74.3504638671875,39355100
2004-09-28T00:00:00Z,74.45788487574072,74.86068548737744,74.12221684572884,74.7062759399414,41662900
2004-09-29T00:00:00Z,74.65929728663491,75.08895203970017,74.51831730096244,75.08223724365234,33325700
2004-09-30T00:00:00Z,74.88756918056575,75.17624400549224,74.69288103148605,75.02854919433594,43536700
2004-10-01T00:00:00Z,75.36420633475781,76.29736328125,75.33063747462657,76.29736328125,62824300
2004-10-04T00:00:00Z,76.59946034732093,76.82771732153903,76.39806255795193,76.42491149902344,33082400
2004-10-05T00:00:00Z,76.43162584317443,76.63974354941357,76.22351325882406,76.46519470214844,36910600
2004-10-06T00:00:00Z,76.37790463715356,76.98882293701172,76.31748684761395,76.98882293701172,42297800
2004-10-07T00:00:00Z,76.78744416024698,76.80087375450687,76.10268338778805,76.16310119628906,39388800
2004-10-08T00:00:00Z,75.96169057753228,76.37791573543126,75.42461957921851,75.53203582763672,51872600
2004-10-11T00:00:00Z,75.71330293048321,75.87442219949305,75.61931626340336,75.84085845947266,20229100
2004-10-12T00:00:00Z,75.32393659553459,75.74688177502276,75.14939283189143,75.54547882080078,41754700
2004-10-13T00:00:00Z,75.86100213197594,75.90799546824407,74.73315693965151,74.88085174560547,54212600
2004-10-14T00:00:00Z,74.97483985726095,75.1426739359957,74.236370935206,74.27664947509766,64082200
2004-10-15T00:00:00Z,74.53173909632204,75.01510195664537,74.22963986956421,74.69286346435547,63482200
2004-10-18T00:00:00Z,74.44448954015425,75.122540706896,74.31693399105401,74.97484588623047,43535100
2004-10-19T00:00:00Z,75.20305157521463,75.3440366333058,74.24304095277758,74.34374237060547,55851900
2004-10-20T00:00:00Z,74.10209639983344,74.397486000672,73.67915638926951,74.19608306884766,57118500
2004-10-21T00:00:00Z,74.37732129864659,74.73312858423105,73.98794516194044,74.6794204711914,53218300
2004-10-22T00:00:00Z,74.64588526323278,74.68616380245868,73.75300674986902,73.84027862548828,48752400
2004-10-25T00:00:00Z,73.67914333553016,73.92753955785322,73.41060784797058,73.75299072265625,43990900
2004-10-26T00:00:00Z,73.93426510120393,74.921130284724,73.76643102569072,74.88085174560547,54337400
2004-10-27T00:00:00Z,74.77345186915342,75.9281513812975,74.59890808012003,75.78045654296875,73896000
2004-10-28T00:00:00Z,75.71330029589069,76.23694174336846,75.5186121717458,76.0086898803711,54413300
2004-10-29T00:00:00Z,75.9415362661315,76.29062876055231,75.7938415147616,75.9952392578125,48820200
2004-11-01T00:00:00Z,76.2369176100636,76.42489087817819,75.99523623051986,76.20335388183594,36720900
2004-11-02T00:00:00Z,76.31080458462033,76.91500834703378,76.00870526435865,76.2302474975586,56210000
2004-11-03T00:00:00Z,77.22381795511127,77.44536017537258,76.69346163473865,77.19025421142578,76960200
2004-11-04T00:00:00Z,77.05595678240549,78.32478160237746,76.98882419674483,78.24422454833984,55350300
2004-11-05T00:00:00Z,78.57992472567433,78.97601072833226,78.20397287286961,78.73432922363281,63287200
2004-11-08T00:00:00Z,78.53291398653366,78.70074804306661,78.35836513361048,78.62018585205078,33863800
2004-11-09T00:00:00Z,78.60006777888145,78.8820278406326,78.38524033346769,78.4657974243164,44658100
2004-11-10T00:00:00Z,78.58660950751687,78.91556791475199,78.38521173199149,78.52619171142578,45265400
2004-11-11T00:00:00Z,78.66720166322538,79.29825953512712,78.61349352053365,79.12371063232422,37863200
2004-11-12T00:00:00Z,79.19754368755991,79.88901925319026,79.00285554702204,79.74803924560547,55583700
2004-11-15T00:00:00Z,79.78910254148857,79.97089823633652,79.60730684664061,79.9439697265625,35297900
2004-11-16T00:00:00Z,79.69485703005765,79.7285253811928,79.27066354592816,79.37165832519531,40028700
2004-11-17T00:00:00Z,79.7015359257397,80.219994265573,79.49953623449447,79.84293365478516,54494000
2004-11-18T00:00:00Z,79.80930106018567,79.99110189111705,79.60730641556707,79.95069885253906,31854300
2004-11-19T00:00:00Z,79.92376100796103,79.93723039913552,78.87337452732434,79.06190490722656,54276500
2004-11-22T00:00:00Z,78.89359028863353,79.5332529419719,78.79932507859523,79.4389877319336,37560200
2004-11-23T00:00:00Z,79.40529823741406,79.62749694635988,79.02823749767616,79.56016540527344,41968800
2004-11-24T00:00:00Z,79.63424134037761,79.84970539423554,79.48611397721825,79.74871063232422,29724800
2004-11-26T00:00:00Z,79.79586022876033,80.11232424899941,79.65446239490083,79.68812561035156,15487700
2004-11-29T00:00:00Z,79.9843778859681,80.132510394062,79.10232267131441,79.32451629638672,61460800
2004-11-30T00:00:00Z,79.45243079927502,79.6140275252337,79.21003314180338,79.37836456298828,53685200
2004-12-01T00:00:00Z,79.56018122769113,80.46243535923199,79.51977818535033,80.2806396484375,49898300
2004-12-02T00:00:00Z,80.19310947534629,80.71157326803359,80.13251261330342,80.34797668457031,60163500
2004-12-03T00:00:00Z,80.33448816940923,80.89334973710564,80.18635569247115,80.2940902709961,49067900
2004-12-06T00:00:00Z,80.26715087890625,80.55668111662618,80.01801853670679,80.26715087890625,33030500
2004-12-07T00:00:00Z,80.45571327342559,80.54324893132754,79.47939273780955,79.51979064941406,52047200
2004-12-08T00:00:00Z,79.59382201397118,80.00455105876239,79.45915894295338,79.9843521118164,43895100
2004-12-09T00:00:00Z,79.54669263207764,80.43548229299768,79.27063178424258,80.26715087890625,60922800
2004-12-10T00:00:00Z,80.07191061419186,80.50283875672567,80.02477800913563,80.34797668457031,47828600
2004-12-13T00:00:00Z,80.63749626903177,81.06842435415533,80.36143023543212,81.04822540283203,38541000
2004-12-14T00:00:00Z,80.9202722474943,81.44546540287074,80.9202722474943,81.33100128173828,41500700
2004-12-15T00:00:00Z,81.27041035977862,81.54647636401332,81.00781374637205,81.39160919189453,46699200
2004-12-16T00:00:00Z,81.28385507516809,81.63398207439923,80.82599353028684,81.34445190429688,51641800
2004-12-17T00:00:00Z,80.8154458854524,81.16046556030486,80.61249708244145,80.80191802978516,70761900
2004-12-20T00:00:00Z,81.01163316617252,81.37694720440298,80.61925825533234,80.82221221923828,47187400
2004-12-21T00:00:00Z,80.91016230483886,81.50549122461987,80.81545182420717,81.4446029663086,33094200
2004-12-22T00:00:00Z,81.43783886142948,81.91139643990188,81.38372227185245,81.64079284667969,31500700
2004-12-23T00:00:00Z,81.76930727676944,82.04667213835222,81.62724159234908,81.70165252685547,25646100
2004-12-27T00:00:00Z,81.99259456122479,82.10083809031701,81.44462588886813,81.5325698852539,29944100
2004-12-28T00:00:00Z,81.61372799437376,82.08051904090301,81.58666712023673,81.97904205322266,23422900
2004-12-29T00:00:00Z,81.9114014702425,82.12788332584798,81.82345232927696,82.10082244873047,22650600
2004-12-30T00:00:00Z,82.1278576321465,82.24286245291572,81.88431497561584,81.94519805908203,21076900
2004-12-31T00:00:00Z,82.06024616601879,82.30378893569836,81.72199289272329,81.76934814453125,28648800
2005-01-03T00:00:00Z,82.2360916012619,82.37139593737196,81.1130939988782,81.38369750976562,55748000
2005-01-04T00:00:00Z,81.49199388398294,81.54611565699113,80.12545266421257,80.38928985595703,69167600
2005-01-05T00:00:00Z,80.32837287059068,80.67339259857586,79.8277595524692,79.83452606201172,65667300
2005-01-06T00:00:00Z,80.12544311511267,80.60576218031059,80.00367172102477,80.24044799804688,47814700
2005-01-07T00:00:00Z,80.48397484619262,80.65986797200262,79.91570673255057,80.12542724609375,55847700
2005-01-10T00:00:00Z,80.05777569925961,80.81546482756076,80.05777569925961,80.5042724609375,56563300
2005-01-11T00:00:00Z,80.26071624017383,80.32836584567934,79.82098606238695,79.94952392578125,63099700
2005-01-12T00:00:00Z,80.09835117971669,80.39601045771987,79.50302230104286,80.2133560180664,72720500
2005-01-13T00:00:00Z,80.26070522109815,80.32159347062753,79.48948846928157,79.57067108154297,55537500
2005-01-14T00:00:00Z,79.80748069041258,80.18632271704388,79.66541493042583,79.9901351928711,42032500
2005-01-18T00:00:00Z,79.8615744675954,80.92368920119125,79.79391970540429,80.82221221923828,57391700
2005-01-19T00:00:00Z,80.79514978440365,80.856032875598,79.96981125043403,79.97657775878906,54378900
2005-01-20T00:00:00Z,79.75333138134508,79.963046693466,79.34742861280981,79.48949432373047,72049300
2005-01-21T00:00:00Z,79.68570683488,79.8277725904689,78.91448978377721,79.00243377685547,63160400
2005-01-24T00:00:00Z,79.21212590297714,79.3812524901759,78.72504566736508,78.84681701660156,58441900
2005-01-25T00:00:00Z,79.09038315016325,79.46922516611546,78.96184525417858,79.07008361816406,68245000
2005-01-26T00:00:00Z,79.36772208125078,79.55714302700709,79.17830113549446,79.30683898925781,57195100
2005-01-27T00:00:00Z,79.27979382517942,79.65863579175515,79.13772808771353,79.44215393066406,55878800
2005-01-28T00:00:00Z,79.48274266670155,79.52333656407373,78.88741883903474,79.44215393066406,60738900
2005-01-31T00:00:00Z,79.79391851047596,79.99687247134264,79.63155843858281,79.93598937988281,52532700
2005-02-01T00:00:00Z,79.99690071495978,80.5584023984449,79.89542369869908,80.44339752197266,49841200
2005-02-02T00:00:00Z,80.54483920221813,80.90338671885847,80.43660087706893,80.68690490722656,52468900
2005-02-03T00:00:00Z,80.54485297909677,80.61250775038731,80.21336627737762,80.47720336914062,48837100
2005-02-04T00:00:00Z,80.50428227756362,81.47168688449533,80.49075441707605,81.33638763427734,50024600
2005-02-07T00:00:00Z,81.34989788925591,81.5325523536542,81.15371040596327,81.2281265258789,45412000
2005-02-08T00:00:00Z,81.29578457971957,81.62050996956233,81.22813496222501,81.32284545898438,39263500
2005-02-09T00:00:00Z,81.46491188938896,81.51226713816698,80.67340051924134,80.7139892578125,55279400
2005-02-10T00:00:00Z,80.95076621782181,81.19430379721048,80.68016259909196,81.0048828125,45858600
2005-02-11T00:00:00Z,80.97779109023773,81.88431209349078,80.81543104537627,81.70165252685547,53133000
2005-02-14T00:00:00Z,81.64755935587716,81.76256420556297,81.50549363073571,81.64079284667969,32432100
2005-02-15T00:00:00Z,81.72195492503971,82.1481519933019,81.64077231908517,81.94519805908203,43852700
2005-02-16T00:00:00Z,81.80993050899751,82.16847812492996,81.63403737542001,81.99935150146484,55523000
2005-02-17T00:00:00Z,82.01289420803839,82.08054383314737,81.32962112336578,81.33638763427734,58124000
2005-02-18T00:00:00Z,81.34312597667919,81.50549122461987,81.11311628409769,81.4446029663086,47723300
2005-02-22T00:00:00Z,81.11312593259753,81.49873440999058,80.2201376080381,80.2336654663086,80697600
2005-02-23T00:00:00Z,80.45691185110051,80.88987556375142,80.24719650441058,80.8086929321289,68292600
2005-02-24T00:00:00Z,80.66664828420261,81.3972766757891,80.49076027837825,81.34315490722656,68563600
2005-02-25T00:00:00Z,81.36344325731572,82.31055349170826,81.30256014319158,82.148193359375,60899900
2005-02-28T00:00:00Z,81.9588039610747,82.06028101842946,81.207880962522,81.60701751708984,69381300
2005-03-01T00:00:00Z,81.73551590227986,82.20906839225762,81.70845502266184,82.01288604736328,47294400
2005-03-02T00:00:00Z,81.69492506244752,82.48643641591173,81.6205089357456,81.9722900390625,64226500
2005-03-03T00:00:00Z,82.30376031484602,82.46612038439379,81.65430971398781,82.00609588623047,61230800
2005-03-04T00:00:00Z,82.56763186478811,83.09530618231072,82.39173870516868,83.02765655517578,56168500
2005-03-07T00:00:00Z,82.98028569269205,83.37942203065165,82.80439256615549,83.06822967529297,43442400
2005-03-08T00:00:00Z,82.98705931583224,83.21030772161075,82.60821729002788,82.75704956054688,44362000
2005-03-09T00:00:00Z,82.5135122267035,82.7299941359202,81.83023910394564,81.83700561523438,73263600
2005-03-10T00:00:00Z,81.99257718498524,82.19553117835447,81.45137513822473,82.01963806152344,65149000
2005-03-11T00:00:00Z,82.0669875994123,82.34435769364374,81.28900938869971,81.4446029663086,57976500
2005-03-14T00:00:00Z,81.59345583145854,81.96553650042188,81.37020743008054,81.9520034790039,36336400
2005-03-15T00:00:00Z,82.14140187260462,82.16846274665464,81.23488581793181,81.27547454833984,62438500
2005-03-16T00:00:00Z,80.97783436552922,81.28903192970857,80.43663220632342,80.58546447753906,74874200
2005-03-17T00:00:00Z,80.71398297670265,81.00488095694014,80.49073977059892,80.74781036376953,62584200
2005-03-18T00:00:00Z,80.89518736526483,81.18043487089658,80.24319084598893,80.50806427001953,60232000
2005-03-21T00:00:00Z,80.62354177590277,80.67108303917871,79.97833817692808,80.2092514038086,61244300
2005-03-22T00:00:00Z,80.39262057376372,80.77295064224099,79.39424896240234,79.39424896240234,92472400
2005-03-23T00:00:00Z,79.42819031708153,79.95114925247219,79.29235965370113,79.46215057373047,70817300
2005-03-24T00:00:00Z,79.77456024513144,80.13451614397712,79.50289375378894,79.5572280883789,51932500
2005-03-28T00:00:00Z,79.747415039237,80.10058312972235,79.6727066040039,79.6727066040039,46765500
2005-03-29T00:00:00Z,79.55725761129584,80.07342361822998,78.95280216409516,79.1429672241211,71160300
2005-03-30T00:00:00Z,79.31272732247251,80.27713842667896,79.30593423537042,80.26355743408203,62002100
2005-03-31T00:00:00Z,80.27033800213482,80.4537098724343,80.05300588322861,80.11412811279297,64575400
2005-04-01T00:00:00Z,80.56919056162033,80.81368991633038,79.40103331108213,79.75419616699219,95255300
2005-04-04T00:00:00Z,79.70664275118978,80.04622456073588,79.28555944197402,79.8900146484375,71581200
2005-04-05T00:00:00Z,79.99188042893125,80.39937751414834,79.91717202545402,80.27033996582031,46853900
2005-04-06T00:00:00Z,80.44693727604977,80.78651912218186,80.26356535904584,80.54881286621094,53268200
2005-04-07T00:00:00Z,80.41978039846194,80.99706853724881,80.35865296783777,80.98348236083984,46734600
2005-04-08T00:00:00Z,80.93595499692236,80.96312217279466,80.1413345336914,80.1413345336914,63772900
2005-04-11T00:00:00Z,80.33828184494087,80.42657126841985,80.02586713692874,80.20244598388672,44945000
2005-04-12T00:00:00Z,80.0665936385543,80.86121377966715,79.50967971295296,80.61671447753906,86144800
2005-04-13T00:00:00Z,80.52166681822935,80.68466987788739,79.55046227627223,79.66592407226562,65949000
2005-04-14T00:00:00Z,79.73382551015733,79.80174084902636,78.62678527832031,78.62678527832031,96119800
2005-04-15T00:00:00Z,78.60641826850416,78.91883300070198,77.49259002967409,77.52655029296875,128677300
2005-04-18T00:00:00Z,77.50619415384077,78.07668940170402,77.39752543142308,77.76427459716797,100035200
2005-04-19T00:00:00Z,78.17174940758598,78.46379003788142,77.98837746838112,78.38229370117188,64930100
2005-04-20T00:00:00Z,78.36190836065099,78.53169929111127,77.11904268770378,77.28883361816406,107735900
2005-04-21T00:00:00Z,77.96119914763162,78.92561032591782,77.68273955273634,78.78977966308594,86952200
2005-04-22T00:00:00Z,78.60640048720228,79.12256631919045,77.60802907883856,78.4909439086914,88845800
2005-04-25T00:00:00Z,78.68789524470715,79.12255953491977,78.59281275507358,79.0071029663086,52284100
2005-04-26T00:00:00Z,78.75580503368148,79.30592585384376,78.2056842135192,78.23963928222656,72626000
2005-04-27T00:00:00Z,78.00877083783713,78.83055858634,77.72352322561821,78.5453109741211,84131900
2005-04-28T00:00:00Z,78.28720613123946,78.56566576639943,77.56050109863281,77.56050109863281,72481500
2005-04-29T00:00:00Z,78.15133547067157,78.69466828583884,77.40425673602088,78.61316680908203,103993800
2005-05-02T00:00:00Z,78.83054692977589,79.06146533048108,78.4570047440508,79.05467224121094,56026400
2005-05-03T00:00:00Z,78.83054236570646,79.36028930271195,78.57246198608057,79.19049835205078,86000300
2005-05-04T00:00:00Z,79.22443166597043,79.97151055843273,78.97313927909201,79.80171966552734,81055700
2005-05-05T00:00:00Z,79.91719040393534,80.1413156659089,79.28556796303292,79.77456665039062,96906700
2005-05-06T00:00:00Z,80.0937928687366,80.13454104153574,79.50291845510434,79.5232925415039,67415400
2005-05-09T00:00:00Z,79.60479836062619,80.19567280611561,79.49613483343354,80.01908874511719,43750500
2005-05-10T00:00:00Z,79.70666429291116,79.80174681075273,79.04787457528842,79.19049835205078,74613500
2005-05-11T00:00:00Z,79.41461349411153,79.73382126958819,78.68111543747683,79.62515258789062,91647400
2005-05-12T00:00:00Z,79.67945634821834,79.86282820119598,78.7490005493164,78.7490005493164,95086800
2005-05-13T00:00:00Z,78.98672771086288,79.20405985273213,77.96798232429941,78.59281158447266,85267000
2005-05-16T00:00:00Z,78.57924022660022,79.3534864518394,78.55207823765144,79.32632446289062,49207000
2005-05-17T00:00:00Z,79.06142094913739,79.93753725364795,78.89163008395835,79.85604095458984,61071800
2005-05-18T00:00:00Z,80.20242357806181,80.87479924382238,80.14809443042614,80.67784118652344,77944900
2005-05-19T00:00:00Z,80.83407130188928,81.09894994476221,80.61673909824641,81.01744842529297,61768100
2005-05-20T00:00:00Z,81.05140447959475,81.08536474185051,80.64390724056821,80.90199279785156,46345500
2005-05-23T00:00:00Z,80.96311184636265,81.52681901519459,80.94953085096317,81.35023498535156,51047900
2005-05-24T00:00:00Z,81.11930890653719,81.38418231842256,80.95630589798657,81.1600570678711,50654100
2005-05-25T00:00:00Z,81.058199894872,81.41136797867776,80.7050369926749,81.09895324707031,47608800
2005-05-26T00:00:00Z,81.35698539872011,81.64223278695971,81.24152886275726,81.5335693359375,43256200
2005-05-27T00:00:00Z,81.54038321739934,81.66942596435547,81.36380440553093,81.66942596435547,24596100
2005-05-31T00:00:00Z,81.55399691025876,81.61511917000517,81.0921652818307,81.14649963378906,43377200
2005-06-01T00:00:00Z,81.17367333317847,82.12450390312091,81.12613206376183,81.8392562866211,69611000
2005-06-02T00:00:00Z,81.6558521812389,82.07013726228267,81.56755758590181,82.01580810546875,39704500
2005-06-03T00:00:00Z,81.87319088520151,82.10410406950426,81.31627682596813,81.60152435302734,60999400
2005-06-06T00:00:00Z,81.46568226605449,81.63547318797757,81.19402093626373,81.52680969238281,36046400
2005-06-07T00:00:00Z,81.76453571249381,82.34861703963354,81.5064553141612,81.58795166015625,66501300
2005-06-08T00:00:00Z,81.791700510455,81.90036402915891,81.27553454718715,81.43853759765625,46881200
2005-06-09T00:00:00Z,81.32305299185681,81.89355314521927,81.11930700834745,81.82563781738281,56653300
2005-06-10T00:00:00Z,81.87995154995757,81.9410789606232,81.227955198627,81.63545227050781,36465300
2005-06-13T00:00:00Z,81.4588903632319,82.23313651468492,81.37059577193504,81.8935546875,49383200
2005-06-14T00:00:00Z,81.80525776865102,82.31463049493554,81.75771652146209,82.0837173461914,33857100
2005-06-15T00:00:00Z,82.28749089974143,82.34182006730649,81.65586834002009,82.23994445800781,53195600
2005-06-16T00:00:00Z,82.21956684621163,82.61348308841414,82.12448433003978,82.45048522949219,46564500
2005-06-17T00:00:00Z,82.87871689821088,83.12420306279671,82.6605075521925,82.75597381591797,51529400
2005-06-20T00:00:00Z,82.56506999705364,83.08331412246949,82.46960370013372,82.78327941894531,41019400
2005-06-21T00:00:00Z,82.85144233680181,82.95372910858607,82.53094621305439,82.83098602294922,39879800
2005-06-22T00:00:00Z,82.97418750562647,83.15148423433574,82.55822510510941,82.89917755126953,46310100
2005-06-23T00:00:00Z,82.72868116697246,82.91961365788791,81.71264458173236,81.73310089111328,62185600
2005-06-24T00:00:00Z,81.74675927222466,81.83541024071795,81.03757753688656,81.13304901123047,58572500
2005-06-27T00:00:00Z,81.12621170566385,81.42625147069934,80.9761918231461,81.24895477294922,48183800
2005-06-28T00:00:00Z,81.41941866530043,81.99221609107947,81.39896235759686,81.93084716796875,41174200
2005-06-29T00:00:00Z,82.08088333314161,82.10133964490882,81.66492098547246,81.71265411376953,42316500
2005-06-30T00:00:00Z,81.97858305558108,82.04677248440265,81.11256118173542,81.26940155029297,62288800
2005-07-01T00:00:00Z,81.45352589645981,81.69219673735554,81.2898702019342,81.5080795288086,49737500
2005-07-05T00:00:00Z,81.31716666038746,82.27183464700961,81.27625402750374,82.16272735595703,51549000
2005-07-06T00:00:00Z,82.09454514666494,82.2718419090141,81.42628113880822,81.47401428222656,52363600
2005-07-07T00:00:00Z,80.66252009786344,81.79447937011719,80.64206378609391,81.79447937011719,103268800
2005-07-08T00:00:00Z,81.8081281952471,82.72869873046875,81.63765197752006,82.72869873046875,64491200
2005-07-11T00:00:00Z,82.73551164970817,83.26057606305388,82.72187064012886,83.15147399902344,49688300
2005-07-12T00:00:00Z,83.18556510258396,83.62198375842055,82.9468994630672,83.36968231201172,51871100
2005-07-13T00:00:00Z,83.37648844989796,83.54696463117507,83.18555595927083,83.485595703125,41182300
2005-07-14T00:00:00Z,83.86066801102488,84.17434364491127,83.52653085974715,83.81293487548828,63638800
2005-07-15T00:00:00Z,83.73109800317937,83.90157421740463,83.43787870661109,83.76519012451172,56075900
2005-07-18T00:00:00Z,83.5333017307408,83.62194744334431,83.22644678498222,83.43101501464844,56598400
2005-07-19T00:00:00Z,83.67655059655252,83.94931360012701,83.47198224576283,83.887939453125,59165700
2005-07-20T00:00:00Z,83.59469325905727,84.37206939020096,83.3969454776262,84.17431640625,69477000
2005-07-21T00:00:00Z,84.24934714797581,84.29025977458156,83.51288865394518,83.68336486816406,101110900
2005-07-22T00:00:00Z,83.79247109767428,84.2561666314587,83.62199487499649,84.2425308227539,52607100
2005-07-25T00:00:00Z,84.15387273061899,84.5220967394362,83.77200251005337,84.00385284423828,57301600
2005-07-26T00:00:00Z,84.03114301352464,84.235711361762,83.84020527163966,84.10614776611328,42758800
2005-07-27T00:00:00Z,84.21525659485931,84.4811990942203,83.90840146560329,84.41300964355469,43181600
2005-07-28T00:00:00Z,84.52893047957595,84.99262601803045,84.31072112045156,84.94489288330078,47880700
2005-07-29T00:00:00Z,84.83577112049491,84.9857857930362,84.21523531047117,84.37889099121094,62358100
2005-08-01T00:00:00Z,84.44030904299603,84.58350848844069,84.1811817776479,84.31756591796875,40418200
2005-08-02T00:00:00Z,84.46755532313706,84.96534294834369,84.37890436335863,84.8221435546875,45147400
2005-08-03T00:00:00Z,84.72664603634851,85.06077783161746,84.63800031179284,85.0471420288086,36837200
2005-08-04T00:00:00Z,84.71303014552541,84.76757857210183,84.26297050925713,84.3652572631836,50855600
2005-08-05T00:00:00Z,84.18114309746949,84.54255700136235,83.64925820092007,83.7924575805664,53595500
2005-08-08T00:00:00Z,83.97655717726471,84.15385383978062,83.45148769279973,83.63560485839844,47616000
2005-08-09T00:00:00Z,83.91520606012998,84.27661478480623,83.7856476811553,84.1402359008789,47170000
2005-08-10T00:00:00Z,84.43345900993108,84.89715451982697,83.75155415435015,84.09932708740234,72863700
2005-08-11T00:00:00Z,84.05840668082082,84.57665581187689,83.88111516962142,84.43345642089844,58570200
2005-08-12T00:00:00Z,84.26297982999034,84.34481028268725,83.70381807619724,83.91520690917969,54776900
2005-08-15T00:00:00Z,84.02431456059988,84.46755374364041,83.75837209127975,84.43345642089844,36208500
2005-08-16T00:00:00Z,84.17434716906713,84.22889561016304,83.25377134121405,83.33560180664062,71942100
2005-08-17T00:00:00Z,83.32192768053025,83.78562303300203,83.21282044346894,83.32874298095703,62275100
2005-08-18T00:00:00Z,83.2264713185456,83.57423897224895,83.08326675229125,83.32193756103516,53388600
2005-08-19T00:00:00Z,83.62198811574709,83.75155169931631,83.32876882834165,83.51288604736328,39842100
2005-08-22T00:00:00Z,83.5878959954801,84.03113517911913,83.11055948905303,83.51288604736328,69912000
2005-08-23T00:00:00Z,83.53331472170467,83.60832464500325,82.61274453874485,83.35601806640625,55168600
2005-08-24T00:00:00Z,83.15146783415717,83.69017321714247,82.5718446279884,82.61276245117188,79104600
2005-08-25T00:00:00Z,82.74915556595299,82.96736491791862,82.65368929962561,82.91281127929688,35631100
2005-08-26T00:00:00Z,82.83778925678159,82.84460455829725,82.29226338935484,82.34681701660156,61956800
2005-08-29T00:00:00Z,82.10814278515154,83.04234884175669,82.08768127519082,82.9809799194336,56179200
2005-08-30T00:00:00Z,82.68096507394998,82.71506239828794,82.0945264724815,82.54458618164062,74160200
2005-08-31T00:00:00Z,82.64005092350823,83.64245189132123,82.33319061768645,83.58789825439453,102945200
2005-09-01T00:00:00Z,83.54697608754572,83.97657945288626,82.60594931076515,83.52651977539062,74578700
2005-09-02T00:00:00Z,83.77201671445191,83.79247302924136,83.2196754050503,83.37651062011719,47653400
2005-09-06T00:00:00Z,83.64245467102032,84.41982581423605,83.63563416554751,84.35163116455078,57251300
2005-09-07T00:00:00Z,84.30391239058054,84.6448648869952,84.18798979040488,84.4948501586914,41749700
2005-09-08T00:00:00Z,84.32436301927592,84.55620818968245,84.08569214059425,84.21525573730469,39068700
2005-09-09T00:00:00Z,84.44029040204921,85.06082119532167,84.41983408614774,84.9653549194336,43093900
2005-09-12T00:00:00Z,84.86310372804888,85.0131237109388,84.74036057864113,84.79491424560547,33017600
2005-09-13T00:00:00Z,84.64483932944958,84.84259234196347,84.228876993217,84.32434844970703,58427500
2005-09-14T00:00:00Z,84.3789029322611,84.50164601081623,83.88793061804057,84.01749420166016,57694600
2005-09-15T00:00:00Z,84.27662764851874,84.31754548195926,83.80611678538756,83.97659301757812,73156900
2005-09-16T00:00:00Z,84.43676343474533,84.7380751698209,84.14229601263379,84.57372283935547,75424100
2005-09-19T00:00:00Z,84.5531683816454,84.6079542261836,83.98477700005957,84.29293823242188,53355300
2005-09-20T00:00:00Z,84.36828158332949,84.64905516508188,83.45749158260409,83.58075714111328,84480300
2005-09-21T00:00:00Z,83.40266965486218,83.45745548487352,82.71101291879597,82.80004119873047,94469100
2005-09-22T00:00:00Z,82.82746893742177,83.31368688303579,82.47822085772744,83.09454345703125,84597200
2005-09-23T00:00:00Z,83.02609073415232,83.47121681973341,82.79325860534689,83.16305541992188,59368100
2005-09-26T00:00:00Z,83.5602229308094,83.7108814421416,82.91650732511842,83.2589111328125,70415400
2005-09-27T00:00:00Z,83.2177936742579,83.53965399100893,82.8753899712744,83.23834228515625,66150800
2005-09-28T00:00:00Z,83.4985698878021,83.6286849709884,82.99865816661217,83.32051849365234,58620500
2005-09-29T00:00:00Z,83.23836020701738,84.13545643009282,82.91649982096732,83.99849700927734,66607700
2005-09-30T00:00:00Z,83.97107967484611,84.25869750976562,83.36844585920659,84.25869750976562,47824200
2005-10-03T00:00:00Z,84.2039438795864,84.46416889291957,83.85469053234038,83.95741271972656,50994800
2005-10-04T00:00:00Z,84.08749937448546,84.25185168386838,82.97126521856678,83.0123519897461,60776300
2005-10-05T00:00:00Z,83.03289756349798,83.07398433576004,81.88242091816763,81.92350769042969,106052100
2005-10-06T00:00:00Z,82.02624847551961,82.35495840227011,80.92370788897502,81.62905883789062,140941800
2005-10-07T00:00:00Z,81.97147362549148,82.21116048275597,81.58113347392887,81.90984344482422,75661400
2005-10-10T00:00:00Z,81.95773274003697,81.97827612180394,81.01270060610302,81.2181396484375,52677000
2005-10-11T00:00:00Z,81.48526676316754,81.7591908881115,81.02644685807059,81.10177612304688,75629800
2005-10-12T00:00:00Z,81.07435247171671,81.58110851483578,80.4032441057661,80.46487426757812,100510400
2005-10-13T00:00:00Z,80.43748216921998,80.86206466761753,80.04029259568674,80.41693878173828,99052900
2005-10-14T00:00:00Z,80.88944946950362,81.3619630081308,80.50595378458036,81.2660903930664,88651000
2005-10-17T00:00:00Z,81.35513991794326,81.67699508123638,81.11545309309325,81.56742858886719,68109300
2005-10-18T00:00:00Z,81.45102269559627,81.46471654959664,80.67034240088243,80.68403625488281,74996900
2005-10-19T00:00:00Z,80.46489975288863,82.03995945493995,80.20467472392991,82.02626037597656,116563800
2005-10-20T00:00:00Z,81.82766378801759,82.04680202476104,80.3279386028259,80.58131408691406,131966700
2005-10-21T00:00:00Z,81.00588060785583,81.34143482328749,80.47173158848844,80.89630889892578,96579500
2005-10-24T00:00:00Z,81.10862313072991,82.2385516207615,81.0880797363174,82.14952850341797,71308400
2005-10-25T00:00:00Z,81.98514556884766,82.3412431301776,81.45099661451971,81.98514556884766,76594500
2005-10-26T00:00:00Z,81.84132548910712,82.54667620321494,81.62218735244579,81.74545288085938,80855800
2005-10-27T00:00:00Z,81.62907322944172,81.74549450559442,80.75936977615197,80.87578582763672,66623100
2005-10-28T00:00:00Z,81.10174419045804,82.1426491858027,80.87575648450841,82.03993225097656,72322000
2005-10-31T00:00:00Z,82.37547897438458,83.06713587939669,82.26590728759766,82.26590728759766,77698900
2005-11-01T00:00:00Z,82.5741094667113,82.79324771043726,82.32757828943613,82.5124740600586,66365100
2005-11-02T00:00:00Z,82.29332323579091,83.37532043457031,82.26593030642937,83.37532043457031,74012300
2005-11-03T00:00:00Z,83.6492488566225,83.99850219332355,83.37532477341908,83.7314224243164,84897600
2005-11-04T00:00:00Z,83.82041328340397,83.86150004888297,83.23832813223648,83.62181854248047,59156000
2005-11-07T00:00:00Z,83.79991317941851,83.97111509021883,83.44381027913995,83.70404052734375,46765400
2005-11-08T00:00:00Z,83.4985961445163,83.83415042677797,83.40272349244154,83.70404052734375,42152800
2005-11-09T00:00:00Z,83.60129473645084,84.19707387406847,83.45063626152852,83.81358337402344,57666800
2005-11-10T00:00:00Z,83.77935715125557,84.58743030774703,83.37532318534345,84.46416473388672,79048100
2005-11-11T00:00:00Z,84.47103448260879,84.80658881547377,83.84101260977333,84.7518081665039,34867000
2005-11-14T00:00:00Z,84.7722989621247,84.92980172026958,84.49152545244826,84.70381927490234,45092200
2005-11-15T00:00:00Z,84.60795424184897,84.97774563088595,84.13543547578462,84.39566040039062,69592500
2005-11-16T00:00:00Z,84.4846980917786,84.60796364337659,84.21762360076065,84.5668716430664,51133000
2005-11-17T00:00:00Z,84.69697096472882,85.3612349121975,84.32717437877723,85.35438537597656,55717500
2005-11-18T00:00:00Z,85.64200510097066,85.79266355318157,85.14209866372404,85.68994140625,72437200
2005-11-21T00:00:00Z,85.7036734948178,86.22412874167924,85.58725745495869,86.12140655517578,50021200
2005-11-22T00:00:00Z,85.98441916042486,86.64183366566488,85.88854653828565,86.49118041992188,66438800
2005-11-23T00:00:00Z,86.45696264389423,87.25134199662114,86.42956971193804,86.9911117553711,50854700
2005-11-25T00:00:00Z,86.95685337346478,87.12120570058741,86.84043213478107,87.0595703125,15270000
2005-11-28T00:00:00Z,87.14174621985964,87.1554400697248,86.31312984936551,86.44324493408203,54498500
2005-11-29T00:00:00Z,86.73090036294118,86.95688816857846,86.34740447998047,86.34740447998047,51738900
2005-11-30T00:00:00Z,86.39529648377524,86.64182231937333,85.79951221736096,85.8816909790039,56007200
2005-12-01T00:00:00Z,86.29946041208211,86.99111762279142,86.2720727029462,86.75828552246094,65468200
2005-12-02T00:00:00Z,86.81305014104018,87.02534403266648,86.62815440282832,86.86783599853516,46699400
2005-12-05T00:00:00Z,86.76511881777186,86.78566743401586,86.40902117288455,86.68294525146484,59273400
2005-12-06T00:00:00Z,87.00476749560906,87.47728096865322,86.71714446567117,86.84725952148438,57935200
2005-12-07T00:00:00Z,86.81303634407806,86.88152126739612,86.06659874683933,86.34052276611328,66816500
2005-12-08T00:00:00Z,86.43640219707908,86.847285646019,85.92964611754205,86.2857437133789,62608600
2005-12-09T00:00:00Z,86.39533322424258,86.81991061162344,86.16249591290388,86.51174926757812,50744500
2005-12-12T00:00:00Z,86.77196163827695,86.87468381287479,86.25835598995458,86.59391021728516,48389900
2005-12-13T00:00:00Z,86.57336020188194,87.44991293865661,86.48433711053235,87.1828384399414,88630900
2005-12-14T00:00:00Z,87.10066835658735,87.71699093222965,87.06642589142204,87.5252456665039,64375000
2005-12-15T00:00:00Z,87.54578465360876,87.65535635689474,87.09381443922004,87.27186584472656,55900300
2005-12-16T00:00:00Z,87.62435880430316,87.67943508664578,86.99099731445312,86.99099731445312,46238300
2005-12-19T00:00:00Z,87.24571220432703,87.34209306232835,86.52973636462964,86.54350280761719,48733000
2005-12-20T00:00:00Z,86.64678144389701,87.14933809376448,86.38517697221009,86.62612915039062,46603200
2005-12-21T00:00:00Z,86.89459113528913,87.26634805426889,86.60544861575882,86.76378631591797,51806900
2005-12-22T00:00:00Z,86.9565909157258,87.21820068359375,86.79825313741414,87.21820068359375,32247900
2005-12-23T00:00:00Z,87.28011623314866,87.33519250054533,87.0322782822256,87.26634979248047,27977300
2005-12-27T00:00:00Z,87.40402820076473,87.46599030970849,86.31629564252108,86.37825775146484,44499500
2005-12-28T00:00:00Z,86.56417433145894,86.73628379503879,86.3989507170842,86.57106018066406,30764300
2005-12-29T00:00:00Z,86.55039515556211,86.71561874563574,86.09602371740564,86.1855239868164,32788900
2005-12-30T00:00:00Z,85.91702426577271,86.09601428024833,85.61411000687143,85.71737670898438,44645600
2006-01-03T00:00:00Z,86.18551476567983,87.43158528464988,85.6347625212094,87.22505187988281,73256700
2006-01-04T00:00:00Z,87.33518547645285,87.76889922950501,87.22503295051874,87.63809967041016,51899600
2006-01-05T00:00:00Z,87.53486141571928,87.837770455679,87.34898028093447,87.69319915771484,47307500
2006-01-06T00:00:00Z,88.13382334452483,88.51934688971568,87.67945180709472,88.42296600341797,62885900
2006-01-09T00:00:00Z,88.40915859600969,88.84975825609021,88.38162571307163,88.65011596679688,43527400
2006-01-10T00:00:00Z,88.38852454373556,88.79470030540134,88.2990242724535,88.7396240234375,44960800
2006-01-11T00:00:00Z,88.82224639636377,89.11138900691044,88.62259355509038,89.02188873291016,49598900
2006-01-12T00:00:00Z,88.86353043358206,89.00121585847076,88.42293077110348,88.67076873779297,40509200
2006-01-13T00:00:00Z,88.51243196893317,88.73960714482523,88.25770290021003,88.58815002441406,44856700
2006-01-17T00:00:00Z,88.25769823679842,88.4091553492068,87.9892079929334,88.34719848632812,52066600
2006-01-18T00:00:00Z,87.83090827214339,88.73964083488656,87.54176561560108,87.99613189697266,75067600
2006-01-19T00:00:00Z,88.20952893993353,88.65012866311599,87.98922382597931,88.33344268798828,81530400
2006-01-20T00:00:00Z,88.31276986594524,88.33342215248652,86.72248077392578,86.72248077392578,114957800
2006-01-23T00:00:00Z,86.8876858526527,87.30763309761447,86.83260959867329,87.03225708007812,67017400
2006-01-24T00:00:00Z,87.17685904593904,87.53484957067144,87.03228776753798,87.12178802490234,53008800
2006-01-25T00:00:00Z,87.45911416526023,87.55549500998701,86.63298588599369,87.197509765625,87747700
2006-01-26T00:00:00Z,87.60370715429457,87.89284976016981,87.26637411410678,87.67943572998047,71294000
2006-01-27T00:00:00Z,87.88598022388085,88.57441808775948,87.74140365038595,88.4917984008789,65771200
2006-01-30T00:00:00Z,88.42296600341797,88.67768466619147,88.36100911323989,88.42296600341797,33709600
2006-01-31T00:00:00Z,88.34033422042415,88.49178085610107,87.76892439376371,87.77581024169922,72937000
2006-02-01T00:00:00Z,87.99608720652087,88.4160292787773,87.92724450216875,88.38849639892578,63561000
2006-02-02T00:00:00Z,88.18886790128535,88.21640078543568,87.29389684788748,87.36273956298828,83626900
2006-02-03T00:00:00Z,87.14245064369914,88.38852127597397,86.83953635646024,86.92903137207031,86040400
2006-02-06T00:00:00Z,87.04607979165561,87.29391782747209,86.8601986386114,87.1562271118164,45511900
2006-02-07T00:00:00Z,87.00475206331045,87.19751902559707,86.33008607857658,86.38516235351562,71208100
2006-02-08T00:00:00Z,86.63988294320629,88.18887301071233,86.46777351930149,87.16998291015625,59422200
2006-02-09T00:00:00Z,87.37648998334379,87.84462771349702,86.99785249353668,87.025390625,62023300
2006-02-10T00:00:00Z,87.03916744035074,87.5210716675019,86.36449626997697,87.1837387084961,64508700
2006-02-13T00:00:00Z,87.15619018399882,87.28699499535917,86.7087047393527,87.025390625,52308700
2006-02-14T00:00:00Z,87.05982888096702,88.14067583466077,86.88771945998162,87.94791412353516,90964400
2006-02-15T00:00:00Z,87.89972801566755,88.34033298721778,87.5968137390902,88.2577133178711,85471300
2006-02-16T00:00:00Z,88.3540857024505,88.95303360267232,88.24393315703904,88.91860961914062,61017900
2006-02-17T00:00:00Z,88.84286397922679,88.91859252654946,88.51929750473201,88.6776351928711,40342600
2006-02-21T00:00:00Z,88.88417197212611,89.08381423836063,88.31964814221593,88.45734405517578,46456300
2006-02-22T00:00:00Z,88.65015815968948,89.25597641518554,88.56753846210357,88.99437713623047,42326700
2006-02-23T00:00:00Z,88.99436841662379,89.24908707279351,88.31281112814852,88.86356353759766,43423200
2006-02-24T00:00:00Z,88.8841648939181,89.13888340410763,88.64320757015005,89.0906982421875,36777400
2006-02-27T00:00:00Z,89.08380699694897,89.52440657032464,89.00119785966679,89.1251220703125,35858600
2006-02-28T00:00:00Z,88.94613614490244,89.43493146477171,88.20951337266042,88.27835083007812,74394800
2006-03-01T00:00:00Z,88.53308198362008,89.14579104419113,88.46423401984717,89.06317138671875,48641600
2006-03-02T00:00:00Z,88.73958094329811,89.09757134990717,88.53993870973477,89.05626678466797,60642300
2006-03-03T00:00:00Z,88.58128500527778,89.54510416870421,88.56751330880306,88.64324188232422,73402500
2006-03-06T00:00:00Z,88.90486134413267,88.9323942353758,88.0167759091721,88.23707580566406,57478400
2006-03-07T00:00:00Z,88.02365954263644,88.16134500484198,87.70697877767273,88.0993881225586,61780800
2006-03-08T00:00:00Z,87.91347039545815,88.42291794886822,87.5554851912417,88.28523254394531,66692400
2006-03-09T00:00:00Z,88.31279418639214,88.58816508592585,87.69319915771484,87.69319915771484,56313600
2006-03-10T00:00:00Z,87.92038364641135,88.69831640619616,87.73450776659132,88.52620697021484,60490800
2006-03-13T00:00:00Z,88.6982792134581,88.91858424140506,88.48486528308565,88.69139862060547,45479100
2006-03-14T00:00:00Z,88.60881774480255,89.6552354470871,88.53996977543305,89.62081146240234,69877300
2006-03-15T00:00:00Z,89.60015606733036,90.08895142157333,89.3936331758297,90.02010345458984,53398900
2006-03-16T00:00:00Z,90.19220670015468,90.50889262000948,90.07517356806518,90.20597839355469,65526400
2006-03-17T00:00:00Z,90.32281039580755,90.47486985141002,90.11546618044171,90.28134155273438,47286800
2006-03-20T00:00:00Z,90.29512914972165,90.47483090785583,89.99792887128855,90.13616180419922,45538500
2006-03-21T00:00:00Z,90.10853584299963,90.5370717736522,89.47265572420861,89.56941986083984,87102700
2006-03-22T00:00:00Z,89.51413341228,90.20530889841251,89.47266457055221,90.11546325683594,51605700
2006-03-23T00:00:00Z,90.03249746251215,90.12235363305972,89.6177985796365,89.92882537841797,46704200
2006-03-24T00:00:00Z,89.84591112043164,90.24679419421047,89.67311723758739,89.99797058105469,43209200
2006-03-27T00:00:00Z,89.87353851162025,90.04633236564497,89.67310228141152,89.86663055419922,32523000
2006-03-28T00:00:00Z,89.80440349370248,90.21911290073876,89.19617638894715,89.31367492675781,82079900
2006-03-29T00:00:00Z,89.44499460311361,90.19837311946542,89.36204639874165,89.87351989746094,61505700
2006-03-30T00:00:00Z,89.92882413089059,90.53014330329296,89.54176762697648,89.71456146240234,70571700
2006-03-31T00:00:00Z,89.8666155218753,90.01867493170151,89.4173452486622,89.73529052734375,62925600
2006-04-03T00:00:00Z,89.90119112769172,90.45412302148515,89.5003081221416,89.66618347167969,61624700
2006-04-04T00:00:00Z,89.66619125527815,90.35736672901821,89.41045970487457,90.2398681640625,54809300
2006-04-05T00:00:00Z,90.27441450576596,90.73750073299838,90.11544712543221,90.5508804321289,50607200
2006-04-06T00:00:00Z,90.44029327921191,90.68911681197609,89.98411504472789,90.45410919189453,57906200
2006-04-07T00:00:00Z,90.58541741276316,90.82041444282845,89.4035137608784,89.53482818603516,80180900
2006-04-10T00:00:00Z,89.6730728149414,89.9080698480353,89.34130113075382,89.6730728149414,41496500
2006-04-11T00:00:00Z,89.74911512783866,89.89425603189565,88.6432304513667,88.91278839111328,72799400
2006-04-12T00:00:00Z,89.00262936725098,89.25145284967712,88.89203880917356,89.07865905761719,43033700
2006-04-13T00:00:00Z,88.87823342914876,89.33441167952301,88.68470517986853,88.961181640625,51051800
2006-04-17T00:00:00Z,89.04412666338649,89.37588789720935,88.48427628552932,88.92662811279297,64167700
2006-04-18T00:00:00Z,89.11325576666229,90.50252532776479,89.11325576666229,90.33663940429688,92531800
2006-04-19T00:00:00Z,90.37117408723134,90.59235525439126,90.01867846688103,90.50940704345703,87269000
2006-04-20T00:00:00Z,90.54395579524434,91.13836691927148,90.26748991981191,90.6338119506836,86005500
2006-04-21T00:00:00Z,91.02088464257469,91.08999585052094,90.28132194670673,90.64764404296875,72342600
2006-04-24T00:00:00Z,90.46794691556241,90.59236397068523,90.11545126129694,90.48177337646484,52546400
2006-04-25T00:00:00Z,90.57161436194777,90.62690965622264,89.79750133509746,90.10852813720703,84359800
2006-04-26T00:00:00Z,90.19837895251217,90.64073073394424,90.06014599828309,90.12925720214844,67262400
2006-04-27T00:00:00Z,89.78369606864148,90.97943731490876,89.56943334431078,90.56472778320312,124478600
2006-04-28T00:00:00Z,90.3988306683798,91.06236372765238,90.34354591439892,90.86883544921875,55854400
2006-05-01T00:00:00Z,90.8688198543465,91.09690897474874,90.0739724576555,90.12925720214844,64990300
2006-05-02T00:00:00Z,90.55086808657956,90.8619053944554,90.36425835765118,90.80661010742188,49063500
2006-05-03T00:00:00Z,90.64767365692418,90.76518278717032,90.1638528572436,90.46797180175781,60821300
2006-05-04T00:00:00Z,90.59924218264483,90.97247213247657,90.52321249239257,90.79277038574219,42921400
2006-05-05T00:00:00Z,91.26969025867155,91.78807167565019,91.1314573234433,91.59454345703125,62588200
2006-05-08T00:00:00Z,91.5876580030844,91.76737037557488,91.4839859008789,91.4839859008789,30016700
2006-05-09T00:00:00Z,91.52547090893182,91.76738658547788,91.44944117171757,91.66370391845703,29864000
2006-05-10T00:00:00Z,91.5185236609845,91.75352073094376,91.15910955331275,91.61528778076172,64378200
2006-05-11T00:00:00Z,91.5876388671154,91.61529178625966,90.21220671489671,90.50940704345703,80626900
2006-05-12T00:00:00Z,90.10165082677173,90.35047446239194,89.29297664763168,89.3275375366211,91726500
2006-05-15T00:00:00Z,89.01647062816578,89.67309566219086,88.892064124771,89.50720977783203,84029300
2006-05-16T00:00:00Z,89.68693478341666,89.85282071070016,89.16855312547031,89.37590789794922,62137600
2006-05-17T00:00:00Z,88.93352167971183,89.23073253318013,87.62028759796907,87.67558288574219,144789500
2006-05-18T00:00:00Z,88.02118537696052,88.29765658922841,87.16412936485484,87.23324584960938,87906300
2006-05-19T00:00:00Z,87.68940605825642,88.11793133931744,86.94984875006381,87.84837341308594,124309400
2006-05-22T00:00:00Z,87.28161772029776,87.89676332727831,86.74250181964058,87.17794036865234,110852800
2006-05-23T00:00:00Z,87.90367577008469,88.21470254898774,86.51441192626953,86.51441192626953,92006500
2006-05-24T00:00:00Z,86.86691486245161,87.70323637103934,86.23103483045504,87.2055892944336,168405000
2006-05-25T00:00:00Z,87.72397312263955,88.28382873535156,87.38529868164049,88.28382873535156,78977900
2006-05-26T00:00:00Z,88.47734360765031,88.73308563232422,88.13176124163513,88.73308563232422,62989700
2006-05-30T00:00:00Z,88.44972660237745,88.47046102295964,87.12267095261315,87.1572265625,72419900
2006-05-31T00:00:00Z,87.51661407867888,88.13175964355469,87.22631645929184,88.13175964355469,86926200
2006-06-01T00:00:00Z,88.04193546887988,89.12017286135476,87.96590574013965,88.97502136230469,73721700
2006-06-02T00:00:00Z,89.33443022143932,89.45883674472714,88.6916420914507,89.16163635253906,91702600
2006-06-05T00:00:00Z,89.05794882062601,89.06485677744494,87.62029754161648,87.86221313476562,86105100
2006-06-06T00:00:00Z,87.92438216115349,88.04188066033292,86.92218039456834,87.64791107177734,130498600
2006-06-07T00:00:00Z,87.71706156688802,88.22852982236502,86.94294331740323,86.99132537841797,108599400
2006-06-08T00:00:00Z,86.79781515858919,87.43369531347074,85.61590575986907,86.91531372070312,204957200
2006-06-09T00:00:00Z,87.33688993319207,87.7515939569439,86.59733275430618,86.63880157470703,94972200
2006-06-12T00:00:00Z,87.00515063260606,87.03971150919648,85.58133110767051,85.6988296508789,95815900
2006-06-13T00:00:00Z,85.52605513701988,86.28634713453465,84.70355987548828,84.70355987548828,185688800
2006-06-14T00:00:00Z,84.90399012682953,85.45001936756331,84.55840240028283,85.36016845703125,163566400
2006-06-15T00:00:00Z,85.67115877697607,87.33689343992957,85.60895554387722,87.17101287841797,134057000
2006-06-16T00:00:00Z,86.9801040317843,87.16754385882989,86.40389168375835,86.53579711914062,94253500
2006-06-19T00:00:00Z,87.0564973589904,87.11203706480524,85.77217211723016,85.85547637939453,95804400
2006-06-20T00:00:00Z,86.09149166940473,86.64687267136851,85.89016426860512,86.14702606201172,65494700
2006-06-21T00:00:00Z,86.08455439143023,87.26474374430298,86.05678454474942,86.78572845458984,75008200
2006-06-22T00:00:00Z,86.74410213889874,86.8204679205132,86.11235511420287,86.4039306640625,74566100
2006-06-23T00:00:00Z,86.31368700989617,86.98709150221457,86.10541572275646,86.39005279541016,54107000
2006-06-26T00:00:00Z,86.45945664674602,86.82045413259114,86.25812919051323,86.77185821533203,37899600
2006-06-27T00:00:00Z,86.78572404535473,86.98010766568788,85.92487473165592,86.0220718383789,69780200
2006-06-28T00:00:00Z,86.21644216984183,86.61909162280298,85.84155726131475,86.60520935058594,62368100
2006-06-29T00:00:00Z,86.91765651622754,88.4102531511377,86.89683044866852,88.3547134399414,110634800
2006-06-30T00:00:00Z,88.54213466501251,88.62544420924777,88.13947981271083,88.36163330078125,54227800
2006-07-03T00:00:00Z,88.46576624723139,88.86841579087054,88.3824567055008,88.7226333618164,23914000
2006-07-05T00:00:00Z,88.36859764054378,88.47967176213518,87.83403720967571,88.21586608886719,69653400
2006-07-06T00:00:00Z,88.3061058030638,88.75735662769843,88.22280154387799,88.47272491455078,50100300
2006-07-07T00:00:00Z,88.2991851405891,88.55604705368407,87.67437658775489,87.89653015136719,81626500
2006-07-10T00:00:00Z,88.12560146605855,88.46577285121121,87.75766023158937,88.06311798095703,60964100
2006-07-11T00:00:00Z,87.89654814345745,88.45193481445312,87.43141485202048,88.45193481445312,73640800
2006-07-12T00:00:00Z,88.2714039103385,88.44496152506723,87.27865414222791,87.50775146484375,82561300
2006-07-13T00:00:00Z,87.09120382593039,87.25087915256765,86.0845718383789,86.0845718383789,102405700
2006-07-14T00:00:00Z,86.17483910541092,86.26509246968364,85.27234253859623,85.75135803222656,103242500
2006-07-17T00:00:00Z,85.7513120508069,86.1539668383433,85.49445026637129,85.62635040283203,81159000
2006-07-18T00:00:00Z,85.88324220415531,86.11928329451847,84.96685828742284,86.0637435913086,122771000
2006-07-19T00:00:00Z,86.20955336207565,87.65355423505721,85.8902079318784,87.25784301757812,133565300
2006-07-20T00:00:00Z,87.55635512590347,87.68131683141824,86.54277920186514,86.66079711914062,112259800
2006-07-21T00:00:00Z,86.88296858486562,86.91073844698911,85.95964053135823,86.04988861083984,101560000
2006-07-24T00:00:00Z,86.39002716187912,87.69517832388999,86.39002716187912,87.61881256103516,92884000
2006-07-25T00:00:00Z,87.4591289690337,88.37551268448439,87.27862762152716,87.93120574951172,95480700
2006-07-26T00:00:00Z,87.8826286230216,88.47966722355497,87.59799689759033,88.04924774169922,84525800
2006-07-27T00:00:00Z,88.431044848465,88.64625982156404,87.6118529646671,87.96591186523438,87257100
2006-07-28T00:00:00Z,88.19503219134133,88.95868458536204,88.07007050529737,88.84761047363281,82137000
2006-07-31T00:00:00Z,88.62543932712875,88.83370523140871,88.47964630860912,88.75733947753906,49593100
2006-08-01T00:00:00Z,88.40331923315007,88.43108909184866,87.8895900886236,88.32001495361328,65225600
2006-08-02T00:00:00Z,88.56992273630358,89.18084892661267,88.54909667009906,88.91703796386719,64770900
2006-08-03T00:00:00Z,88.40330598901677,89.24332952326387,88.27140580065782,89.153076171875,63693800
2006-08-04T00:00:00Z,89.61125415704286,89.85422842179752,88.50048666493355,89.00032806396484,96294200
2006-08-07T00:00:00Z,88.79206848144531,88.91703016426918,88.44495328432986,88.79206848144531,45377300
2006-08-08T00:00:00Z,88.92400659927168,89.18087915806498,88.13258403586673,88.45193481445312,90901300
2006-08-09T00:00:00Z,88.98644273768006,89.27802881173048,87.89650657749984,88.15337371826172,78910600
2006-08-10T00:00:00Z,87.87565270566662,88.51434316557032,87.66738154430183,88.4240951538086,69322300
2006-08-11T00:00:00Z,88.28529134983023,88.30611741736578,87.74379240767209,88.1742172241211,47482200
2006-08-14T00:00:00Z,88.60461162368345,88.97255813320912,88.11170874437084,88.24361419677734,57839000
2006-08-15T00:00:00Z,89.03504770402861,89.46546715693351,88.79206812633107,89.29885864257812,68143000
2006-08-16T00:00:00Z,89.77790185880961,90.17360777291579,89.58350755470676,90.04170227050781,71737600
2006-08-17T00:00:00Z,89.9583504821123,90.50678767850242,89.89587230653218,90.270751953125,70992800
2006-08-18T00:00:00Z,90.38182778510325,90.72894287109375,89.96528544466996,90.72894287109375,58288400
2006-08-21T00:00:00Z,90.3749130082197,90.44434028901566,90.11111264604982,90.3402099609375,42133600
2006-08-22T00:00:00Z,90.24301683051691,90.61095810860814,90.02779650037988,90.33325958251953,60839900
2006-08-23T00:00:00Z,90.37490372886701,90.55541040315643,89.68762244788716,90.08332824707031,66592100
2006-08-24T00:00:00Z,90.24301202007872,90.31937778654293,89.83340804007157,90.00696563720703,57983000
2006-08-25T00:00:00Z,90.00002410130284,90.42350504770766,89.9375459107959,90.1180419921875,41756000
2006-08-28T00:00:00Z,90.00694790633227,90.819206622857,90.00000941733512,90.54844665527344,52681500
2006-08-29T00:00:00Z,90.59011733421251,90.82615309822607,90.11803521307145,90.65259552001953,61817800
2006-08-30T00:00:00Z,90.85391230779058,90.97193018285822,90.63176412916717,90.7081298828125,50052200
2006-08-31T00:00:00Z,90.84000683955432,90.93719862342888,90.6525617588284,90.6942138671875,37510300
2006-09-01T00:00:00Z,91.0413950994891,91.34685824040146,90.83312381312908,91.23577880859375,48794500
2006-09-05T00:00:00Z,91.29817664741996,91.5342228805009,91.08296705843857,91.40925598144531,52348300
2006-09-06T00:00:00Z,91.0205770331728,91.05529068280462,90.47907799689588,90.60403442382812,53795600
2006-09-07T00:00:00Z,90.2916074383868,90.64567173495739,89.7987097684661,90.1874771118164,86269400
2006-09-08T00:00:00Z,90.3054615049744,90.56927235855278,90.13190396301215,90.44430541992188,45096300
2006-09-11T00:00:00Z,90.1527476304922,90.72896005353414,89.88893672538259,90.53457641601562,68496600
2006-09-12T00:00:00Z,90.63869608583984,91.52730992251571,90.50679064876705,91.42317962646484,69875600
2006-09-13T00:00:00Z,91.38847522533948,91.95080006702396,91.30517098008654,91.79113006591797,62898400
2006-09-14T00:00:00Z,91.61063825442496,91.80502189777734,91.46484522535363,91.7980728149414,57805400
2006-09-15T00:00:00Z,92.25759268422645,92.31337664975912,91.8183006054714,92.0135498046875,76703100
2006-09-18T00:00:00Z,91.89503787777885,92.31341246172587,91.79741856015222,92.13909149169922,64154100
2006-09-19T00:00:00Z,92.12509937477724,92.13207901969854,91.39296015781957,91.90894317626953,92089100
2006-09-20T00:00:00Z,92.21573619543595,92.57832656828856,92.08325063768012,92.39702606201172,75204100
2006-09-21T00:00:00Z,92.46676111368345,92.56438037361181,91.6369920844416,91.95076751708984,88932500
2006-09-22T00:00:00Z,91.81132959092878,91.81829859657907,91.34415085948056,91.671875,65966800
2006-09-25T00:00:00Z,91.85314368724484,92.63410836751828,91.37899605966884,92.37610626220703,92299100
2006-09-26T00:00:00Z,92.3900978536374,93.15711424264424,92.32036522201649,93.1431655883789,73962700
2006-09-27T00:00:00Z,93.0803940612003,93.41508721895372,92.92699081395838,93.25471496582031,82432200
2006-09-28T00:00:00Z,93.25470730942011,93.42902819972804,92.9339521897843,93.21984100341797,58597500
2006-09-29T00:00:00Z,93.29656886618028,93.39418816662608,93.073432956758,93.1431655883789,47966600
2006-10-02T00:00:00Z,93.11521613125407,93.31743426588022,92.70382149832474,92.79447174072266,51687400
2006-10-03T00:00:00Z,92.66204474127385,93.34537989341891,92.49469279720083,92.9897689819336,73108100
2006-10-04T00:00:00Z,92.89908843643441,94.13328335284412,92.79450015525693,94.07749938964844,80890500
2006-10-05T00:00:00Z,94.07749154760863,94.41916430381265,93.95895462558737,94.25878143310547,60505900
2006-10-06T00:00:00Z,94.09839296971742,94.20299186383514,93.7148849706865,94.14022827148438,64983600
2006-10-09T00:00:00Z,94.02871888839387,94.34249445110626,93.88228461795167,94.19606018066406,41176800
2006-10-10T00:00:00Z,94.20301915539412,94.44706203296975,94.02171860894563,94.3215560913086,56403700
2006-10-11T00:00:00Z,94.02169905385655,94.43309374111999,93.6451706674818,94.20996856689453,104071800
2006-10-12T00:00:00Z,94.44707873009375,95.10252713607564,94.41221241578945,95.02582550048828,59158600
2006-10-13T00:00:00Z,94.94210476630354,95.32561274190085,94.85842352818251,95.26982879638672,53944000
2006-10-16T00:00:00Z,95.19317266368056,95.56273216946886,95.12344003856003,95.41629791259766,42273000
2006-10-17T00:00:00Z,95.15829802304859,95.3186702791446,94.6004689900188,95.11646270751953,90500600
2006-10-18T00:00:00Z,95.55574940033165,95.78585428806373,94.90031168826062,95.24197387695312,86848600
2006-10-19T00:00:00Z,95.10252024532565,95.44419307722313,94.99095230351776,95.39537811279297,64063200
2006-10-20T00:00:00Z,95.41629791259766,95.49299954434834,95.06068705977442,95.41629791259766,48094500
2006-10-23T00:00:00Z,95.22104494378856,96.08568042201092,95.10250801075618,95.85557556152344,66219900
2006-10-24T00:00:00Z,95.72311261453841,96.17634279741426,95.68127729177519,96.14148712158203,53234900
2006-10-25T00:00:00Z,96.04384907364313,96.51102781947957,95.88346618141742,96.46919250488281,78105400
2006-10-26T00:00:00Z,96.68532658235,96.92240040391042,96.21116829952798,96.76899719238281,66843700
2006-10-27T00:00:00Z,96.65044975381846,96.74806900145717,95.9671150203476,96.162353515625,80238000
2006-10-30T00:00:00Z,95.98804021962988,96.36456859307721,95.80673971711379,96.0926284790039,49717800
2006-10-31T00:00:00Z,96.2739387453298,96.40641367407181,95.70216116356161,96.07868957519531,71274100
2006-11-01T00:00:00Z,96.37852755634249,96.44128051868339,95.33260229185291,95.43022155761719,83005600
2006-11-02T00:00:00Z,95.18620397404437,95.53484586036896,95.0816156640294,95.37447357177734,60693100
2006-11-03T00:00:00Z,95.71610927266886,95.79977988818153,94.56558511086011,95.20708465576172,71346400
2006-11-06T00:00:00Z,95.49999040177268,96.42039945112612,95.49301075461838,96.28094482421875,63303300
2006-11-07T00:00:00Z,96.3646009492464,96.90848136001075,96.22514634335633,96.6504898071289,63318900
2006-11-08T00:00:00Z,96.22512672450895,96.95727655578806,95.43022392932936,96.85965728759766,87517800
2006-11-09T00:00:00Z,96.92941668850457,97.02006698672506,96.15543124906215,96.35066986083984,95916300
2006-11-10T00:00:00Z,96.32277682954515,96.46223145164764,96.0299189312182,96.39250946044922,48991500
2006-11-13T00:00:00Z,96.35067298413654,96.95033749395138,96.27398197817949,96.62959289550781,59398200
2006-11-14T00:00:00Z,96.90149863383215,97.43840996218006,96.30880334308549,97.35472869873047,96704000
2006-11-15T00:00:00Z,97.31986863941333,97.93347091869863,97.29197133962165,97.6336441040039,76509600
2006-11-16T00:00:00Z,97.92652465075335,98.09386592954796,97.26410726287989,97.88468933105469,76728800
2006-11-17T00:00:00Z,97.57087151755829,97.91951325494345,97.4314169505445,97.91254425048828,56353800
2006-11-20T00:00:00Z,97.82891390585834,98.13572046339505,97.57789132602883,97.96836853027344,69174200
2006-11-21T00:00:00Z,97.9613754624205,98.08688140165653,97.82191023255398,98.06596374511719,51367900
2006-11-22T00:00:00Z,98.14263253961714,98.42852126963702,97.96831170029277,98.26116943359375,45505300
2006-11-24T00:00:00Z,97.7870297831701,98.20539344763648,97.75913248838535,97.86373138427734,30998000
2006-11-27T00:00:00Z,97.81493797311653,97.86375292988663,96.49010345108097,96.51799011230469,84545100
2006-11-28T00:00:00Z,96.39246013634154,97.0339595815217,96.30180989049317,96.93634033203125,106652900
2006-11-29T00:00:00Z,97.25011195834033,97.98923062433707,96.9781718710453,97.94739532470703,90034900
2006-11-30T00:00:00Z,97.92652771916933,98.35187121560813,97.45236925508259,97.9892807006836,83994300
2006-12-01T00:00:00Z,97.98927330079214,98.07992358260391,96.9015124778686,97.77311706542969,126080000
2006-12-04T00:00:00Z,97.79404043768287,98.70051138964519,97.78009178434974,98.51921081542969,87813200
2006-12-05T00:00:00Z,98.70750610823302,98.98642604902462,98.49831881256627,98.944580078125,73374400
2006-12-06T00:00:00Z,98.92361569908823,99.06308092348006,98.66562418542841,98.8608627319336,53253200
2006-12-07T00:00:00Z,99.03519169428498,99.22346125079603,98.39369204066975,98.42855834960938,62857400
2006-12-08T00:00:00Z,98.40763284087527,98.94453352483576,98.163579337473,98.6098403930664,79625500
2006-12-11T00:00:00Z,98.60980982108671,99.07698838759501,98.55402587646937,98.89569854736328,39779400
2006-12-12T00:00:00Z,98.79809022195458,98.92359613143807,98.24026135383741,98.81900787353516,77451600
2006-12-13T00:00:00Z,99.17462935848229,99.25133096917291,98.70745068962188,98.9236068725586,55520200
2006-12-14T00:00:00Z,98.91663840632738,99.87889304755687,98.90268975711628,99.79521179199219,64755200
2006-12-15T00:00:00Z,100.01468162342057,100.1899737610597,99.73421848279118,99.80432891845703,70857400
2006-12-18T00:00:00Z,99.94458603064597,100.18299152998927,99.39066744169922,99.53089904785156,48954600
2006-12-19T00:00:00Z,99.25045587204242,99.95863258041786,98.9980346504156,99.7202377319336,65023600
2006-12-20T00:00:00Z,99.76224854552234,100.02869598643397,99.57293006387557,99.6640853881836,41469600
2006-12-21T00:00:00Z,99.75527321215752,99.86745207210491,99.08916509184618,99.29950714111328,48698400
2006-12-22T00:00:00Z,99.3135232888063,99.32053112339884,98.63338886888543,98.68948364257812,62069100
2006-12-26T00:00:00Z,98.73151308831544,99.29244990491081,98.71047889385386,99.27141571044922,32696900
2006-12-27T00:00:00Z,99.47476792468524,99.9866286136736,99.4467258932936,99.92351531982422,39727100
2006-12-28T00:00:00Z,99.85344266754336,100.05677689425639,99.55895308110419,99.71321105957031,37288800
2006-12-29T00:00:00Z,99.60802307868533,99.94458105649791,99.16628337725398,99.29950714111328,45461200
2007-01-03T00:00:00Z,99.74120765812714,100.16892082191384,98.56324984906401,99.12417602539062,94807600
2007-01-04T00:00:00Z,99.02602546520656,99.60098877771983,98.59130441358693,99.33454132080078,69620600
2007-01-05T00:00:00Z,99.09617321951771,99.14524946482975,98.43006509724118,98.54224395751953,76645300
2007-01-08T00:00:00Z,98.73859495605672,99.15228197780507,98.33892360695332,98.9980239868164,71655000
2007-01-09T00:00:00Z,99.08214540258892,99.2854903131571,98.44407932995578,98.91387176513672,75680100
2007-01-10T00:00:00Z,98.57029985335326,99.26446073716747,98.37397346784762,99.24341583251953,72428000
2007-01-11T00:00:00Z,99.27140644056664,100.00061674476163,99.21531169424719,99.67808532714844,54476800
2007-01-12T00:00:00Z,99.6710745238907,100.43535614013672,99.6430324980465,100.43535614013672,55370600
2007-01-16T00:00:00Z,100.31621132159823,100.57564031763951,100.0778058317109,100.23908233642578,44871300
2007-01-17T00:00:00Z,100.16193056135754,100.58964380018054,100.07778306096124,100.2811279296875,50241400
2007-01-18T00:00:00Z,100.38629678588624,100.44939938559762,99.78329142435149,99.9445571899414,68177300
2007-01-19T00:00:00Z,99.9445626168025,100.3372260006205,99.88847854666888,100.14089965820312,56973000
2007-01-22T00:00:00Z,100.3161978829044,100.33723208522586,99.51685539875324,99.83238983154297,60253600
2007-01-23T00:00:00Z,99.74822459978856,100.32318789170485,99.60799304290083,100.12686157226562,54064400
2007-01-24T00:00:00Z,100.2460700857722,100.95424648119814,100.20400168392278,100.93321228027344,55834700
2007-01-25T00:00:00Z,100.87011160925415,100.91218001190921,99.57294546614492,99.74823760986328,73583800
2007-01-26T00:00:00Z,99.96559745359765,100.02168151808546,99.27143679201174,99.6570816040039,67255600
2007-01-29T00:00:00Z,99.69915346014206,100.12686668482733,99.38362976628825,99.60099029541016,66114600
2007-01-30T00:00:00Z,99.81136780885309,100.16895999093758,99.60802289628695,100.119873046875,70407600
2007-01-31T00:00:00Z,100.0076861878776,101.05943914410213,99.84640969798778,100.7929916381836,91868600
2007-02-01T00:00:00Z,101.0734310007618,101.43103376897719,100.90515741476098,101.3959732055664,69312400
2007-02-02T00:00:00Z,101.4801295927425,101.63438754234919,101.23472699944742,101.53622436523438,49607000
2007-02-05T00:00:00Z,101.45908069483029,101.62736498793117,101.20665960467014,101.56426239013672,45705300
2007-02-06T00:00:00Z,101.64840281080025,101.69047121082956,101.19965537884976,101.5923080444336,57081300
2007-02-07T00:00:00Z,101.75359811168184,101.92188245097148,101.3679638866608,101.81671142578125,55669700
2007-02-08T00:00:00Z,101.51518736684699,101.75358211913334,101.15759523841747,101.6834716796875,70641000
2007-02-09T00:00:00Z,101.71153695902568,101.90085551686181,100.54058643275413,100.92623138427734,79084400
2007-02-12T00:00:00Z,100.92621809476731,100.99632854100314,100.40034160256779,100.5826416015625,65657000
2007-02-13T00:00:00Z,100.80702111238922,101.59933442184588,100.80000257844819,101.43106079101562,64081800
2007-02-14T00:00:00Z,101.52923824569058,102.3005174597,101.5152118748217,102.09718322753906,66039400
2007-02-15T00:00:00Z,102.13925235204088,102.33557874962688,101.97096799740164,102.23040771484375,38715200
2007-02-16T00:00:00Z,101.97797072957377,102.20233913533772,101.83072060470947,102.18130493164062,39841800
2007-02-20T00:00:00Z,102.06213883808229,102.51088648618727,101.6694859833639,102.39869689941406,56911800
2007-02-21T00:00:00Z,102.09718414021033,102.41972647916073,101.91488411323002,102.35661315917969,63971600
2007-02-22T00:00:00Z,102.40566536104029,102.66509429198318,101.78863363449221,102.27944946289062,79067400
2007-02-23T00:00:00Z,102.18832243498032,102.2233723081323,101.6904879882054,101.87980651855469,71966200
2007-02-26T00:00:00Z,102.25143204842271,102.33556886812497,101.49416857414671,101.78865814208984,69192800
2007-02-27T00:00:00Z,100.88413279326666,101.10850116222726,97.4624269000091,97.8130111694336,274466500
2007-02-28T00:00:00Z,98.43705513718433,99.55191059598705,98.02336824854432,98.81568145751953,177536300
2007-03-01T00:00:00Z,97.70082092797844,99.04005539523806,96.7963182269655,98.52118682861328,212828600
2007-03-02T00:00:00Z,98.19866467671268,98.62637795113773,97.2240407496109,97.23104858398438,162574000
2007-03-05T00:00:00Z,96.7121951706626,97.86912996317929,96.2915003634628,96.30552673339844,143750400
2007-03-06T00:00:00Z,97.30819600736774,98.24775954277301,96.5649588614804,97.9532699584961,143333300
2007-03-07T00:00:00Z,97.87613674424661,98.48616079154205,97.74291297875698,97.8551025390625,115144900
2007-03-08T00:00:00Z,98.5422375689184,98.97696940813434,98.21269814579702,98.68247985839844,117891600
2007-03-09T00:00:00Z,99.0821287394296,99.15925770995237,98.21969439557193,98.71051025390625,107765100
2007-03-12T00:00:00Z,98.45807876139526,99.10315249276915,98.27577880437073,98.85774993896484,80366900
2007-03-13T00:00:00Z,98.28983509144452,98.7035328055956,96.78933432033357,96.93658447265625,190605200
2007-03-14T00:00:00Z,97.06274732580106,97.71483957415947,95.88478941764406,97.65874481201172,231853800
2007-03-15T00:00:00Z,97.44137745534525,98.1565722487963,97.32218010626694,97.79196166992188,132435900
2007-03-16T00:00:00Z,98.06724557674583,98.2925146701382,97.22954359050303,97.5181655883789,121531600
2007-03-19T00:00:00Z,98.03204917599219,98.78528064780109,97.95461426525875,98.69376373291016,96161200
2007-03-20T00:00:00Z,98.6092792387919,99.29211133462272,98.52480870864225,99.23579406738281,82147400
2007-03-21T00:00:00Z,99.32729401220276,101.12235691995288,99.130188981223,100.86893463134766,152368700
2007-03-22T00:00:00Z,101.00269859109052,101.14348638091457,100.5169715859907,100.79151153564453,118942200
2007-03-23T00:00:00Z,100.86192666447074,101.23501919982205,100.77040975305273,100.93936157226562,74416800
2007-03-26T00:00:00Z,101.01676716653765,101.12235530951719,100.02419565685634,100.80558013916016,113787500
2007-03-27T00:00:00Z,100.74928435882232,100.77744836389944,100.23540405108238,100.5662612915039,99864600
2007-03-28T00:00:00Z,100.05944112795743,100.29174589036295,99.43996176154268,99.83418273925781,152907900
2007-03-29T00:00:00Z,100.3409811385716,100.39026277130533,99.39065552984204,99.93973541259766,139432700
2007-03-30T00:00:00Z,100.12980536510922,100.55216872410251,98.94716432880492,99.96085357666016,128194100
2007-04-02T00:00:00Z,100.07344055175783,100.28462750161742,99.59474941598175,100.07344055175781,79416400
2007-04-03T00:00:00Z,100.64371370630285,101.35469920761804,100.60147843275854,101.15055847167969,82417800
2007-04-04T00:00:00Z,101.15050332172761,101.33352632110478,100.77741095360936,101.26313781738281,63995200
2007-04-05T00:00:00Z,101.13647839618028,101.67852281365941,101.0942431218302,101.53773498535156,46822800
2007-04-09T00:00:00Z,101.82632837809322,101.93192728683238,101.47435349847117,101.67850494384766,50967400
2007-04-10T00:00:00Z,101.6010212420972,101.96707794868637,101.55878599545532,101.79812622070312,56620000
2007-04-11T00:00:00Z,101.94599727750673,101.97415053833407,101.04493180973793,101.3828353881836,106365700
2007-04-12T00:00:00Z,101.18571879590442,102.01637416330321,100.9041325126535,101.8333511352539,115534400
2007-04-13T00:00:00Z,102.0023129192762,102.29798126220703,101.62218478631178,102.29798126220703,84287000
2007-04-16T00:00:00Z,102.65698401939083,103.38205133680586,102.64994838944051,103.26941680908203,83064600
2007-04-17T00:00:00Z,103.45949004309442,103.76218326340533,103.23422097934848,103.54396057128906,108424100
2007-04-18T00:00:00Z,103.1990473559439,103.97338570894428,103.17792972077073,103.67069244384766,88345300
2007-04-19T00:00:00Z,103.163828828935,103.76217961832776,103.03007666971196,103.64250946044922,102947700
2007-04-20T00:00:00Z,104.33944182827048,104.62101745605469,103.50877546589024,104.62101745605469,124114100
2007-04-23T00:00:00Z,104.44497584445217,104.6983980746171,104.16340036267609,104.22675323486328,77270800
2007-04-24T00:00:00Z,104.3464855129749,104.46615570109046,103.70589929911186,104.26905059814453,114471000
2007-04-25T00:00:00Z,104.69846276031593,105.35314173497807,104.19866436016123,105.22642517089844,108418800
2007-04-26T00:00:00Z,105.23339219765172,105.4516147775238,104.95885238081028,105.34601593017578,88741600
2007-04-27T00:00:00Z,104.95187991713654,105.4094537616934,104.7758924557121,105.2616195678711,108191100
2007-04-30T00:00:00Z,105.33900804432747,105.40940729443227,104.33236536461712,104.388671875,100874100
2007-05-01T00:00:00Z,104.4802320256865,105.21938149225946,103.95226965548038,104.65621948242188,134342700
2007-05-02T00:00:00Z,104.81813400047278,105.5572835309729,104.71254581386827,105.26866149902344,87129800
2007-05-03T00:00:00Z,105.5713780200284,105.87407135170305,105.40242616005996,105.83888244628906,86569700
2007-05-04T00:00:00Z,106.12039639184029,106.38085429233105,105.74730398357379,106.24006652832031,96409000
2007-05-07T00:00:00Z,106.2118833049405,106.43714151551865,106.16260169366146,106.26115417480469,63461400
2007-05-08T00:00:00Z,106.00075981830467,106.24010016704689,105.68398456362571,106.12042999267578,80584000
2007-05-09T00:00:00Z,106.04297028974123,107.57758604633771,105.852900884811,106.40902709960938,102070100
2007-05-10T00:00:00Z,106.10632888636226,106.31048030226862,105.0785684014232,105.29679107666016,153617800
2007-05-11T00:00:00Z,105.41647605823586,106.24713161520005,105.39535842485004,106.19786071777344,113408900
2007-05-14T00:00:00Z,106.19783504802075,106.50757458470468,105.44460383459227,105.96553039550781,108027500
2007-05-15T00:00:00Z,106.08526535326251,106.76106209542496,105.72625471170969,105.99375915527344,180673300
2007-05-16T00:00:00Z,106.15559583291663,106.7398752568884,105.85993830658474,106.71875762939453,114166500
2007-05-17T00:00:00Z,106.56390851225893,106.9722006252715,106.37383908657277,106.5075912475586,101132800
2007-05-18T00:00:00Z,107.0073351634588,107.4367446899414,106.86654744392989,107.4367446899414,99182000
2007-05-21T00:00:00Z,107.40868006423837,107.86624321559093,107.35236278167717,107.3805160522461,174664600
2007-05-22T00:00:00Z,107.49309500651587,107.81691652835993,107.26783673423036,107.29598999023438,82148800
2007-05-23T00:00:00Z,107.66907661034942,108.05625099346285,107.25374897274465,107.31006622314453,133786600
2007-05-24T00:00:00Z,107.3734452078461,107.8521365819222,106.113379990714,106.33863830566406,187593000
2007-05-25T00:00:00Z,106.6483752241691,107.01443206091884,106.42310617342478,106.7821273803711,83309200
2007-05-29T00:00:00Z,106.95810922593294,107.35231930277841,106.61317003798368,107.16929626464844,82020000
2007-05-30T00:00:00Z,106.62023503373234,108.08444107738403,106.5357537586372,108.04220581054688,129013600
2007-05-31T00:00:00Z,108.17597959624199,108.3308494332011,107.78880500384425,107.92960357666016,114866700
2007-06-01T00:00:00Z,108.32378892213359,108.68983505139981,108.06332021538505,108.4645767211914,107771700
2007-06-04T00:00:00Z,108.08440929471153,108.68277070940937,108.04217404029384,108.47863006591797,78008800
2007-06-05T00:00:00Z,108.22525045754344,108.33787426657805,107.60577117145431,108.04926300048828,126917900
2007-06-06T00:00:00Z,107.60572684912911,107.66907972963293,106.8243424319962,106.8876953125,164096800
2007-06-07T00:00:00Z,106.69057185421624,107.352286024403,104.93069831283259,104.9588623046875,232414600
2007-06-08T00:00:00Z,105.29679393056449,106.43015333971697,104.95185472206776,106.32455444335938,175886000
2007-06-11T00:00:00Z,106.24712255564201,106.9651542537965,106.08521713301597,106.5075912475586,102015600
2007-06-12T00:00:00Z,106.06404727476671,106.67647977200961,105.27562744002508,105.34601593017578,233898000
2007-06-13T00:00:00Z,105.94442300750946,107.04962912101057,105.39534313628573,106.92291259765625,193208200
2007-06-14T00:00:00Z,107.04261190050545,107.78879701889144,107.02149426443205,107.60577392578125,146396500
2007-06-15T00:00:00Z,108.26750083548814,108.63513543929842,108.119029487965,108.218017578125,154030800
2007-06-18T00:00:00Z,108.43717758999362,108.44424354434355,107.92814839616847,108.09075164794922,88537500
2007-06-19T00:00:00Z,107.85037633983613,108.43717416383637,107.71604769741586,108.35940551757812,110851700
2007-06-20T00:00:00Z,108.57855757319851,108.57855757319851,106.72626373753377,106.853515625,177119700
2007-06-21T00:00:00Z,106.81112180151389,107.53931430705751,106.22432390902115,107.44740295410156,205262000
2007-06-22T00:00:00Z,107.12216876110801,107.29891467871055,105.9415073260488,106.43639373779297,204964700
2007-06-25T00:00:00Z,106.2172723190076,106.93132222349976,105.35475103871624,105.92740631103516,232014400
2007-06-26T00:00:00Z,106.19603370907241,106.37277964636434,104.83154946356652,104.83861541748047,198445700
2007-06-27T00:00:00Z,104.72551493552606,106.45055715315351,104.67602089085992,106.33036041259766,213638000
2007-06-28T00:00:00Z,106.31621551513672,107.04440788542817,105.81425232616408,106.31621551513672,157705000
2007-06-29T00:00:00Z,106.68383042582006,107.21406817304126,105.44660901563725,106.35154724121094,199701800
2007-07-02T00:00:00Z,106.66264836705788,107.40498355575454,106.5919564557689,107.31307220458984,103357000
2007-07-03T00:00:00Z,107.58877668390964,107.81501665105131,107.4544588395991,107.70189666748047,54048400
2007-07-05T00:00:00Z,107.74433583500219,107.85745584153482,107.19996603053437,107.58879852294922,89279000
2007-07-06T00:00:00Z,107.73018178380984,108.28869417123579,107.41203048235994,108.15436553955078,81109000
2007-07-09T00:00:00Z,108.28159117145054,108.42298570832243,107.89981405541366,108.23917388916016,72348100
2007-07-10T00:00:00Z,107.6665470420412,107.89278701279267,106.59193954411842,106.69798278808594,180362600
2007-07-11T00:00:00Z,106.57782671090132,107.49690797109294,106.41522342868636,107.4544906616211,175607600
2007-07-12T00:00:00Z,107.72309695469731,109.40572151963664,107.70188830788838,109.15120697021484,133882500
2007-07-13T00:00:00Z,109.27849345391522,109.90770861770622,109.15123075761261,109.47644805908203,111794300
2007-07-16T00:00:00Z,109.57544607062655,109.9572126562517,109.28558006266512,109.46232604980469,98378700
2007-07-17T00:00:00Z,109.53294490194415,109.92178797179544,109.35619903271281,109.40569305419922,126201300
2007-07-18T00:00:00Z,109.03812942003695,109.44111544162988,108.3806395377143,109.20780944824219,237887400
2007-07-19T00:00:00Z,109.72385854517813,109.95716444042483,109.40571806537417,109.6319580078125,145212700
2007-07-20T00:00:00Z,109.50471013262322,109.57541282111262,108.04832536655293,108.52200317382812,245502500
2007-07-23T00:00:00Z,109.00274673660346,109.38452399340682,108.38060838743402,108.85428619384766,121183900
2007-07-24T00:00:00Z,108.25338771741748,109.07349175472393,106.58490502911668,106.96668243408203,256732400
2007-07-25T00:00:00Z,107.47565689957445,107.73723739656016,106.22429282543033,107.185791015625,265214500
2007-07-26T00:00:00Z,106.18190449037843,106.61316506361592,103.49536374501618,104.64775085449219,467592500
2007-07-27T00:00:00Z,104.78207776312382,105.24867889035391,102.54800628039229,102.59042358398438,422987600
2007-07-30T00:00:00Z,103.17013167370337,104.49926455276751,102.71766251304345,104.19526672363281,283017500
2007-07-31T00:00:00Z,104.86690316821978,105.6657982748246,102.54092053999935,103.02167510986328,316976700
2007-08-01T00:00:00Z,102.63985313700633,103.93363415819272,101.7702665052196,103.5235824584961,467670000
2007-08-02T00:00:00Z,103.75692504747822,104.46390875510329,102.6964494860406,104.35079956054688,294758400
2007-08-03T00:00:00Z,104.12456899777649,104.33666628675807,101.24007391568917,101.66426849365234,359398200
2007-08-06T00:00:00Z,101.9541204199197,103.8064141945628,100.76638223745465,103.36808776855469,324980000
2007-08-07T00:00:00Z,103.17721146906591,105.34058004461882,102.67524825380185,104.47099304199219,232568700
2007-08-08T00:00:00Z,104.92349039857055,106.46471022838104,104.16701239547939,105.92740631103516,274930600
2007-08-09T00:00:00Z,104.23057940018317,105.30519741469918,102.71763503756884,102.78833770751953,357622100
2007-08-10T00:00:00Z,102.08136199766611,103.57309783138781,101.1834898013666,102.30760192871094,411018400
2007-08-13T00:00:00Z,103.573127273308,103.84885052532555,102.52679426407691,102.67525482177734,181917200
2007-08-14T00:00:00Z,103.00752367148745,103.26203823682208,100.90071525093232,101.1057357788086,264134500
2007-08-15T00:00:00Z,100.90071275306995,102.1308682530199,99.41604269408606,99.71297454833984,323834000
2007-08-16T00:00:00Z,98.82924569253849,101.05625079799725,96.85676593576962,100.46238708496094,546743700
2007-08-17T00:00:00Z,102.86611422844318,103.08527741932183,99.96041118883223,102.30760192871094,388218100
2007-08-20T00:00:00Z,102.63285644490483,102.84495378273257,101.30372319638839,102.2581558227539,187320400
2007-08-21T00:00:00Z,102.2298624914102,103.19842685193811,101.9046451945997,102.4631576538086,157066400
2007-08-22T00:00:00Z,103.22671469834978,103.7852380169168,102.74597082751461,103.67918395996094,173156700
2007-08-23T00:00:00Z,104.16697075232847,104.38613396273928,102.94389203079146,103.58724975585938,203915300
2007-08-24T00:00:00Z,103.55898090643014,104.86690521240234,103.41758630820199,104.86690521240234,128901900
2007-08-27T00:00:00Z,104.52749634432655,104.86684534388291,103.73566762841475,103.89120483398438,113024300
2007-08-28T00:00:00Z,103.33271518171375,103.39634111026906,101.42386181106667,101.60767364501953,219790700
2007-08-29T00:00:00Z,102.06724120035193,103.74280003441424,101.77738605962774,103.60139465332031,207654200
2007-08-30T00:00:00Z,102.83077428620581,104.06092977522918,102.73179700233369,103.3256607055664,191817300
2007-08-31T00:00:00Z,104.38615204248043,104.9870925777088,103.8064309456033,104.34373474121094,185477500
2007-09-04T00:00:00Z,104.24475351913463,106.0334215734588,104.20940217350167,105.39714050292969,120062000
2007-09-05T00:00:00Z,104.77496565280187,104.88808561600732,103.92658750418792,104.48509979248047,166261800
2007-09-06T00:00:00Z,104.59825457505067,105.06486648781694,104.01145670676287,104.72551727294922,127878400
2007-09-07T00:00:00Z,103.55901264918094,103.84887867641358,102.69649131157922,103.26915740966797,235447600
2007-09-10T00:00:00Z,103.58721927787396,103.7286138119196,102.03892377895234,103.07111358642578,192305900
2007-09-11T00:00:00Z,103.38933374767318,104.42152424376064,103.31156508390889,104.27306365966797,162081900
2007-09-12T00:00:00Z,104.13165032798618,104.94468825784934,103.9124870525062,104.54170227050781,149554600
2007-09-13T00:00:00Z,105.02241723204962,105.65869816480698,104.77496865391412,105.27693176269531,154079000
2007-09-14T00:00:00Z,104.60531891882354,105.40420320939079,104.44978163300355,105.2698745727539,121911000
2007-09-17T00:00:00Z,104.85274519588374,105.09311705193676,104.37200148377768,104.70428466796875,109870800
2007-09-18T00:00:00Z,105.22037390180785,107.81500250359827,104.72548752326854,107.78672790527344,263759500
2007-09-19T00:00:00Z,108.45837075131375,109.15121174873813,107.96348432458204,108.42301940917969,193779900
2007-09-20T00:00:00Z,108.40888591416997,108.47251186278145,107.53929891999871,107.65948486328125,175186800
2007-09-21T00:00:00Z,108.47564296391762,108.76687309752144,107.78661473089088,107.94998931884766,141457500
2007-09-24T00:00:00Z,108.2696496463658,108.55379117383643,107.5166935666279,107.75110626220703,139450200
2007-09-25T00:00:00Z,107.12598213111262,107.72977325988825,106.88447001515783,107.53797912597656,142289900
2007-09-26T00:00:00Z,108.14888072136904,108.51825924377943,107.53799005845137,108.10626220703125,135547000
2007-09-27T00:00:00Z,108.61769653118772,108.75266237401415,108.10625272620797,108.74555206298828,102713300
2007-09-28T00:00:00Z,108.57514844800893,108.8166607239931,107.95714712677254,108.38335418701172,133372100
2007-10-01T00:00:00Z,108.39753823642262,109.92475996827595,108.3265001302881,109.60511016845703,148162300
2007-10-02T00:00:00Z,109.82529594250644,109.8537046771802,109.25702369900755,109.45591735839844,112978800
2007-10-03T00:00:00Z,109.25701177305064,109.68321861887505,108.68873959158152,109.23570251464844,119055900
2007-10-04T00:00:00Z,109.47020834718263,109.57675472985683,109.1008294890795,109.40628051757812,76864400
2007-10-05T00:00:00Z,110.12362611753481,110.88369247529205,109.83949544184249,110.70610809326172,134579700
2007-10-08T00:00:00Z,110.37939868593865,110.4504368068881,109.93899268495933,110.1165771484375,71280400
2007-10-09T00:00:00Z,110.52854335229532,111.16784290565263,110.12364568664789,111.15363311767578,94054300
2007-10-10T00:00:00Z,110.84107433064455,111.12521587396863,110.39356901310796,110.96894073486328,101711100
2007-10-11T00:00:00Z,111.47328997436838,111.8923974546115,109.77558330620285,110.43620300292969,233529100
2007-10-12T00:00:00Z,110.42910590902747,111.06130604162718,110.29414000899608,111.0470962524414,124546700
2007-10-15T00:00:00Z,111.00448380045806,111.06841159695355,109.34939553374629,110.10945129394531,161151900
2007-10-16T00:00:00Z,109.68321861887505,109.76135617931317,109.01549961856561,109.23570251464844,166525700
2007-10-17T00:00:00Z,110.08813884721637,110.16627643141756,108.30519503903555,109.56959533691406,216687300
2007-10-18T00:00:00Z,109.00129091007916,109.52694457993645,108.73846949459575,109.1717758178711,148367500
2007-10-19T00:00:00Z,108.74560755602145,111.15365218375928,106.3091541863494,106.31625366210938,297169900
2007-10-22T00:00:00Z,105.74085737464776,107.09049450213065,105.5987920200009,106.93421936035156,261989800
2007-10-23T00:00:00Z,107.58772680958683,107.93578526157735,106.7282136311988,107.80081939697266,180085100
2007-10-24T00:00:00Z,107.41014537702382,107.78662341026434,105.72663801821254,107.6019287109375,326694200
2007-10-25T00:00:00Z,107.72270012810122,108.17731578987518,106.46541029345767,107.857666015625,237374500
2007-10-26T00:00:00Z,108.72429054976813,109.12207794189453,107.90029618670998,109.12207794189453,176484000
2007-10-29T00:00:00Z,109.3422987605563,109.7045779966843,109.07237775118294,109.484375,106841000
2007-10-30T00:00:00Z,109.00131256693228,109.2144160342899,108.58931542041223,108.72428131103516,132981600
2007-10-31T00:00:00Z,109.37777386848299,110.29411538575737,108.56798948797287,109.85369873046875,220954400
2007-11-01T00:00:00Z,108.88760022132101,108.97284806797825,106.96969167428229,107.28224182128906,333040800
2007-11-02T00:00:00Z,107.63748130699953,107.9713409256575,105.98950331856973,107.40306854248047,331228200
2007-11-05T00:00:00Z,106.29494817010487,107.37466466314537,105.81902314382454,106.58618927001953,226841000
2007-11-06T00:00:00Z,107.16150591616355,108.0494277102326,106.47957720920729,108.0210189819336,177800500
2007-11-07T00:00:00Z,106.86323215111395,107.35336702138923,104.8103561162783,105.06607818603516,306639700
2007-11-08T00:00:00Z,105.12285323037949,105.41408337531243,103.0486689777058,104.53327178955078,374509900
2007-11-09T00:00:00Z,103.48910711438121,104.80322543054729,102.92083475438524,103.09841918945312,277745100
2007-11-12T00:00:00Z,103.14813251034556,104.14260086150261,102.07551574707033,102.07551574707031,243087800
2007-11-13T00:00:00Z,103.261770849554,105.35016507531488,103.15522454778714,105.1867904663086,191117400
2007-11-14T00:00:00Z,105.99661759974268,106.12447321339678,104.26339146646013,104.89559173583984,230558800
2007-11-15T00:00:00Z,104.1142186505343,104.76772813906004,102.65802396335762,103.38256072998047,263111100
2007-11-16T00:00:00Z,103.92945229646284,104.04310886980669,102.69347228773263,103.56007385253906,308770600
2007-11-19T00:00:00Z,103.19786519497765,103.25469351440154,101.71326193129445,102.11814880371094,267746000
2007-11-20T00:00:00Z,102.30281167855446,103.37541742140839,100.94606442710692,102.74321746826172,414767500
2007-11-21T00:00:00Z,101.63509642901174,102.22467788732837,100.63351789721274,100.64061737060547,259012400
2007-11-23T00:00:00Z,101.62801003216529,102.53013101919858,101.3651777383461,102.38096618652344,77688400
2007-11-26T00:00:00Z,102.59407309446101,102.91373374393015,99.91610765758521,100.12210083007812,214232000
2007-11-27T00:00:00Z,100.68325328113934,101.74164934675285,100.12208051875739,101.27283477783203,293897900
2007-11-28T00:00:00Z,102.42356136857144,104.75346739930801,102.38804232735072,104.51195526123047,258596900
2007-11-29T00:00:00Z,104.14971322067663,104.93108904960486,103.78034540963186,104.54750061035156,199409900
2007-11-30T00:00:00Z,105.86869100783973,106.45827240441945,104.65402001254415,105.59877014160156,222908000
2007-12-03T00:00:00Z,105.26489740658629,105.44958122221132,104.62558726532149,104.90261840820312,146430400
2007-12-04T00:00:00Z,104.17813033457954,104.80322014403981,103.92950780246808,103.96502685546875,136533900
2007-12-05T00:00:00Z,105.08021420920782,105.98234580931742,105.00918696724848,105.70531463623047,171130000
2007-12-06T00:00:00Z,105.57752782700958,107.41020094928174,105.53490928631197,107.2184066772461,154457400
2007-12-07T00:00:00Z,107.55933559369053,107.61616391160479,106.94134524957471,107.19706726074219,148980100
2007-12-10T00:00:00Z,107.4598801709237,108.1489085671658,107.16153965485378,108.02815246582031,123914300
2007-12-11T00:00:00Z,108.07080437650623,108.60355778525835,105.00924985510076,105.06607818603516,250346400
2007-12-12T00:00:00Z,107.30359111873487,107.80793556033206,104.56168767702077,106.10311889648438,322435600
2007-12-13T00:00:00Z,105.3572612493693,106.11731672405523,104.63271397791301,105.88290405273438,237551300
2007-12-14T00:00:00Z,105.0802580609534,105.91136276593753,104.49068726720674,104.5404052734375,159152900
2007-12-17T00:00:00Z,104.14262916768327,104.32731310055502,102.89953797141614,103.04871368408203,177269400
2007-12-18T00:00:00Z,103.78033673719912,104.05025767826912,102.26021457431736,103.62406158447266,245569300
2007-12-19T00:00:00Z,103.66668010996304,104.34149872097687,102.95634244807637,103.62406158447266,198917200
2007-12-20T00:00:00Z,104.30599663260764,104.32020642304613,103.12683332078306,104.277587890625,214813800
2007-12-21T00:00:00Z,105.23807092314837,105.98788634889051,105.03812159580662,105.78079986572266,146084400
2007-12-24T00:00:00Z,106.27352353413153,106.74482638093028,106.0307186111154,106.56629943847656,45601400
2007-12-26T00:00:00Z,106.152134307855,106.88766456850868,106.04502248209835,106.79483795166016,67093100
2007-12-27T00:00:00Z,106.41635094601953,106.42348810154559,105.20236982493098,105.45230102539062,122981700
2007-12-28T00:00:00Z,106.07350497249759,106.12349771916026,104.90236931021391,105.18801879882812,116398100
2007-12-31T00:00:00Z,105.04523091781286,105.40942186624625,104.30255292172265,104.40967559814453,108126800
2008-01-02T00:00:00Z,104.63822051381771,104.96671491335682,102.74583910379492,103.49564361572266,204935600
2008-01-03T00:00:00Z,103.48135575983002,103.89553955876686,102.881507870233,103.44564819335938,125133300
2008-01-04T00:00:00Z,102.36016745811017,102.43158256739036,100.62489144604292,100.91053009033203,232330900
2008-01-07T00:00:00Z,101.26761053279222,101.56753445726493,100.04649247575463,100.82486724853516,234991000
2008-01-08T00:00:00Z,101.46040549465808,102.0459680396236,98.86105435928023,99.19668579101562,326365700
2008-01-09T00:00:00Z,99.32522384097254,100.53920458623716,98.33261470911052,100.2392807006836,301824900
2008-01-10T00:00:00Z,99.74654184998191,101.97456491597741,99.5251702429298,100.89625549316406,335701200
2008-01-11T00:00:00Z,100.53205982157903,101.33185678916878,99.26094925676684,100.08216857910156,267076600
2008-01-14T00:00:00Z,100.80337922274964,101.30325210457053,100.26065075413419,100.88906860351562,170365500
2008-01-15T00:00:00Z,99.82507876779613,101.0390701879527,98.47541608087863,98.66822814941406,239940100
2008-01-16T00:00:00Z,98.08983058964435,99.34665617385471,97.31859299373626,97.81846618652344,378802600
2008-01-17T00:00:00Z,98.4111814777821,98.46117424761387,94.92633237653504,95.28338623046875,397892600
2008-01-18T00:00:00Z,96.21887564697013,96.41882493172682,93.6195240487145,94.30506134033203,348561500
2008-01-22T00:00:00Z,90.84164765202466,94.56928558913839,89.977577914724,93.3481674194336,435923700
2008-01-23T00:00:00Z,90.75594931967404,95.82611859080123,90.57742238613321,95.59046173095703,511913000
2008-01-24T00:00:00Z,96.03316760858834,96.73300076071742,95.19766319284082,96.39736938476562,259949300
2008-01-25T00:00:00Z,97.48282172554475,97.66134862036611,94.69066937181555,95.00486755371094,269603900
2008-01-28T00:00:00Z,95.16197163005715,96.77586172510009,94.30504471836558,96.57591247558594,217934600
2008-01-29T00:00:00Z,97.19008745390559,97.44001867566593,96.31887496296841,97.05440521240234,168968300
2008-01-30T00:00:00Z,96.81872950772546,98.93248233383544,96.11890696766116,96.34027862548828,334939200
2008-01-31T00:00:00Z,95.26196862058956,98.93248198617857,95.11914925117905,98.09697723388672,343680800
2008-02-01T00:00:00Z,98.50401188935177,99.69657036823727,98.20408798116664,99.6751480102539,206843600
2008-02-04T00:00:00Z,99.41095200014689,99.47521908724374,98.289797519718,98.41834259033203,124694300
2008-02-05T00:00:00Z,97.07575089044467,97.2971224163696,95.45472422194328,95.78321838378906,286882500
2008-02-06T00:00:00Z,96.10456916043843,96.58301978080328,94.55495750738444,95.0119857788086,250792900
2008-02-07T00:00:00Z,94.11936231725805,96.25453657885265,94.06936956642011,95.6404037475586,297368100
2008-02-08T00:00:00Z,95.04057282877183,95.84751786083233,94.33361331596957,95.02629852294922,221643500
2008-02-11T00:00:00Z,95.04775900066282,95.85469345995878,94.29079552820545,95.51192474365234,188576300
2008-02-12T00:00:00Z,96.34023948072968,97.33998556032115,95.67611388067496,96.39736938476562,256654400
2008-02-13T00:00:00Z,97.12578669171809,97.8756019740469,96.50451646462061,97.38286590576172,181967800
2008-02-14T00:00:00Z,97.79702763140361,97.83273518849295,96.2545526950436,96.52591705322266,215207200
2008-02-15T00:00:00Z,96.04747291124576,96.56163125876657,95.62615203926596,96.50450134277344,154110300
2008-02-19T00:00:00Z,97.63279827312552,97.75419526542547,96.12603070358698,96.77587127685547,145190000
2008-02-20T00:00:00Z,95.68330071929704,97.51141480391126,95.51904809244944,97.0615234375,220085700
2008-02-21T00:00:00Z,97.58994331653268,97.8398744286569,95.74040732186292,96.25455474853516,201051200
2008-02-22T00:00:00Z,96.38311676504463,97.01153502544928,94.87634908806075,96.84728240966797,205491000
2008-02-25T00:00:00Z,96.79013882241273,98.29690628668557,96.24742097185455,98.06839752197266,190107000
2008-02-26T00:00:00Z,97.65424109085123,99.22527606257174,97.47571414187344,98.803955078125,212420700
2008-02-27T00:00:00Z,98.23263536433181,99.36092662995836,98.12552358763998,98.70394897460938,168395800
2008-02-28T00:00:00Z,98.00411058953065,98.51826882644431,97.51137470445381,97.73988342285156,170831100
2008-02-29T00:00:00Z,96.83300810724424,96.8901271341767,94.81921917068546,95.56189727783203,252715200
2008-03-03T00:00:00Z,95.07628721734841,95.55473801078212,94.4335947238207,95.33336639404297,189483500
2008-03-04T00:00:00Z,94.4264333042287,95.26193778608337,93.54094696264727,94.96916198730469,282513100
2008-03-05T00:00:00Z,95.27622118388261,96.24027066584463,94.50498377759612,95.56900787353516,270681400
2008-03-06T00:00:00Z,94.96201995640757,95.1334096929375,93.22674382176054,93.59093475341797,247911700
2008-03-07T00:00:00Z,92.66975206386952,94.07654499503705,91.81996222361505,92.62690734863281,326434600
2008-03-10T00:00:00Z,92.71972466738407,92.78399173381695,91.11298262806122,91.40576934814453,235683600
2008-03-11T00:00:00Z,93.34818563515765,94.77640143631193,92.084211600138,94.69071197509766,341440600
2008-03-12T00:00:00Z,94.79064776670772,95.52617773090903,93.66235643899664,93.80517578125,229161100
2008-03-13T00:00:00Z,92.55549325014317,94.71923856489133,91.83424844403314,94.01226806640625,351504200
2008-03-14T00:00:00Z,94.81206345371518,94.84062296158992,91.24866281932664,92.55548095703125,484687800
2008-03-17T00:00:00Z,90.38460931525854,92.30555527978393,90.02755547337979,91.6200180053711,405311100
2008-03-18T00:00:00Z,93.27672258666304,95.46903794591002,92.81969420084575,95.42619323730469,334416600
2008-03-19T00:00:00Z,95.790400847324,96.15459183034199,92.86255508976285,93.06251525878906,345971600
2008-03-20T00:00:00Z,93.32947103796353,95.38193038335957,92.76252695581933,94.78628540039062,245320700
2008-03-24T00:00:00Z,95.66897565480878,97.46308294996417,95.61874634473261,96.68085479736328,208977300
2008-03-25T00:00:00Z,96.78134241026247,97.27651786809595,95.99911411183528,96.774169921875,192947200
2008-03-26T00:00:00Z,96.49427927131474,96.94638689948042,95.52545687457167,95.59004211425781,196934300
2008-03-27T00:00:00Z,96.30768698478292,96.47992524436489,94.98722651241002,95.28863525390625,225153200
2008-03-28T00:00:00Z,95.43934731641527,95.70487172453669,94.05429062055431,94.37722778320312,180896100
2008-03-31T00:00:00Z,94.21931836893394,95.25272575271838,94.07579199904391,94.70732116699219,166692100
2008-04-01T00:00:00Z,95.8842870653352,98.20227101971268,95.81251838115007,98.03721618652344,254547300
2008-04-02T00:00:00Z,98.35296315145868,98.79789825220288,97.58507998044604,98.1017837524414,210910800
2008-04-03T00:00:00Z,97.57074228290895,98.63285080439074,97.39133154176311,98.34578704833984,175884800
2008-04-04T00:00:00Z,98.40316816601302,99.0059963847482,97.68552543212935,98.23811340332031,204446800
2008-04-07T00:00:00Z,98.94145328792128,99.4438122313889,98.1305240099002,98.28840637207031,154245500
2008-04-08T00:00:00Z,97.73583140378086,98.25970788570496,97.56359308969495,98.18795013427734,148937300
2008-04-09T00:00:00Z,98.03721583261932,98.17356976186056,96.80286893156482,97.47745513916016,195610600
2008-04-10T00:00:00Z,97.18323267300627,98.08028659771321,96.81005517422591,97.61382293701172,192967800
2008-04-11T00:00:00Z,96.5158225444454,96.96793024221911,95.45370289327522,95.71923828125,222973300
2008-04-14T00:00:00Z,95.58286492457307,95.83403338333974,95.12357388101681,95.39627075195312,160522000
2008-04-15T00:00:00Z,95.86274750315422,95.941688666433,94.96569380696926,95.6187515258789,172389200
2008-04-16T00:00:00Z,96.55170022683974,98.25252186185446,96.53735524875005,98.20946502685547,189268900
2008-04-17T00:00:00Z,97.61382525072223,98.49652326745388,97.35547327626838,98.35299682617188,179665700
2008-04-18T00:00:00Z,99.70931675383483,100.15425189446539,99.22131383637564,99.37919616699219,218530600
2008-04-21T00:00:00Z,99.19980755861822,99.73803991026793,98.92711061336405,99.42945861816406,118587400
2008-04-22T00:00:00Z,99.1710947222632,99.25720838405185,98.24532905657969,98.99168395996094,162166000
2008-04-23T00:00:00Z,99.09934099248207,99.59451652322252,98.40322625366802,98.83381652832031,193309000
2008-04-24T00:00:00Z,99.09212792050735,100.28341770217693,98.3457732101568,99.26436614990234,229381300
2008-04-25T00:00:00Z,100.03944601491017,100.39109508396822,98.9701647800402,100.1829833984375,190788100
2008-04-28T00:00:00Z,100.38393961806248,100.64946411195884,100.02511799912503,100.20452880859375,105610200
2008-04-29T00:00:00Z,100.03225150051983,100.27624747820872,99.4724908691806,99.80978393554688,125514100
2008-04-30T00:00:00Z,99.96048486251274,100.89342291721933,99.22131347656249,99.2213134765625,208395900
2008-05-01T00:00:00Z,99.30743096755832,101.27376556396484,99.22848980818975,101.27376556396484,187279500
2008-05-02T00:00:00Z,102.14928719068503,102.17081560153656,100.8718837118073,101.55364227294922,181585500
2008-05-05T00:00:00Z,101.22355617793882,101.62543454096885,100.76426505585246,101.065673828125,118504500
2008-05-06T00:00:00Z,100.48437818030098,102.04883469922264,100.24755467094467,101.94119262695312,179339800
2008-05-07T00:00:00Z,101.8264061894529,101.93404830302718,99.84571464711267,100.12559509277344,199267300
2008-05-08T00:00:00Z,100.2834140302988,100.69964818999213,99.73799846569894,99.86717987060547,178321200
2008-05-09T00:00:00Z,99.46529606031365,100.03222905187624,99.35764307053033,99.68058013916016,152588200
2008-05-12T00:00:00Z,99.93179509824189,100.87190574531255,99.55861764469951,100.8001480102539,147865900
2008-05-13T00:00:00Z,101.04417288822277,101.10875815333661,100.27628934620125,100.81452178955078,159132200
2008-05-14T00:00:00Z,101.23793156382536,102.04886093424636,100.80016877344899,101.02263641357422,181910800
2008-05-15T00:00:00Z,101.21638283666202,102.35744374239935,101.06568391067373,102.28567504882812,166927000
2008-05-16T00:00:00Z,102.52251663536967,102.52968912584267,101.62546255972433,102.37899017333984,204236800
2008-05-19T00:00:00Z,102.48659809754064,103.5558901411763,102.12060409888797,102.6588363647461,165664400
2008-05-20T00:00:00Z,102.09904749854635,102.149276801971,101.18763804719762,101.82633972167969,178552100
2008-05-21T00:00:00Z,101.76895287325598,101.99142045293644,99.75237777955476,100.1040267944336,252724800
2008-05-22T00:00:00Z,100.06095730264306,100.59201705983168,99.75237607168908,100.11837005615234,170820400
2008-05-23T00:00:00Z,99.78826941565933,100.22603211910078,98.69027641283087,98.7763900756836,181376400
2008-05-27T00:00:00Z,98.89118851742285,99.75235776126081,98.69742187869197,99.50836181640625,168322900
2008-05-28T00:00:00Z,99.8743542924114,100.46999917298022,99.03471347050908,99.9676513671875,181288100
2008-05-29T00:00:00Z,99.84567817746928,101.13742687000693,99.8097938359291,100.47002410888672,173927200
2008-05-30T00:00:00Z,100.8072439679341,101.0010105111805,100.42689431474841,100.72113037109375,117362000
2008-06-02T00:00:00Z,100.34799363466455,100.3695220425492,99.03470600190049,99.68058013916016,181069900
2008-06-03T00:00:00Z,99.96764921932096,100.19728923259473,98.48212329300753,99.09929656982422,271965700
2008-06-04T00:00:00Z,98.81942890210286,99.8671923941516,98.6472016077774,99.04907989501953,246637700
2008-06-05T00:00:00Z,99.4509726761209,101.10872632777465,99.26438942995523,101.02978515625,237867100
2008-06-06T00:00:00Z,100.14703238554728,100.32644304515938,97.75728108547115,97.80751037597656,384276300
2008-06-09T00:00:00Z,98.21665665889208,98.67594790567472,97.17607612559657,98.04441833496094,228263900
2008-06-10T00:00:00Z,97.36260695499894,98.38884195430012,97.13296693055999,97.5563735961914,260234900
2008-06-11T00:00:00Z,97.57791573588375,97.78602737951248,96.11391794144555,96.12110137939453,283890100
2008-06-12T00:00:00Z,96.5947669893592,97.50616585482683,95.81971111648964,96.48711395263672,252791800
2008-06-13T00:00:00Z,97.00382034427003,97.97264294768102,96.46558799801173,97.70710754394531,244726900
2008-06-16T00:00:00Z,97.27650390059588,98.26684372370043,97.2119186632904,97.76449584960938,185832500
2008-06-17T00:00:00Z,98.3673120682312,98.40318545093942,97.14731044604336,97.29084777832031,191707700
2008-06-18T00:00:00Z,96.6593392017979,97.25498421680881,95.95605211495032,96.34357452392578,265893000
2008-06-19T00:00:00Z,96.27177902859583,97.0540180174036,95.80531558007294,96.46554565429688,304204900
2008-06-20T00:00:00Z,95.80851391991146,95.98882202846526,94.64012089812563,94.89976501464844,289275700
2008-06-23T00:00:00Z,95.26758039960755,95.36855249044712,94.71223940255615,94.80599212646484,165096400
2008-06-24T00:00:00Z,94.5175200180675,95.52003273898907,93.89725963644545,94.61849212646484,267300600
2008-06-25T00:00:00Z,95.00078077923376,96.21244654315366,94.6545921331336,95.06568908691406,287853900
2008-06-26T00:00:00Z,94.17131949465254,94.78436042990741,92.37544686168303,92.48362731933594,297775000
2008-06-27T00:00:00Z,92.51972239385506,92.93803864664386,91.6253954588953,91.97879791259766,303423400
2008-06-30T00:00:00Z,92.23840806324887,92.97406816770209,91.81288360293222,92.3033218383789,258842600
2008-07-01T00:00:00Z,91.25032154584193,92.65672803846309,90.82479706772111,92.5918197631836,388622000
2008-07-02T00:00:00Z,92.887523345778,93.15438683850562,90.83922580800538,91.00511169433594,288064600
2008-07-03T00:00:00Z,91.675857486816,91.675857486816,90.1468427064362,91.09886932373047,239352500
2008-07-07T00:00:00Z,91.4450489829609,91.84172346813519,89.37511018772987,90.16846466064453,372427300
2008-07-08T00:00:00Z,90.14683467031678,91.8777935027005,89.57706042326812,91.76960754394531,375973700
2008-07-09T00:00:00Z,91.9571877498055,92.1302820919091,89.71415316134976,90.00264739990234,336729400
2008-07-10T00:00:00Z,89.7429633441284,90.72384001875214,89.12991679813042,90.37043762207031,436475700
2008-07-11T00:00:00Z,89.41119997126593,90.80317901080358,88.34377337771971,89.31743621826172,481124600
2008-07-14T00:00:00Z,90.34159792560958,90.51469221063196,88.27887222865188,88.5096664428711,322720800
2008-07-15T00:00:00Z,87.84612685129919,89.06500611988946,86.56232828926153,87.26192474365234,502502500
2008-07-16T00:00:00Z,87.59368139759046,89.8439286879233,87.34125113326635,89.40397644042969,371642900
2008-07-17T00:00:00Z,90.2550600129976,91.06284262128044,89.49776347382189,90.29833221435547,375490600
2008-07-18T00:00:00Z,90.99790079094807,91.17820891116595,90.26224608158861,90.86087036132812,267030100
2008-07-21T00:00:00Z,91.24312033725852,91.45227841161285,90.29109370721945,90.9113540649414,222863000
2008-07-22T00:00:00Z,90.2622455153545,92.17351267818776,90.04587357142351,91.94271850585938,296904200
2008-07-23T00:00:00Z,92.23843965723078,93.1471887997899,91.99322320679782,92.44038391113281,311698400
2008-07-24T00:00:00Z,92.56298804125319,92.61347960506312,90.2694736854895,90.52190399169922,248634500
2008-07-25T00:00:00Z,90.79596187248364,91.22870028573307,90.27667357555735,90.50025939941406,219131000
2008-07-28T00:00:00Z,90.52189403289849,90.91856861256832,89.01451522296449,89.17318725585938,205201300
2008-07-29T00:00:00Z,89.41840103730175,91.14935450489509,89.17317914443367,91.07723236083984,261505600
2008-07-30T00:00:00Z,91.67586337916714,92.75050376442093,91.07723908443928,92.70001220703125,354710000
2008-07-31T00:00:00Z,91.88504037718717,92.728886756578,91.32968815726348,91.47393798828125,277402100
2008-08-01T00:00:00Z,91.68309772014743,91.79849208441183,90.48584886331425,90.99071502685547,248690900
2008-08-04T00:00:00Z,90.90413923487293,90.97626137981698,89.98096257342833,90.14684295654297,188239600
2008-08-05T00:00:00Z,90.88970587756684,92.72163685908328,90.132415148686,92.577392578125,251577600
2008-08-06T00:00:00Z,92.33218928033388,93.25536601540963,91.94272306349241,92.9885025024414,209555400
2008-08-07T00:00:00Z,92.28888245846312,92.63507637613007,91.26473393515379,91.60371398925781,246312500
2008-08-08T00:00:00Z,91.29359835882792,93.70972029167802,91.149348577531,93.30583190917969,260811700
2008-08-11T00:00:00Z,93.37797605519928,94.84928556650881,93.20487628704846,94.27230834960938,249425800
2008-08-12T00:00:00Z,93.9621762343086,94.26509258630658,92.84426357482423,93.29143524169922,213200800
2008-08-13T00:00:00Z,92.88753524276811,93.50779567577672,92.07975830866772,92.72887420654297,256393200
2008-08-14T00:00:00Z,92.20235098175289,93.96215986741845,92.13744270444559,93.4284439086914,239555300
2008-08-15T00:00:00Z,93.70973562230868,94.12084343933601,93.25536662023116,93.8828353881836,181000800
2008-08-18T00:00:00Z,94.07034657946082,94.10641040429428,92.07254054427122,92.59903717041016,172275100
2008-08-19T00:00:00Z,91.89946283982303,92.09419873654403,91.25756622224488,91.5893325805664,194673700
2008-08-20T00:00:00Z,91.87778038914425,92.28166870811314,91.12048428851192,92.01481628417969,225498200
2008-08-21T00:00:00Z,91.41623413035232,92.63511901291217,91.30804813737673,92.17353057861328,180609800
2008-08-22T00:00:00Z,92.8009848403147,93.5077896118164,92.17351608434832,93.5077896118164,167715300
2008-08-25T00:00:00Z,92.89474508435784,93.50778608570923,91.41621630793635,91.61094665527344,171936900
2008-08-26T00:00:00Z,91.61094961160487,92.22400163787397,91.29361105375683,91.8778076171875,159117200
2008-08-27T00:00:00Z,91.99323077407274,92.91640772646065,91.8129226036042,92.77216339111328,171032800
2008-08-28T00:00:00Z,93.24091561736513,94.00542013352143,93.1183074407299,93.8972396850586,167537100
2008-08-29T00:00:00Z,93.56548008158572,93.86118801917819,92.6855756363952,92.88751983642578,189195800
2008-09-02T00:00:00Z,93.78187734910934,94.27232125678434,91.97158191962536,92.31056213378906,252364900
2008-09-03T00:00:00Z,92.23118591308594,92.67835192665186,91.5460174189347,92.23118591308594,251947000
2008-09-04T00:00:00Z,91.5749009342958,91.76242294452737,89.40398934268136,89.45447540283203,340042500
2008-09-05T00:00:00Z,88.92074240891715,90.11798532017316,87.99035196147554,89.73573303222656,289503400
2008-09-08T00:00:00Z,92.3466235606802,92.49087889462871,89.73576489223774,91.5893325805664,364075300
2008-09-09T00:00:00Z,91.66865777181216,91.85617977914643,88.56736104856132,88.87027740478516,377326800
2008-09-10T00:00:00Z,89.35348893475903,90.0819352593079,88.38704008061259,89.23088073730469,298916600
2008-09-11T00:00:00Z,88.0769259496417,90.6877844061079,87.70188192107186,90.52190399169922,375369400
2008-09-12T00:00:00Z,89.64197812209932,91.02674304757421,89.31021186928136,90.94019317626953,297851200
2008-09-15T00:00:00Z,87.72350693712607,90.62286466668151,86.46856392865962,86.61280822753906,483607000
2008-09-16T00:00:00Z,84.52843716412522,88.22114912414118,84.3841928815936,88.0624771118164,581744300
2008-09-17T00:00:00Z,86.28825408178601,87.88217721363442,83.6629682760866,84.10292053222656,624095600
2008-09-18T00:00:00Z,85.14150890001937,87.83891722845945,82.07627041233859,86.59839630126953,776114700
2008-09-19T00:00:00Z,91.90909842066124,92.8521300805592,89.46447947541168,90.03755187988281,501087800
2008-09-22T00:00:00Z,90.27693932284332,90.49456373396703,87.3100260220743,87.99916076660156,249966500
2008-09-23T00:00:00Z,87.66545775147075,88.514182834996,85.80116149567766,85.99702453613281,327470400
2008-09-24T00:00:00Z,86.57733658597564,87.04885230953569,85.4457032769651,86.27266693115234,311818400
2008-09-25T00:00:00Z,86.6136023737203,88.43437560827955,85.91721227389581,87.62191772460938,328253000
2008-09-26T00:00:00Z,86.20014607779432,88.1369821347166,85.96801597585326,87.66546630859375,285917400
2008-09-29T00:00:00Z,86.42503045465114,86.57010970957155,80.4984537870094,80.79586791992188,459562300
2008-09-30T00:00:00Z,82.34098474306539,84.72757544072904,80.17926853894568,84.1399917602539,328154400
2008-10-01T00:00:00Z,83.61769297754275,84.64777549970661,82.66015560939273,84.19076538085938,332783000
2008-10-02T00:00:00Z,83.38556412093712,83.50163194156015,80.56373026145482,81.13680267333984,365337800
2008-10-03T00:00:00Z,81.86947245876402,83.74827480420534,79.56267690679262,80.04144287109375,461798000
2008-10-06T00:00:00Z,77.72740077437275,78.06834312365693,73.00499724773726,75.96466064453125,610637500
2008-10-07T00:00:00Z,77.50253068079829,77.85798432240647,72.28685478587977,72.56250762939453,540012100
2008-10-08T00:00:00Z,70.74172427104556,74.12212527099209,70.22668570259385,70.7344741821289,725414800
2008-10-09T00:00:00Z,72.29407048326965,72.99046059892773,65.46798737070195,65.79441833496094,534485200
2008-10-10T00:00:00Z,62.93634018509802,68.1447649270212,60.62954470253218,64.19854736328125,871026300
2008-10-13T00:00:00Z,68.093962574127,73.52000427246094,65.25036269863608,73.52000427246094,455584000
2008-10-14T00:00:00Z,75.95013945916294,76.55222882551818,70.44430089985238,72.43191528320312,546268300
2008-10-15T00:00:00Z,70.69817828357112,70.94481958587005,65.07627302146683,65.3011474609375,484627500
2008-10-16T00:00:00Z,66.22242420562571,68.7468381720151,62.776739992435836,68.02143096923828,708811200
2008-10-17T00:00:00Z,66.73020619564325,71.51789256695136,66.4835704063175,67.61520385742188,476649000
2008-10-20T00:00:00Z,69.16759648080358,71.88787430937022,68.25358158076777,71.67750549316406,321294200
2008-10-21T00:00:00Z,70.3427313611095,71.55415995854035,69.07326886412791,69.53752899169922,356502000
2008-10-22T00:00:00Z,67.60793286163431,69.5375182145122,63.49487633713113,65.75089263916016,516168000
2008-10-23T00:00:00Z,65.49699476680529,67.06387091495598,62.247169166527904,66.51256561279297,634666400
2008-10-24T00:00:00Z,60.97775237245065,65.22864074383506,60.93422969368385,63.139469146728516,545812600
2008-10-27T00:00:00Z,62.36325183197884,64.93119373550068,60.71657454812348,60.897926330566406,397288600
2008-10-28T00:00:00Z,63.357078662358276,68.36239075046798,61.31868567145288,68.01419830322266,639939500
2008-10-29T00:00:00Z,68.0214394392476,70.48782534268595,66.81001058802381,67.52091217041016,531270100
2008-10-30T00:00:00Z,69.47948992729238,70.0308008632073,67.3903195085229,69.85670471191406,414582100
2008-10-31T00:00:00Z,68.97173280446445,71.50340292975302,68.53648949732086,70.24119567871094,411394000
2008-11-03T00:00:00Z,70.20491207214484,70.8650353196085,69.60282273236507,70.44429779052734,205419400
2008-11-04T00:00:00Z,71.85883068320325,73.16456577015401,70.15412498343005,72.838134765625,346793400
2008-11-05T00:00:00Z,71.96038020298174,73.05574644464758,68.91367267732969,69.77690887451172,387844100
2008-11-06T00:00:00Z,68.52196442303523,69.23286592429618,65.33017159072791,65.9104995727539,477721900
2008-11-07T00:00:00Z,66.48357400694276,68.18827989749657,65.64935458216425,68.08672332763672,380391000
2008-11-10T00:00:00Z,69.06600182129178,69.29813184668895,65.95400503635035,67.19445037841797,301773000
2008-11-11T00:00:00Z,65.8379383817829,66.8389980115655,64.30732922686757,65.11978149414062,418498200
2008-11-12T00:00:00Z,64.00267808701825,64.52496660901703,61.746661308808314,62.25444412231445,454330600
2008-11-13T00:00:00Z,62.479294034651495,66.54157708463163,59.548649507184294,66.13534545898438,753141900
2008-11-14T00:00:00Z,64.85863715568576,66.7809611189684,62.76220600762477,62.83475112915039,540352300
2008-11-17T00:00:00Z,62.660670793085764,64.24205868142633,61.77567867424615,62.000553131103516,415254900
2008-11-18T00:00:00Z,61.768394875364024,63.26998684542318,60.143485068084246,63.16843032836914,523811800
2008-11-19T00:00:00Z,62.31971783530784,63.01610788904121,58.69993293163456,59.120670318603516,558327600
2008-11-20T00:00:00Z,58.12686959978823,59.85334205969088,54.44180569552128,54.731964111328125,814180400
2008-11-21T00:00:00Z,56.19003133097305,58.685433438458844,53.926759265968485,57.68436813354492,718536500
2008-11-24T00:00:00Z,59.42535307654654,63.10316714755718,58.29371968067171,61.68136978149414,523305300
2008-11-25T00:00:00Z,63.328064846409134,63.48039972813058,60.80364479429352,62.138397216796875,454112400
2008-11-26T00:00:00Z,61.15183891094025,64.69908024101208,61.108310708605224,64.53948974609375,370134200
2008-11-28T00:00:00Z,64.2928274104796,65.38093802882896,64.1840207761781,65.35192108154297,118308100
2008-12-01T00:00:00Z,63.48039889558178,63.50941585377944,59.38184625167839,59.56319808959961,369927100
2008-12-02T00:00:00Z,60.54971298746959,62.01503244577321,59.51238093063345,61.85544204711914,469508400
2008-12-03T00:00:00Z,60.49896841258639,63.71252289252743,60.310360969670086,63.34256362915039,519863500
2008-12-04T00:00:00Z,62.42851010177366,63.87207368017132,60.74556647531311,61.87720489501953,444173800
2008-12-05T00:00:00Z,60.68032231020573,64.14051272789894,59.65749535127378,63.785064697265625,471905300
2008-12-08T00:00:00Z,65.53326789220631,67.01309888530906,63.89385200273195,66.01203918457031,412859300
2008-12-09T00:00:00Z,65.55506421159498,66.83177716280763,64.54674843785304,64.92395782470703,370790000
2008-12-10T00:00:00Z,65.51877465924628,66.2731987719575,64.5612374266546,65.36643981933594,396187400
2008-12-11T00:00:00Z,64.95297083401394,66.01206483649116,63.37883830848114,63.792320251464844,365061000
2008-12-12T00:00:00Z,62.05856657155587,64.61199659157855,61.80466971240165,64.55396270751953,415060400
2008-12-15T00:00:00Z,64.57574853289805,64.67005501388131,62.595389914100245,63.654483795166016,256694200
2008-12-16T00:00:00Z,66.6504135131836,66.75197008143125,63.966409007636166,66.6504135131836,377699500
2008-12-17T00:00:00Z,65.89599432022989,67.04939476740343,65.33017753024292,66.00480651855469,281819800
2008-12-18T00:00:00Z,66.30220819696532,66.49806567335719,63.98815784151692,64.77159881591797,374673300
2008-12-19T00:00:00Z,65.15844955216825,66.27002220539329,64.41983928989906,64.49297332763672,301451300
2008-12-22T00:00:00Z,64.77820286741076,64.84401683120274,62.51849526167297,63.666629791259766,243759500
2008-12-23T00:00:00Z,64.01031736620921,64.30283678784244,62.74517881821058,63.008445739746094,221625200
2008-12-24T00:00:00Z,63.22051127993209,63.5276597154315,62.891430445385474,63.374088287353516,62061600
2008-12-26T00:00:00Z,63.798276064400504,63.84215762838851,63.2571184628889,63.739776611328125,74767700
2008-12-29T00:00:00Z,63.798234807319375,63.86405432106369,62.59891031503734,63.55691146850586,127795900
2008-12-30T00:00:00Z,63.99571637653365,65.1219129186874,63.53499631240275,65.06340789794922,168256300
2008-12-31T00:00:00Z,65.14384889589078,66.52599788693023,64.9902774057026,65.99214935302734,193987200
2009-01-02T00:00:00Z,66.13837683431473,68.33226366698584,65.7069095226312,67.98123931884766,227566300
2009-01-05T00:00:00Z,67.73994711565744,68.4931866894713,67.19878963272771,67.90083312988281,240349700
2009-01-06T00:00:00Z,68.47851354318843,69.07086114194593,67.77647049816491,68.35419464111328,328260900
2009-01-07T00:00:00Z,67.2792351723257,67.46937370350784,65.96290007852008,66.30661010742188,280899200
2009-01-08T00:00:00Z,65.93364057599631,66.6137404022238,65.57530157029238,66.57717895507812,263834400
2009-01-09T00:00:00Z,66.66491811845907,66.78192252819723,62.42340086309107,65.15113067626953,330953600
2009-01-12T00:00:00Z,64.96832276671395,65.01951883406383,63.191279149102115,63.58617401123047,277858500
2009-01-13T00:00:00Z,63.42528800674239,64.26627372411106,63.03769654109553,63.70317840576172,356432300
2009-01-14T00:00:00Z,62.555047171570216,62.70861862930431,60.814565071239265,61.699432373046875,435491600
2009-01-15T00:00:00Z,61.51660875224359,62.3429710520528,59.76149760089167,61.721370697021484,532647300
2009-01-16T00:00:00Z,62.78907575132613,62.88414222388962,60.73413575233535,62.204036712646484,399237200
2009-01-20T00:00:00Z,61.59707091237037,62.20404241491049,58.54025309270864,58.92052459716797,419855200
2009-01-21T00:00:00Z,59.92240735926937,61.60438512979557,58.84740114324461,61.4654426574707,364360700
2009-01-22T00:00:00Z,60.273391989759645,61.458093066421604,59.35927233844925,60.51472091674805,427940300
2009-01-23T00:00:00Z,59.16183297011007,61.42153437644513,58.92050401040118,60.77799606323242,386800600
2009-01-26T00:00:00Z,61.129004704685485,62.423401214301464,60.5585949530622,61.19482421875,317978800
2009-01-27T00:00:00Z,61.52391351761974,62.26983835650282,60.9169422451823,61.81643295288086,273789700
2009-01-28T00:00:00Z,63.183947312180244,64.31745225860537,62.94261840086029,63.907928466796875,330007000
2009-01-29T00:00:00Z,62.97187421294378,63.981060287040705,61.772549691491726,61.8310546875,294392500
2009-01-30T00:00:00Z,62.14551387118582,62.452656740131516,60.11982156549801,60.57322692871094,383383600
2009-02-02T00:00:00Z,59.65180102158714,60.82918776196516,59.461662542322294,60.390411376953125,288233300
2009-02-03T00:00:00Z,60.77070613102615,61.692140799513815,60.127167557433665,61.23873519897461,278385800
2009-02-04T00:00:00Z,61.648246463914,62.43073285199084,60.72681206975742,60.93888854980469,322989300
2009-02-05T00:00:00Z,60.47816266115707,62.37222175434599,56.84362708761667,61.84568786621094,417679400
2009-02-06T00:00:00Z,62.05777064492324,63.87138135613074,61.9261371594852,63.60811996459961,366101700
2009-02-09T00:00:00Z,63.59351893841677,64.16392910016222,63.125489801633464,63.695899963378906,240075200
2009-02-10T00:00:00Z,63.08888795380776,63.64467433937675,60.29533814381465,60.77799606323242,536212800
2009-02-11T00:00:00Z,61.02664558518265,61.46542762433485,60.25878817535709,61.1363410949707,324442500
2009-02-12T00:00:00Z,60.090564099747205,61.2972030758325,59.271516516925246,61.180198669433594,469302200
2009-02-13T00:00:00Z,61.09976951723412,61.60435985166998,60.50741609430021,60.52204513549805,293998400
2009-02-17T00:00:00Z,58.62068952004824,60.66831495434572,57.89670246931728,57.93326950073242,478910100
2009-02-18T00:00:00Z,58.35008253950001,58.4597780065467,57.245824508758176,57.79429626464844,362964800
2009-02-19T00:00:00Z,58.38667812055847,58.61338370619219,57.0557194377512,57.1727294921875,316867500
2009-02-20T00:00:00Z,56.112330154462725,57.289711279725836,55.410281264559366,56.616920471191406,477176600
2009-02-23T00:00:00Z,57.23852751051834,57.23852751051834,54.54735838134246,54.59123992919922,379641400
2009-02-24T00:00:00Z,55.05925764254433,57.004501434714186,54.6277902491341,56.660797119140625,426260900
2009-02-25T00:00:00Z,56.41216913125667,57.348227054471884,55.3079106846456,56.2147216796875,461985800
2009-02-26T00:00:00Z,56.90945867500321,58.262355258460985,55.234790042530946,55.30060958862305,363353900
2009-02-27T00:00:00Z,54.12322899887367,55.351806739863825,53.97696642295414,54.06472396850586,470510900
2009-03-02T00:00:00Z,53.03355710834625,54.057372115397406,51.461275953218795,51.62947082519531,426452600
2009-03-03T00:00:00Z,52.36809770724576,52.43391165747311,50.927443950370055,51.24190139770508,443761000
2009-03-04T00:00:00Z,52.09020459237573,53.28952931106314,51.24189874877786,52.45585250854492,462753100
2009-03-05T00:00:00Z,51.26384126106878,52.455857143895294,49.85243995676103,50.31315994262695,485549400
2009-03-06T00:00:00Z,50.75192236838238,51.51977950082159,49.06994003749832,50.40089797973633,490470000
2009-03-09T00:00:00Z,49.69154179539101,51.190700248697425,49.53066142411512,49.80855178833008,379905300
2009-03-10T00:00:00Z,50.832381761056624,52.92388857150555,50.730000776993684,52.777626037597656,406227900
2009-03-11T00:00:00Z,53.38458187997777,53.93305361162138,52.52896731765606,53.121315002441406,356648300
2009-03-12T00:00:00Z,53.10669615149262,55.395649701554255,52.63135282696373,55.212825775146484,409702700
2009-03-13T00:00:00Z,55.585802936450186,56.295160852339784,54.64974507688885,55.64430236816406,337474700
2009-03-16T00:00:00Z,56.280536811563465,57.019147298622904,55.439545335724944,55.476112365722656,360644900
2009-03-17T00:00:00Z,55.6296942702243,57.3043630137551,55.17628867830335,57.1727294921875,356814300
2009-03-18T00:00:00Z,56.90213103126699,59.16183821736721,56.36097363853782,58.45248031616211,473273200
2009-03-19T00:00:00Z,59.18376982919007,59.234960312459165,57.54566878523474,57.728492736816406,428520400
2009-03-20T00:00:00Z,58.00915771421655,58.119638439661834,56.366691831447284,56.499267578125,371078200
2009-03-23T00:00:00Z,57.99436469228194,60.60904817244352,57.67765659991823,60.557491302490234,419933300
2009-03-24T00:00:00Z,59.835701458756326,60.660617162100486,59.298037653146174,59.364322662353516,330271000
2009-03-25T00:00:00Z,59.828336005175984,60.911030414528845,58.23006159090841,59.9903678894043,441775100
2009-03-26T00:00:00Z,60.57959640494046,61.35295520250209,59.8946232360162,61.2130126953125,422025200
2009-03-27T00:00:00Z,60.43228650346792,60.785817743543355,59.88725027782853,60.108211517333984,322332300
2009-03-30T00:00:00Z,58.775097295596105,58.82665417174418,57.419879149409766,58.03120040893555,324108500
2009-03-31T00:00:00Z,58.598336239094046,59.7178652005791,58.22270991294121,58.56887435913086,364238300
2009-04-01T00:00:00Z,57.83972332125992,59.96829542993469,57.692419509579814,59.70314407348633,377018300
2009-04-02T00:00:00Z,61.19093076214218,62.31782107637809,59.754693491244254,61.44871520996094,476230700
2009-04-03T00:00:00Z,61.4928929700096,62.07475239015235,60.88893854721103,62.06002426147461,284646300
2009-04-06T00:00:00Z,61.38241037715615,62.074750407745924,60.60905721250841,61.573909759521484,264866600
2009-04-07T00:00:00Z,60.579604647866304,60.87421783079989,60.034573911970575,60.13768768310547,258947800
2009-04-08T00:00:00Z,60.43965759414904,61.08780767190634,60.05666441852045,60.78582763671875,230402800
2009-04-09T00:00:00Z,62.36200481276947,63.20901558686272,62.11158726560534,63.2016487121582,269653500
2009-04-13T00:00:00Z,62.54614352008742,63.73932447245948,62.29572594820165,63.21638870239258,224847500
2009-04-14T00:00:00Z,62.62716063505407,63.164830141759275,61.92745920809296,62.126319885253906,276598800
2009-04-15T00:00:00Z,61.7506857936276,62.91440479272684,61.581287003962785,62.7891960144043,250726100
2009-04-16T00:00:00Z,63.29002840105125,64.18859597504633,62.435650832571206,63.7098503112793,335202900
2009-04-17T00:00:00Z,63.95288384649076,64.55683805737844,63.44467648660945,64.13701629638672,262649000
2009-04-20T00:00:00Z,63.00279439159907,64.11495657422228,61.38242456950496,61.44871520996094,293690100
2009-04-21T00:00:00Z,60.99943156829624,62.70081454967262,60.94787467853573,62.64925765991211,114090900
2009-04-22T00:00:00Z,62.08214091980254,63.59202469384178,61.920103351432985,62.266273498535156,340395200
2009-04-23T00:00:00Z,62.391477511669,62.914413320793585,61.59602348400911,62.87759017944336,324903700
2009-04-24T00:00:00Z,63.36370294114333,64.306460857768,63.113285327975085,63.827720642089844,287703000
2009-04-27T00:00:00Z,63.105909155536025,64.08549569181389,63.00279537479937,63.223751068115234,289581600
2009-04-28T00:00:00Z,62.58295495037144,63.776129953104814,62.42828432480518,63.024871826171875,247926300
2009-04-29T00:00:00Z,63.72458087387341,65.07979916063819,63.5625489743703,64.36536407470703,311505700
2009-04-30T00:00:00Z,65.21974139519858,65.56590581559539,64.01919375808778,64.38745880126953,301419800
2009-05-01T00:00:00Z,64.40222139730253,64.96934734535098,63.87191859849916,64.73365783691406,236110300
2009-05-04T00:00:00Z,65.21974865848358,66.98005531138895,65.09453425920537,66.93585968017578,287120000
2009-05-05T00:00:00Z,66.70753479003906,66.9726860909155,66.16986531346208,66.70753479003906,243036300
2009-05-06T00:00:00Z,67.52508079545053,67.90807398065496,66.73699380151939,67.86388397216797,291941000
2009-05-07T00:00:00Z,68.5046447753518,68.6077585075995,66.49391575796794,66.92110443115234,317728000
2009-05-08T00:00:00Z,67.78288256556932,68.65935542016558,67.34833238610813,68.48258972167969,299081700
2009-05-11T00:00:00Z,67.53979186064701,67.84177182708693,67.05368503227304,67.20098876953125,247923600
2009-05-12T00:00:00Z,67.4882354326315,67.63554479013176,66.17721305690506,67.00212860107422,282431300
2009-05-13T00:00:00Z,66.09620312459879,66.29506937891027,65.18290746348012,65.31548309326172,269619100
2009-05-14T00:00:00Z,65.34492651248961,66.37606938407674,65.18288905304749,65.87522888183594,260098700
2009-05-15T00:00:00Z,65.82370570571672,66.28771770672319,64.92513796660754,65.33759307861328,271502700
2009-05-18T00:00:00Z,65.95626341467984,67.27464716305835,65.23446154584211,67.19363403320312,241447400
2009-05-19T00:00:00Z,67.15683039899217,67.7386899879541,66.88431217551987,67.11264038085938,206102200
2009-05-20T00:00:00Z,67.72393717923015,68.34999222944246,66.58968582492939,66.66333770751953,285722200
2009-05-21T00:00:00Z,65.88999651800762,66.1404197289376,65.00616245193929,65.70586395263672,258988400
2009-05-22T00:00:00Z,65.8900083991982,66.28773548643049,65.31551559073408,65.56593322753906,166811900
2009-05-26T00:00:00Z,65.07980817877892,67.43670254416762,65.05034629680164,67.24520874023438,236318500
2009-05-27T00:00:00Z,67.34830075200499,67.5766232394408,65.94152584344567,66.04463958740234,246015800
2009-05-28T00:00:00Z,66.62650600274958,67.27465040779767,65.62482470995279,66.9653091430664,289095000
2009-05-29T00:00:00Z,67.33359687440736,69.01288501435688,66.78856604039991,68.1511459350586,258641500
2009-06-01T00:00:00Z,68.9907747211085,70.09556989677417,68.81400906640006,69.80095672607422,276246800
2009-06-02T00:00:00Z,69.5284802102659,70.24291569318379,69.40327137409808,69.85991668701172,230874500
2009-06-03T00:00:00Z,69.26328232410044,69.32956732727747,68.32052481706278,68.97603607177734,235310500
2009-06-04T00:00:00Z,69.2338388066216,69.72731269204172,68.71826991428408,69.62419891357422,210102300
2009-06-05T00:00:00Z,70.33125812230733,70.46383376592053,69.08652606651101,69.63892364501953,284257900
2009-06-08T00:00:00Z,69.11598191431638,70.04401141408461,68.52676120564857,69.35167694091797,238565100
2009-06-09T00:00:00Z,69.74205947748916,70.07349588175386,69.24857988055922,69.70523071289062,225125500
2009-06-10T00:00:00Z,70.32388080400789,70.33124205749253,68.63722657524136,69.52842712402344,296100400
2009-06-11T00:00:00Z,69.66104860332075,70.78793924895643,69.64631484809559,69.83781433105469,275414200
2009-06-12T00:00:00Z,69.52843336034178,70.07346398879777,69.23382023548413,70.0292739868164,184361800
2009-06-15T00:00:00Z,69.2043651000426,69.24855510632707,68.05537998241782,68.42364501953125,224190500
2009-06-16T00:00:00Z,68.66669103383512,68.71088103351761,67.45141546906751,67.49560546875,227319000
2009-06-17T00:00:00Z,67.46617495039682,68.00384454661601,66.89904908688479,67.42935180664062,223445200
2009-06-18T00:00:00Z,67.53244573759068,68.25424207885912,67.20837069988235,67.92280578613281,211725100
2009-06-19T00:00:00Z,68.57315332318925,68.66203259955768,67.78801725879445,68.17317962646484,215655600
2009-06-22T00:00:00Z,67.50652217273101,67.54355895290216,66.10661777775424,66.12883758544922,251913600
2009-06-23T00:00:00Z,66.26960239274507,66.57328266210813,65.81037209278065,66.18071746826172,188309800
2009-06-24T00:00:00Z,66.78065063363599,67.46208446026017,66.36586015789219,66.75102233886719,211577700
2009-06-25T00:00:00Z,66.41772974323116,68.26945638256083,66.34366180786223,68.20279693603516,279411000
2009-06-26T00:00:00Z,67.97315342551848,68.3212788069467,67.6028082369385,68.0250015258789,167579000
2009-06-29T00:00:00Z,68.224997909773,68.7508874519846,67.84724419738845,68.66200256347656,168481300
2009-06-30T00:00:00Z,68.67683364741822,68.92866574006958,67.60282888193817,68.10649871826172,228888200
2009-07-01T00:00:00Z,68.3953499179041,69.05456958339,68.29906219873034,68.38794708251953,173041100
2009-07-02T00:00:00Z,67.49913474052137,68.4101866973219,66.48439219914127,66.52142333984375,212309900
2009-07-06T00:00:00Z,65.87702841418259,66.61031057756561,65.66963593573254,66.51402282714844,174499600
2009-07-07T00:00:00Z,66.44732162178599,66.52879800133361,65.1807419729341,65.22518157958984,197088900
2009-07-08T00:00:00Z,65.61775256098322,65.77330250066403,64.44005766781893,65.18074798583984,248050500
2009-07-09T00:00:00Z,65.63256905909091,65.84736992789178,65.11408810061893,65.3066635131836,163777600
2009-07-10T00:00:00Z,64.95855718568188,65.54370338218985,64.69931663052526,65.15113830566406,173520300
2009-07-13T00:00:00Z,65.41038447359837,66.7880694289569,64.87708634236013,66.73622131347656,217413500
2009-07-14T00:00:00Z,66.94361420094356,67.17323212897678,66.46216983314598,67.11397552490234,181487400
2009-07-15T00:00:00Z,68.0027928717131,69.26197011001129,67.16581464261833,69.07679748535156,220877900
2009-07-16T00:00:00Z,68.88426755108974,70.00271261727056,68.75094293624021,68.96574401855469,231174500
2009-07-17T00:00:00Z,69.66935854720485,69.86193969245521,69.28420190772516,69.72120666503906,138561700
2009-07-20T00:00:00Z,70.12859027491373,70.58041201902977,69.7656534422868,70.46189880371094,164179400
2009-07-21T00:00:00Z,71.01001310046232,71.0322329153141,69.93600829078387,70.78780364990234,217718300
2009-07-22T00:00:00Z,70.33595423698826,71.20256058136167,70.28410613906041,70.77296447753906,196068100
2009-07-23T00:00:00Z,70.81744291132473,72.64694996415815,70.75818629520352,72.33586120605469,258795500
2009-07-24T00:00:00Z,71.99513142127623,72.69138246479632,71.61738324538551,72.63212585449219,154003100
2009-07-27T00:00:00Z,72.49876794896493,72.88393008770109,72.09879448997836,72.84689331054688,159259400
2009-07-28T00:00:00Z,72.33586224652153,72.86175200736226,71.89144327024192,72.50621795654297,186685200
2009-07-29T00:00:00Z,72.17291629715271,72.65436081592556,71.8321991934111,72.32846069335938,194399300
2009-07-30T00:00:00Z,73.20246708814676,73.94315782711166,73.0321057317352,73.08395385742188,225575400
2009-07-31T00:00:00Z,73.0691297700918,73.67649584394664,72.86914014092032,73.18763732910156,207358000
2009-08-03T00:00:00Z,73.95794814571751,74.4616179311737,73.55797458217697,74.39495849609375,175776900
2009-08-04T00:00:00Z,74.06164245985408,74.69122826270154,73.9060981309873,74.58753204345703,176714600
2009-08-05T00:00:00Z,74.63939275811532,74.70605785375665,73.75797474568381,74.37274932861328,184726400
2009-08-06T00:00:00Z,74.71348169132709,74.82458078851806,73.63947665996237,73.98760223388672,193203800
2009-08-07T00:00:00Z,74.76532547635304,75.57267567448417,74.35794330691502,74.95790100097656,220640900
2009-08-10T00:00:00Z,74.61714978652198,74.97268366722328,74.26902439215301,74.80232238769531,130898700
2009-08-11T00:00:00Z,74.46899873967617,74.5208468313628,73.66905190992397,73.8690414428711,157301000
2009-08-12T00:00:00Z,73.74314553177757,75.22452655508219,73.70611439680704,74.66160583496094,219052400
2009-08-13T00:00:00Z,75.00231374177667,75.26155425936878,74.26162331950242,75.23192596435547,176449500
2009-08-14T00:00:00Z,75.19489091965475,75.25414751105005,73.84683454601954,74.65419006347656,199616100
2009-08-17T00:00:00Z,73.21727253418989,73.29134047193136,72.66916301367718,72.81729888916016,237667500
2009-08-18T00:00:00Z,72.98028017385916,73.65431166723957,72.84695557357642,73.39506530761719,173461500
2009-08-19T00:00:00Z,72.81726562966053,74.29124347727308,72.74319772574978,74.0394058227539,192812800
2009-08-20T00:00:00Z,74.13569989326744,74.97268366722328,73.97275275109114,74.80232238769531,174131300
2009-08-21T00:00:00Z,75.41712547869824,76.38742846975467,75.2689896017964,76.2689208984375,224605000
2009-08-24T00:00:00Z,76.5799946565398,76.99477955157751,75.98743996275418,76.2614974975586,191279000
2009-08-25T00:00:00Z,76.56518942859063,77.2244036111308,76.24669224424936,76.4096450805664,215310600
2009-08-26T00:00:00Z,76.17263916119454,76.76519406161658,75.91339851139327,76.41706848144531,194620700
2009-08-27T00:00:00Z,76.37261662676681,76.82443839459441,75.50600988559772,76.58741760253906,196230100
2009-08-28T00:00:00Z,77.2021698478272,77.29104908719837,76.04668887682374,76.57257843017578,147024400
2009-08-31T00:00:00Z,75.82450723804523,75.98005160332183,75.39490528574525,75.89116668701172,176051600
2009-09-01T00:00:00Z,75.51340211411309,76.46889363719028,74.06164926036641,74.21719360351562,321276800
2009-09-02T00:00:00Z,73.90613218589326,74.39499085989387,73.75058778535382,73.93576049804688,171805000
2009-09-03T00:00:00Z,74.36534156075676,74.63939348154652,73.76537829825416,74.5505142211914,143572300
2009-09-04T00:00:00Z,74.69865930028307,75.61711422700841,74.47645547097405,75.59489440917969,142687900
2009-09-08T00:00:00Z,76.29112846850617,76.32816525729717,75.83930677015474,76.24668884277344,132909100
2009-09-09T00:00:00Z,76.38003395381779,77.09109641226101,76.14301313433673,76.83185577392578,154612500
2009-09-10T00:00:00Z,76.88367660124517,77.66880672742055,76.4540747525371,77.61695861816406,162902400
2009-09-11T00:00:00Z,77.76509515053182,77.99471305158511,77.2392055659597,77.60214233398438,152360100
2009-09-14T00:00:00Z,76.94294374968163,78.11323634908035,76.40224273229016,77.97991180419922,149593800
2009-09-15T00:00:00Z,78.10582700973588,78.59468555265086,77.59475430244073,78.30581665039062,196795900
2009-09-16T00:00:00Z,78.58726997285261,79.5057247163707,78.31321807293536,79.49091339111328,206406300
2009-09-17T00:00:00Z,79.37983936341799,80.03905378714562,78.93542597060494,79.3724365234375,229170900
2009-09-18T00:00:00Z,79.74304899288039,79.75049277102413,79.15511543418509,79.42303466796875,153799100
2009-09-21T00:00:00Z,78.80530059257964,79.63138362460252,78.63413350835832,79.22206115722656,151892000
2009-09-22T00:00:00Z,79.69095360477615,79.90677774662754,79.33372606841615,79.68350982666016,143126700
2009-09-23T00:00:00Z,79.86956533067143,80.39796002339655,78.87975291511607,79.02115631103516,225947400
2009-09-24T00:00:00Z,79.19235183635571,79.36351903820986,77.80810394911269,78.15044403076172,228636800
2009-09-25T00:00:00Z,77.97922846349456,78.41087663890947,77.4657157831583,77.73363494873047,204059000
2009-09-28T00:00:00Z,78.03128057686486,79.29645497944023,78.0163987104994,79.12528228759766,118285800
2009-09-29T00:00:00Z,79.26674494533998,79.64629244028023,78.72346273012336,78.88719177246094,133733900
2009-09-30T00:00:00Z,79.15509806337822,79.22951879466649,77.8601591695612,78.58204650878906,254383000
2009-10-01T00:00:00Z,76.65452780146295,78.68624739585279,76.61731459446172,76.6322021484375,281840600
2009-10-02T00:00:00Z,75.92517972543381,76.72893718303806,75.90285407571214,76.27496337890625,224748800
2009-10-05T00:00:00Z,76.58009120968026,77.6368802056266,76.35682336977631,77.41361236572266,149875000
2009-10-06T00:00:00Z,77.97179600904727,78.96905208746851,77.92714470094758,78.52252197265625,202491100
2009-10-07T00:00:00Z,78.34386364102865,78.8201686113728,78.19502224137672,78.7383041381836,159200300
2009-10-08T00:00:00Z,79.29651232593162,79.75792433009829,78.77555577943752,79.3411636352539,183305800
2009-10-09T00:00:00Z,79.36349530780915,79.82491302490234,79.1551149445861,79.82491302490234,135008300
2009-10-12T00:00:00Z,80.1970052868339,80.44259313214322,79.83977782775277,80.13746643066406,118031000
2009-10-13T00:00:00Z,79.92162166964627,80.15977135480782,79.45276607390407,79.97371673583984,157692700
2009-10-14T00:00:00Z,80.91146905220519,81.43241994236716,79.9439823385457,81.35055541992188,191421600
2009-10-15T00:00:00Z,80.95608520584425,81.64820861816406,80.91887768867048,81.64820861816406,173873600
2009-10-16T00:00:00Z,80.97097929470893,81.32075723848702,80.54677495469943,81.03795623779297,192069400
2009-10-19T00:00:00Z,81.17194051113182,81.96081058547729,80.91890885631858,81.70777893066406,159530400
2009-10-20T00:00:00Z,81.82686633494473,81.85663577249798,80.88171082387233,81.2761459350586,180921100
2009-10-21T00:00:00Z,81.14959102383492,82.0947460799718,80.48723697142267,80.5467758178711,225379300
2009-10-22T00:00:00Z,80.51703141589229,81.62591580538769,80.00351864208643,81.36544036865234,238444000
2009-10-23T00:00:00Z,81.63336581303207,81.6854609043549,80.10027115221628,80.43517303466797,240033200
2009-10-26T00:00:00Z,80.52447516063225,81.35055851643213,79.34116994596376,79.56443786621094,242028200
2009-10-27T00:00:00Z,79.653726669519,79.92164585614755,79.00626003344843,79.19975280761719,253266300
2009-10-28T00:00:00Z,78.99880379711415,79.24439729244558,77.65920807524924,77.70386505126953,248821400
2009-10-29T00:00:00Z,78.28437480197367,79.52721879419762,78.09832010812198,79.37093353271484,198110600
2009-10-30T00:00:00Z,79.11044461841185,79.34859435884951,76.9819788291524,77.07128143310547,325608100
2009-11-02T00:00:00Z,77.49548324123775,78.44808784903405,76.71405709312116,77.63688659667969,254222900
2009-11-03T00:00:00Z,77.20522759930031,77.99410309072401,77.0563861666209,77.8824691772461,228362600
2009-11-04T00:00:00Z,78.522511758107,79.13277082715092,77.88248326155633,78.08341979980469,247996700
2009-11-05T00:00:00Z,78.63415136029846,79.54209341398548,78.47042233617745,79.51976776123047,180015300
2009-11-06T00:00:00Z,79.08068276166868,79.9290916480689,78.92439751185161,79.7281494140625,170954100
2009-11-09T00:00:00Z,80.3383930973224,81.58868053350959,80.27885992640844,81.54402923583984,159495700
2009-11-10T00:00:00Z,81.35051105396582,81.81192850356621,81.09747952472209,81.55889129638672,171899800
2009-11-11T00:00:00Z,82.094757150646,82.47431025051722,81.58125014510718,81.9756851196289,169466200
2009-11-12T00:00:00Z,81.86405920460605,82.28826364791239,80.93378580455371,81.14216613769531,157144500
2009-11-13T00:00:00Z,81.35054900974099,81.93103872102029,80.93378833045091,81.58126068115234,150963000
2009-11-16T00:00:00Z,82.14684645891487,83.12177667920642,82.10219516016193,82.7645492553711,210922200
2009-11-17T00:00:00Z,82.54874995465691,82.89853370769225,82.23617941370836,82.86132049560547,147134100
2009-11-18T00:00:00Z,82.80176600340988,82.92828180725449,82.28825333400381,82.8092041015625,156486800
2009-11-19T00:00:00Z,82.24362296857858,82.83899461477877,81.21659736833547,81.73011016845703,208734600
2009-11-20T00:00:00Z,81.30589026486332,81.6854433790345,81.12727937263956,81.43984985351562,134196000
2009-11-23T00:00:00Z,82.39988347555125,83.15898394165934,82.31057520038789,82.47430419921875,148010200
2009-11-24T00:00:00Z,82.60827385478139,82.7571153202815,81.87149894806137,82.600830078125,138420100
2009-11-25T00:00:00Z,82.7348127367283,82.9804063334251,82.47433726050726,82.89109802246094,109564800
2009-11-27T00:00:00Z,80.67329486365692,82.10219316846025,80.59143036597096,81.54402923583984,126001800
2009-11-30T00:00:00Z,81.47708747839343,82.01292031566213,80.46494932254211,81.81942749023438,160874800
2009-12-01T00:00:00Z,82.5487514376525,83.09947746114787,82.4073537206483,82.83155822753906,159613700
2009-12-02T00:00:00Z,82.81663717088405,83.35991919647608,82.54871804565191,82.7943115234375,132315100
2009-12-03T00:00:00Z,83.01759070092629,83.48644639519905,82.0798736344432,82.1468505859375,167324900
2009-12-04T00:00:00Z,83.23343525866409,83.63531412770816,81.89384470645652,82.61573791503906,274907800
2009-12-07T00:00:00Z,82.54127463376314,83.00268645911365,82.22869855582738,82.48917388916016,127973800
2009-12-08T00:00:00Z,81.89382100963435,82.43709744503509,81.32076946891348,81.57380676269531,169863700
2009-12-09T00:00:00Z,81.55149960677262,81.99802976290266,81.13473320683747,81.87895202636719,155063400
2009-12-10T00:00:00Z,82.38499095656529,82.69756706182129,82.19893631964626,82.34033966064453,138014600
2009-12-11T00:00:00Z,82.69017028808594,82.87622503075953,82.31806080273876,82.69017028808594,124854000
2009-12-14T00:00:00Z,83.2557373046875,83.35248367918625,82.70501144940656,83.2557373046875,107141500
2009-12-15T00:00:00Z,82.95059312673096,83.29293295454526,82.60825329891667,82.86872863769531,120408800
2009-12-16T00:00:00Z,83.2036787336653,83.44926666559222,82.80923793087635,82.99529266357422,155358200
2009-12-17T00:00:00Z,82.39987213525889,82.55615733683304,81.92357275581294,81.99799346923828,183390100
2009-12-18T00:00:00Z,82.45445309682223,82.52928021842006,81.7660869627824,82.4619369506836,174591200
2009-12-21T00:00:00Z,82.87341578013235,83.57674351022033,82.87341578013235,83.2999038696289,118039600
2009-12-22T00:00:00Z,83.47947100676747,83.77876217709648,83.37471995342796,83.59918975830078,91707500
2009-12-23T00:00:00Z,83.8012303804611,83.88353561697953,83.42711774483405,83.7638168334961,111783100
2009-12-24T00:00:00Z,83.94343715617688,84.25020670299506,83.80127245653676,84.1604232788086,39677500
2009-12-28T00:00:00Z,84.47466954190317,84.54200710435262,84.04069733331279,84.3399887084961,87508500
2009-12-29T00:00:00Z,84.5569348813041,84.57189687416889,84.21275196035941,84.22023010253906,80572500
2009-12-30T00:00:00Z,83.97332730528892,84.28758055890684,83.92842990583924,84.1903076171875,73138400
2009-12-31T00:00:00Z,84.37737573766427,84.39982729478106,83.34482674205559,83.38224029541016,90637900
2010-01-04T00:00:00Z,84.0780985780434,84.8412860498673,83.43462421364933,84.79639434814453,118944600
2010-01-05T00:00:00Z,84.74401899203231,85.05827232184338,84.43724380685433,85.02085876464844,111579900
2010-01-06T00:00:00Z,84.93851624240477,85.29018297513173,84.87117871920421,85.08068084716797,116074400
2010-01-07T00:00:00Z,84.9235877302181,85.5446162175821,84.68415581694015,85.43986511230469,131091100
2010-01-08T00:00:00Z,85.2153658864423,85.761572783385,85.04327729060778,85.72415924072266,126402800
2010-01-11T00:00:00Z,86.10578798865735,86.14319583684923,85.47727562885682,85.84391021728516,106375700
2010-01-12T00:00:00Z,85.27523719770228,85.4548096688849,84.71406823031388,85.04328918457031,163333500
2010-01-13T00:00:00Z,85.26027374265354,86.00102092663317,84.82630739138494,85.76158905029297,161822000
2010-01-14T00:00:00Z,85.6643245291909,86.15067218135538,85.6119489794813,85.99354553222656,115718800
2010-01-15T00:00:00Z,85.84388113306966,85.92618065461131,84.69909176291749,85.02831268310547,212283100
2010-01-19T00:00:00Z,85.01335692124464,86.14317296468444,84.99090536808197,86.0907974243164,139172700
2010-01-20T00:00:00Z,85.50720052502996,85.634397477044,84.5345108991199,85.21539306640625,216490200
2010-01-21T00:00:00Z,85.23779698744663,85.49967461527811,83.47198539906273,83.57673645019531,344859600
2010-01-22T00:00:00Z,83.20266636299894,83.60670878425232,81.62391023326165,81.71369934082031,345942400
2010-01-25T00:00:00Z,82.4618960755135,82.61154453602265,81.86331935899211,82.13267517089844,186937500
2010-01-26T00:00:00Z,81.81096666277043,82.65646506127828,81.58650245644192,81.78852081298828,211168800
2010-01-27T00:00:00Z,81.6837655418521,82.36465339588445,81.05525894598233,82.17759704589844,271863600
2010-01-28T00:00:00Z,82.44695998634104,82.49185168434502,80.74100696010753,81.23483276367188,316104000
2010-01-29T00:00:00Z,81.5864863225913,82.15513914148427,80.22471652286497,80.35191345214844,310677600
2010-02-01T00:00:00Z,80.9205887128257,81.60895480062426,80.43424099765004,81.60147094726562,187865000
2010-02-02T00:00:00Z,81.75109504519604,82.74623032126817,81.46676578759902,82.58910369873047,216327900
2010-02-03T00:00:00Z,82.21500489079158,82.66394469756342,81.93816514625661,82.17759704589844,172730700
2010-02-04T00:00:00Z,81.54155961063351,81.57896743397099,79.62609980874502,79.64106750488281,356715700
2010-02-05T00:00:00Z,79.73087512300845,79.97030695758033,78.24939243050274,79.80570220947266,493585800
2010-02-08T00:00:00Z,79.86556647053058,80.30702236344926,79.16971671713799,79.22957611083984,224166900
2010-02-09T00:00:00Z,80.1573729422695,80.92056593178255,79.51389873876083,80.22471618652344,337820500
2010-02-10T00:00:00Z,80.09753376686405,80.50905432415972,79.39420004294935,80.0676040649414,240511500
2010-02-11T00:00:00Z,79.9628567928123,80.99540587032287,79.49895495355017,80.9056167602539,223591600
2010-02-12T00:00:00Z,80.05261803866573,80.88314852429394,79.69347311480281,80.8382568359375,304622100
2010-02-16T00:00:00Z,81.45179339015345,82.19253471850489,80.6736385194741,82.1102294921875,159317500
2010-02-17T00:00:00Z,82.50678386639146,82.61154063805752,82.1102254546374,82.49930572509766,168845100
2010-02-18T00:00:00Z,82.36462090189579,83.15773768621872,82.33469121268489,82.98564910888672,193708600
2010-02-19T00:00:00Z,82.76870115747947,83.47951305006012,82.5741609425125,83.15777587890625,222684900
2010-02-22T00:00:00Z,83.4645292547798,83.4869750990087,82.92580615926389,83.17272186279297,132346900
2010-02-23T00:00:00Z,82.9482748183571,83.2026687342629,81.94564973515213,82.16263580322266,207497000
2010-02-24T00:00:00Z,82.40953390034475,83.05300811358092,82.20003173017597,82.91832733154297,176350700
2010-02-25T00:00:00Z,81.73615904094544,82.86598124135428,81.51169479677345,82.80612182617188,259634700
2010-02-26T00:00:00Z,82.8808976844905,83.14278105483943,82.38707205194245,82.85845184326172,173589300
2010-03-01T00:00:00Z,83.20264821013885,83.80123071291916,83.1802023652731,83.71892547607422,147709700
2010-03-02T00:00:00Z,84.07807696497474,84.35491666577738,83.80123155566622,83.95087432861328,160992400
2010-03-03T00:00:00Z,84.1678776399232,84.52702836070165,83.81621077188163,84.02571868896484,150785000
2010-03-04T00:00:00Z,84.13792571012254,84.39980911016605,83.823672480277,84.28009033203125,135770400
2010-03-05T00:00:00Z,84.82631256734632,85.55208638379925,84.62428851993153,85.48474884033203,176118800
2010-03-08T00:00:00Z,85.49224719692505,85.68678171672805,85.35008252525495,85.49972534179688,114631200
2010-03-09T00:00:00Z,85.24532527714382,86.0384424230515,85.20043357711346,85.64188385009766,154556700
2010-03-10T00:00:00Z,85.67930024487956,86.25543134555275,85.60447883951396,86.02348327636719,186088800
2010-03-11T00:00:00Z,85.82144512479061,86.4050656913256,85.55956739471449,86.38261413574219,160791100
2010-03-12T00:00:00Z,86.75672739636308,86.77169510018658,86.15066668715922,86.39009857177734,162074800
2010-03-15T00:00:00Z,86.2404403879971,86.4723883792936,85.74660900310151,86.41252899169922,146816800
2010-03-16T00:00:00Z,86.65195905344602,87.18319826329561,86.41252721649262,87.10089874267578,168673000
2010-03-17T00:00:00Z,87.36278601338529,87.90150913279969,87.10838644765919,87.61717987060547,177468100
2010-03-18T00:00:00Z,87.62464878716042,87.74436184412319,87.22060651646431,87.57227325439453,196509100
2010-03-19T00:00:00Z,87.1290283203125,88.12075281442773,86.79093690721885,87.1290283203125,226641100
2010-03-22T00:00:00Z,86.63316184719258,87.75261280353222,86.58057061469447,87.59483337402344,184477800
2010-03-23T00:00:00Z,87.72254139205025,88.286021221104,87.43704127684121,88.21089172363281,182941600
2010-03-24T00:00:00Z,87.88032732775712,88.22592764999402,86.836011690646,87.78265380859375,196072600
2010-03-25T00:00:00Z,88.37616194562975,88.78186805355917,87.534702520602,87.63988494873047,223396300
2010-03-26T00:00:00Z,87.80518270962669,88.21839779831615,87.24170289885765,87.5873031616211,205808500
2010-03-29T00:00:00Z,88.03057528610812,88.30104606640892,87.6699514003826,88.14327239990234,134513500
2010-03-30T00:00:00Z,88.24847622183498,88.52646173893238,87.835261013842,88.20339965820312,145772500
2010-03-31T00:00:00Z,87.86530255628092,88.29354707915067,87.60986106952306,87.90287017822266,161078700
2010-04-01T00:00:00Z,88.50389862060547,88.8419842169981,87.9779806870898,88.50389862060547,161215200
2010-04-05T00:00:00Z,88.84199078369672,89.28525885315375,88.59405827094268,89.22515869140625,105847600
2010-04-06T00:00:00Z,88.96971190610937,89.59329765963325,88.87204412732186,89.4355239868164,110384200
2010-04-07T00:00:00Z,89.25521353150431,89.67594333272856,88.51141597746533,88.92463684082031,184576300
2010-04-08T00:00:00Z,88.6165873690277,89.38292310506829,88.35363127607766,89.23265838623047,158704000
2010-04-09T00:00:00Z,89.42049020979128,89.85624932185901,89.2552076074331,89.81868743896484,133006500
2010-04-12T00:00:00Z,89.93140334510902,90.19436525714752,89.82622087309954,89.96145629882812,110279000
2010-04-13T00:00:00Z,89.87127145264715,90.18681875731379,89.40545943241584,90.02904510498047,125043600
2010-04-14T00:00:00Z,90.35965104838685,91.05085754394531,90.21690667827322,91.05085754394531,161609000
2010-04-15T00:00:00Z,90.90058229374903,91.33634148959325,90.87052934244794,91.1259765625,144615300
2010-04-16T00:00:00Z,90.80290890697776,91.12597094854377,89.21765164859735,89.67594909667969,366786700
2010-04-19T00:00:00Z,89.41299627069193,90.10419693763073,89.0072900360937,90.0140380859375,217947800
2010-04-20T00:00:00Z,90.57748382955671,90.89303682539148,90.05908639099427,90.81790161132812,157708000
2010-04-21T00:00:00Z,90.87053042367592,91.08090108528664,90.14927677991102,90.65265655517578,192910100
2010-04-22T00:00:00Z,90.01401566999061,91.03579280667333,89.49561816488875,90.923095703125,115360300
2010-04-23T00:00:00Z,90.86303704558311,91.5542378560614,90.630128063345,91.51667022705078,177335500
2010-04-26T00:00:00Z,91.54670430998804,91.7495602935986,91.08089790557635,91.17105102539062,143457300
2010-04-27T00:00:00Z,90.64512706585965,91.163524634186,88.84199038521164,89.0147933959961,355853300
2010-04-28T00:00:00Z,89.44303696795056,89.91635797746514,88.85701311024859,89.69096374511719,300674100
2010-04-29T00:00:00Z,90.23191526962253,90.99073648807678,90.20937699030448,90.80290985107422,193775000
2010-04-30T00:00:00Z,90.81794562223992,90.91561915505063,89.24020280653082,89.26274108886719,270000900
2010-05-03T00:00:00Z,89.69099322983216,90.66769424839943,89.55575779236923,90.41976165771484,182747900
2010-05-04T00:00:00Z,89.41299953836666,89.4280231481908,87.8427657730724,88.29354858398438,360353400
2010-05-05T00:00:00Z,87.57229022148677,88.50391447678939,87.12902210537858,87.76763153076172,328973200
2010-05-06T00:00:00Z,87.34687585816911,87.9028409394896,78.88716494569579,84.8525390625,647356600
2010-05-07T00:00:00Z,84.62716345225029,85.4761377312255,82.20044667432353,83.59036254882812,637558800
2010-05-10T00:00:00Z,87.00878198014321,87.63988226157609,86.33261088633891,87.27174377441406,396159600
2010-05-11T00:00:00Z,86.45282451859643,88.173316808703,86.33261847899747,87.02381896972656,317849800
2010-05-12T00:00:00Z,87.36943892534173,88.36867800724123,87.21917417692785,88.24095153808594,235607100
2010-05-13T00:00:00Z,88.00054736471071,88.41376832212465,87.06892870764969,87.14405822753906,234452500
2010-05-14T00:00:00Z,86.49041669556382,86.64819039160611,84.79997686823506,85.5663070678711,345601400
2010-05-17T00:00:00Z,85.79920817363922,86.03962604724185,83.9735329755893,85.61138153076172,325739800
2010-05-18T00:00:00Z,86.31009838722679,86.56554560667348,84.16887576722434,84.44686126708984,360556800
2010-05-19T00:00:00Z,83.97355050517375,84.72485723352001,82.91421099885358,83.9660415649414,394742700
2010-05-20T00:00:00Z,82.17788739794337,82.56105524559614,80.74289523440083,80.79548645019531,530418300
2010-05-21T00:00:00Z,79.57089561288042,82.17792505565403,79.15767463370068,81.9750747680664,500909400
2010-05-24T00:00:00Z,81.53179722950297,82.18543609531258,80.84811114109486,80.9232406616211,269823000
2010-05-25T00:00:00Z,78.96983450472372,81.04344225532,78.42137818324919,81.00587463378906,396505200
2010-05-26T00:00:00Z,81.50173251313183,82.24552435111723,80.27709923655485,80.51751708984375,349719300
2010-05-27T00:00:00Z,82.0351705319609,83.2447746319116,81.72713207067484,83.2147216796875,300870500
2010-05-28T00:00:00Z,83.12454392317512,83.18464981395718,81.77970470999634,82.1703872680664,297933500
2010-06-01T00:00:00Z,81.40402710371413,82.60611589916864,80.66775022425328,80.78795623779297,277909400
2010-06-02T00:00:00Z,81.20120771757503,82.89915627680085,80.7729632427949,82.89164733886719,240243700
2010-06-03T00:00:00Z,83.13208560368402,83.44011836300442,82.32818768231581,83.17716217041016,226618300
2010-06-04T00:00:00Z,81.59940949617251,82.14035116006842,79.98409917537626,80.25457000732422,398475600
2010-06-07T00:00:00Z,80.54004330709388,80.84808168062386,79.19520990328185,79.25531005859375,264609100
2010-06-08T00:00:00Z,79.31547265685222,80.26212099703085,78.62427165444365,80.1043472290039,357774300
2010-06-09T00:00:00Z,80.57009130746226,81.35145059870663,79.33794935296491,79.67604064941406,268023300
2010-06-10T00:00:00Z,81.0358953928178,82.1027489291194,79.66851819969565,82.00508117675781,317890600
2010-06-11T00:00:00Z,81.28382223754569,82.45585811315641,81.23123103112756,82.40326690673828,214128200
2010-06-14T00:00:00Z,83.03440454313268,83.4851930976109,82.19294480307111,82.27558898925781,207196100
2010-06-15T00:00:00Z,82.85409865628546,84.2214765665007,82.71134855473065,84.14634704589844,238268700
2010-06-16T00:00:00Z,83.71055819707078,84.46186460142148,83.54526987099156,84.11626434326172,216374000
2010-06-17T00:00:00Z,84.35667015500869,84.39423776268357,83.43256661913286,84.2514877319336,263185800
2010-06-18T00:00:00Z,84.41835194582929,84.64481281261405,84.07110734266423,84.34286499023438,174006600
2010-06-21T00:00:00Z,85.3921335512056,85.45251964902765,83.63325958814792,84.10128784179688,213140700
2010-06-22T00:00:00Z,84.10129482334817,84.47118490008377,82.59153282606083,82.71231079101562,239355400
2010-06-23T00:00:00Z,82.76515618840038,83.05955933120705,81.88949718292766,82.45565795898438,254639900
2010-06-24T00:00:00Z,82.04803487607712,82.1537177774157,80.87796677788926,81.0893325805664,268523600
2010-06-25T00:00:00Z,81.33087027645239,81.84418954232177,80.59863484844766,81.42900848388672,238726500
2010-06-28T00:00:00Z,81.54978849927646,81.76870466694362,80.8779449112876,81.17234802246094,169218600
2010-06-29T00:00:00Z,80.03249356354587,81.15727057559174,78.1679420406485,78.6661605834961,373649500
2010-06-30T00:00:00Z,78.44724535691113,79.17193054791359,77.66216829350365,77.91883087158203,284101700
2010-07-01T00:00:00Z,77.86598978913793,78.12264660913704,76.3411266798146,77.57158660888672,382924800
2010-07-02T00:00:00Z,77.8357940827779,78.06980539103158,76.71102280723102,77.14884948730469,233385200
2010-07-06T00:00:00Z,78.23585013662618,78.78691568630425,76.90725823985682,77.65459442138672,256935300
2010-07-07T00:00:00Z,77.85087774014667,80.19855817975063,77.76784036696824,80.10042572021484,253769400
2010-07-08T00:00:00Z,80.77225218636683,80.98361790611675,79.94943481172834,80.89303588867188,210842100
2010-07-09T00:00:00Z,80.8704108008577,81.5045139246355,80.71943688339363,81.49696350097656,144999900
2010-07-12T00:00:00Z,81.225205582632,81.7083290281166,80.88551138978013,81.5498046875,131283600
2010-07-13T00:00:00Z,82.39527482698217,83.1048591585342,82.2292000602511,82.78026580810547,213025900
2010-07-14T00:00:00Z,82.51601971902687,83.0972811694817,82.17632565733092,82.7726821899414,184426800
2010-07-15T00:00:00Z,82.74250005642241,83.08219417473265,81.65546966297441,82.79534149169922,232337900
2010-07-16T00:00:00Z,82.3499806377118,82.44056844767829,80.35709489273714,80.515625,282693400
2010-07-19T00:00:00Z,80.81002582335475,81.24785249385837,80.18347311444421,80.99119567871094,186709000
2010-07-20T00:00:00Z,79.9192559202685,81.94988195434877,79.88150956543187,81.88949584960938,258162400
2010-07-21T00:00:00Z,82.31222793491474,82.33487344425555,80.49296189406792,80.82511138916016,264527000
2010-07-22T00:00:00Z,81.78380367893152,82.99161787016432,81.77625901571787,82.6292724609375,274781300
2010-07-23T00:00:00Z,82.46319752557788,83.46719062195653,82.22918626224335,83.3464126586914,222020800
2010-07-26T00:00:00Z,83.48982311218974,84.29754541312516,83.25581188534277,84.21450805664062,184445700
2010-07-27T00:00:00Z,84.67501572184067,84.7656035315881,83.87484355990613,84.20699310302734,204855600
2010-07-28T00:00:00Z,84.03337283207696,84.29003542842611,83.38417455572406,83.66348266601562,163056200
2010-07-29T00:00:00Z,84.1843370065499,84.41080363829673,82.59154319793042,83.2558364868164,220149100
2010-07-30T00:00:00Z,82.410339628263,83.68609008630872,82.26691618548467,83.24070739746094,220070600
2010-08-02T00:00:00Z,84.53913019127752,85.25627066991952,84.19943601037933,85.12039184570312,188263200
2010-08-03T00:00:00Z,84.90900104247098,85.1279114220913,84.43342241822664,84.71273040771484,146657300
2010-08-04T00:00:00Z,84.94676589147915,85.38459829433789,84.66746358150259,85.27891540527344,158171700
2010-08-05T00:00:00Z,84.7353813260679,85.23360548629452,84.60705295484014,85.18830871582031,140473800
2010-08-06T00:00:00Z,84.3503831277425,84.97693560478432,83.7313810716714,84.84105682373047,239728300
2010-08-09T00:00:00Z,85.24114965635597,85.43742030251941,84.78822226921928,85.29399108886719,120800400
2010-08-10T00:00:00Z,84.56929659035299,85.2864368185398,84.07107824841518,84.83350372314453,242916300
2010-08-11T00:00:00Z,83.5275719401415,83.55776786696758,82.37260509564345,82.50848388671875,273406900
2010-08-12T00:00:00Z,81.26295107492057,82.29713448971711,81.22520471643477,82.00273132324219,239542600
2010-08-13T00:00:00Z,81.74610485774599,82.2518739971869,81.663067445684,81.76119995117188,158698500
2010-08-16T00:00:00Z,81.20256461472388,81.98764169738696,80.90816142863598,81.72343444824219,147895300
2010-08-17T00:00:00Z,82.42544635494446,83.33130112069108,82.191429362354,82.7273941040039,172270300
2010-08-18T00:00:00Z,82.68965197309767,83.32374914543945,82.21407909384132,82.87837219238281,182922100
2010-08-19T00:00:00Z,82.44812830889838,82.65194370554471,81.09689022515013,81.43658447265625,265847600
2010-08-20T00:00:00Z,81.19499352958432,81.48185197790627,80.58354180011426,81.17234802246094,209714200
2010-08-23T00:00:00Z,81.55738160949502,81.95746780284371,80.82514577972661,80.8628921508789,163490300
2010-08-24T00:00:00Z,79.97964632047889,80.3117958311675,79.23986610394482,79.66259765625,280677800
2010-08-25T00:00:00Z,79.22471757854362,80.27400116388336,78.72649937163334,79.97205352783203,272234800
2010-08-26T00:00:00Z,80.34952427101932,80.45520713552956,79.17190615903007,79.43611907958984,224439500
2010-08-27T00:00:00Z,79.93436742471822,80.7496404786468,78.7416537820397,80.6666030883789,272649000
2010-08-30T00:00:00Z,80.45524631253195,80.7043585113024,79.4889992183415,79.49654388427734,167238600
2010-08-31T00:00:00Z,79.2021406527439,80.00231870704106,78.87754147960615,79.49654388427734,273933100
2010-09-01T00:00:00Z,80.56844879021982,81.98762294625548,80.51560735247607,81.8743896484375,256828100
2010-09-02T00:00:00Z,82.07067995501498,82.6519359093012,81.89705475557116,82.6368408203125,156112200
2010-09-03T00:00:00Z,83.44454068382394,83.78423480671333,82.99915792967175,83.70874786376953,212197300
2010-09-07T00:00:00Z,83.31621763894974,83.42190051769398,82.6972154523256,82.76515197753906,141973700
2010-09-08T00:00:00Z,82.93122581153185,83.67855637713417,82.89347945841375,83.3464126586914,149924400
2010-09-09T00:00:00Z,84.2824728824462,84.30511839313175,83.50494629938638,83.73140716552734,147017900
2010-09-10T00:00:00Z,83.8823486171571,84.25223856149157,83.69362843504808,84.15410614013672,127819000
2010-09-13T00:00:00Z,84.98449657378752,85.26379883224837,84.64479669934849,85.09017944335938,178503500
2010-09-14T00:00:00Z,84.92412020349657,85.5204769387065,84.60707153696536,85.037353515625,209823600
2010-09-15T00:00:00Z,84.78821219064439,85.4600556495483,84.5315554801793,85.36192321777344,168608400
2010-09-16T00:00:00Z,85.09775558128828,85.39215877253163,84.81089705494828,85.33931732177734,199962900
2010-09-17T00:00:00Z,85.78859496884131,85.8720769020627,85.13592119462983,85.37118530273438,195836900
2010-09-20T00:00:00Z,85.66715318145303,86.86625188965077,85.3939406709746,86.67652130126953,214555200
2010-09-21T00:00:00Z,86.74480799240175,87.15462087667233,86.14525877191564,86.501953125,268389100
2010-09-22T00:00:00Z,86.36535185492654,86.8510616175949,85.83410282130255,86.07695770263672,191322400
2010-09-23T00:00:00Z,85.37116281832878,86.26669131056715,85.13589877218628,85.37875366210938,202354300
2010-09-24T00:00:00Z,86.32736572860286,87.20012706761824,86.25147469697426,87.13941192626953,209671800
2010-09-27T00:00:00Z,87.16983605833202,87.26849389577119,86.63859264116887,86.7220687866211,128761800
2010-09-28T00:00:00Z,86.8359041557112,87.30643815274013,85.8948419517721,87.025634765625,209207500
2010-09-29T00:00:00Z,86.80554955803312,87.2077833286268,86.53233700712217,86.87385559082031,179665800
2010-09-30T00:00:00Z,87.31402723989554,87.87562821269665,86.20599540500997,86.61581420898438,287106700
2010-10-01T00:00:00Z,87.26848333119915,87.36714694681325,86.464027456847,86.98009490966797,174638700
2010-10-04T00:00:00Z,86.7979724106256,87.1622519849513,85.89485274115577,86.32743835449219,166153200
2010-10-05T00:00:00Z,87.12428371867485,88.2778430850648,87.02562011245645,88.06534576416016,229634100
2010-10-06T00:00:00Z,88.05020944470579,88.28547941989196,87.70110569617874,88.05780029296875,148626600
2010-10-07T00:00:00Z,88.41444297914659,88.43720972044777,87.42025667487957,87.95149993896484,164860000
2010-10-08T00:00:00Z,88.07291584785193,88.68764092272484,87.73898825650548,88.44478607177734,177760100
2010-10-11T00:00:00Z,88.5813912238041,88.77112175477006,88.2246968991695,88.52826690673828,103098300
2010-10-12T00:00:00Z,88.23988417074065,89.05952155981711,87.76935609895445,88.8014907836914,182210000
2010-10-13T00:00:00Z,89.29479558800837,89.9702359339082,89.08229249223052,89.49211120605469,194347200
2010-10-14T00:00:00Z,89.4086269963418,89.56041491799579,88.58140453626686,89.14300537109375,217764300
2010-10-15T00:00:00Z,89.76532584567828,89.81845017337395,88.6117665342364,89.32514953613281,243705000
2010-10-18T00:00:00Z,89.35550872256974,90.06130668323624,89.02917190656012,89.76532745361328,141204800
2010-10-19T00:00:00Z,88.9381080872352,89.43899380505987,88.05016457680247,88.58900451660156,280604700
2010-10-20T00:00:00Z,88.74835714454751,89.88674035762743,88.69523282620844,89.45415496826172,200051800
2010-10-21T00:00:00Z,89.85638622771188,90.38003858855826,88.95326699115049,89.65147399902344,221585500
2010-10-22T00:00:00Z,89.78811622208418,89.95508009311047,89.55285210752115,89.81847381591797,108212400
2010-10-25T00:00:00Z,90.41799593946995,90.88852981650626,90.01576807544537,90.08406829833984,151145700
2010-10-26T00:00:00Z,89.62873209130409,90.19033303234448,89.45418318603666,90.0992660522461,158982900
2010-10-27T00:00:00Z,89.46934674662532,89.93988064267248,88.99122779669491,89.84121704101562,190024000
2010-10-28T00:00:00Z,90.357269888601,90.3952183123838,89.42379888075574,89.85638427734375,168576000
2010-10-29T00:00:00Z,89.7653401263242,90.09926783360245,89.60596711788277,89.92471313476562,144305500
2010-11-01T00:00:00Z,90.36488161930585,90.88094903541229,89.4389954501045,89.95506286621094,174074800
2010-11-02T00:00:00Z,90.63053147507192,90.88097731157177,90.38767648546833,90.6684799194336,158345900
2010-11-03T00:00:00Z,90.82780078682359,91.08583153187234,89.894324018894,91.03270721435547,226702800
2010-11-04T00:00:00Z,92.04210405507142,92.83138401423875,91.04791760377209,92.78585052490234,215039400
2010-11-05T00:00:00Z,92.84656214681542,93.28673852138023,92.72513757562551,93.13495635986328,180654100
2010-11-08T00:00:00Z,92.84656392400692,93.11219139692348,92.54299959516243,92.96040344238281,156107100
2010-11-09T00:00:00Z,93.21084449876791,93.30950232162834,91.92067879623812,92.29254913330078,186621600
2010-11-10T00:00:00Z,92.26976120241356,92.7099374620154,91.57155417760038,92.66439819335938,221387400
2010-11-11T00:00:00Z,91.86754624182842,92.45191386206474,91.58674290788142,92.3153076171875,158017600
2010-11-12T00:00:00Z,91.69299946360032,92.09522738868331,90.8050616904792,91.22246551513672,239068800
2010-11-15T00:00:00Z,91.5108697435124,91.8675642188311,91.05551743485569,91.09346008300781,163940800
2010-11-16T00:00:00Z,90.53186623410065,90.68364841891521,89.24169450270004,89.67428588867188,299566200
2010-11-17T00:00:00Z,89.71221201156733,90.09167319381241,89.4465903420194,89.71980285644531,172308900
2010-11-18T00:00:00Z,90.5849539309619,91.36664286774516,90.57736308775634,91.0403060913086,197723700
2010-11-19T00:00:00Z,90.99480743616114,91.32872939347882,90.50150666111655,91.29078674316406,156852900
2010-11-22T00:00:00Z,90.83540551502298,91.25280927642932,90.13719264791838,91.2148666381836,181361000
2010-11-23T00:00:00Z,90.13719540979609,90.32692597718989,89.5452369659462,89.89434051513672,222309000
2010-11-24T00:00:00Z,90.46354315381238,91.24523804967566,90.44836725423787,91.22246551513672,140046100
2010-11-26T00:00:00Z,90.43320094558216,90.92649590066502,90.15998840332031,90.15998840332031,76007800
2010-11-29T00:00:00Z,89.93229027809258,90.6760366609555,89.35550772343056,90.43318176269531,223642300
2010-11-30T00:00:00Z,89.53766688145862,90.44078059596002,89.40864567357123,89.92471313476562,233930700
2010-12-01T00:00:00Z,91.22248803656059,92.01176818201314,91.21490297995975,91.83721923828125,221037200
2010-12-02T00:00:00Z,91.98136936146886,93.08181003795156,91.92824503847432,93.01350402832031,191213600
2010-12-03T00:00:00Z,92.69477764489191,93.37021808978963,92.67201090025102,93.26396942138672,151288900
2010-12-06T00:00:00Z,93.06665772616853,93.37781870914691,92.96799989235818,93.16532135009766,103050500
2010-12-07T00:00:00Z,94.06083380031654,94.1139581308897,93.16530523485655,93.21842956542969,206581000
2010-12-08T00:00:00Z,93.3322633164976,93.63582759241747,92.89967785418261,93.5599365234375,138019200
2010-12-09T00:00:00Z,94.08362841001787,94.12157106302676,93.46131215750108,93.92425537109375,123705100
2010-12-10T00:00:00Z,94.21260551982198,94.56170905210791,93.90145041522419,94.47064208984375,117571700
2010-12-13T00:00:00Z,94.9032558737367,95.01708961056326,94.50102210651366,94.53137969970703,133812700
2010-12-14T00:00:00Z,94.67558335463998,95.03986870798566,94.32647969399831,94.6148681640625,147249600
2010-12-15T00:00:00Z,94.44030285550997,94.81217320061654,94.0228932303059,94.18226623535156,160823100
2010-12-16T00:00:00Z,94.24297365152024,94.79698949113967,93.91663682327707,94.72868347167969,185035200
2010-12-17T00:00:00Z,94.66232774228487,94.95223283588084,94.46396856215644,94.83016967773438,141075300
2010-12-20T00:00:00Z,95.08956113011274,95.2879203177581,94.5860411252524,95.05904388427734,119085500
2010-12-21T00:00:00Z,95.35655372141036,95.7227547508862,95.26500782946732,95.6617202758789,94965500
2010-12-22T00:00:00Z,95.73038847570021,95.98977627165047,95.67698476355939,95.95925903320312,78878100
2010-12-23T00:00:00Z,95.85245480049862,95.9592622283366,95.58543623090365,95.82193756103516,70053700
2010-12-27T00:00:00Z,95.46336624550484,95.95163043052814,95.3947068228773,95.8600845336914,58126000
2010-12-28T00:00:00Z,96.05081735106569,96.08895953632069,95.74565076618327,95.9974136352539,55309100
2010-12-29T00:00:00Z,96.11184169351885,96.27967776795944,96.05080721886708,96.0660629272461,58033100
2010-12-30T00:00:00Z,95.97456294623106,96.22632008860643,95.76857295088588,95.91352844238281,76616900
2010-12-31T00:00:00Z,95.76854418351816,96.02793783667009,95.61596379030095,95.93638610839844,91218900
2011-01-03T00:00:00Z,96.66879083369061,97.34778353719999,95.8982463939913,96.92818450927734,138725200
2011-01-04T00:00:00Z,97.14178206260436,97.1722993025524,96.2720610960747,96.87476348876953,137409700
2011-01-05T00:00:00Z,96.56960930798039,97.4393303861695,96.47805757638238,97.3782958984375,133975300
2011-01-06T00:00:00Z,97.41645273338972,97.52326018631187,96.8976711818094,97.18757629394531,122519000
2011-01-07T00:00:00Z,97.31723314977464,97.47744426811899,96.24152826358618,96.99681091308594,156034600
2011-01-10T00:00:00Z,96.56959690985757,97.0120881582515,96.27968604063543,96.87476348876953,122401700
2011-01-11T00:00:00Z,97.225717008903,97.45458761059707,96.85188513116837,97.21808624267578,110287000
2011-01-12T00:00:00Z,97.8131617778129,98.2022435389134,97.24097073384638,98.0954360961914,107929200
2011-01-13T00:00:00Z,98.13357616001838,98.17934911160178,97.69108489281669,97.93521118164062,129048400
2011-01-14T00:00:00Z,97.79789506286217,98.66761609068979,97.72923563356625,98.64472961425781,117677900
2011-01-18T00:00:00Z,98.55315398523041,98.90409929469311,98.43872162406616,98.81255340576172,114401300
2011-01-19T00:00:00Z,98.72866401508574,98.82783487941217,97.58429347315067,97.84368133544922,151958400
2011-01-20T00:00:00Z,97.62243751731603,97.95811559133041,96.98921774183054,97.7139892578125,175745700
2011-01-21T00:00:00Z,98.32430455237407,98.5455443654063,97.82840374756692,97.93521118164062,151462900
2011-01-24T00:00:00Z,97.87417956514395,98.60658173533673,97.85129308868207,98.49214935302734,113715500
2011-01-25T00:00:00Z,98.2327577232899,98.62947608218218,97.73686850552842,98.5455551147461,167552200
2011-01-26T00:00:00Z,98.78970595367302,99.21693579228148,98.59134092779051,98.9270248413086,141281500
2011-01-27T00:00:00Z,98.94988350377807,99.33897685830237,98.77441664963898,99.17113494873047,123302700
2011-01-28T00:00:00Z,99.28558066697904,99.44579765351706,97.27911988871864,97.4393310546875,295637300
2011-01-31T00:00:00Z,97.70634107693041,98.24800316254233,97.46220316032924,98.17170715332031,149249200
2011-02-01T00:00:00Z,98.7667731778945,99.91876821282568,98.70573870939599,99.74330139160156,167194300
2011-02-02T00:00:00Z,99.48391835243957,99.81960216382443,99.43052045943006,99.5525894165039,118323600
2011-02-03T00:00:00Z,99.37710072054261,99.92639932983262,98.85070022434704,99.77381896972656,145886700
2011-02-04T00:00:00Z,99.81199550842831,100.09426983738955,99.35424265609352,100.05612182617188,134634800
2011-02-07T00:00:00Z,100.27735081305873,101.00974124314352,100.26971422784503,100.68169403076172,112439100
2011-02-08T00:00:00Z,100.77324320514109,101.19284796579669,100.49859387463346,101.13945007324219,99072800
2011-02-09T00:00:00Z,100.8648105434176,101.18523285328811,100.40705773438118,100.91058349609375,146436700
2011-02-10T00:00:00Z,100.39943175999284,101.06316284926716,100.17055535782113,100.94873046875,162708500
2011-02-11T00:00:00Z,100.55202234955632,101.68113130272012,100.52913587113086,101.55143737792969,137710300
2011-02-14T00:00:00Z,101.4903943340356,101.87947607561213,101.37596195155356,101.7955551147461,101690700
2011-02-15T00:00:00Z,101.48275712976829,101.63533750169178,100.94872000746797,101.4751205444336,119575400
2011-02-16T00:00:00Z,101.81846145483442,102.23805465191164,101.61247150859424,102.11599731445312,130183500
2011-02-17T00:00:00Z,101.81845358910657,102.55846906697909,101.72689604166257,102.42115020751953,109810500
2011-02-18T00:00:00Z,102.51270427550895,102.75684223328012,102.27620290462971,102.63477325439453,130002400
2011-02-22T00:00:00Z,101.55904344952974,102.65764077433782,100.30024080551672,100.57489013671875,233116400
2011-02-23T00:00:00Z,100.51388636232087,100.75802434958186,99.33900431176232,99.95696258544922,227584000
2011-02-24T00:00:00Z,99.85013877821625,100.27736854483426,98.94989464900996,99.88827514648438,260431400
2011-02-25T00:00:00Z,100.30785589423913,101.01737144727196,100.24682142206484,100.95633697509766,141686900
2011-02-28T00:00:00Z,101.33020367812335,101.71166052984138,100.9945197860292,101.58195495605469,141585500
2011-03-01T00:00:00Z,101.90237828820595,101.99392419787037,99.85776372364226,99.88827514648438,258565500
2011-03-02T00:00:00Z,99.75095281660764,100.5672759532162,99.44579203423561,100.10189819335938,200277400
2011-03-03T00:00:00Z,101.00974960467663,101.94050506918948,101.00212465996772,101.8260726928711,176480100
2011-03-04T00:00:00Z,101.74975060395839,101.94811552692094,100.39940234493194,101.0631332397461,277202300
2011-03-07T00:00:00Z,101.36070983625848,101.58958626362202,99.74333659419645,100.26973724365234,216790400
2011-03-08T00:00:00Z,100.42993887094363,101.46750176060735,99.99508420250363,101.14707946777344,174615000
2011-03-09T00:00:00Z,100.9487459544764,101.31494126944375,100.39944716145577,101.00214385986328,153806000
2011-03-10T00:00:00Z,99.94167447181387,100.07899332227372,99.03380548998419,99.13298797607422,301291800
2011-03-11T00:00:00Z,98.81256316519458,100.17817325488541,98.7896766907013,99.8196029663086,225621800
2011-03-14T00:00:00Z,99.17113836466476,99.54495856065739,98.4616226968286,99.21691131591797,234974100
2011-03-15T00:00:00Z,96.57722896786198,98.66761640400807,96.50856953834804,98.08016967773438,359585400
2011-03-16T00:00:00Z,97.76736191454741,98.08779583381428,95.57780386008736,96.2644271850586,468670300
2011-03-17T00:00:00Z,97.65294376178386,97.95047960916253,96.96632033684502,97.53850555419922,254303700
2011-03-18T00:00:00Z,98.72077865274645,98.75143430952784,97.70170020720542,97.89325714111328,230435400
2011-03-21T00:00:00Z,99.11157201205603,99.61727348152837,98.99663082540118,99.410400390625,153992600
2011-03-22T00:00:00Z,99.39508160251258,99.52533893920385,98.9736539298587,99.06559753417969,129538600
2011-03-23T00:00:00Z,98.78972832712323,99.60959754974405,98.32234067035107,99.34908294677734,148603100
2011-03-24T00:00:00Z,99.9160957128648,100.44479474050729,99.35675271902481,100.29920959472656,159129800
2011-03-25T00:00:00Z,100.55975634492651,101.04247198375607,100.29157189646881,100.60572814941406,155642800
2011-03-28T00:00:00Z,100.82024546208987,101.08076008258939,100.32986018574071,100.36050415039062,109762400
2011-03-29T00:00:00Z,100.27623551336316,101.06544926766004,99.94676314815788,101.03480529785156,129798800
2011-03-30T00:00:00Z,101.56349986713514,102.03089930494731,101.41791471067924,101.73207092285156,135835000
2011-03-31T00:00:00Z,101.60181648962666,101.87765898031658,101.48687529834226,101.59414672851562,132537100
2011-04-01T00:00:00Z,102.22248115892783,102.49832370895182,101.77806751212745,102.02325439453125,153850100
2011-04-04T00:00:00Z,102.23778603027074,102.4216849405841,101.8163700264984,102.10752868652344,100768900
2011-04-05T00:00:00Z,101.90831757427866,102.54428817718356,101.86234576785118,102.09221649169922,120791500
2011-04-06T00:00:00Z,102.5825572173152,102.6745007901098,102.00021674506776,102.41398620605469,120411600
2011-04-07T00:00:00Z,102.2300733778765,102.65915891446883,101.64774467703032,102.15345764160156,170731500
2011-04-08T00:00:00Z,102.60558998341375,102.66688962384862,101.37962055813819,101.8010482788086,147945400
2011-04-11T00:00:00Z,101.90829521228159,102.25309537653791,101.24933885075941,101.49453735351562,121385400
2011-04-12T00:00:00Z,100.92754178077143,101.12675682942215,100.36819867715626,100.7359848022461,161187400
2011-04-13T00:00:00Z,101.20337478146864,101.2799905506486,100.34520333971528,100.72831726074219,162059000
2011-04-14T00:00:00Z,100.14595249930738,100.95815194560384,99.81648021859347,100.8049087524414,161220400
2011-04-15T00:00:00Z,100.98880419629874,101.42554786668028,100.68997588760428,101.17269134521484,170006700
2011-04-18T00:00:00Z,100.06170508038534,101.1650751979111,99.23417749224102,100.0387191772461,210759300
2011-04-19T00:00:00Z,100.1919299700694,100.64401319934002,99.94674318544597,100.61335754394531,124258800
2011-04-20T00:00:00Z,101.81638373309818,102.20715581694611,101.74741432512705,101.98495483398438,156133800
2011-04-21T00:00:00Z,102.51363188637227,102.55194562206499,101.98494442397096,102.50597381591797,135935400
2011-04-25T00:00:00Z,102.42933323962671,102.56726033213185,102.06154714579486,102.39868927001953,65757100
2011-04-26T00:00:00Z,102.71280713065829,103.48669276006487,102.60553573953554,103.2798080444336,146600000
2011-04-27T00:00:00Z,103.47905936046062,104.10736003203621,103.0576317621253,103.95411682128906,143031000
2011-04-28T00:00:00Z,103.77023399726662,104.42919042789731,103.75491785801916,104.29127502441406,124791100
2011-04-29T00:00:00Z,104.3295573160035,104.64371345154504,104.19163026237553,104.53643035888672,115094100
2011-05-02T00:00:00Z,105.02686296127492,105.11113680550825,104.16867977029676,104.37556457519531,126278700
2011-05-03T00:00:00Z,104.176339999517,104.35256912519637,103.47140011338207,104.0000991821289,138375000
2011-05-04T00:00:00Z,103.95411432454783,104.00008611749709,102.8507445269367,103.31048583984375,182678500
2011-05-05T00:00:00Z,102.73582226726616,103.40243669531029,101.92362269017605,102.37569427490234,226900000
2011-05-06T00:00:00Z,103.39477151696146,103.92347052010787,102.42931709670897,102.8277587890625,222787200
2011-05-09T00:00:00Z,102.82010414431433,103.5250322747452,102.65919117167869,103.22620391845703,114104500
2011-05-10T00:00:00Z,103.57104170265409,104.2912979235486,103.44078434019409,104.1073989868164,114806900
2011-05-11T00:00:00Z,103.95411454744605,103.96944237569777,102.53660026440649,103.01165771484375,193564200
2011-05-12T00:00:00Z,102.7358396553249,103.71661044554722,102.20714052634206,103.50206756591797,171550700
2011-05-13T00:00:00Z,103.55565223732908,103.70123734746663,102.33735319729108,102.70513916015625,157444900
2011-05-16T00:00:00Z,102.33738696895293,103.141928527732,101.88531535586017,102.05388641357422,141675400
2011-05-17T00:00:00Z,101.67076527247237,102.17647840966917,101.23400982897296,102.0385513305664,192686200
2011-05-18T00:00:00Z,102.09219180217482,103.0576345788053,101.86997920256673,102.95036315917969,135217900
2011-05-19T00:00:00Z,103.2875119289013,103.46374105289223,102.62855553951276,103.195556640625,119489500
2011-05-20T00:00:00Z,102.92737921249338,103.19555192078663,102.18413732967512,102.37569427490234,182594900
2011-05-23T00:00:00Z,101.12671918551328,101.69373183989636,100.82789087791946,101.18801879882812,168700000
2011-05-24T00:00:00Z,101.47922326882735,101.70142421180115,100.9122104231867,101.10376739501953,147199600
2011-05-25T00:00:00Z,100.69766077392704,101.86233035797638,100.66701680484815,101.44090270996094,151050100
2011-05-26T00:00:00Z,101.16506037000336,102.0922011969991,100.97350341077943,101.9083023071289,164850000
2011-05-27T00:00:00Z,102.19180845965019,102.5749223990706,101.87766391502474,102.29907989501953,120921900
2011-05-31T00:00:00Z,103.26453406872156,103.37946357337823,102.55193606472163,103.3641357421875,164731200
2011-06-01T00:00:00Z,103.06528296737703,103.37943912809872,100.9581568077229,101.04244232177734,233094300
2011-06-02T00:00:00Z,101.11144439698354,101.32598728546253,100.34521645478416,100.9352035522461,200466800
2011-06-03T00:00:00Z,99.72454983850582,100.69766248010055,99.67091996878186,99.93143463134766,234690200
2011-06-06T00:00:00Z,99.67854952812785,99.88543426179636,98.74375088468432,98.87400817871094,179951200
2011-06-07T00:00:00Z,99.37972989453549,99.66324209259206,98.72844336755536,98.81272888183594,161660500
2011-06-08T00:00:00Z,98.65948620065419,98.98897023060775,98.21507267868672,98.39897155761719,198696400
2011-06-09T00:00:00Z,98.66717145101285,99.55598694277461,98.429642669089,99.14988708496094,160964400
2011-06-10T00:00:00Z,98.7284432361693,98.78973116310381,97.51013816055074,97.7706527709961,238629400
2011-06-13T00:00:00Z,97.9928675544377,98.2610519465617,97.34923904338939,97.84728240966797,207599800
2011-06-14T00:00:00Z,98.74376543302242,99.43337741628571,98.70546339926405,99.08857727050781,160570400
2011-06-15T00:00:00Z,98.26106052640566,99.07326015055784,97.06574114374551,97.32625579833984,300958000
2011-06-16T00:00:00Z,97.35691834959471,98.05418856785485,96.78991132152781,97.54081726074219,308032800
2011-06-17T00:00:00Z,98.5094922506416,98.51719416074192,97.50075939643375,97.83187103271484,233284900
2011-06-20T00:00:00Z,97.50075047790688,98.54028500259231,97.46994871515913,98.3323745727539,159479000
2011-06-21T00:00:00Z,98.84062067583034,99.87245356076855,98.37090395213845,99.67994689941406,193157300
2011-06-22T00:00:00Z,99.37192903564416,99.957144986166,99.01771165133309,99.07931518554688,176703000
2011-06-23T00:00:00Z,97.91658845246987,99.05622456753267,97.16966168626467,98.79441833496094,334286500
2011-06-24T00:00:00Z,98.77129269912157,98.84828829172123,97.50074792451933,97.64704895019531,226129300
2011-06-27T00:00:00Z,97.70865887773272,98.89449447858799,97.51615225911084,98.5171890258789,168904700
2011-06-28T00:00:00Z,98.90989757967586,99.81853492280155,98.77129845511699,99.80313110351562,165556300
2011-06-29T00:00:00Z,100.25743515404928,100.81955113739738,99.81852621489733,100.65785217285156,244295500
2011-06-30T00:00:00Z,100.98126848036064,101.7820908208634,100.65016274572784,101.62039184570312,223322700
2011-07-01T00:00:00Z,101.71280585181526,103.26056676270433,101.47409949731491,103.12195587158203,202385700
2011-07-05T00:00:00Z,103.01416973154046,103.24518008866227,102.71385979218458,103.03726959228516,165936000
2011-07-06T00:00:00Z,102.7908519588547,103.29136453386621,102.49823809979826,103.16046142578125,143331600
2011-07-07T00:00:00Z,104.0767633776646,104.49257243318128,103.86115694151972,104.23076629638672,170464200
2011-07-08T00:00:00Z,103.05268326146992,104.2308232707061,102.71386960527829,103.49159240722656,194100500
2011-07-11T00:00:00Z,102.221011538498,102.55211727313082,101.38168552544762,101.62039184570312,195918600
2011-07-12T00:00:00Z,101.4048176178684,102.24414389775912,101.15070739787238,101.18150329589844,214675700
2011-07-13T00:00:00Z,101.71278553289136,102.5829191348533,101.27387658964182,101.52027893066406,204062600
2011-07-14T00:00:00Z,101.77442502188062,102.2441417672964,100.62708103726182,100.81958770751953,226111800
2011-07-15T00:00:00Z,101.38169293036299,101.54339191733376,100.69636980777588,101.40479278564453,220012800
2011-07-18T00:00:00Z,100.93509461755089,101.0890975975025,99.81855832580885,100.57318115234375,196872100
2011-07-19T00:00:00Z,101.13529093620652,102.32883451746449,101.11219107815478,102.20562744140625,166554900
2011-07-20T00:00:00Z,102.46744923408505,102.52904102473603,101.96692487507309,102.14402770996094,137145400
2011-07-21T00:00:00Z,102.721529502157,103.81497746230956,102.15941345197906,103.56086730957031,245246300
2011-07-22T00:00:00Z,103.58402639918586,103.73802943597224,102.99879840984765,103.6302261352539,126019400
2011-07-25T00:00:00Z,102.64454493572867,103.56087844116097,102.53674168507035,103.05265808105469,136653800
2011-07-26T00:00:00Z,102.98337734806974,103.15278416576173,102.43665320921374,102.66766357421875,131278200
2011-07-27T00:00:00Z,102.09780533808609,102.12861297624971,100.43454536738969,100.56546020507812,249020100
2011-07-28T00:00:00Z,100.56550977140857,101.46643976216477,100.11118500710415,100.27289581298828,207939900
2011-07-29T00:00:00Z,99.26414512626795,100.52698844948867,98.54031814533502,99.58755493164062,307038400
2011-08-01T00:00:00Z,100.7503082707456,100.84271948072534,98.20152132686245,99.16405487060547,325790900
2011-08-02T00:00:00Z,98.41710740205666,98.94842768748603,96.63064575195312,96.63064575195312,346653800
2011-08-03T00:00:00Z,96.76152658000991,97.26203907291605,95.12136648071525,97.15423583984375,370830800
2011-08-04T00:00:00Z,95.80670880672197,95.96071765266034,92.44939233814367,92.60340118408203,520721800
2011-08-05T00:00:00Z,93.75845066683789,93.99715705887402,89.98531874115402,92.46480560302734,655619200
2011-08-08T00:00:00Z,90.02381654933842,92.4956013380833,86.25838090638345,86.44319152832031,702263900
2011-08-09T00:00:00Z,87.83692198304578,90.58591633311767,84.91081895433041,90.46271514892578,717828700
2011-08-10T00:00:00Z,88.75324993455705,89.5386743256436,86.20445839985813,86.46627044677734,662607400
2011-08-11T00:00:00Z,87.21322811214503,91.57157630042474,86.48940111406914,90.34723663330078,487979700
2011-08-12T00:00:00Z,91.17115767217634,91.79487738650833,90.30872569847756,90.95555114746094,313731600
2011-08-15T00:00:00Z,91.77948444546627,92.97302230806736,91.63317749221137,92.88062286376953,258810600
2011-08-16T00:00:00Z,91.99508682696526,92.9345203004801,91.10185307351271,92.08748626708984,294095200
2011-08-17T00:00:00Z,92.59570285678657,93.32722581008626,91.41756304523547,92.14908599853516,238201100
2011-08-18T00:00:00Z,89.70809431373262,92.17987886838385,87.31331124017738,88.17574310302734,512956300
2011-08-19T00:00:00Z,86.98217938639101,89.23065501137043,86.62796795573001,86.73577117919922,428281300
2011-08-22T00:00:00Z,88.68395256475209,88.7301581506668,86.55868360743075,86.80509185791016,275090600
2011-08-23T00:00:00Z,87.1284853884632,89.76197417744365,86.6895705902998,89.66187286376953,331136600
2011-08-24T00:00:00Z,89.46937130545935,91.047921936013,89.26146088288189,90.92472076416016,246869700
2011-08-25T00:00:00Z,91.42524170162376,91.94115800587352,89.22296561575423,89.5386734008789,312365400
2011-08-26T00:00:00Z,89.08438234492117,91.25585719775917,87.66753029652726,90.84004211425781,314495900
2011-08-29T00:00:00Z,92.06439657913548,93.50434872016014,90.90935645126139,93.45044708251953,190977200
2011-08-30T00:00:00Z,93.04232450980251,94.27436601429997,91.83338286557104,93.69684600830078,241315700
2011-08-31T00:00:00Z,94.2974527414809,95.10598298720828,93.4042249781867,94.1126480102539,301828400
2011-09-01T00:00:00Z,94.16656427157537,95.02129436425368,93.00382232908588,93.12702941894531,254585900
2011-09-02T00:00:00Z,91.18654982076055,93.0731185417044,90.42422512119184,90.74763488769531,255517200
2011-09-06T00:00:00Z,88.08332814967311,90.21630477882809,88.07562623995646,90.08539581298828,285130500
2011-09-07T00:00:00Z,91.44834060292287,92.66497789919302,91.14032885551399,92.62648010253906,209803200
2011-09-08T00:00:00Z,92.07208412211371,93.12702272253831,91.45606046678722,91.66397094726562,250568200
2011-09-09T00:00:00Z,90.61673844763799,91.67937313362664,88.76867327105305,89.26148986816406,380195100
2011-09-12T00:00:00Z,88.14491835718775,89.90827942632815,87.8215086959921,89.83897399902344,305793500
2011-09-13T00:00:00Z,90.13161138758564,91.00173928727541,89.49248793148008,90.66292572021484,272514700
2011-09-14T00:00:00Z,91.12492055346407,93.01919065063458,89.87748155634586,91.91805267333984,319389500
2011-09-15T00:00:00Z,92.90369850658912,93.53512000232035,91.94116538048446,93.50431823730469,326777200
2011-09-16T00:00:00Z,93.87971256148124,94.40603981607565,93.12892160512438,94.05773162841797,284528300
2011-09-19T00:00:00Z,92.51745058177775,93.60106618712945,91.89050412596018,93.12117767333984,241517000
2011-09-20T00:00:00Z,93.51592526453291,94.42151590849164,92.88897880413533,93.0128173828125,218932200
2011-09-21T00:00:00Z,93.05928492888405,93.34566503427612,90.12578442791737,90.27284240722656,316251300
2011-09-22T00:00:00Z,87.65666854438373,88.39971774129792,86.147350785844,87.35480499267578,513911300
2011-09-23T00:00:00Z,86.77431408595547,88.36103790829014,86.70465007307826,87.88114929199219,307242500
2011-09-26T00:00:00Z,88.70931271963805,90.09479173663765,87.4476781736511,89.970947265625,260673700
2011-09-27T00:00:00Z,91.74342602026306,92.54065556369143,90.4353469216889,90.97715759277344,311753900
2011-09-28T00:00:00Z,91.16293949565896,91.71248614407624,88.98797226801402,89.11955261230469,286696800
2011-09-29T00:00:00Z,90.59791631606706,91.04683784341273,88.18300183190641,89.82390594482422,298108900
2011-09-30T00:00:00Z,88.58547157096784,89.35948182813743,87.51733954195647,87.57926177978516,288392300
2011-10-03T00:00:00Z,87.06840887361498,88.19846309759956,84.99406122685757,85.08694458007812,365136800
2011-10-04T00:00:00Z,83.86403884427723,87.13810594933614,83.15195058157623,86.95233917236328,459177500
2011-10-05T00:00:00Z,87.1690559009132,88.79447660698798,86.36408435294939,88.56227111816406,284108000
2011-10-06T00:00:00Z,88.51581939647399,90.29604546900083,87.85791181496799,90.16445922851562,257800800
2011-10-07T00:00:00Z,90.69077656999976,90.75269880520291,89.05761452419992,89.56072235107422,312657900
2011-10-10T00:00:00Z,91.0855466209239,92.59486458046814,91.07780486324573,92.55616760253906,230666300
2011-10-11T00:00:00Z,92.00662367055453,92.91221447343254,91.91374029132433,92.6490478515625,209088000
2011-10-12T00:00:00Z,93.34562824684626,94.53760465463589,93.13664809269657,93.46173095703125,281544900
2011-10-13T00:00:00Z,92.91220752061137,93.55463755877598,92.20011938216008,93.27599334716797,212538800
2011-10-14T00:00:00Z,94.35957874300188,94.89364172258095,93.83325161303688,94.87042236328125,211397600
2011-10-17T00:00:00Z,94.42149585075376,94.85494554712218,92.82703684315105,93.05924224853516,202311600
2011-10-18T00:00:00Z,92.98960944133789,95.59028487055859,92.26203777208248,94.8781967163086,318857900
2011-10-19T00:00:00Z,94.72337218665776,95.26518290432384,93.4307764875381,93.755859375,226601300
2011-10-20T00:00:00Z,93.9880745742028,94.50666007786047,92.74191747093393,94.16609954833984,262075600
2011-10-21T00:00:00Z,95.27294568304664,96.07018142557659,94.98656558920025,95.9540786743164,278999400
2011-10-24T00:00:00Z,96.10888345208443,97.37052436066692,96.02374182370531,97.13057708740234,203215600
2011-10-25T00:00:00Z,96.66615779922768,96.71259653327311,95.0329953926818,95.24198150634766,268596800
2011-10-26T00:00:00Z,96.24819252148112,96.57327547378796,94.59181072993972,96.2094955444336,289053800
2011-10-27T00:00:00Z,98.78695771798664,100.17243721781183,97.9974696084553,99.56097412109375,393220200
2011-10-28T00:00:00Z,99.07329367946815,99.73120699449115,98.91849402018538,99.53770446777344,225906500
2011-10-31T00:00:00Z,98.42314257778308,99.55319088705596,96.99896069983181,97.1382827758789,228146700
2011-11-01T00:00:00Z,94.452494881509,95.59803295324339,94.05774789598301,94.42927551269531,416565800
2011-11-02T00:00:00Z,95.84571248895985,96.28689819566324,95.04074093712312,95.96955108642578,244717600
2011-11-03T00:00:00Z,96.96027068993455,97.91230598676323,95.6676748660997,97.71880340576172,291174800
2011-11-04T00:00:00Z,96.9293077980908,97.2930876611739,95.98501433274186,97.12281036376953,249401600
2011-11-07T00:00:00Z,97.05317127276649,97.82718173408865,96.13209693411915,97.7265625,196617200
2011-11-08T00:00:00Z,98.2373814569493,99.08879747298323,97.30082974454166,98.98043060302734,224426300
2011-11-09T00:00:00Z,96.66615252382238,97.37050477963632,95.09491245190553,95.32711791992188,337982000
2011-11-10T00:00:00Z,96.58876908795399,96.70487184169758,95.21876722319601,96.22498321533203,231866500
2011-11-11T00:00:00Z,97.3937029420496,98.29155168543492,97.36274182603921,98.0361328125,189924400
2011-11-14T00:00:00Z,97.67235275875608,98.64760139624555,96.6893564602773,97.1073226928711,159258300
2011-11-15T00:00:00Z,96.88288218522266,98.10582005763436,96.53457986071983,97.58723449707031,184709400
2011-11-16T00:00:00Z,96.6042240434546,97.78845886240023,95.89987773832972,96.03919982910156,235782500
2011-11-17T00:00:00Z,95.8611806522104,96.10112787623137,93.83327731485912,94.514404296875,331219600
2011-11-18T00:00:00Z,94.81627829913919,95.00978090791294,94.01904849582829,94.4137954711914,215580400
2011-11-21T00:00:00Z,93.03605585389677,93.15215860509608,91.83634317212051,92.61809539794922,229611600
2011-11-22T00:00:00Z,92.4168138852068,92.95861863277115,91.73568116800722,92.2542724609375,216494900
2011-11-23T00:00:00Z,91.38739272513747,92.25428635704804,90.21863555908203,90.21863555908203,224329100
2011-11-25T00:00:00Z,90.07930095900572,91.10099414152876,89.93997889296945,90.04833984375,99557000
2011-11-28T00:00:00Z,92.52519608862163,93.02056223025036,91.96790770298176,92.65677642822266,210686000
2011-11-29T00:00:00Z,92.91995239257812,93.65525992243883,92.57938592136813,92.91995239257812,199241500
2011-11-30T00:00:00Z,95.58251500909354,96.921555212271,92.88122114751737,96.7435302734375,324439500
2011-12-01T00:00:00Z,96.63517450931147,97.2466432899885,96.31009163509714,96.72805786132812,176954800
2011-12-02T00:00:00Z,97.61819144069787,97.91231325978497,96.5810144587676,96.64293670654297,221109700
2011-12-05T00:00:00Z,98.17546212818168,98.43862869690905,97.09185244880383,97.6955795288086,225263900
2011-12-06T00:00:00Z,97.68785961484141,98.38447021107758,97.33955726933891,97.7265625,178842100
2011-12-07T00:00:00Z,97.40144982673239,98.50054890131669,96.72806466921293,98.09032440185547,237802500
2011-12-08T00:00:00Z,97.44790714455526,97.66462910416462,95.70638380525504,95.93858337402344,240862800
2011-12-09T00:00:00Z,96.37203392801186,97.81169370515006,96.28689231391644,97.56401062011719,209111400
2011-12-12T00:00:00Z,96.71259758828992,96.72808110329443,95.3271241621544,96.13983154296875,215826100
2011-12-13T00:00:00Z,96.64293843220494,97.19248510425521,94.77757054497049,95.24198150634766,245159800
2011-12-14T00:00:00Z,94.86268493194811,95.22647065816662,94.01901667772134,94.22799682617188,238618800
2011-12-15T00:00:00Z,95.22647284992914,95.35805316513867,94.42150154269515,94.56856536865234,199109200
2011-12-16T00:00:00Z,95.20728444445903,95.76810120600105,94.48288944195099,94.70877075195312,220481400
2011-12-19T00:00:00Z,95.07488197063643,95.27740264005033,93.49367684035172,93.69619750976562,183903000
2011-12-20T00:00:00Z,95.16836244685935,96.69504359598932,93.75852038388724,96.5314712524414,225418100
2011-12-21T00:00:00Z,96.53147532650802,96.86641088486559,95.6123502553884,96.71841430664062,194230900
2011-12-22T00:00:00Z,97.07667237148321,97.67644332654741,96.76510952710112,97.57518005371094,119465400
2011-12-23T00:00:00Z,97.88676334827619,98.47874353716234,97.6842486579498,98.44758605957031,92187200
2011-12-27T00:00:00Z,98.27623589612288,98.78253457423318,98.19055430708814,98.5254898071289,86075700
2011-12-28T00:00:00Z,98.5410751056275,98.55665087570887,97.15459980377952,97.23249053955078,119107100
2011-12-29T00:00:00Z,97.55185189716788,98.33856205757967,97.25586470123163,98.2373046875,123507200
2011-12-30T00:00:00Z,98.15939174017329,98.40086072525362,97.75435638427734,97.75435638427734,95599000
2012-01-03T00:00:00Z,99.51473840855144,99.99767054777372,99.25769359528717,99.31221771240234,193697900
2012-01-04T00:00:00Z,99.07853503032115,99.55367629047248,98.69686622784447,99.4679946899414,127186500
2012-01-05T00:00:00Z,98.93055378092969,99.8808304486514,98.47877910669065,99.73283386230469,173895000
2012-01-06T00:00:00Z,99.85745309945641,99.87303481354851,99.14863961801615,99.47578430175781,148050000
2012-01-09T00:00:00Z,99.70167292437507,99.8418726969495,99.24211337822703,99.71725463867188,99530200
2012-01-10T00:00:00Z,100.78433993973138,100.98685462311512,100.44161364064968,100.58182525634766,115282000
2012-01-11T00:00:00Z,100.27027478833651,100.76878264815373,100.1067083966429,100.63636779785156,111540700
2012-01-12T00:00:00Z,100.92459091119588,101.02584234968995,100.12229300619929,100.87784576416016,118983700
2012-01-13T00:00:00Z,100.20014508235211,100.51950474204253,99.48354098999204,100.35592651367188,179836200
2012-01-17T00:00:00Z,101.32181926786711,101.50876416992246,100.40268835613432,100.74541473388672,132209200
2012-01-18T00:00:00Z,100.7220107380381,101.91375581875157,100.54286270172021,101.85923767089844,163395200
2012-01-19T00:00:00Z,102.20979885023296,102.48242537899297,101.88265414694062,102.39674377441406,126328900
2012-01-20T00:00:00Z,102.22537057351687,102.77839660644531,101.97611069897194,102.77839660644531,138230200
2012-01-23T00:00:00Z,102.4356683827384,103.01207291825237,102.02284212262865,102.51356506347656,129295800
2012-01-24T00:00:00Z,101.88265414694062,102.4278953190945,101.72687265280611,102.39674377441406,103083300
2012-01-25T00:00:00Z,102.2409501311458,103.49501076654751,101.84370553932268,103.25354766845703,198613200
2012-01-26T00:00:00Z,103.71309586685021,103.90782568401318,102.31883560552389,102.723876953125,184880500
2012-01-27T00:00:00Z,102.22540267872459,102.85632559193905,102.1552908886362,102.67717742919922,135259100
2012-01-30T00:00:00Z,101.65678885031663,102.38119023115325,101.3062774207238,102.32666015625,147311800
2012-01-31T00:00:00Z,102.83293034739108,102.95754840376588,101.78916944202348,102.28768920898438,157212000
2012-02-01T00:00:00Z,103.04321426893073,103.70530033363417,102.91859623158439,103.18342590332031,166234500
2012-02-02T00:00:00Z,103.38593319700449,103.61182640138159,102.98090380529855,103.34698486328125,113090400
2012-02-03T00:00:00Z,104.3751880554547,104.85811422672268,104.19603994117232,104.7957992553711,160598500
2012-02-06T00:00:00Z,104.35962255200269,104.77244890163867,104.24278939092359,104.72571563720703,107694500
2012-02-07T00:00:00Z,104.50759054846377,105.16967664104946,104.09476431179499,104.99051666259766,135528100
2012-02-08T00:00:00Z,105.04502589920449,105.32543723886755,104.6166180350857,105.30207061767578,139361400
2012-02-09T00:00:00Z,105.4734499843794,105.61364973309176,104.81136392115702,105.43450164794922,148602900
2012-02-10T00:00:00Z,104.49979715865118,104.74126019613225,104.25053732295257,104.65557861328125,167907500
2012-02-13T00:00:00Z,105.40335011002321,105.55913157038036,104.95157555523296,105.43450164794922,115841900
2012-02-14T00:00:00Z,105.15407409322003,105.36438556930776,104.56988479270214,105.30207061767578,165329500
2012-02-15T00:00:00Z,105.64483552005342,105.80061701338754,104.60107455544603,104.81138610839844,195195100
2012-02-16T00:00:00Z,104.81918749967646,106.06545138630239,104.6322425682676,105.97198486328125,186567800
2012-02-17T00:00:00Z,106.33805433057917,106.42373591945912,105.90186147277726,106.25237274169922,129869400
2012-02-21T00:00:00Z,106.50163278168013,106.75089266317173,105.97197336155845,106.29911804199219,134042300
2012-02-22T00:00:00Z,106.13553849018632,106.36143174075808,105.76944547197569,105.95639038085938,124455300
2012-02-23T00:00:00Z,105.90186212238258,106.50162136285716,105.54355405249657,106.42373657226562,137704300
2012-02-24T00:00:00Z,106.65742492675781,106.86773648711912,106.42375862120804,106.65742492675781,105539100
2012-02-27T00:00:00Z,105.94861837256097,107.1247823684756,105.77725515655133,106.83658599853516,145728900
2012-02-28T00:00:00Z,106.86769047534519,107.27273170618557,106.65737900553327,107.14810180664062,129355900
2012-02-29T00:00:00Z,107.30393180941658,107.63887333038443,106.35364919462425,106.7275390625,185934700
2012-03-01T00:00:00Z,106.9534186396877,107.48309000082347,106.65742547065987,107.28056335449219,145023500
2012-03-02T00:00:00Z,107.21042913990532,107.35064076442907,106.71192136950607,106.95338439941406,120638300
2012-03-05T00:00:00Z,106.78979252363595,106.86767728721904,106.15107328131101,106.51716613769531,140765000
2012-03-06T00:00:00Z,105.42674512519969,105.4890482178293,104.65561064353199,104.95938873291016,202129900
2012-03-07T00:00:00Z,105.20082829497758,105.86291438828465,105.0995649927305,105.6915512084961,143692200
2012-03-08T00:00:00Z,106.33807352078523,106.9612113809694,106.1199770525257,106.74310302734375,116968900
2012-03-09T00:00:00Z,106.94561042042963,107.43632144302389,106.8131955803414,107.15592193603516,122836800
2012-03-12T00:00:00Z,107.14032966578276,107.30389602874098,106.78202163322199,107.1636962890625,104003500
2012-03-13T00:00:00Z,107.74011657577839,109.14995851937854,107.56095659046538,109.09542846679688,184090500
2012-03-14T00:00:00Z,109.12656555449,109.39918009550797,108.64362765305637,108.97856903076172,145163600
2012-03-15T00:00:00Z,109.14217124205709,109.65626084540087,108.86175981163008,109.60952758789062,165118500
2012-03-16T00:00:00Z,109.80820666277792,109.90208275688843,109.52656644299799,109.76126861572266,152893500
2012-03-19T00:00:00Z,109.69088160743375,110.52797145373452,109.61264355639977,110.19157409667969,125291100
2012-03-20T00:00:00Z,109.56571738897453,110.0038218724191,109.24495805736268,109.8708267211914,121729700
2012-03-21T00:00:00Z,109.93342400239213,110.0351191633599,109.46401948078457,109.69090270996094,122388400
2012-03-22T00:00:00Z,108.88503817795912,109.17450933785707,108.54082188468277,108.90068817138672,135216700
2012-03-23T00:00:00Z,108.99464059965067,109.3779761342861,108.39224083992508,109.25279998779297,120521000
2012-03-26T00:00:00Z,110.03508059924337,110.78612518310547,109.99597351735937,110.78612518310547,120164000
2012-03-27T00:00:00Z,110.8878145342185,110.9582215953023,110.37147221137714,110.44187927246094,119868500
2012-03-28T00:00:00Z,110.38716824682825,110.55928242623125,109.24495705055857,109.89429473876953,148562100
2012-03-29T00:00:00Z,109.24496180969032,109.90994952612147,108.81467634243795,109.70653533935547,164963700
2012-03-30T00:00:00Z,110.24637358153858,110.34808069950765,109.56574763809668,110.16031646728516,135486800
2012-04-02T00:00:00Z,110.02729788411843,111.2555662593441,109.80824562849709,110.96609497070312,151741100
2012-04-03T00:00:00Z,110.8096193911182,110.9973835641194,109.8629914328995,110.5123291015625,155806700
2012-04-04T00:00:00Z,109.6987011245927,109.7925772362898,109.01024447227898,109.41706085205078,146896000
2012-04-05T00:00:00Z,109.04156489602268,109.68307167521925,108.94767682928565,109.36231231689453,137439400
2012-04-09T00:00:00Z,107.9853804523541,109.401400713972,107.83673533097772,108.13402557373047,127555900
2012-04-10T00:00:00Z,107.92282325461926,108.22793261402164,106.20951226049327,106.31903839111328,235360300
2012-04-11T00:00:00Z,107.40645956621168,107.60204275657276,106.98400512751002,107.1795883178711,154133000
2012-04-12T00:00:00Z,107.28131538932269,108.66603604016522,107.2030773236179,108.5799789428711,154321500
2012-04-13T00:00:00Z,108.32966614563064,108.60348750772009,107.1874545583604,107.2891616821289,169246700
2012-04-16T00:00:00Z,107.83673416133976,107.99319831045221,106.85099927822685,107.21869659423828,147825300
2012-04-17T00:00:00Z,107.83674965485677,109.02589884637214,107.72722354099689,108.80684661865234,147877600
2012-04-18T00:00:00Z,108.32178756401744,108.80683000312044,108.25919951744781,108.43913269042969,123884200
2012-04-19T00:00:00Z,108.45481521794127,108.86161973649276,107.23437778738109,107.74288940429688,198666700
2012-04-20T00:00:00Z,108.22010371615816,108.61127013806109,107.86022535552866,107.92281341552734,143199600
2012-04-23T00:00:00Z,106.81969089246681,107.1091620799012,106.35029848201243,107.01527404785156,171844900
2012-04-24T00:00:00Z,107.10917556879077,107.69592510883791,107.02311849208587,107.42210388183594,137484200
2012-04-25T00:00:00Z,108.47043218503144,108.93983661508562,108.37655607400082,108.89289855957031,150252200
2012-04-26T00:00:00Z,108.65820551582229,109.77694766231681,108.59561745736896,109.65177154541016,136291600
2012-04-27T00:00:00Z,109.9803330511201,110.14461623412315,109.370114496495,109.8316879272461,130725000
2012-04-30T00:00:00Z,109.61262221671849,109.69086025252086,109.12757981959882,109.42485809326172,115092200
2012-05-01T00:00:00Z,109.36229644859344,110.82526689656314,109.23713227352664,110.10552215576172,138832200
2012-05-02T00:00:00Z,109.46402955398096,109.88649604979493,109.10416306675836,109.77696990966797,121081000
2012-05-03T00:00:00Z,109.79257442064156,109.87863149997382,108.73643237878225,108.93983459472656,143759700
2012-05-04T00:00:00Z,108.36873745775262,108.97895605668313,107.11700026446147,107.1795883178711,193927300
2012-05-07T00:00:00Z,106.79621196484813,107.61766352877483,106.75710488735662,107.25779724121094,127765900
2012-05-08T00:00:00Z,106.61630435531947,106.99965169361496,105.5523313563801,106.8275375366211,213377700
2012-05-09T00:00:00Z,105.69317038004829,106.87448865890656,105.21594687502179,106.19386291503906,220752500
2012-05-10T00:00:00Z,106.92926403456774,107.06227114371175,106.17041204020623,106.41293334960938,150600000
2012-05-11T00:00:00Z,105.74793470630634,107.07789822423835,105.70099664316618,106.0921630859375,153032400
2012-05-14T00:00:00Z,105.07509665033899,106.09213148610836,104.76216836430946,104.91863250732422,163910000
2012-05-15T00:00:00Z,104.84823084195088,105.46626841684645,104.15195522278773,104.31623840332031,207629300
2012-05-16T00:00:00Z,104.78565672776838,105.26288021137994,103.893797816792,103.91726684570312,207265500
2012-05-17T00:00:00Z,103.94076465994553,104.06594080710524,102.32132959188472,102.3760986328125,247992900
2012-05-18T00:00:00Z,102.77506475400308,102.95500990809187,101.35122514580753,101.49987030029297,319615900
2012-05-21T00:00:00Z,101.8284481196173,103.28358771953094,101.66415296622048,103.24446868896484,177861100
2012-05-22T00:00:00Z,103.51044978480111,104.23019452084458,102.75158602167299,103.42439270019531,197531200
2012-05-23T00:00:00Z,102.68115860315002,103.62778634636886,101.6954237780413,103.47914123535156,204958400
2012-05-24T00:00:00Z,103.76080947092919,103.9250926840689,102.81418147218146,103.68257141113281,167357600
2012-05-25T00:00:00Z,103.6434392157416,103.93291045025605,103.09580867908645,103.34616088867188,135465600
2012-05-29T00:00:00Z,104.17546869688472,104.77785653245628,102.61862167632,104.5979232788086,152883500
2012-05-30T00:00:00Z,103.70601530385923,104.59005502797427,102.86892556671278,103.08014678955078,162370400
2012-05-31T00:00:00Z,103.04105089908657,103.61996948930964,101.96924692302304,102.85328674316406,196186000
2012-06-01T00:00:00Z,101.24168702342241,102.87675965407698,100.2637710571289,100.2637710571289,253240900
2012-06-04T00:00:00Z,100.44371392491608,100.71753519682686,99.46579786445173,100.21684265136719,202545800
2012-06-05T00:00:00Z,100.02123232269702,101.12431830193384,99.9664692736388,100.9756851196289,164149400
2012-06-06T00:00:00Z,101.67980296593736,103.29140675066333,101.64850296650361,103.24446868896484,184202800
2012-06-07T00:00:00Z,104.41795608722407,104.46489414357595,103.09581179187596,103.30704498291016,184772700
2012-06-08T00:00:00Z,103.04106731229847,104.15197855253173,102.71247700273096,104.12850952148438,143915400
2012-06-11T00:00:00Z,104.965584825005,105.02817287820861,102.70464362937062,102.80635070800781,169756100
2012-06-12T00:00:00Z,103.103631043741,104.05807798311666,102.6107695135361,103.9876708984375,181931800
2012-06-13T00:00:00Z,103.68256691004443,104.33190457831905,102.97064118414018,103.32270050048828,172223900
2012-06-14T00:00:00Z,103.53394391959884,104.83261953403932,103.25230356872565,104.41798400878906,230615500
2012-06-15T00:00:00Z,104.88823619425773,105.58024816122504,104.6680489321355,105.48588562011719,169444500
2012-06-18T00:00:00Z,105.04553020920702,105.94987005752007,104.80961181420552,105.69036102294922,131360900
2012-06-19T00:00:00Z,106.22509069034133,107.14516146261738,105.66675099128193,106.712646484375,137382600
2012-06-20T00:00:00Z,106.72052751537124,107.02721780005827,105.58812892597088,106.5396499633789,206451800
2012-06-21T00:00:00Z,106.66542798736992,106.7755215798354,104.06249148034208,104.14899444580078,205272200
2012-06-22T00:00:00Z,104.69163999839566,105.14774561447099,104.29057519842453,104.9511489868164,130029200
2012-06-25T00:00:00Z,103.84232346581936,103.88164518452373,102.89866221343362,103.26826477050781,146375700
2012-06-26T00:00:00Z,103.56709759538715,104.10184664441681,102.96157664259498,103.78728485107422,141634000
2012-06-27T00:00:00Z,104.13326330506196,104.92750907889764,103.77939190085009,104.72305297851562,108088000
2012-06-28T00:00:00Z,104.03104692986625,104.58152698472298,103.23680102108995,104.42424011230469,169242100
2012-06-29T00:00:00Z,106.31942864129104,107.16086776792419,106.04420062737876,107.02718353271484,212250900
2012-07-02T00:00:00Z,107.32600348613923,107.45968772297996,106.57107932523827,107.34959411621094,129524500
2012-07-03T00:00:00Z,107.32601219858476,108.13598922827366,107.21591858287863,108.05735778808594,80450000
2012-07-05T00:00:00Z,107.65627378122848,108.36402861209423,107.17657768449686,107.56977081298828,126177500
2012-07-06T00:00:00Z,106.53176189384206,106.76768020335194,106.04420618701101,106.54749298095703,151192100
2012-07-09T00:00:00Z,106.46096909457293,106.61038439456463,105.92622023140794,106.41378784179688,103780500
2012-07-10T00:00:00Z,106.95642454914183,107.12943054071012,105.12414254702736,105.48588562011719,167884800
2012-07-11T00:00:00Z,105.54092389266359,105.84761410831067,104.88822174155743,105.50160217285156,141733400
2012-07-12T00:00:00Z,104.88821829966051,105.55663951731395,104.27483788849439,104.99044036865234,143583200
2012-07-13T00:00:00Z,105.26569084154312,106.86205437759445,105.24995975271312,106.75196075439453,129642600
2012-07-16T00:00:00Z,106.50816908943541,106.8148592857489,106.08351374112235,106.50029754638672,97525200
2012-07-17T00:00:00Z,106.92495347876907,107.45183089586237,105.80828629636636,107.23164367675781,138860300
2012-07-18T00:00:00Z,106.97999883019352,108.23822184937866,106.91709847860787,108.02589416503906,113349700
2012-07-19T00:00:00Z,108.24610100441176,108.66288490517333,107.90010101078994,108.30901336669922,129847300
2012-07-20T00:00:00Z,107.69561549499652,107.86076191932654,107.20020022061497,107.31815338134766,142904500
2012-07-23T00:00:00Z,105.74537732929895,107.24737819281202,105.24995007082093,106.2329330444336,145210900
2012-07-24T00:00:00Z,106.31157902798967,106.35876029196434,104.61298152907612,105.32072448730469,173301200
2012-07-25T00:00:00Z,105.54092643848253,105.81615448519726,104.78599019751566,105.34432983398438,129122300
2012-07-26T00:00:00Z,106.8620347788463,107.31028073350409,106.36660756565668,107.08222198486328,156526500
2012-07-27T00:00:00Z,107.64841181422462,109.36274005547851,107.05862213476924,109.05603790283203,236768900
2012-07-30T00:00:00Z,108.93022522401755,109.57505570058518,108.73362866419909,109.05603790283203,106782000
2012-07-31T00:00:00Z,108.90666968890444,109.20548839658927,108.29328918457031,108.29328918457031,120575900
2012-08-01T00:00:00Z,109.07178767051442,109.09537830178938,108.04948298448576,108.19889831542969,138293800
2012-08-02T00:00:00Z,107.38106373720032,108.1831812131833,106.61826798049863,107.45183563232422,199556600
2012-08-03T00:00:00Z,108.96173274866923,109.8110317740513,107.48332200085883,109.5829849243164,157825000
2012-08-06T00:00:00Z,109.87390863738214,110.22778011710079,109.74808393369865,109.7952651977539,86326200
2012-08-07T00:00:00Z,110.23564328254906,110.8175735567233,110.11769011853619,110.34574890136719,109545100
2012-08-08T00:00:00Z,109.97617470805412,110.60527441090805,109.94471252332681,110.47946166992188,89754700
2012-08-09T00:00:00Z,110.32212687372562,110.79396344543358,110.21203327356744,110.57377624511719,90291700
2012-08-10T00:00:00Z,110.12558036248134,110.79401380970415,109.9447147941406,110.75469207763672,99792700
2012-08-13T00:00:00Z,110.56593123213403,110.75465628617673,110.12554477432495,110.69961547851562,79426900
2012-08-14T00:00:00Z,111.10852521723957,111.17930911018857,110.38505119493522,110.71533203125,102379400
2012-08-15T00:00:00Z,110.59739337725813,111.02990833842094,110.52662147433296,110.84117126464844,71085900
2012-08-16T00:00:00Z,110.99840020876036,111.79265789935451,110.72317225599933,111.65897369384766,112014200
2012-08-17T00:00:00Z,111.84773999578478,111.90279280624831,111.55678085277691,111.80841827392578,90813700
2012-08-20T00:00:00Z,111.65109204717092,111.83982902572747,111.3444019565786,111.81623840332031,78255700
2012-08-21T00:00:00Z,112.09151460059515,112.52402952981032,111.23435628588973,111.47813415527344,105581100
2012-08-22T00:00:00Z,111.19503672888551,111.7061951094697,110.9355397656114,111.52532958984375,133243500
2012-08-23T00:00:00Z,111.25011515786451,111.25797470424784,110.4401379060055,110.61314392089844,111466400
2012-08-24T00:00:00Z,110.33787859638043,111.53318933545117,110.26710669717812,111.28153991699219,99481200
2012-08-27T00:00:00Z,111.58040064810439,111.72981603063609,111.14788559322524,111.30516052246094,68785900
2012-08-28T00:00:00Z,111.02202424748866,111.5410421422297,110.85688982599179,111.19503021240234,75689600
2012-08-29T00:00:00Z,111.28941146088447,111.58037060158604,110.97484968781075,111.28153991699219,65421300
2012-08-30T00:00:00Z,110.80187106787682,110.83333325260412,110.24354328169781,110.47946166992188,96589900
2012-08-31T00:00:00Z,111.1085239475454,111.52531975929088,110.37719038962793,111.00630187988281,151970400
2012-09-04T00:00:00Z,110.91193516699266,111.24222802209535,110.19633264574877,110.9040756225586,120226200
2012-09-05T00:00:00Z,110.95124379113945,111.25007443462306,110.58951280099902,110.80970001220703,100660300
2012-09-06T00:00:00Z,111.47813250118156,113.0666363997726,111.47027295687771,113.05877685546875,158272500
2012-09-07T00:00:00Z,113.24749611133024,113.54632676982702,113.14527404340002,113.4991455078125,107272100
2012-09-10T00:00:00Z,113.38905807906069,113.58565468104274,112.81499936107829,112.85430908203125,86458500
2012-09-11T00:00:00Z,112.92509876887952,113.53060769453492,112.89363659133863,113.16887664794922,88760000
2012-09-12T00:00:00Z,113.54632568359374,113.67215038063118,113.16099204865542,113.54632568359375,87640900
2012-09-13T00:00:00Z,113.53060363366723,115.6302539354844,113.23178495354679,115.27638244628906,225470200
2012-09-14T00:00:00Z,115.50442181865886,116.47167359307274,115.41004730457524,115.78752136230469,169777000
2012-09-17T00:00:00Z,115.55159247025381,115.74818902420503,115.10334656758037,115.39431762695312,119427800
2012-09-18T00:00:00Z,115.19772759168197,115.44936495534218,115.00899056946027,115.2999496459961,98326600
2012-09-19T00:00:00Z,115.43364878482872,115.73247944213104,115.13483012683001,115.36287689208984,128318300
2012-09-20T00:00:00Z,114.83600145227761,115.43365077789761,114.52145170180475,115.3707504272461,154009800
2012-09-21T00:00:00Z,115.93127829754911,115.95499486087242,115.27509189776747,115.32252502441406,108737500
2012-09-24T00:00:00Z,114.75329796666429,115.409484335503,114.66633321746016,115.14859008789062,95682000
2012-09-25T00:00:00Z,115.3936975238208,115.61506017769189,113.89158001442716,113.92321014404297,133165200
2012-09-26T00:00:00Z,113.89943482532351,113.93105287526977,113.01397260323071,113.28276824951172,146502200
2012-09-27T00:00:00Z,113.75717468876569,114.61100718220244,113.4567487938456,114.35011291503906,111830300
2012-09-28T00:00:00Z,113.91527792872418,114.28685347903293,113.41721807074103,113.8204116821289,150696100
2012-10-01T00:00:00Z,114.2552627708017,115.18024508662134,113.85205699952799,114.12086486816406,135911200
2012-10-02T00:00:00Z,114.57143899475653,114.75326994838431,113.70970527609089,114.23939514160156,113422200
2012-10-03T00:00:00Z,114.5477952313116,114.97470558141713,113.94695531473566,114.7059097290039,121283100
2012-10-04T00:00:00Z,115.14072357950896,115.69413030473434,114.9826090956391,115.52811431884766,124311600
2012-10-05T00:00:00Z,116.14472579688994,116.3423718436221,115.18811362282908,115.53597259521484,124842100
2012-10-08T00:00:00Z,115.10908322863578,115.52017839445725,114.8798070175435,115.14070129394531,78415400
2012-10-09T00:00:00Z,115.05368301196478,115.14854922712095,113.96267328425316,114.00220489501953,148872900
2012-10-10T00:00:00Z,113.9864616795476,114.09715508480103,113.12472751314903,113.27494049072266,124247500
2012-10-11T00:00:00Z,114.06550138872933,114.23152939895203,113.31444871936546,113.33816528320312,123601500
2012-10-12T00:00:00Z,113.41723738552874,113.80461600066809,112.72151928972913,112.96659851074219,124181900
2012-10-15T00:00:00Z,113.23538530305098,114.02596959880461,112.87172328248535,113.90738677978516,107689100
2012-10-16T00:00:00Z,114.44497547866283,115.14069350198606,114.3659242890589,115.06163024902344,108815500
2012-10-17T00:00:00Z,115.14068693114577,115.67829048122255,114.96675743524074,115.58341217041016,128834100
2012-10-18T00:00:00Z,115.2829818725586,115.83638834246518,114.89559131194582,115.2829818725586,148108500
2012-10-19T00:00:00Z,115.06955009582921,115.07745159621346,113.0930892974239,113.36188507080078,185645200
2012-10-22T00:00:00Z,113.17211831417771,113.58322545742622,112.48431395138955,113.37767791748047,125578600
2012-10-23T00:00:00Z,112.15225650348178,112.31037090460025,111.33795587753389,111.80439758300781,192056300
2012-10-24T00:00:00Z,112.2076428813352,112.34205285081804,111.31429067436598,111.48822021484375,120179400
2012-10-25T00:00:00Z,112.27877839889743,112.48432596078848,111.13243365074189,111.81232452392578,134457400
2012-10-26T00:00:00Z,111.70957572901833,112.13648598795383,110.99014104529185,111.74910736083984,146023500
2012-10-31T00:00:00Z,112.14439955233433,112.2866989508594,111.21940520848011,111.74910736083984,103438500
2012-11-01T00:00:00Z,111.98627830547323,113.06147359957076,111.88351053392394,112.91917419433594,100995600
2012-11-02T00:00:00Z,113.59115026875827,113.62278039730728,111.79653253278525,111.91511535644531,137702200
2012-11-05T00:00:00Z,111.74909414675184,112.3973669911986,111.41703812940428,112.1443862915039,98378500
2012-11-06T00:00:00Z,112.4843309233974,113.46465977802622,112.3657481061821,113.02193450927734,107068100
2012-11-07T00:00:00Z,111.9941925630888,112.00999556597206,109.93866823233361,110.46045684814453,264304500
2012-11-08T00:00:00Z,110.44461299430668,111.00593309773856,109.04527554877585,109.13224029541016,181517300
2012-11-09T00:00:00Z,108.80018960914974,110.2390585888821,108.74485499019846,109.22711181640625,201055300
2012-11-12T00:00:00Z,109.56709054062301,109.74102007597749,109.06903056516317,109.3141098022461,97677500
2012-11-13T00:00:00Z,108.73695476334986,110.08885916764902,108.59465538571762,108.93460083007812,123018300
2012-11-14T00:00:00Z,109.26667778878088,109.4405952625589,107.2190549767113,107.4641342163086,191505000
2012-11-15T00:00:00Z,107.50365788275664,107.9068636268609,106.87118798215702,107.28229522705078,178128400
2012-11-16T00:00:00Z,107.4404056010743,108.02544234797166,106.49170681792795,107.81198120117188,239483900
2012-11-19T00:00:00Z,109.02155318437502,110.00978340563788,107.8435904811783,109.99398040771484,151495800
2012-11-20T00:00:00Z,109.82007259352538,110.22326626055067,109.16388614952453,110.04143524169922,119807400
2012-11-21T00:00:00Z,110.13628219629027,110.34184180739156,109.91491958691769,110.24696350097656,81710800
2012-11-23T00:00:00Z,110.78459344852442,111.78862692930102,110.71343168590155,111.74910736083984,65409200
2012-11-26T00:00:00Z,111.19567615854916,111.75699631533266,110.83201413868294,111.51191711425781,100124400
2012-11-27T00:00:00Z,111.40122829566897,111.7807053536126,110.87153830179646,110.94268798828125,128646200
2012-11-28T00:00:00Z,110.49201893088944,111.89925752955304,109.89117941502512,111.83602142333984,177086500
2012-11-29T00:00:00Z,112.25507373154309,112.66616889888668,111.76490324223411,112.35784149169922,151085900
2012-11-30T00:00:00Z,112.37365214969542,112.59501478908022,111.99417506265848,112.38155364990234,136568300
2012-12-03T00:00:00Z,112.89542612428006,112.99029236796498,111.74116788489751,111.82813262939453,124656300
2012-12-04T00:00:00Z,111.82022634938491,112.16017175029337,111.3695875844333,111.67001342773438,127512200
2012-12-05T00:00:00Z,111.76487309727226,112.38944130706643,110.97428897788663,111.8676528930664,147300500
2012-12-06T00:00:00Z,111.76487454604542,112.29456446529724,111.59885863430196,112.24713134765625,103220600
2012-12-07T00:00:00Z,112.68196341030468,112.80845977565751,112.00206052572997,112.58709716796875,108726400
2012-12-10T00:00:00Z,112.42898918520575,112.90333248742294,112.38154399796178,112.63453674316406,98840700
2012-12-11T00:00:00Z,113.10097946294842,113.93109532775719,113.04564483908551,113.40140533447266,152570400
2012-12-12T00:00:00Z,113.84413195817447,114.27895570818639,113.29862689573757,113.45674133300781,145880100
2012-12-13T00:00:00Z,113.38558833565227,113.70973076377643,112.47642130037111,112.76103210449219,135715000
2012-12-14T00:00:00Z,112.51597053777937,112.72151812607098,112.16811149347062,112.342041015625,137701700
2012-12-17T00:00:00Z,112.63455330105803,113.72556356425073,112.60292317157892,113.66231536865234,143238200
2012-12-18T00:00:00Z,113.84414936630415,115.03002592220315,113.67812134059983,114.92724609375,177762800
2012-12-19T00:00:00Z,115.05373127156487,115.0932628989129,114.0338828407961,114.07340240478516,150895400
2012-12-20T00:00:00Z,114.14455151896712,114.74539117269948,113.82831059856247,114.72957611083984,168487000
2012-12-21T00:00:00Z,113.19453657716669,114.72322269773981,113.0114159460292,113.68817138671875,245883800
2012-12-24T00:00:00Z,113.44139491860248,113.50509171522677,113.21050466114596,113.33789825439453,53874600
2012-12-26T00:00:00Z,113.56875552067768,113.6244947573776,112.54167382716246,112.86014556884766,106947700
2012-12-27T00:00:00Z,112.8919752989028,113.12287761246539,111.40310124167237,112.70885467529297,167920600
2012-12-28T00:00:00Z,111.97638475341213,112.59741322181931,111.36331382729549,111.49070739746094,148806700
2012-12-31T00:00:00Z,111.19610125065608,113.50505160497465,111.10055001502454,113.38562774658203,243935200
2013-01-02T00:00:00Z,115.53535326527951,116.36338710995928,115.2327965965895,116.29173278808594,192059000
2013-01-03T00:00:00Z,116.23599399243999,116.53853848174234,115.71846226133164,116.02897644042969,144761800
2013-01-04T00:00:00Z,116.22003392420586,116.7295958215436,115.98117412725388,116.53850555419922,116817700
2013-01-07T00:00:00Z,116.12454604272232,116.33155147855683,115.79013489026144,116.22008514404297,110002500
2013-01-08T00:00:00Z,116.01307471456732,116.1723105928874,115.43184614276684,115.88568115234375,121265100
2013-01-09T00:00:00Z,116.14048583456956,116.49878183858402,115.95736513510836,116.1802978515625,90745600
2013-01-10T00:00:00Z,116.825118534266,117.11174782071963,116.22001766238043,117.10379028320312,130735400
2013-01-11T00:00:00Z,117.0719740535045,117.15955559042614,116.72961759484838,117.09587097167969,113917300
2013-01-14T00:00:00Z,116.95257671643456,117.09589751339064,116.5863232565859,117.01627349853516,89567200
2013-01-15T00:00:00Z,116.47483052419771,117.2073372778603,116.40317621642077,117.09587097167969,93172600
2013-01-16T00:00:00Z,116.85703103374998,117.26308432922946,116.72963747672644,117.07996368408203,104849500
2013-01-17T00:00:00Z,117.59747436448515,118.17073317859132,117.1595666385822,117.83633422851562,133833500
2013-01-18T00:00:00Z,117.812430697182,118.22645358564684,117.38248058060665,118.09906005859375,169906000
2013-01-22T00:00:00Z,118.09912813088384,118.736083984375,117.82045614844321,118.736083984375,111797300
2013-01-23T00:00:00Z,118.73601536448555,119.03060226504712,118.52104030652461,118.92709350585938,104596100
2013-01-24T00:00:00Z,118.75196679325707,119.54020081444621,118.64050046036438,118.958984375,146426400
2013-01-25T00:00:00Z,119.33315967943227,119.62774658203125,118.92709432837371,119.62774658203125,147211600
2013-01-28T00:00:00Z,119.65961750912504,119.69147197313671,119.03858909899961,119.48446655273438,113357700
2013-01-29T00:00:00Z,119.24558329137055,120.10547141733721,119.16595929586927,119.95419311523438,105694400
2013-01-30T00:00:00Z,119.93828939909446,120.17714928350848,119.3729880776119,119.48446655273438,137447700
2013-01-31T00:00:00Z,119.34109760665402,119.73123566540117,119.11020750586961,119.1898193359375,108975800
2013-02-01T00:00:00Z,119.94625337252558,120.55932427398203,119.73924794102295,120.416015625,131173000
2013-02-04T00:00:00Z,119.68353302613681,120.43991265353026,118.97491080434389,119.06249237060547,159073600
2013-02-05T00:00:00Z,119.70736275256202,120.60705062977084,119.6595810710947,120.26469421386719,113912400
2013-02-06T00:00:00Z,119.84274810609188,120.43192204139581,119.75516655504424,120.35231018066406,138762800
2013-02-07T00:00:00Z,120.39211732517873,120.50358364483773,119.31725398288873,120.19306945800781,162490000
2013-02-08T00:00:00Z,120.40004689202166,120.93349359422642,120.40004689202166,120.8618392944336,103133700
2013-02-11T00:00:00Z,120.81411266144451,120.94149407889238,120.53544075363155,120.83799743652344,73775000
2013-02-12T00:00:00Z,120.84594275083954,121.25996572518007,120.7105916561147,121.03703308105469,65392700
2013-02-13T00:00:00Z,121.28385423657453,121.50678688757209,120.79817692927591,121.14053344726562,82322600
2013-02-14T00:00:00Z,120.77430648658598,121.39533496647115,120.63895537162843,121.25201416015625,80834300
2013-02-15T00:00:00Z,121.36340979642695,121.49080329473153,120.66276985357712,121.10863494873047,215226500
2013-02-19T00:00:00Z,121.31572012769796,122.0402574587042,121.14852668141694,122.01637268066406,95105400
2013-02-20T00:00:00Z,121.92875244123246,121.96856444164636,120.43190869787114,120.49560546875,160574800
2013-02-21T00:00:00Z,120.19307276691332,120.55931404919649,119.38095404480148,119.76312255859375,183257000
2013-02-22T00:00:00Z,120.34427067846383,120.93345642089844,119.81879382592606,120.93345642089844,106356600
2013-02-25T00:00:00Z,121.52271698022749,121.70583763023238,118.63253784179688,118.63253784179688,245824800
2013-02-26T00:00:00Z,119.20576602745646,119.58793446136433,118.41753224291323,119.44462585449219,186596200
2013-02-27T00:00:00Z,119.34115253646063,121.28386188821815,119.23764374592498,120.949462890625,150781900
2013-02-28T00:00:00Z,120.94143085952783,121.71373724715856,120.55130497122205,120.71054077148438,126866000
2013-03-01T00:00:00Z,120.29651658317962,121.29175550947288,119.75511243875418,121.10863494873047,170634800
2013-03-04T00:00:00Z,120.829993316418,121.75357818603514,120.63891517023217,121.75357818603516,99010200
2013-03-05T00:00:00Z,122.34279844588143,123.17083232560331,122.32687121292933,122.84439086914062,121431900
2013-03-06T00:00:00Z,123.28226066487886,123.34595742813781,122.74085640055081,123.01155853271484,94469900
2013-03-07T00:00:00Z,123.17075455127642,123.3936870761618,123.027445991955,123.23445129394531,86101400
2013-03-08T00:00:00Z,123.77592173670594,123.92718789926236,123.13896617998996,123.75999450683594,123477800
2013-03-11T00:00:00Z,123.66446245800785,124.23770912784322,123.51318413793176,124.22975158691406,83746800
2013-03-12T00:00:00Z,124.14214008112741,124.28546082568597,123.57685108864545,123.9510498046875,105755800
2013-03-13T00:00:00Z,124.0147391602954,124.30136848338734,123.5927587886481,124.12620544433594,92550900
2013-03-14T00:00:00Z,124.45270274305425,124.84284098715696,124.13423097364905,124.78710174560547,126329900
2013-03-15T00:00:00Z,124.63832015000563,124.79025908079855,124.20645774853092,124.62232208251953,138601100
2013-03-18T00:00:00Z,123.43076522926937,124.4704203756098,123.31880311830685,123.93460083007812,126704300
2013-03-19T00:00:00Z,124.19850029714586,124.36643734340095,122.8309519057297,123.64668273925781,167567300
2013-03-20T00:00:00Z,124.3744305139423,124.71830971087034,124.16649220607665,124.51038360595703,113759300
2013-03-21T00:00:00Z,123.76662739335913,124.47039606938206,123.23881308929442,123.44673919677734,128605000
2013-03-22T00:00:00Z,123.8386008049266,124.4384002685547,123.7426245927392,124.43840026855469,111163600
2013-03-25T00:00:00Z,124.76626308253567,124.97420134267436,123.43871640517492,123.91854858398438,151322300
2013-03-26T00:00:00Z,124.43037291873675,124.94220121487461,124.29441986227269,124.91021728515625,86856600
2013-03-27T00:00:00Z,124.16645973750094,124.95020634951607,123.9585336869587,124.91021728515625,99950600
2013-03-28T00:00:00Z,124.83030476228728,125.4381095729166,124.55839850645603,125.29415130615234,102932800
2013-04-01T00:00:00Z,125.2301214018192,125.48604168407601,124.49436889475695,124.79827117919922,99194100
2013-04-02T00:00:00Z,125.24610567849962,125.72595005341685,125.05416548794285,125.41405487060547,101504300
2013-04-03T00:00:00Z,125.48605138143489,125.58201539322178,123.81461309373772,124.14249420166016,154167400
2013-04-04T00:00:00Z,124.30240235905019,124.89420873422684,124.030496268948,124.64629364013672,131885000
2013-04-05T00:00:00Z,123.11889604519303,124.2385295954839,122.97494995894621,124.08657836914062,159666000
2013-04-08T00:00:00Z,124.17447322496731,124.93421668711278,123.75860889295981,124.92622375488281,86571200
2013-04-09T00:00:00Z,125.15811439526328,125.81390078816759,124.74225015105439,125.35804748535156,101922200
2013-04-10T00:00:00Z,125.69397860574563,127.05352166441831,125.66199466917939,126.8935775756836,135711100
2013-04-11T00:00:00Z,126.9175748329681,127.72531265575172,126.78961467449413,127.3094482421875,110142500
2013-04-12T00:00:00Z,126.90152138014794,127.18942550959127,126.29372919707737,126.99749755859375,116359900
2013-04-15T00:00:00Z,126.35776903748436,126.46173819543479,124.03854904392685,124.05453491210938,217259000
2013-04-16T00:00:00Z,124.99020880967453,125.9498977390636,124.68631870478953,125.88591766357422,147507800
2013-04-17T00:00:00Z,124.9901565336263,125.01415972947838,123.38269899422257,124.04647827148438,226834800
2013-04-18T00:00:00Z,124.25445015183551,124.28644628948675,122.7989431654312,123.27078247070312,167583200
2013-04-19T00:00:00Z,123.55867278366034,124.39839435967322,123.25477052494433,124.3424072265625,149687600
2013-04-22T00:00:00Z,124.58234610049468,125.1901384963545,123.75862248121767,124.89424133300781,106553500
2013-04-23T00:00:00Z,125.5180213610128,126.30175584368064,124.8942309478557,126.18180084228516,166141300
2013-04-24T00:00:00Z,126.22177546282916,126.59765069477871,125.98984621607786,126.26176452636719,96781200
2013-04-25T00:00:00Z,126.62965476502966,127.37341241569973,126.43772675423804,126.77361297607422,131060600
2013-04-26T00:00:00Z,126.62161744903385,126.83754858843746,126.14177318434731,126.54964447021484,95918800
2013-04-29T00:00:00Z,126.89357968045722,127.67731427032328,126.69364651548462,127.39741516113281,88572800
2013-04-30T00:00:00Z,127.37342046789333,127.7332977138289,126.84559399894695,127.70130157470703,116010700
2013-05-01T00:00:00Z,127.42141736392014,127.4853974466889,126.43774952262571,126.58169555664062,138874200
2013-05-02T00:00:00Z,126.90161178053789,127.86929396696677,126.78165672571254,127.75733184814453,96407600
2013-05-03T00:00:00Z,128.86892134890516,129.46072791498142,127.78128443470818,129.0528564453125,144202300
2013-05-06T00:00:00Z,129.14883545455507,129.5646876638593,129.0928483092916,129.38075256347656,66882100
2013-05-07T00:00:00Z,129.66065423150692,130.0765064098537,129.29277185517554,130.03652954101562,90359200
2013-05-08T00:00:00Z,129.89255867913502,130.66830022512343,129.8205856786908,130.62831115722656,97419200
2013-05-09T00:00:00Z,130.57234750232203,130.91622666944613,129.932558969563,130.2604522705078,106738600
2013-05-10T00:00:00Z,130.34837901691375,130.79622717665376,129.96449870603908,130.68426513671875,103203000
2013-05-13T00:00:00Z,130.5163933313976,131.0042308380263,130.21250315885905,130.78829956054688,81843200
2013-05-14T00:00:00Z,130.89228070402802,132.23583830540213,130.89228070402802,132.13986206054688,119000900
2013-05-15T00:00:00Z,131.92386689752774,133.11546040721555,131.8838778354758,132.85154724121094,120718500
2013-05-16T00:00:00Z,132.57965219500633,133.04349850698557,132.02783482035952,132.22776794433594,109913600
2013-05-17T00:00:00Z,132.71563028180645,133.58733593801767,132.53968812329296,133.5073699951172,129801000
2013-05-20T00:00:00Z,133.37935838494442,134.01914669607555,133.24340535180798,133.4993133544922,85071200
2013-05-21T00:00:00Z,133.619341682596,134.1951502058584,133.15549524980392,133.69131469726562,95804200
2013-05-22T00:00:00Z,133.82725668534988,135.21080293491667,132.09183832561834,132.6996307373047,244031800
2013-05-23T00:00:00Z,131.28413076462326,132.6836630728156,131.10818858392852,132.31578063964844,211064400
2013-05-24T00:00:00Z,131.53200873882543,132.25976826182998,131.14013541037303,132.2037811279297,151573900
2013-05-28T00:00:00Z,133.58733879493008,134.17914535921844,132.60367103526,132.99554443359375,143679800
2013-05-29T00:00:00Z,132.2917189257734,132.59562111235252,131.42800655571713,132.13177490234375,160363400
2013-05-30T00:00:00Z,132.23576076080025,133.2274211534578,132.1317916410739,132.61962890625,107793800
2013-05-31T00:00:00Z,132.25184024180737,133.00359120255254,130.4604461596473,130.7163543701172,176850100
2013-06-03T00:00:00Z,131.0201860692345,131.52402148428712,130.08450044338707,131.43605041503906,168390700
2013-06-04T00:00:00Z,131.50804417778522,132.03587067660268,130.140495922295,130.8042755126953,157631500
2013-06-05T00:00:00Z,130.4283767472705,130.6922899492729,128.86090780579892,128.97286987304688,211737800
2013-06-06T00:00:00Z,128.91686749063086,130.1484622876449,128.15712410966563,130.1404571533203,200225500
2013-06-07T00:00:00Z,131.03621580171497,131.91591450382205,130.468400180639,131.79595947265625,188337800
2013-06-10T00:00:00Z,132.20381878157335,132.27579180027283,131.4520680450587,131.79595947265625,105667100
2013-06-11T00:00:00Z,130.59629962565646,131.5879599634092,130.14845144693618,130.4363555908203,159505400
2013-06-12T00:00:00Z,131.33207553195288,131.46802859612447,129.2367802325613,129.3567352294922,177361500
2013-06-13T00:00:00Z,129.2847460488952,131.55598319479685,128.9968418893479,131.32406616210938,163587800
2013-06-14T00:00:00Z,131.18020518854638,131.69203382891348,130.28450811864326,130.50042724609375,141197500
2013-06-17T00:00:00Z,131.38804367057898,132.13180122195033,130.53233626315944,131.5080108642578,136295600
2013-06-18T00:00:00Z,131.57995647150125,132.7475710176877,131.57196354143267,132.54763793945312,114695600
2013-06-19T00:00:00Z,132.4357876150668,132.66770481214752,130.66037940652816,130.7163543701172,206149500
2013-06-20T00:00:00Z,129.4447187758253,130.7322887464789,127.1414849890782,127.47737121582031,321255900
2013-06-21T00:00:00Z,128.34484225754252,128.44131403432772,126.60024144473081,127.88658905029297,271956800
2013-06-24T00:00:00Z,126.55202229234223,127.37205703850252,125.20135590112969,126.2706298828125,222329000
2013-06-25T00:00:00Z,127.41226828372766,128.71469888828932,126.56006802529356,127.48463439941406,162262200
2013-06-26T00:00:00Z,128.52976763658,129.0362690669356,128.0313137003707,128.74684143066406,134848000
2013-06-27T00:00:00Z,129.51858515380854,130.0974401251396,129.39798321206405,129.50250244140625,129483700
2013-06-28T00:00:00Z,129.1407769713292,129.75982058997016,128.52172108516774,128.97193908691406,160402900
2013-07-01T00:00:00Z,129.64727505679127,130.6281124573743,129.50256737515838,129.72767639160156,131954800
2013-07-02T00:00:00Z,129.53468957302957,130.48337357334313,129.03623576546045,129.6070556640625,154863700
2013-07-03T00:00:00Z,129.02015633960377,130.05727690650494,128.8111300882798,129.663330078125,75216400
2013-07-05T00:00:00Z,130.62005785974844,131.1104764873101,129.67942126606837,131.06224060058594,122416900
2013-07-08T00:00:00Z,131.73758268503855,132.16368275674927,131.11049155053894,131.8099365234375,108092500
2013-07-09T00:00:00Z,132.63800397225552,132.91939633587936,132.0671962872169,132.75860595703125,119298000
2013-07-10T00:00:00Z,132.62998113453824,133.25707225787954,132.35663623821424,132.80685424804688,121410100
2013-07-11T00:00:00Z,134.35048923032716,134.7524714239111,132.79883158398115,134.6157989501953,135592200
2013-07-12T00:00:00Z,134.57560156105106,135.00973694300475,134.36657523159533,134.6720733642578,104212700
2013-07-15T00:00:00Z,135.04193776509427,135.37960143229662,134.80878115623514,135.1866455078125,69450600
2013-07-16T00:00:00Z,135.2750558550868,135.3554572082342,134.31834845076773,134.6801300048828,88702100
2013-07-17T00:00:00Z,135.19462523624676,135.4518874057414,134.8489142449479,135.02578735351562,92873900
2013-07-18T00:00:00Z,135.31520865945402,136.0870196670336,135.22677210928885,135.7654266357422,103620100
2013-07-19T00:00:00Z,135.4840048906996,136.05481241107347,135.3151670677272,136.00657653808594,103831700
2013-07-22T00:00:00Z,136.19958829944048,136.46489797747668,135.87799523476576,136.27194213867188,79428600
2013-07-23T00:00:00Z,136.513102142906,136.53722008371116,135.91012908774078,135.98248291015625,80829700
2013-07-24T00:00:00Z,136.50508029806394,136.56136368219617,135.21069740574822,135.4840545654297,112914000
2013-07-25T00:00:00Z,135.24288237346443,135.9342921971648,135.01777333947103,135.81369018554688,111088600
2013-07-26T00:00:00Z,135.24283126254085,135.99855941999513,134.68005889024008,135.95835876464844,107814600
2013-07-29T00:00:00Z,135.612682817262,135.91819315565118,135.15442957719904,135.5403289794922,79695000
2013-07-30T00:00:00Z,135.95035859522943,136.09506627076905,135.2187481888347,135.5403289794922,85209600
2013-07-31T00:00:00Z,135.82170336067668,136.55331367005275,135.45992195228257,135.6367950439453,142388700
2013-08-01T00:00:00Z,136.66591988104537,137.3251643442242,136.59355375796358,137.20457458496094,110438400
2013-08-02T00:00:00Z,136.89907413870242,137.45381160674992,136.71416573852815,137.43772888183594,91116700
2013-08-05T00:00:00Z,137.13215683153507,137.44570232704422,136.95528375534855,137.23666381835938,54072700
2013-08-06T00:00:00Z,136.97140008799482,137.26887523442383,136.15136529735628,136.4568634033203,87495000
2013-08-07T00:00:00Z,136.0227874883298,136.21573116217942,135.50825057885163,136.01473999023438,84854700
2013-08-08T00:00:00Z,136.65783022506585,136.8186206103193,135.81366536808514,136.51312255859375,102181300
2013-08-09T00:00:00Z,136.33629075192692,136.75435569423723,135.64488084513536,136.1192169189453,91757700
2013-08-12T00:00:00Z,135.4357870476944,136.11914911851758,135.3714684526432,135.95835876464844,68593300
2013-08-13T00:00:00Z,136.19960691830985,136.59354160854687,135.39564254800052,136.3603973388672,80806000
2013-08-14T00:00:00Z,136.29609148012898,136.51316531534601,135.62879951818317,135.6609649658203,79829200
2013-08-15T00:00:00Z,134.5916318396068,134.60770228886378,133.5303933477577,133.7635498046875,152931800
2013-08-16T00:00:00Z,133.5062736606308,133.96453907635117,133.0560557369522,133.3213653564453,130868200
2013-08-19T00:00:00Z,133.16865281400712,133.6269183763111,132.461160269056,132.46920776367188,96437600
2013-08-20T00:00:00Z,132.68625952299107,133.61886103304695,132.54155184083828,133.1204071044922,89294400
2013-08-21T00:00:00Z,132.7505873283694,133.4821978188509,132.00290638377257,132.3003692626953,159530500
2013-08-22T00:00:00Z,132.57373070667023,133.69928827858018,132.56569547861167,133.50633239746094,101471400
2013-08-23T00:00:00Z,133.9002413357057,134.12535033261096,133.2731502346809,133.95651245117188,90888900
2013-08-26T00:00:00Z,134.09319522337853,134.50322485237706,133.36963228723707,133.45806884765625,89702100
2013-08-27T00:00:00Z,132.13957518220624,133.4580761668891,131.21502112781786,131.31149291992188,158619400
2013-08-28T00:00:00Z,131.25520211960384,132.24408700293066,131.08637649295275,131.7777862548828,108113000
2013-08-29T00:00:00Z,131.48837767175118,132.68627675465564,131.36777565344016,131.98683166503906,119200500
2013-08-30T00:00:00Z,132.26010455373657,132.2761872675871,131.18279580856074,131.56869506835938,134928900
2013-09-03T00:00:00Z,132.8390233849752,133.1204158086999,131.608958936162,132.1636962890625,142375100
2013-09-04T00:00:00Z,132.19585647206435,133.48220438081742,131.9546769732556,133.25709533691406,97389400
2013-09-05T00:00:00Z,133.3374667680819,133.77963726171487,133.2409827226812,133.4259033203125,63090500
2013-09-06T00:00:00Z,133.86806799438784,134.24593213135378,132.23602172941554,133.49020385742188,159756500
2013-09-09T00:00:00Z,133.8198248735912,134.848897962353,133.8198248735912,134.7685089111328,87559300
2013-09-10T00:00:00Z,135.5805183099495,135.78954457964906,135.27500799710262,135.7654266357422,105847200
2013-09-11T00:00:00Z,135.5804743837296,136.1914825439453,135.34733024565867,136.1914825439453,94545900
2013-09-12T00:00:00Z,136.14330325747454,136.3201763740148,135.64484934769064,135.8297576904297,83209000
2013-09-13T00:00:00Z,135.97452448937852,136.2398342556106,135.66097881429067,136.13531494140625,72727800
2013-09-16T00:00:00Z,137.60650062425213,137.67081922544065,136.70605247513174,136.92312622070312,106299200
2013-09-17T00:00:00Z,137.04379137899883,137.5663633867364,137.04379137899883,137.53421020507812,82523300
2013-09-18T00:00:00Z,137.48594340224932,139.50390183544496,137.14024460928502,139.12603759765625,203460600
2013-09-19T00:00:00Z,139.50385810933162,139.56817671129764,138.75616509555593,138.89283752441406,146616900
2013-09-20T00:00:00Z,139.22249094193668,139.22249094193668,137.80869556933962,137.9217987060547,132867100
2013-09-23T00:00:00Z,137.73597891804016,137.86523083097848,136.84730267543415,137.28355407714844,104616500
2013-09-24T00:00:00Z,137.25928562223427,137.76825574148015,136.70185683367154,136.9603729248047,106333100
2013-09-25T00:00:00Z,137.04929474923216,137.32397205701855,136.44338239700542,136.56455993652344,117306500
2013-09-26T00:00:00Z,136.7907478958389,137.47744101139097,136.57261604627976,137.08966064453125,77146900
2013-09-27T00:00:00Z,136.40299121128714,136.64535862730145,136.10407838368351,136.4595489501953,99141800
2013-09-30T00:00:00Z,135.30422964954428,136.1605835828776,135.03762680339642,135.73240661621094,143937000
2013-10-01T00:00:00Z,135.8374580705627,136.93617953217313,135.70011942877605,136.80691528320312,127160000
2013-10-02T00:00:00Z,136.00715631836155,136.80695288312972,135.58705355740696,136.6776885986328,113350000
2013-10-03T00:00:00Z,136.36261085665777,136.48380074278336,134.78724095558755,135.41738891601562,176698000
2013-10-04T00:00:00Z,135.52237324810554,136.58069800572014,135.3446380019227,136.443359375,96878000
2013-10-07T00:00:00Z,135.25573481405866,136.08785309906065,135.11839621945097,135.26380920410156,96295000
2013-10-08T00:00:00Z,135.2396567643373,135.41739207294205,133.591580289563,133.6885223388672,178015000
2013-10-09T00:00:00Z,133.94702032137894,134.27016863015245,132.92100533368043,133.7854461669922,168973000
2013-10-10T00:00:00Z,135.15071670086542,136.7422469032979,135.10224570218244,136.66954040527344,195955000
2013-10-11T00:00:00Z,136.4594755686871,137.59859318226714,136.34637247901117,137.55010986328125,105040000
2013-10-14T00:00:00Z,136.70188372611767,138.21262094575766,136.59685499454793,138.09951782226562,112106000
2013-10-15T00:00:00Z,137.75210042179015,138.26914495309592,136.911907681161,137.09771728515625,155485000
2013-10-16T00:00:00Z,137.92177377593546,139.0851271589036,137.85714166273556,139.01242065429688,161676000
2013-10-17T00:00:00Z,138.44693947547108,140.02232157091123,138.42270396575532,139.9415283203125,129389000
2013-10-18T00:00:00Z,140.45858737469908,140.98370657510094,140.1758232961316,140.8867645263672,138316000
2013-10-21T00:00:00Z,140.9351720018224,141.17753934169173,140.57970154698936,140.894775390625,104104000
2013-10-22T00:00:00Z,141.30685855636008,142.13089057434806,140.91906573073302,141.71080017089844,126663000
2013-10-23T00:00:00Z,141.2260037519698,141.2906358614057,140.53931070292805,141.03211975097656,105484000
2013-10-24T00:00:00Z,141.31490750550492,141.6784524276652,140.98367248266928,141.50071716308594,70350000
2013-10-25T00:00:00Z,141.79154792262128,142.18741505008342,141.51687064755785,142.1470184326172,93625000
2013-10-28T00:00:00Z,142.09856792456395,142.56714163468104,141.94506815243543,142.3732452392578,84979000
2013-10-29T00:00:00Z,142.69636278698823,143.1891718567313,142.4943920588528,143.1326141357422,87401000
2013-10-30T00:00:00Z,143.30229375337763,143.4073101631979,141.9127339754973,142.42169189453125,140002000
2013-10-31T00:00:00Z,142.30861492244262,142.90645290379993,141.80773130369278,142.0177764892578,133795000
2013-11-01T00:00:00Z,142.20355593591427,142.680203903195,141.55724713033413,142.3570556640625,142805000
2013-11-04T00:00:00Z,142.74488329630552,142.9145318634806,142.17128080544487,142.8579864501953,85677000
2013-11-05T00:00:00Z,142.30050410735382,142.79331320613665,141.84001723027367,142.40553283691406,85825000
2013-11-06T00:00:00Z,143.01951102107896,143.39921697615875,142.62364395610012,143.1326141357422,87348000
2013-11-07T00:00:00Z,143.39931017500373,143.5124133631756,141.18570511812797,141.3230438232422,157000000
2013-11-08T00:00:00Z,141.27450819442646,143.24574485324757,141.2583594087306,143.22958374023438,136713000
2013-11-11T00:00:00Z,143.0922739655368,143.42350904888588,142.92262539028374,143.2538604736328,62614000
2013-11-12T00:00:00Z,142.94686683715688,143.28617632907324,142.4863674591359,142.96302795410156,83990000
2013-11-13T00:00:00Z,142.2601095482789,144.15055274376928,142.2601095482789,144.11016845703125,103844000
2013-11-14T00:00:00Z,144.23946002555203,144.95040118097876,144.00517932332417,144.8292236328125,103435000
2013-11-15T00:00:00Z,145.06351387460768,145.5159265206053,144.8777041794272,145.45938110351562,102818000
2013-11-18T00:00:00Z,145.7017314184489,145.8229089603417,144.62724534683133,144.9503936767578,104796000
2013-11-19T00:00:00Z,144.8776823444685,145.31393380812597,144.38487314492528,144.63531494140625,93891000
2013-11-20T00:00:00Z,144.92614278750847,145.36239421934215,143.78702470533534,144.18289184570312,124909000
2013-11-21T00:00:00Z,144.58677963375305,145.45929450041044,144.49791203639037,145.34619140625,92841000
2013-11-22T00:00:00Z,145.402743756604,146.08944907161094,145.23309527089103,146.0732879638672,81296000
2013-11-25T00:00:00Z,146.33188960257908,146.3641995069211,145.71789047420566,145.92794799804688,79486000
2013-11-26T00:00:00Z,146.00064498345466,146.404586561579,145.75020317738853,145.96832275390625,86994000
2013-11-27T00:00:00Z,146.12180547961663,146.4207305951332,145.94407021979072,146.3237762451172,58800000
2013-11-29T00:00:00Z,146.4853350888135,146.83271882283753,146.06523252416463,146.226806640625,55870900
2013-12-02T00:00:00Z,146.2995194099857,146.57419665246428,145.62090069539778,145.84710693359375,99726000
2013-12-03T00:00:00Z,145.3705102840182,145.7340552718178,144.74843674567327,145.21701049804688,116563000
2013-12-04T00:00:00Z,144.69187817591836,145.8067485486632,144.08596580889576,145.20083618164062,123033000
2013-12-05T00:00:00Z,144.94229756352445,145.20890044305685,144.42525291672982,144.56259155273438,106934000
2013-12-06T00:00:00Z,145.9602738198339,146.3157444429586,145.5401710536574,146.17840576171875,127728000
2013-12-09T00:00:00Z,146.60660658516903,146.7681808052161,146.35616469499763,146.550048828125,70124000
2013-12-10T00:00:00Z,146.21060509840737,146.51760446390637,145.93592794365117,146.02479553222656,80976000
2013-12-11T00:00:00Z,146.0814473604008,146.10568287041752,144.20715240364348,144.3848876953125,130591000
2013-12-12T00:00:00Z,144.32023432075914,144.49796958627195,143.60929325870788,143.90821838378906,115565000
2013-12-13T00:00:00Z,144.20716382624394,144.33642810811847,143.6174124902569,143.89208984375,107808000
2013-12-16T00:00:00Z,144.57065598678378,145.26543583874164,144.53025937254935,144.78878784179688,96195000
2013-12-17T00:00:00Z,144.91807163278347,144.94230713913146,144.0051598026171,144.32830810546875,89886000
2013-12-18T00:00:00Z,144.5464293169058,146.81657864420694,143.25382387362504,146.79234313964844,234906000
2013-12-19T00:00:00Z,146.37227229342236,146.79237500917088,145.99257853046657,146.6227264404297,136531200
2013-12-20T00:00:00Z,146.76894610948767,147.82489870934157,146.6714777567845,147.47561645507812,197087000
2013-12-23T00:00:00Z,148.19847524522555,148.35280833692337,147.8898214560712,148.26345825195312,85598000
2013-12-24T00:00:00Z,148.2716096827048,148.65337718631838,148.2634914528864,148.58839416503906,45368800
2013-12-26T00:00:00Z,148.92139716243395,149.42501237618944,148.90516070610488,149.34378051757812,63365000
2013-12-27T00:00:00Z,149.53874537437284,149.603715995051,149.18134498942905,149.33567810058594,61814000
2013-12-30T00:00:00Z,149.3519591423042,149.47380697949532,149.11640648786243,149.3113555908203,56857000
2013-12-31T00:00:00Z,149.51441762457034,150.0180206298828,149.4006880228587,150.0180206298828,86119900
2014-01-02T00:00:00Z,149.44121844564555,149.51433206122562,148.2228151796707,148.58021545410156,119636900
2014-01-03T00:00:00Z,148.83210732098473,149.1326554041114,148.34475315476658,148.55593872070312,81390600
2014-01-06T00:00:00Z,149.04328015057538,149.1001325496372,147.89797760256857,148.1254119873047,108028200
2014-01-07T00:00:00Z,148.7183412903831,149.28692716144724,148.6046241161703,149.03512573242188,86144200
2014-01-08T00:00:00Z,149.01071640865084,149.3193825343998,148.5558478407506,149.0675811767578,96582300
2014-01-09T00:00:00Z,149.54683697836782,149.56308582776583,148.4827666362483,149.16506958007812,90683400
2014-01-10T00:00:00Z,149.41689491892882,149.63621104111016,148.65335999997663,149.57122802734375,102026400
2014-01-13T00:00:00Z,149.18946612717332,149.6037189118478,147.2968776112708,147.5811767578125,149892000
2014-01-14T00:00:00Z,148.06851788337576,149.2706849867161,147.7923493843281,149.189453125,105016100
2014-01-15T00:00:00Z,149.53873787997554,150.22104091108645,149.2219534445139,149.9936065673828,98525800
2014-01-16T00:00:00Z,149.68494310438396,149.9936093168865,149.31942450203445,149.7986602783203,72290600
2014-01-17T00:00:00Z,149.5387187507891,149.82300544693123,148.90514996091272,149.16506958007812,107848700
2014-01-21T00:00:00Z,150.02608208158955,150.08294686092412,148.68584318695952,149.60369873046875,88621200
2014-01-22T00:00:00Z,149.85555078410871,149.920533808118,149.3844331557247,149.7012176513672,61270900
2014-01-23T00:00:00Z,148.94581861232547,148.97018569995552,147.68681110395255,148.47470092773438,132496900
2014-01-24T00:00:00Z,147.50806302963377,147.55679718908982,145.25807431222364,145.3068084716797,208677100
2014-01-27T00:00:00Z,145.44489548747322,145.81854470747868,143.86909153246958,144.59201049804688,180843100
2014-01-28T00:00:00Z,144.6975863814167,145.6398213127961,144.68133753246457,145.4530029296875,110463200
2014-01-29T00:00:00Z,144.24274187625116,145.03064385989143,143.67415601028458,144.05592346191406,216597300
2014-01-30T00:00:00Z,145.25807463499817,146.05409482778066,144.7950753306528,145.58297729492188,118938100
2014-01-31T00:00:00Z,143.7797491777281,145.6317217373915,143.70664793321995,144.7301025390625,194677900
2014-02-03T00:00:00Z,144.5595096991767,144.8844123297427,141.19671665643074,141.47288513183594,254837100
2014-02-04T00:00:00Z,142.1064972659389,142.82941637447243,141.42419409717027,142.46389770507812,165012400
2014-02-05T00:00:00Z,141.9683718424326,142.6019406575674,141.09925047571838,142.28515625,164230500
2014-02-06T00:00:00Z,142.6182230680074,144.16152954101562,142.3258056695776,144.16152954101562,132877600
2014-02-07T00:00:00Z,144.83568177680675,146.1028194194666,144.3645642748002,145.948486328125,170787200
2014-02-10T00:00:00Z,145.9647208374487,146.26526876262164,145.56671700334613,146.21652221679688,92218800
2014-02-11T00:00:00Z,146.33840337420773,148.19037592236114,146.24092265455982,147.8167266845703,117814100
2014-02-12T00:00:00Z,148.0360798440179,148.5071975250697,147.59745987572606,147.88987731933594,94717700
2014-02-13T00:00:00Z,146.89072852096263,148.8076839289728,146.88261029258356,148.65335083007812,100542200
2014-02-14T00:00:00Z,148.51527095347518,149.74992338673053,148.37718670151617,149.4737548828125,96498400
2014-02-18T00:00:00Z,149.6037040085563,149.85551781904024,149.17320241415996,149.65245056152344,80460900
2014-02-19T00:00:00Z,149.2625702448168,150.2291724885674,148.53965121789932,148.6614990234375,126524300
2014-02-20T00:00:00Z,148.86457243406207,149.8799088841335,148.32035358413302,149.53875732421875,104998100
2014-02-21T00:00:00Z,149.82306338520092,150.18046384472464,149.29509332087883,149.36819458007812,118116400
2014-02-24T00:00:00Z,149.6849826934145,151.20392228863457,149.61999966337225,150.19671630859375,114063900
2014-02-25T00:00:00Z,150.31851647630845,150.74901810437066,149.64433164132132,150.1398162841797,117085000
2014-02-26T00:00:00Z,150.3591041639048,150.75712040692034,149.7255353814656,150.14791870117188,98677200
2014-02-27T00:00:00Z,149.9286035779813,150.97642506512102,149.75802164581225,150.93582153320312,93880800
2014-02-28T00:00:00Z,150.91147712686637,152.01616364615327,150.31040589932724,151.31761169433594,150842000
2014-03-03T00:00:00Z,149.98545927599992,150.6352769261828,149.25442216594467,150.25350952148438,167748500
2014-03-04T00:00:00Z,151.72376362601767,152.69036599029812,151.69127831036937,152.36546325683594,167545900
2014-03-05T00:00:00Z,152.4954370670876,152.76348741324284,152.2598720382336,152.50355529785156,88376900
2014-03-06T00:00:00Z,152.87714741599703,153.20205004442798,152.527865315905,152.85276794433594,82516500
2014-03-07T00:00:00Z,153.48636864913018,153.48636864913018,152.2435855715258,152.9177703857422,114513500
2014-03-10T00:00:00Z,152.6822604786932,152.89344603361133,151.95934130141111,152.8365936279297,74939200
2014-03-11T00:00:00Z,153.06399734423744,153.28331348044767,151.7318764624212,152.08114624023438,99009100
2014-03-12T00:00:00Z,151.3420240560956,152.17866045533555,151.0008600383557,152.12179565429688,104824400
2014-03-13T00:00:00Z,152.57660839740743,152.69845618587848,149.99359888580946,150.4159698486328,155014300
2014-03-14T00:00:00Z,150.14793967080504,150.91959279367396,149.8149063838668,149.9936065673828,153919600
2014-03-17T00:00:00Z,150.7489836847313,151.7074674413263,150.68400068477231,151.35006713867188,98359500
2014-03-18T00:00:00Z,151.65878194920833,152.63350247284944,151.49631820006488,152.43043518066406,101804600
2014-03-19T00:00:00Z,152.44666968010833,152.65786759358178,150.65156178104652,151.6181640625,176267300
2014-03-20T00:00:00Z,151.28515139400722,152.6172724997739,151.01710104785198,152.50355529785156,117241000
2014-03-21T00:00:00Z,153.1439807568224,154.2127476511232,151.77333937596447,151.9120330810547,163128000
2014-03-24T00:00:00Z,152.43413994768844,152.62179530824648,150.62294329069047,151.28378295898438,121411000
2014-03-25T00:00:00Z,152.05073453567684,152.51577737845676,151.15330243659872,152.0017852783203,103852000
2014-03-26T00:00:00Z,152.5973658168015,152.8421245693599,150.86775887689748,150.90855407714844,119843000
2014-03-27T00:00:00Z,150.7289646252863,151.21031529994374,150.03548403038462,150.59027099609375,142383000
2014-03-28T00:00:00Z,151.02276562177502,152.09153259062748,150.93302116528645,151.33279418945312,101642000
2014-03-31T00:00:00Z,152.29542763663392,152.80941951525526,151.3572007444576,152.57281494140625,99745000
2014-04-01T00:00:00Z,153.07054162686407,153.67427813999385,152.5647160706134,153.58453369140625,89193000
2014-04-02T00:00:00Z,153.78029771889294,154.30244368850305,153.49474388986502,154.09848022460938,78774000
2014-04-03T00:00:00Z,154.33514810583682,154.37594330842438,153.42139532282644,153.89459228515625,77435000
2014-04-04T00:00:00Z,154.73491862808862,154.76754732025324,151.83047951647404,152.07522583007812,169381000
2014-04-07T00:00:00Z,151.70810293293272,151.96101577132976,150.08456086104917,150.3945770263672,140803000
2014-04-08T00:00:00Z,150.32924535973348,151.25931837105145,149.78262470341835,151.0145721435547,112660000
2014-04-09T00:00:00Z,151.42253833498717,152.68710233434754,150.98197011351283,152.63815307617188,100254000
2014-04-10T00:00:00Z,152.6299855469563,152.70340942774038,149.2441835842156,149.4318389892578,172959000
2014-04-11T00:00:00Z,148.59970080772737,149.64399330951258,147.922540248938,148.08570861816406,167251000
2014-04-14T00:00:00Z,149.244213861164,149.60319172752764,148.02859898064392,149.25238037109375,132382000
2014-04-15T00:00:00Z,149.5623609020567,150.38636895848958,148.08565470843334,150.28030395507812,157093000
2014-04-16T00:00:00Z,151.31646797354588,151.86308875214235,150.64746160487945,151.8549346923828,105197000
2014-04-17T00:00:00Z,151.65095078747436,152.4912794408375,151.3898715228847,152.06703186035156,105255000
2014-04-21T00:00:00Z,152.10784606534082,152.64631277915802,151.92020310105158,152.59735107421875,68329000
2014-04-22T00:00:00Z,152.7524114196841,153.70695954627323,152.6708334514076,153.29087829589844,85790000
2014-04-23T00:00:00Z,153.23380518611015,153.31538317047674,152.8095573409662,152.9319305419922,73869000
2014-04-24T00:00:00Z,153.68242277305416,153.69874333969057,152.50759095412914,153.2418670654297,88170000
2014-04-25T00:00:00Z,152.74422451322528,152.83396897329675,151.6428163622525,151.9854736328125,100380000
2014-04-28T00:00:00Z,152.6055211040744,153.12766726162653,150.90038891992174,152.46682739257812,135121000
2014-04-29T00:00:00Z,152.9563363716986,153.41321271526368,152.62999968313687,153.17662048339844,84098000
2014-04-30T00:00:00Z,152.92367961366725,153.78848288367536,152.71154960098602,153.6334686279297,101508000
2014-05-01T00:00:00Z,153.5600510883004,154.06587661827783,153.16027812009398,153.64979553222656,93019000
2014-05-02T00:00:00Z,153.63352901500804,154.31068961214612,153.20112721004443,153.4295654296875,98122000
2014-05-05T00:00:00Z,152.67892862204283,153.8292858368881,152.2546810242168,153.7232208251953,75883000
2014-05-06T00:00:00Z,153.3805663577602,153.4866313713509,152.35259470315296,152.38522338867188,85454000
2014-05-07T00:00:00Z,152.89924709376828,153.35612347928776,151.75704368102183,153.28269958496094,106500000
2014-05-08T00:00:00Z,153.14403969810581,154.23728164059878,152.6300474263432,153.1195526123047,93618000
2014-05-09T00:00:00Z,153.1439064441318,153.41312721523272,152.42595119069,153.34786987304688,83679000
2014-05-12T00:00:00Z,154.03323962122002,154.91436344614178,153.38055392324713,154.84092712402344,86940000
2014-05-13T00:00:00Z,155.0449174112006,155.35494597230885,154.82464575362556,154.9796600341797,66454000
2014-05-14T00:00:00Z,154.84091596819042,154.91435228501788,154.02506201674026,154.24534606933594,72367000
2014-05-15T00:00:00Z,153.93535985357812,153.9680009920074,152.14048315731722,152.8910675048828,154956000
2014-05-16T00:00:00Z,152.9808184738291,153.48665654944006,152.33629912530432,153.42138671875,97458000
2014-05-19T00:00:00Z,153.1276798069645,154.10670237646514,152.98898608410542,153.9843292236328,63839000
2014-05-20T00:00:00Z,153.91082901269257,153.9271495759466,152.62179084129588,153.01339721679688,111644000
2014-05-21T00:00:00Z,153.4539949972184,154.37591411577924,153.42952037008365,154.302490234375,89093000
2014-05-22T00:00:00Z,154.34329219906834,154.99597805147354,154.08222532747456,154.67779541015625,61549000
2014-05-23T00:00:00Z,154.81647291300726,155.40388887374235,154.67777920685396,155.29783630371094,61092800
2014-05-27T00:00:00Z,155.8770515641114,156.30129909801548,155.7873071328806,156.25234985351562,72010000
2014-05-28T00:00:00Z,156.25238741589942,156.49714614618082,155.87708903627515,156.13816833496094,66723000
2014-05-29T00:00:00Z,156.49710633909555,156.97029066194716,156.0973334330252,156.94581604003906,64377000
2014-05-30T00:00:00Z,156.79898522727734,157.296656674679,156.66844559705362,157.19874572753906,76316000
2014-06-02T00:00:00Z,157.4190453166551,157.4516864519011,156.61951178836495,157.3782501220703,64656000
2014-06-03T00:00:00Z,156.9948021464237,157.37825457827606,156.84795438049514,157.2966766357422,65047000
2014-06-04T00:00:00Z,157.027467371134,157.70462788766807,156.8642990120898,157.61488342285156,55529000
2014-06-05T00:00:00Z,157.7943091514889,158.8059600417377,157.21504739260223,158.64279174804688,92103000
2014-06-06T00:00:00Z,158.98548724499392,159.4423635570988,158.91206336246546,159.40158081054688,78696000
2014-06-09T00:00:00Z,159.37705436607712,159.94814957053268,159.2301941998218,159.564697265625,65119000
2014-06-10T00:00:00Z,159.36893990896706,159.61369863336776,159.02628267438445,159.58106994628906,57129000
2014-06-11T00:00:00Z,159.00998558192197,159.1894745097184,158.6673282967509,159.02630615234375,68772000
2014-06-12T00:00:00Z,158.83866097018333,158.92840543284214,157.54960980151486,157.90042114257812,106350000
2014-06-13T00:00:00Z,158.21037907900788,158.53672809245904,157.70455366933606,158.3817138671875,82017000
2014-06-16T00:00:00Z,158.18593144622284,158.84677119390793,157.99828851206456,158.51226806640625,87424000
2014-06-17T00:00:00Z,158.2920257306587,159.0670846836728,158.12069088155525,158.95286560058594,84834000
2014-06-18T00:00:00Z,158.95288699580794,160.20929707887737,158.60206319049726,160.1195526123047,105267000
2014-06-19T00:00:00Z,160.25821603538742,160.3969221884531,159.74423641398897,160.29901123046875,85929000
2014-06-20T00:00:00Z,160.69822639124456,160.75561583626015,160.42770295459417,160.62445068359375,100587000
2014-06-23T00:00:00Z,160.66544608798387,160.71462989453258,160.2801562585553,160.5752716064453,70611000
2014-06-24T00:00:00Z,160.28834583606016,161.0835173805604,159.4275917147499,159.60794067382812,96237000
2014-06-25T00:00:00Z,159.2718134744594,160.49326535146704,159.2390284447137,160.32931518554688,82782000
2014-06-26T00:00:00Z,160.35395792001597,160.37035669438544,159.14071129727125,160.214599609375,84312000
2014-06-27T00:00:00Z,159.83745130486741,160.57524581036617,159.76367560689627,160.52606201171875,71445100
2014-06-30T00:00:00Z,160.42770828388666,160.81299811476987,160.28834999527325,160.44410705566406,70201200
2014-07-01T00:00:00Z,160.8375545648204,162.00982257084516,160.78017763914377,161.51795959472656,90470000
2014-07-02T00:00:00Z,161.53434864561166,161.88684083403584,161.46057295621046,161.68190002441406,52475000
2014-07-03T00:00:00Z,162.1410058028876,162.5508875241745,162.01804628994051,162.47711181640625,52938800
2014-07-07T00:00:00Z,162.1655903904235,162.2967430186687,161.67372738156718,161.9114532470703,61696000
2014-07-08T00:00:00Z,161.61635178582407,161.67374122883092,160.47688114268797,160.87037658691406,108143000
2014-07-09T00:00:00Z,161.27207434265372,161.73934555479048,160.9277751640997,161.59178161621094,72992000
2014-07-10T00:00:00Z,160.0342157745594,161.37862728235584,159.90305062536046,160.9523468017578,99040000
2014-07-11T00:00:00Z,160.85396832541244,161.2884419077545,160.4932704437859,161.17367553710938,64243000
2014-07-14T00:00:00Z,161.99348366015494,162.19842455783194,161.85412535076654,161.98529052734375,58658000
2014-07-15T00:00:00Z,162.0835885143667,162.39510254774203,160.96871000968042,161.68190002441406,111307000
2014-07-16T00:00:00Z,162.40333976473866,162.52629928045386,161.83770097525323,162.28038024902344,79986400
2014-07-17T00:00:00Z,161.78034005356528,162.39516271020372,160.20638304500383,160.43592834472656,145398000
2014-07-18T00:00:00Z,160.96056064530495,162.23938964368133,160.8703861642093,162.075439453125,124330000
2014-07-21T00:00:00Z,161.56721484912654,161.9033209478419,161.02616783781897,161.77215576171875,67592000
2014-07-22T00:00:00Z,162.32135476094163,162.77222715607672,162.2065883793252,162.47711181640625,67678000
2014-07-23T00:00:00Z,162.7230174501276,163.00993961279775,162.39511712872925,162.83778381347656,65612000
2014-07-24T00:00:00Z,162.99351113937828,163.1820531643917,162.68199713480496,162.845947265625,56888000
2014-07-25T00:00:00Z,162.3869266150363,162.52628489004036,161.76391094291276,162.0836181640625,76837000
2014-07-28T00:00:00Z,162.11643341056663,162.38695688020442,161.18190347390828,162.14923095703125,69259000
2014-07-29T00:00:00Z,162.452504886238,162.68203762823805,161.42780067781044,161.452392578125,80466000
2014-07-30T00:00:00Z,162.0262297186965,162.23937620650426,160.80479026790707,161.47698974609375,104222000
2014-07-31T00:00:00Z,160.3538928690209,160.4932511231282,158.18971834838771,158.2880859375,183479000
2014-08-01T00:00:00Z,157.85365768561695,158.83737138468868,157.042099825467,157.80447387695312,189261000
2014-08-04T00:00:00Z,158.10774660745543,159.28001465271728,157.43554719342885,158.94390869140625,91340000
2014-08-05T00:00:00Z,158.29629194655985,158.70617358028105,156.8289086930249,157.40274047851562,152690000
2014-08-06T00:00:00Z,156.66504767889424,158.12422612448213,156.6404557675665,157.4520263671875,94818000
2014-08-07T00:00:00Z,158.1651313811781,158.32088840785735,156.20589761585524,156.59938049316406,135733000
2014-08-08T00:00:00Z,156.95196962904933,158.51770885059744,156.53388212023336,158.41114807128906,117014000
2014-08-11T00:00:00Z,159.00953652488835,159.57517537480624,158.796402505345,158.87017822265625,74544000
2014-08-12T00:00:00Z,158.71440154654823,159.15706830434763,158.16516153783894,158.64881896972656,73632000
2014-08-13T00:00:00Z,159.2718296428697,159.9030509797662,159.00131872136836,159.7227020263672,69047000
2014-08-14T00:00:00Z,159.98501717466928,160.47686767578125,159.8374532683185,160.47686767578125,57371000
2014-08-15T00:00:00Z,161.05892965703967,161.20648107724284,159.28823756301446,160.44410705566406,139951000
2014-08-18T00:00:00Z,161.32944765810157,161.86228889120554,161.2392731792658,161.78851318359375,75424000
2014-08-19T00:00:00Z,162.182001127093,162.75583305162903,161.85410074410035,162.63287353515625,59135000
2014-08-20T00:00:00Z,162.4114934074668,163.26405420445946,162.37870838078,163.0673065185547,72763000
2014-08-21T00:00:00Z,163.206679674477,163.7559196089434,163.07551453856374,163.54278564453125,67791000
2014-08-22T00:00:00Z,163.4116405423942,163.69856274880576,162.91978998531386,163.28868103027344,76107000
2014-08-25T00:00:00Z,164.06746963278633,164.43636071335854,163.25589924864857,164.1166534423828,63855000
2014-08-26T00:00:00Z,164.22317504882812,164.6248635485199,164.18218438419106,164.22317504882812,47298000
2014-08-27T00:00:00Z,164.30522051859606,164.41999943656253,163.90354434011525,164.1576690673828,47874000
2014-08-28T00:00:00Z,163.6166019165971,164.17404762816653,163.45265171034686,164.06747436523438,58330000
2014-08-29T00:00:00Z,164.3215824995246,164.55111526686048,163.80514002731772,164.53472900390625,65907000
2014-09-02T00:00:00Z,164.7479352986748,164.7725272124959,163.83799696148557,164.45281982421875,72426000
2014-09-03T00:00:00Z,165.083975217902,165.1085671218544,164.13304656974861,164.36257934570312,57462000
2014-09-04T00:00:00Z,164.64124396433766,165.24787325709067,163.67392935792537,164.1248016357422,85236000
2014-09-05T00:00:00Z,164.09204549081844,164.9282076979851,163.46902978252413,164.8626251220703,102177000
2014-09-08T00:00:00Z,164.7068484759879,164.94458684897467,163.95266770557376,164.4363250732422,64146000
2014-09-09T00:00:00Z,164.28878752534018,164.40355390206463,163.05914241389408,163.39524841308594,88591000
2014-09-10T00:00:00Z,163.48544063213586,164.11666207522418,162.9444061895165,164.01010131835938,67251000
2014-09-11T00:00:00Z,163.35425311318605,164.22320029928198,163.23128110036706,164.1986083984375,66774400
2014-09-12T00:00:00Z,164.03467351079502,164.05105977382078,162.77223077633846,163.239501953125,117409300
2014-09-15T00:00:00Z,163.26411057338487,163.39527574260777,162.62469600917206,163.11654663085938,76401000
2014-09-16T00:00:00Z,162.81325270184377,164.6413220679184,162.72307820350284,164.34620666503906,116201000
2014-09-17T00:00:00Z,164.58390365345207,165.32987885149302,163.74774147119203,164.5675048828125,151266000
2014-09-18T00:00:00Z,165.06757492606397,165.46926353458537,164.85444092423927,165.44467163085938,94990000
2014-09-19T00:00:00Z,165.97096283893845,166.28392057231915,164.9579313612925,165.2956085205078,121649000
2014-09-22T00:00:00Z,165.00735229680302,165.03205915476718,163.67311913139386,164.01902770996094,125553000
2014-09-23T00:00:00Z,163.42600188594932,164.10958746178974,163.03067967877564,163.08009338378906,111393000
2014-09-24T00:00:00Z,163.10480583374672,164.46374560358373,162.67654533088916,164.35667419433594,107276000
2014-09-25T00:00:00Z,163.9283704935665,163.93661448785548,161.6470210129948,161.7046661376953,150300000
2014-09-26T00:00:00Z,162.0012052903277,163.3930834636835,161.77059959419316,162.98951721191406,103547000
2014-09-29T00:00:00Z,161.58942405843112,162.98130237347627,161.46588976830785,162.6930389404297,95112000
2014-09-30T00:00:00Z,162.8166085434787,163.31900233861424,161.92712382912046,162.26480102539062,131302000
2014-10-01T00:00:00Z,162.00123784905338,162.05889556820892,159.70341185537535,160.0657958984375,177798000
2014-10-02T00:00:00Z,159.92574023545657,160.65050817037758,158.41857179262334,160.09046936035156,157285000
2014-10-03T00:00:00Z,161.1611214503601,162.19885956599353,160.66697181311898,161.8529510498047,121569000
2014-10-06T00:00:00Z,162.52832142826045,162.74246428599938,161.07879797519814,161.66354370117188,104778000
2014-10-07T00:00:00Z,160.8316958792471,161.19407983707555,159.13509150129343,159.16802978515625,147913000
2014-10-08T00:00:00Z,159.25866704307305,162.18243375092842,158.4268400640113,161.9518280029297,186461000
2014-10-09T00:00:00Z,161.69649652535003,161.91887081606785,158.60801358176076,158.7397918701172,210705000
2014-10-10T00:00:00Z,158.69856317109682,159.48920753586484,156.88665622084912,156.92782592773438,221909000
2014-10-13T00:00:00Z,156.86203643920476,157.4303068937201,154.25947111251912,154.35006713867188,230939000
2014-10-14T00:00:00Z,155.18182629655522,156.3348672670388,154.0452607509968,154.58883666992188,215847000
2014-10-15T00:00:00Z,152.4969201365516,154.58061539557778,149.82846664140763,153.54287719726562,380715000
2014-10-16T00:00:00Z,150.76732582205554,154.48997941077897,150.62731615490625,153.41107177734375,270391000
2014-10-17T00:00:00Z,155.18180966899277,156.27719281840282,154.52293098032416,155.22299194335938,214625000
2014-10-20T00:00:00Z,154.94300881535165,156.8537436355061,154.8935951013836,156.73020935058594,130011000
2014-10-21T00:00:00Z,157.86670909274608,159.9421723470982,157.7019925795261,159.83511352539062,154949000
2014-10-22T00:00:00Z,160.11517817501925,160.52697585816037,158.63270400229771,158.69859313964844,151822000
2014-10-23T00:00:00Z,160.2881444493085,161.5894267845268,159.99164958094144,160.54345703125,154944000
2014-10-24T00:00:00Z,160.8069722329335,161.8282348649843,160.18104436836015,161.77880859375,117927000
2014-10-27T00:00:00Z,161.20235068067757,161.7953404717358,160.62583631911278,161.55650329589844,82954000
2014-10-28T00:00:00Z,162.10000211924722,163.41774680814825,162.02586900538904,163.40951538085938,106736000
2014-10-29T00:00:00Z,163.52487484400183,163.99431770337648,162.08358284410997,163.16249084472656,142557000
2014-10-30T00:00:00Z,162.72600636716678,164.67792375230465,162.57775263685213,164.20848083496094,113330000
2014-10-31T00:00:00Z,166.18513116861436,166.21808203255492,165.35330407666507,166.0863037109375,146903000
2014-11-03T00:00:00Z,166.30030729922368,166.73681166067647,165.7979138271848,166.17677307128906,93600000
2014-11-04T00:00:00Z,165.73212278774506,166.03686167541625,164.76851753845796,165.60035705566406,93343000
2014-11-05T00:00:00Z,166.81098729929693,166.85216957789962,165.9132714342663,166.64627075195312,91709000
2014-11-06T00:00:00Z,166.6874570877971,167.40398099806993,166.06976059492266,167.31338500976562,107089000
2014-11-07T00:00:00Z,167.3298846918798,167.68403726734232,166.86867325440514,167.4698944091797,89540000
2014-11-10T00:00:00Z,167.5027986539997,168.04636194429972,167.29689985048836,167.9969482421875,66319000
2014-11-11T00:00:00Z,168.06286996430262,168.26876880774944,167.72519284495348,168.1616973876953,54499400
2014-11-12T00:00:00Z,167.4781056428116,168.2111049412021,167.4451547939701,167.98049926757812,90120300
2014-11-13T00:00:00Z,168.14524553511268,168.6970529636227,167.36283239221245,168.16995239257812,85357900
2014-11-14T00:00:00Z,168.09586350290854,168.41706527756853,167.7828931599322,168.21116638183594,80417500
2014-11-17T00:00:00Z,167.88994617928356,168.49116737005164,167.72521702712143,168.31820678710938,80441000
2014-11-18T00:00:00Z,168.37584765458988,169.5947653427805,168.37584765458988,169.2900390625,76068100
2014-11-19T00:00:00Z,169.09235481636904,169.2900222192747,168.26052805905906,169.0182342529297,82373000
2014-11-20T00:00:00Z,168.22756076529555,169.42178392807256,168.16167163743387,169.31471252441406,72840300
2014-11-21T00:00:00Z,171.0113602937156,171.17607687180276,169.64418881816016,170.220703125,142327300
2014-11-24T00:00:00Z,170.62425894607415,170.80545094096468,170.41012866441648,170.69837951660156,65880800
2014-11-25T00:00:00Z,170.92901493226634,171.13491381978415,170.31956226813892,170.5748748779297,79108300
2014-11-26T00:00:00Z,170.72305864904294,171.11014943280531,170.50892840215877,171.01132202148438,62167800
2014-11-28T00:00:00Z,170.8878365513866,171.20079429895137,170.41014964849603,170.64898681640625,57890100
2014-12-01T00:00:00Z,169.99008272233587,170.10538557374656,169.1500244765158,169.46298217773438,103968400
2014-12-02T00:00:00Z,169.5041637831734,170.76426371393677,169.47945692704613,170.55836486816406,74507200
2014-12-03T00:00:00Z,170.73133634766663,171.43138492782614,170.56661977392727,171.21725463867188,68952000
2014-12-04T00:00:00Z,170.9290072828457,171.5302410557822,170.2371900678431,171.02784729003906,91316600
2014-12-05T00:00:00Z,171.2007746440806,171.69493691918504,170.937230646542,171.30784606933594,91025500
2014-12-08T00:00:00Z,170.91251496508642,171.4066646476086,169.60298877379267,170.1630401611328,108588200
2014-12-09T00:00:00Z,168.31815916163137,170.15478563859406,167.9393123798206,170.04771423339844,125180100
2014-12-10T00:00:00Z,169.58652730420354,169.6441724457895,167.13220402941477,167.32164001464844,159856400
2014-12-11T00:00:00Z,167.91463982072247,169.81714324797602,167.77463010606192,168.16995239257812,159012800
2014-12-12T00:00:00Z,166.89334863860122,167.8651976132051,165.41911860275877,165.45205688476562,202330200
2014-12-15T00:00:00Z,166.3498184242789,166.80279847046197,163.71431529249153,164.31553649902344,189965800
2014-12-16T00:00:00Z,163.5495490179996,166.69567639131327,162.95655942260927,162.99774169921875,259543800
2014-12-17T00:00:00Z,163.4342764930577,166.64629359121042,163.31072964031722,166.1933135986328,253910100
2014-12-18T00:00:00Z,168.6229408411701,175.40112803201805,167.9475865244209,170.30307006835938,257633900
2014-12-19T00:00:00Z,170.95316765543888,171.69850225540927,170.2740984987699,171.0277099609375,245084600
2014-12-22T00:00:00Z,171.21814484177622,171.8144073486328,170.97798952149458,171.8144073486328,148318900
2014-12-23T00:00:00Z,172.39408229525446,172.4437687253102,171.75641029120996,172.0462646484375,122167900
2014-12-24T00:00:00Z,172.26991674663316,172.53491533012973,172.02147188705916,172.06288146972656,42963400
2014-12-26T00:00:00Z,172.5100591780374,172.95726241903841,172.46037273713273,172.6177215576172,57326700
2014-12-29T00:00:00Z,172.43550838538636,173.05661409343963,172.3692555934893,172.84957885742188,79643900
2014-12-30T00:00:00Z,172.42725517367154,172.55974813920923,171.84754632417165,171.92208862304688,73540800
2014-12-31T00:00:00Z,172.24500420056776,172.4106298281473,170.09183313275764,170.21604919433594,130333800
2015-01-02T00:00:00Z,170.91172873180355,171.32579919572484,169.08980858140774,170.12498474121094,121465900
2015-01-05T00:00:00Z,169.0815398898487,169.2471655561333,166.7461889314505,167.05259704589844,169632600
2015-01-06T00:00:00Z,167.35902764550087,167.88076056900059,164.6841354981615,165.47915649414062,209151400
2015-01-07T00:00:00Z,166.80412338441016,167.88070898373894,166.35693289912726,167.54116821289062,125346700
2015-01-08T00:00:00Z,168.94903525876288,170.72954593158084,168.93248153754053,170.51422119140625,147217800
2015-01-09T00:00:00Z,170.92826385990315,170.9448302148578,168.53493734422247,169.14776611328125,158567300
2015-01-12T00:00:00Z,169.28030541730055,169.43765422966325,167.21822977118725,167.82276916503906,144396100
2015-01-13T00:00:00Z,169.04012523018008,170.16639741804175,166.05053592069322,167.35072326660156,214553300
2015-01-14T00:00:00Z,165.33829144817736,166.53910561406133,164.44391058113885,166.34034729003906,192991100
2015-01-15T00:00:00Z,166.97808377546713,167.29276878135636,164.7006958904179,164.81663513183594,176613900
2015-01-16T00:00:00Z,164.60958936534854,167.1354219312357,164.42739733525644,166.9780731201172,211879600
2015-01-20T00:00:00Z,167.61576295504287,167.8807741873434,165.76901173701117,167.33419799804688,130991100
2015-01-21T00:00:00Z,166.8704144645625,168.6592020890844,166.40665751815214,168.1788787841797,122942700
2015-01-22T00:00:00Z,168.9325227393534,170.81239410728207,167.55780535690744,170.67990112304688,174356000
2015-01-23T00:00:00Z,170.42316402997878,170.67989840459322,169.61158923007656,169.7440948486328,117516800
2015-01-26T00:00:00Z,169.52875477378714,170.2326670631215,168.81655298688875,170.14157104492188,92009700
2015-01-27T00:00:00Z,168.08774668633,169.04010359425013,167.06913699508286,167.89727783203125,134044600
2015-01-28T00:00:00Z,169.0815634381223,169.18093632444723,165.55368697285624,165.74415588378906,168514300
2015-01-29T00:00:00Z,165.9429070087455,167.53293630229993,164.53505711997988,167.27621459960938,173585400
2015-01-30T00:00:00Z,166.10025605869643,167.42527415360559,164.9077309277775,165.1727294921875,197729700
2015-02-02T00:00:00Z,165.66964179128243,167.30935775192052,163.85601062679834,167.21826171875,163107000
2015-02-03T00:00:00Z,168.11262191798005,169.6446878126908,167.73996099766435,169.6363983154297,124212900
2015-02-04T00:00:00Z,168.87453926181905,170.0836308827361,168.53499836266207,168.990478515625,134306700
2015-02-05T00:00:00Z,169.65292773823575,170.84545253276332,169.57839809768427,170.69638061523438,97953200
2015-02-06T00:00:00Z,171.0607829977601,171.62392538305807,169.70263242153572,170.224365234375,125672000
2015-02-09T00:00:00Z,169.57846366744735,170.2989424108796,169.05673070900008,169.4625244140625,87219000
2015-02-10T00:00:00Z,170.49771803340263,171.52460505657413,169.50393846249426,171.26788330078125,96164200
2015-02-11T00:00:00Z,171.10221945776905,171.79785489325087,170.45627046247458,171.36721801757812,91087800
2015-02-12T00:00:00Z,172.16224399290283,173.07320421101406,171.40035573613238,173.01522827148438,97545900
2015-02-13T00:00:00Z,173.13945916904026,173.7771186932326,172.88272482333429,173.72743225097656,93670400
2015-02-17T00:00:00Z,173.4127618698397,174.17466289233747,173.16432961949462,174.00074768066406,76968200
2015-02-18T00:00:00Z,173.62804566701706,174.09180260672233,173.3630344806547,174.01727294921875,80652900
2015-02-19T00:00:00Z,173.42103254539876,174.25745051578036,173.28025007334028,173.89306640625,91462500
2015-02-20T00:00:00Z,173.47900220479303,175.0110683660321,172.85789635073897,174.93653869628906,140896400
2015-02-23T00:00:00Z,174.68808050030484,174.91168212890625,174.30713004551836,174.91168212890625,74411100
2015-02-24T00:00:00Z,174.83710431168478,175.6072819264432,174.53897307958917,175.4085235595703,72472300
2015-02-25T00:00:00Z,175.2844104916481,175.7647340165536,174.9200262564484,175.2595672607422,73061700
2015-02-26T00:00:00Z,175.16841422758196,175.32576306309747,174.44792285634952,175.05247497558594,72697900
2015-02-27T00:00:00Z,174.95305374936794,175.21806492067336,174.4064903222998,174.4561767578125,108076000
2015-03-02T00:00:00Z,174.55554583408522,175.6155652234063,174.50585939965265,175.55760192871094,87491400
2015-03-03T00:00:00Z,175.1269668123476,175.60729007726405,173.97585140318802,174.8371124267578,110325800
2015-03-04T00:00:00Z,174.24086485392425,174.31540714911114,173.13115892432225,174.10008239746094,114497200
2015-03-05T00:00:00Z,174.4230508156971,174.57212276445165,173.78539135328714,174.29055786132812,76873000
2015-03-06T00:00:00Z,173.42929317901158,173.85993005329047,171.50801255821912,171.83926391601562,188128000
2015-03-09T00:00:00Z,172.03803970687056,172.90757776811046,171.88069087325783,172.55148315429688,89818900
2015-03-10T00:00:00Z,171.18502758879842,171.2678341049669,169.71092501842804,169.75233459472656,157121300
2015-03-11T00:00:00Z,170.0091609094021,170.18307618232112,169.27211548881445,169.3549346923828,110145700
2015-03-12T00:00:00Z,169.98420665550796,171.5742357613371,169.93452022039267,171.50799560546875,93993500
2015-03-13T00:00:00Z,171.2347075656587,172.1953414628287,169.42107686549133,170.4562530517578,162410900
2015-03-16T00:00:00Z,171.18502302994446,172.82473858898433,170.48109816090155,172.733642578125,136099200
2015-03-17T00:00:00Z,171.99661322656053,172.60115264266457,171.4086275328932,172.22021484375,94510400
2015-03-18T00:00:00Z,171.74815896316636,174.96135003965182,171.11048686432775,174.29055786132812,228808500
2015-03-19T00:00:00Z,173.87647957216197,174.29882690791254,173.10630191705437,173.4955291748047,117917300
2015-03-20T00:00:00Z,174.44466325815185,175.53436844942433,174.2616579764139,175.02694702148438,177715100
2015-03-23T00:00:00Z,175.0352680996626,175.60923808051962,174.68589782714844,174.68589782714844,71784500
2015-03-24T00:00:00Z,174.56113747478216,175.0186380320636,173.6377971673957,173.704345703125,77805300
2015-03-25T00:00:00Z,173.91231373233074,174.14522727250312,171.11733855742628,171.15892028808594,159521700
2015-03-26T00:00:00Z,170.49344462384173,171.6663260245403,169.79469137466845,170.75131225585938,153067200
2015-03-27T00:00:00Z,170.63483629030935,171.31693646343555,170.443504519906,171.1422576904297,118939000
2015-03-30T00:00:00Z,172.17374153535073,173.52964087435808,172.15711392232274,173.2301788330078,96180400
2015-03-31T00:00:00Z,172.40659776093383,173.10535075380096,171.6579492527271,171.71617126464844,126768700
2015-04-01T00:00:00Z,171.6829635109933,171.70791762382157,170.11910474530265,171.10899353027344,137303600
2015-04-02T00:00:00Z,171.0424202482258,172.17371973980016,170.8594149854099,171.7245330810547,86900900
2015-04-06T00:00:00Z,170.8344874743749,173.39654885986658,170.70140310210584,172.8808135986328,114368200
2015-04-07T00:00:00Z,172.90580729557792,173.6544562457164,172.3900719162753,172.42333984375,81236300
2015-04-08T00:00:00Z,172.64793108711083,173.4464882354777,172.25696632117644,173.005615234375,89351900
2015-04-09T00:00:00Z,172.83923512621033,174.0038028212306,172.3484539327972,173.77088928222656,85548900
2015-04-10T00:00:00Z,174.02040625954504,174.76074114299004,173.82077337860102,174.71914672851562,72722900
2015-04-13T00:00:00Z,174.57774157166983,175.20994622951594,173.87900107989284,173.9289093017578,74436600
2015-04-14T00:00:00Z,173.72929738807832,174.44467827112047,173.10541915377996,174.2616729736328,75099900
2015-04-15T00:00:00Z,174.72748944644854,175.55100054245278,174.6443006097776,175.0435791015625,99529300
2015-04-16T00:00:00Z,174.71081540342834,175.5010584278668,174.51116984967075,174.99363708496094,68934900
2015-04-17T00:00:00Z,173.8041451072998,174.04537241941927,172.19869198583558,172.98062133789062,191113200
2015-04-20T00:00:00Z,173.903967892209,174.89385667427484,173.82079174730367,174.56112670898438,92189500
2015-04-21T00:00:00Z,175.24323963429708,175.401290821746,174.05371786406258,174.35317993164062,72559800
2015-04-22T00:00:00Z,174.69421298498898,175.39296622825637,173.77087272447622,175.2099609375,78264600
2015-04-23T00:00:00Z,174.81063864705786,176.29963482126482,174.6941819093684,175.6508026123047,102585900
2015-04-24T00:00:00Z,176.06675240287345,176.32462003232672,175.60923917666534,176.0584259033203,61327400
2015-04-27T00:00:00Z,176.62408065194492,176.74885121588545,175.13508422713673,175.326416015625,79358100
2015-04-28T00:00:00Z,175.30152034073413,175.93371256350252,174.1286258773628,175.88380432128906,86863500
2015-04-29T00:00:00Z,174.99370225288143,175.75899145469907,174.35319632844374,175.1600799560547,125684900
2015-04-30T00:00:00Z,174.58606924936552,174.9770339137259,172.7061082608666,173.4048614501953,161304900
2015-05-01T00:00:00Z,174.18677366593695,175.32639971290897,174.08695722406594,175.28480529785156,103399700
2015-05-04T00:00:00Z,175.7090300084097,176.366188735552,175.60089976549773,175.78390502929688,70927200
2015-05-05T00:00:00Z,175.5427076329979,175.90040444186292,173.62947839731953,173.77088928222656,113326200
2015-05-06T00:00:00Z,174.31984686576348,174.62762264797675,171.99069956240174,173.05545043945312,135060200
2015-05-07T00:00:00Z,172.95566748495605,174.17015593221083,172.62293753129305,173.74591064453125,88244900
2015-05-08T00:00:00Z,175.41789564051606,176.2330928345655,175.33470681358264,176.033447265625,155877300
2015-05-11T00:00:00Z,175.99186793361127,176.25804933631173,175.11843601028733,175.19329833984375,75708100
2015-05-12T00:00:00Z,174.36150511096568,175.20998313991484,173.53798119820593,174.66928100585938,119727600
2015-05-13T00:00:00Z,175.07685427494943,175.70073245209886,174.46961640318415,174.70252990722656,94667900
2015-05-14T00:00:00Z,175.71742355982198,176.6158099177932,175.4429155593721,176.52430725097656,95934000
2015-05-15T00:00:00Z,176.715576171875,176.85698703625127,176.2331088560321,176.715576171875,76510100
2015-05-18T00:00:00Z,176.5492521915636,177.51417435447638,176.48270364708046,177.26463317871094,74549700
2015-05-19T00:00:00Z,177.38106661495368,177.65557456500738,176.9235533648642,177.2063751220703,72114600
2015-05-20T00:00:00Z,177.3061757537048,177.83023749274426,176.7654864018446,177.0815887451172,76857500
2015-05-21T00:00:00Z,176.940220070535,177.80532577836263,176.77384235998136,177.5973663330078,64764600
2015-05-22T00:00:00Z,177.214677429024,177.63059623069003,177.1065471717183,177.173095703125,57433500
2015-05-26T00:00:00Z,176.68234069195475,177.10658608628512,174.8523001010872,175.26821899414062,124308600
2015-05-27T00:00:00Z,175.72566196207657,177.16473720190314,175.31805704065025,176.93182373046875,93214000
2015-05-28T00:00:00Z,176.6240805601602,176.8403537684896,176.04179677401598,176.7322235107422,74974600
2015-05-29T00:00:00Z,176.66571500283214,176.7072967383214,175.3680500731995,175.6342315673828,124919600
2015-06-01T00:00:00Z,176.29970402253807,176.63243406287347,175.20167204232382,175.99192810058594,93338800
2015-06-02T00:00:00Z,175.5344084312624,176.50765709154723,174.91053010855387,175.81723022460938,91531000
2015-06-03T00:00:00Z,176.34958381422064,176.90691352294607,175.79225410549518,176.2830352783203,87820900
2015-06-04T00:00:00Z,175.57596623076313,176.2331123420793,174.47793451929695,174.79403686523438,151882800
2015-06-05T00:00:00Z,174.64426199501716,175.16832362593573,173.83737869048574,174.49453735351562,121704700
2015-06-08T00:00:00Z,174.38644350417422,174.53618088064647,173.34664644724396,173.4215087890625,89063300
2015-06-09T00:00:00Z,173.3965301513672,173.93723216019964,172.76433819958618,173.3965301513672,105034700
2015-06-10T00:00:00Z,174.16183035218305,175.85878612618887,174.1036083217601,175.47613525390625,134551300
2015-06-11T00:00:00Z,175.91704106456993,176.42446259184706,175.68412751363977,176.0418243408203,73876400
2015-06-12T00:00:00Z,175.21830623820307,175.91704691422837,174.41973639929063,174.69424438476562,135382400
2015-06-15T00:00:00Z,173.55457673860172,174.22836308758698,172.84750978139104,173.94554138183594,124384200
2015-06-16T00:00:00Z,173.7958129477088,174.97703343649107,173.62113417047834,174.8938446044922,85308200
2015-06-17T00:00:00Z,175.17669677734375,175.7839474322654,174.153539968628,175.17669677734375,126708600
2015-06-18T00:00:00Z,175.77561073237266,177.4642401362793,175.2099672263391,176.9984130859375,165867900
2015-06-19T00:00:00Z,176.7560397831322,176.83126628353637,175.8365622629324,176.21270751953125,130478700
2015-06-22T00:00:00Z,177.13216924817195,177.70056420665657,176.90647701250222,177.11544799804688,70696000
2015-06-23T00:00:00Z,177.32439243372787,177.57516012975066,176.84794529040192,177.2407989501953,68476800
2015-06-24T00:00:00Z,176.97330087956456,177.34944599980352,175.92844623747123,175.95352172851562,92307300
2015-06-25T00:00:00Z,176.45506428180593,176.5804417421602,175.34333736656086,175.41856384277344,97107400
2015-06-26T00:00:00Z,175.77800075112447,176.02041419852873,174.83346071915972,175.38514709472656,104174800
2015-06-29T00:00:00Z,173.90563875410464,175.39351099709683,171.6320336459103,171.70726013183594,202621300
2015-06-30T00:00:00Z,173.24528270573194,173.29544645073344,171.59023624879336,172.0666961669922,182925100
2015-07-01T00:00:00Z,173.63815731665525,173.88892503517445,172.66017469354873,173.44590759277344,135979900
2015-07-02T00:00:00Z,173.92232811672662,174.08950230632675,172.86910648855684,173.28704833984375,104373700
2015-07-06T00:00:00Z,171.99979729123189,173.57125001771135,171.79918060602085,172.79388427734375,117975400
2015-07-07T00:00:00Z,172.99456494205364,174.00597747860348,170.61229034809537,173.88059997558594,173820200
2015-07-08T00:00:00Z,172.54313779167816,172.82733523135315,170.72927142023497,170.96331787109375,164020100
2015-07-09T00:00:00Z,173.06143547602557,173.320570256416,171.16398778495102,171.27264404296875,144113100
2015-07-10T00:00:00Z,173.27036398192914,173.84712590022323,171.3143987625998,173.42918395996094,129456900
2015-07-13T00:00:00Z,174.6913649093545,175.45200949545605,174.64956816725388,175.34335327148438,106069400
2015-07-14T00:00:00Z,175.30153217196556,176.41325903358256,175.24301419024053,176.10397338867188,81709600
2015-07-15T00:00:00Z,176.14580369154305,176.60554236922965,175.56904178267948,176.04550170898438,97914100
2015-07-16T00:00:00Z,177.09873890698512,177.4581756591797,176.8563381591246,177.4581756591797,106683300
2015-07-17T00:00:00Z,177.4497768295928,177.66711479342928,177.0402019061939,177.6085968017578,89030000
2015-07-20T00:00:00Z,177.83427547271813,178.1936993785049,177.38290384028775,177.70053100585938,70446800
2015-07-21T00:00:00Z,177.56680800694502,177.82594272577882,176.69749437641119,176.9984130859375,77965000
2015-07-22T00:00:00Z,176.3129951546989,177.01514736499615,176.27956540876897,176.6807861328125,88667900
2015-07-23T00:00:00Z,176.81452935695242,176.91483134859936,175.3266569594978,175.6860809326172,90509100
2015-07-24T00:00:00Z,175.78639671419378,175.84490195814018,173.52951260680743,173.86386108398438,117755000
2015-07-27T00:00:00Z,172.9778072233487,173.4876968857565,172.40939956881726,172.8524169921875,132361100
2015-07-28T00:00:00Z,173.68828723981355,175.11765413377742,172.86077045003267,174.97555541992188,123544800
2015-07-29T00:00:00Z,175.10094767161476,176.40492445434515,174.95884894576088,176.1792449951172,105791300
2015-07-30T00:00:00Z,175.66933720699794,176.38819776364778,175.05077862187974,176.2210235595703,91304400
2015-07-31T00:00:00Z,176.72253321454752,176.7476087055919,175.66932432696382,175.95352172851562,103266900
2015-08-03T00:00:00Z,175.92014564608382,175.97865089150653,174.40718494905138,175.36009216308594,113965700
2015-08-04T00:00:00Z,175.28484070143256,175.74457936960462,174.53255033866034,175.01736450195312,81820800
2015-08-05T00:00:00Z,175.91172809583946,176.6305886124667,175.30989079100854,175.59410095214844,85786800
2015-08-06T00:00:00Z,175.77802191913275,175.88669090895726,173.57128890569496,174.1564178466797,116030800
2015-08-07T00:00:00Z,173.997608504689,174.14806149557737,172.91931105168084,173.8220672607422,117858000
2015-08-10T00:00:00Z,174.93378755052083,176.09566570104846,174.93378755052083,176.0120849609375,80270700
2015-08-11T00:00:00Z,174.67465687715764,175.09259882063466,173.6632317619298,174.42388916015625,126081400
2015-08-12T00:00:00Z,173.11989537119487,174.81673847505203,171.6570987123818,174.63284301757812,172123700
2015-08-13T00:00:00Z,174.47403258091833,175.15946346067116,173.87219518806353,174.41552734375,89383300
2015-08-14T00:00:00Z,174.22325170871736,175.12600772977814,174.0811529953894,175.05078125,72786500
2015-08-17T00:00:00Z,174.45730997830594,176.0287628173828,173.99757134669795,176.0287628173828,79072600
2015-08-18T00:00:00Z,175.75295212180188,176.10402184503204,175.284859157495,175.51890563964844,71692700
2015-08-19T00:00:00Z,174.77496910362504,175.54398079413636,173.32053921802657,174.13134765625,172946000
2015-08-20T00:00:00Z,172.6184096388763,174.10628221945106,170.43675177000995,170.49526977539062,194327900
2015-08-21T00:00:00Z,168.6228416186139,170.47015049672353,165.10377783345345,165.36289978027344,346588500
2015-08-24T00:00:00Z,156.71985680685256,165.0703277288356,152.46519861065372,158.3999786376953,507244300
2015-08-25T00:00:00Z,163.35673532750187,163.37345657175447,156.24337006939646,156.5359344482422,369833100
2015-08-26T00:00:00Z,160.55658221227628,162.82182045521694,157.45544730866962,162.54598999023438,339257000
2015-08-27T00:00:00Z,164.6858505688254,166.6919668394145,163.17290274119117,166.56658935546875,274143900
2015-08-28T00:00:00Z,165.92294751751413,167.04302883764254,165.43813334434464,166.57493591308594,160414400
2015-08-31T00:00:00Z,165.5969627158288,166.44956787940615,164.67748530858103,165.2291717529297,163298800
2015-09-01T00:00:00Z,161.42590578259393,162.80512196514385,159.42814363445524,160.29747009277344,256000400
2015-09-02T00:00:00Z,162.679823601432,163.3819762157547,160.84088040729497,163.34017944335938,160269300
2015-09-03T00:00:00Z,164.0505780006922,165.5468174006703,162.96393907885664,163.4571075439453,152087800
2015-09-04T00:00:00Z,161.2002176188391,162.0444557787715,160.16371697574704,160.98287963867188,207081000
2015-09-08T00:00:00Z,163.78307522572973,165.17899965322377,163.13944112289605,165.02853393554688,116025700
2015-09-09T00:00:00Z,166.60837339724293,166.73375087162827,162.4540296849394,162.82180786132812,149347700
2015-09-10T00:00:00Z,162.62957308634384,164.85302736988268,162.37045111243074,163.70787048339844,158611100
2015-09-11T00:00:00Z,163.31499490982625,164.51866972562667,162.60448851715708,164.45179748535156,119691200
2015-09-14T00:00:00Z,164.62730075288837,164.67745173677312,163.35675389132194,163.84156799316406,79452000
2015-09-15T00:00:00Z,164.34315114862494,166.33255911859737,163.79983165905676,165.88954162597656,113806200
2015-09-16T00:00:00Z,166.19043492787617,167.51948720226258,165.84771948467198,167.3272247314453,99581600
2015-09-17T00:00:00Z,167.19352434689554,169.59250738984824,166.5749655837949,166.95111083984375,276046600
2015-09-18T00:00:00Z,164.44132249149104,166.93679233260318,163.81115036110563,164.2228546142578,223657500
2015-09-21T00:00:00Z,165.0547097619698,166.09658629271098,164.02123091196836,165.07151794433594,105726200
2015-09-22T00:00:00Z,162.90371869825682,163.39105340400803,161.79460947395006,162.92892456054688,153890900
2015-09-23T00:00:00Z,163.09695421628368,163.5674807006895,162.08868134671624,162.66844177246094,92790600
2015-09-24T00:00:00Z,161.45011952068916,162.54242061228655,160.11415747570365,162.08029174804688,159378800
2015-09-25T00:00:00Z,163.54227425169978,163.84475739356947,161.16442315717407,162.03826904296875,155054800
2015-09-28T00:00:00Z,161.1391644424739,161.24839834759015,157.6606158624,157.97149658203125,178515900
2015-09-29T00:00:00Z,158.18999168666124,159.4251299222024,157.06407455420066,158.06394958496094,159045600
2015-09-30T00:00:00Z,159.95450137417293,161.18124220471094,159.17309401717506,161.01319885253906,163452000
2015-10-01T00:00:00Z,161.39127453747872,161.7357716895095,159.49236059313813,161.43328857421875,131079000
2015-10-02T00:00:00Z,159.45037511162676,163.86997820124844,158.90421817796545,163.8447723388672,211003300
2015-10-05T00:00:00Z,165.07150392864102,166.98722628735067,164.96226998386578,166.76036071777344,126320800
2015-10-06T00:00:00Z,166.62591831272772,167.18887056699,165.52521966477568,166.18899536132812,110274500
2015-10-07T00:00:00Z,167.1216456398194,167.90306575672685,165.92852126535018,167.5501708984375,124307300
2015-10-08T00:00:00Z,167.16364949767825,169.3482512350333,166.8611663774427,169.0625762939453,153055200
2015-10-09T00:00:00Z,169.20538988598997,169.6422999150963,168.53320384467253,169.1633758544922,107069200
2015-10-12T00:00:00Z,169.23896999550914,169.5246448567441,168.81045770365674,169.322998046875,56395600
2015-10-13T00:00:00Z,168.59208345430648,169.86083850123862,168.0879533289991,168.25599670410156,88038700
2015-10-14T00:00:00Z,168.1972059122153,168.77696656244726,167.15532909929073,167.44940185546875,99106200
2015-10-15T00:00:00Z,168.11313728403783,170.02885971648277,167.7434342144632,170.0204620361328,134142200
2015-10-16T00:00:00Z,170.42378444498482,170.81028291108484,169.65917237302588,170.79348754882812,114580100
2015-10-19T00:00:00Z,170.14647635033947,170.87747192382812,169.8355955332714,170.87747192382812,76523900
2015-10-20T00:00:00Z,170.44052631091918,171.27234515002456,170.18845494538817,170.6589813232422,78448500
2015-10-21T00:00:00Z,171.07911042313316,171.23034556267947,169.43225514084543,169.60031127929688,102038000
2015-10-22T00:00:00Z,170.54977767333122,172.67555724966974,169.60032707126769,172.4654998779297,174911700
2015-10-23T00:00:00Z,174.13754777333517,174.72570580477407,173.33933238631926,174.3560028076172,144442300
2015-10-26T00:00:00Z,174.17957690588182,174.23838630368132,173.55780246396264,173.92750549316406,69033000
2015-10-27T00:00:00Z,173.25528546281492,173.92747149169355,172.91078836014336,173.5913848876953,77905800
2015-10-28T00:00:00Z,173.92753378604118,175.5911848671898,173.26375801809618,175.56597900390625,135906700
2015-10-29T00:00:00Z,175.0618879787353,175.83489787398113,174.94425631686943,175.46519470214844,90525500
2015-10-30T00:00:00Z,175.65834080433405,175.97763205082745,174.54924476111194,174.70887756347656,131076900
2015-11-02T00:00:00Z,175.03661055814953,176.96912809584242,174.91056844424497,176.77587890625,86270800
2015-11-03T00:00:00Z,176.42300146983902,177.84299147541532,176.19613589913698,177.28843688964844,95246100
2015-11-04T00:00:00Z,177.58245718368642,177.70848644288222,176.21287940298137,176.75062561035156,96224500
2015-11-05T00:00:00Z,176.80946669781952,177.27159543254461,175.6835623774952,176.57420349121094,78408700
2015-11-06T00:00:00Z,176.22972243760842,176.7170570376993,175.15422981012625,176.48178100585938,110471500
2015-11-09T00:00:00Z,175.86843966243862,176.01968764365785,173.885497472452,174.8349609375,131008700
2015-11-10T00:00:00Z,174.35606798020393,175.27192813673068,174.08720113142502,175.23831176757812,75874600
2015-11-11T00:00:00Z,175.507208403057,175.5576201407707,174.48212699991336,174.54934692382812,67846000
2015-11-12T00:00:00Z,173.5074093102452,173.97793582652446,172.0958297614075,172.1126251220703,121315200
2015-11-13T00:00:00Z,171.70091045507593,171.96977723917988,170.09606896762043,170.18008422851562,153577100
2015-11-16T00:00:00Z,169.99522793409466,172.8267970688517,169.8775835034225,172.76797485351562,117645200
2015-11-17T00:00:00Z,173.0788754346867,173.96110613317177,172.14622019779057,172.64195251464844,121123700
2015-11-18T00:00:00Z,173.12086900112726,175.52392572381035,173.0788677856342,175.38108825683594,121342500
2015-11-19T00:00:00Z,175.2634619360227,175.64997313311568,174.9357729558091,175.2298583984375,88220500
2015-11-20T00:00:00Z,175.98608560962322,176.54903789817084,175.4903532269914,175.8684539794922,94011500
2015-11-23T00:00:00Z,175.92726292595165,176.43139295093874,175.2046650180068,175.6667938232422,64931200
2015-11-24T00:00:00Z,174.65848977069672,176.30534511598827,174.27199140759203,175.90203857421875,98874400
2015-11-25T00:00:00Z,176.0280967424105,176.22975645682286,175.61637963331742,175.87686157226562,51980100
2015-11-27T00:00:00Z,175.96925727372445,176.2801509055882,175.49033312764547,176.0784912109375,37317800
2015-11-30T00:00:00Z,176.23812958132908,176.35576119312486,175.23825447062276,175.3474884033203,112822700
2015-12-01T00:00:00Z,175.97763978675954,177.13716041004395,175.70036255854447,177.01951599121094,97858400
2015-12-02T00:00:00Z,176.9691350683328,177.2884263844097,174.96098705482348,175.2130584716797,108441300
2015-12-03T00:00:00Z,175.46515344475668,175.73402025684985,172.0370150495846,172.75961303710938,166224200
2015-12-04T00:00:00Z,172.75957555460377,176.42297642336592,172.75957555460377,176.12889099121094,192913900
2015-12-07T00:00:00Z,175.80122188532042,176.22133665250286,174.0955569562305,175.06182861328125,102027100
2015-12-08T00:00:00Z,173.4990148690273,175.0114178936216,172.90244621132328,173.88551330566406,103372400
2015-12-09T00:00:00Z,173.2468996936525,175.33906266598441,171.55803041713432,172.53269958496094,162401500
2015-12-10T00:00:00Z,172.59992666728508,174.28878319329965,172.36466345433428,172.97802734375,116128900
2015-12-11T00:00:00Z,170.86067243732876,171.52444809524988,169.3146404271741,169.6255340576172,211173300
2015-12-14T00:00:00Z,169.78518000646062,170.60860132073222,168.00388476098058,170.48255920410156,182385200
2015-12-15T00:00:00Z,171.9949700506764,173.17969668111772,170.45734858112394,172.27224731445312,154069600
2015-12-16T00:00:00Z,173.3981844884099,175.0954519293703,172.0790306373274,174.79296875,197017000
2015-12-17T00:00:00Z,175.10380095110403,175.17102084127197,172.11258635348722,172.12939453125,173092500
2015-12-18T00:00:00Z,171.3873100077972,171.5225370211609,168.90233146446238,169.06292724609375,251393500
2015-12-21T00:00:00Z,170.23774915190663,170.635008217774,169.12203954635984,170.45750427246094,99094300
2015-12-22T00:00:00Z,171.34500941773533,172.3001233488802,170.3560919647485,172.00428771972656,111026200
2015-12-23T00:00:00Z,173.01015028681067,174.17657194553465,172.9171744604314,174.13430786132812,110987200
2015-12-24T00:00:00Z,173.8806792081149,174.39626991303376,173.62710768325286,173.84686279296875,48539600
2015-12-28T00:00:00Z,173.15382558359133,173.49191243890718,172.3762154986154,173.4496612548828,65899900
2015-12-29T00:00:00Z,174.54845073711917,175.6303441554267,174.51464721031633,175.3007049560547,92640700
2015-12-30T00:00:00Z,175.05562110545048,175.14014928136507,173.91455521654785,174.05824279785156,63317700
2015-12-31T00:00:00Z,173.38201453603799,174.0243846208377,172.3170166015625,172.3170166015625,114877900
2016-01-04T00:00:00Z,169.46020164850955,169.91662026614497,167.85425658509027,169.90817260742188,222353500
2016-01-05T00:00:00Z,170.22928386536952,170.65189878350319,169.08823132471886,170.1954803466797,110845800
2016-01-06T00:00:00Z,167.64292530886155,169.09672202912697,167.0174633249898,168.04864501953125,152112600
2016-01-07T00:00:00Z,165.09880025596934,166.8822363182375,163.6280952098052,164.01690673828125,213436100
2016-01-08T00:00:00Z,164.98052073676436,165.53837588559895,161.92923853426208,162.21661376953125,209817200
2016-01-11T00:00:00Z,163.13783807353647,163.47593781271146,160.4415652002888,162.37713623046875,187941300
2016-01-12T00:00:00Z,163.8224957637583,164.43951009387482,161.55727250549293,163.687255859375,172330500
2016-01-13T00:00:00Z,164.354954854255,164.7015022157034,159.2244159623211,159.60476684570312,221168900
2016-01-14T00:00:00Z,160.21333710635813,163.3491329495892,158.61585304162892,162.2249755859375,240795600
2016-01-15T00:00:00Z,157.8636572556273,159.54565719734782,156.8071194441184,158.74269104003906,324846400
2016-01-19T00:00:00Z,160.559939923873,160.68671929930625,157.38186600965548,158.95399475097656,195244400
2016-01-20T00:00:00Z,156.3929383469813,158.48065791232142,153.0035699860845,156.91697692871094,286547800
2016-01-21T00:00:00Z,157.39029842299223,159.63860062752195,156.0632810105243,157.79600524902344,195772900
2016-01-22T00:00:00Z,160.4077739585961,161.2360958795288,159.64707199611334,161.0332489013672,168319600
2016-01-25T00:00:00Z,160.52606112933478,160.7204603952066,158.40453872240943,158.59893798828125,130371700
2016-01-26T00:00:00Z,159.25829320641827,161.0417296735378,158.92020624183837,160.76280212402344,141036800
2016-01-27T00:00:00Z,160.23868809144315,161.91223970418267,158.10870510429336,159.0131072998047,185681700
2016-01-28T00:00:00Z,160.5599272369545,160.7627742216194,158.19328020408372,159.8414764404297,143798800
2016-01-29T00:00:00Z,160.61062728231084,163.873215985602,160.49229558414746,163.73797607421875,210529300
2016-02-01T00:00:00Z,162.73216408290494,164.4648885160024,162.14895320031806,163.67881774902344,136061600
2016-02-02T00:00:00Z,162.2503902851481,162.25883794392138,160.20492190938126,160.72897338867188,182564900
2016-02-03T00:00:00Z,161.78549596816256,162.0982269769642,158.14255631350596,161.69252014160156,205054900
2016-02-04T00:00:00Z,161.1938668084789,162.91813084538626,160.55994412036455,161.9461212158203,139531800
2016-02-05T00:00:00Z,161.43051462671764,162.00526495100985,158.22708506365447,158.8610076904297,180788300
2016-02-08T00:00:00Z,157.01836981803837,157.31419255920386,154.50803586041826,156.7225341796875,191526700
2016-02-09T00:00:00Z,154.98135312452078,158.00727767795794,154.84611324681546,156.73097229003906,184513100
2016-02-10T00:00:00Z,157.559341187404,159.19062903955063,156.46898716953467,156.5957794189453,148214100
2016-02-11T00:00:00Z,154.11926880693227,155.6068821864375,153.06273107589232,154.5587921142578,219058900
2016-02-12T00:00:00Z,156.33375242808964,157.76218034884897,155.48852239590252,157.7452850341797,127632400
2016-02-16T00:00:00Z,159.55411325306656,160.43314701268105,158.59055131203985,160.4077911376953,120250700
2016-02-17T00:00:00Z,161.57423319418845,163.39993380475573,161.4474409062041,163.0280303955078,136009500
2016-02-18T00:00:00Z,163.29838927809405,163.35756155274814,162.04745282745665,162.3601837158203,102343000
2016-02-19T00:00:00Z,161.5826523475565,162.43633018840046,160.9740855847328,162.28419494628906,114793000
2016-02-22T00:00:00Z,163.86476386535287,164.77761396839716,163.79714390618048,164.63392639160156,103640300
2016-02-23T00:00:00Z,163.97466812611097,164.24514799614548,162.43634288396734,162.5546875,111455300
2016-02-24T00:00:00Z,161.12621208575905,163.57737412554178,160.01896275957054,163.29844665527344,150812200
2016-02-25T00:00:00Z,163.74639621495925,165.28472092975863,162.98569441134163,165.27626037597656,110728300
2016-02-26T00:00:00Z,166.1469617497125,166.23992472126565,164.73541549768615,164.89601135253906,129833700
2016-02-29T00:00:00Z,164.9128312909009,165.85948479522963,163.40832287272696,163.60272216796875,125918100
2016-03-01T00:00:00Z,164.82834373077716,167.53309080457262,164.35501686201994,167.4485626220703,141799700
2016-03-02T00:00:00Z,167.13582028123787,168.25151741126524,166.7216528504338,168.2008056640625,102415000
2016-03-03T00:00:00Z,168.02330960307438,168.87700037868333,167.4485592446589,168.86009216308594,95172200
2016-03-04T00:00:00Z,169.05444404216718,170.1870620198103,168.22612227109113,169.40943908691406,129293600
2016-03-07T00:00:00Z,168.48812510102272,169.95038211339124,168.4120575053785,169.54466247558594,100219000
2016-03-08T00:00:00Z,168.47127234562447,168.97840267520743,167.53306640412978,167.6936492919922,123974900
2016-03-09T00:00:00Z,168.50507970117934,168.86852246743945,167.71900897155595,168.52198791503906,94801200
2016-03-10T00:00:00Z,169.01218871936663,169.950394492203,166.83149387176897,168.6571807861328,156838700
2016-03-11T00:00:00Z,170.11095466572948,171.42106351033826,168.64026298354065,171.37879943847656,137964500
2016-03-14T00:00:00Z,170.8717282412068,171.61552199450793,170.54208900241045,171.1591033935547,73612000
2016-03-15T00:00:00Z,170.19552319451483,171.18444080425203,169.9335039428563,170.88015747070312,93169100
2016-03-16T00:00:00Z,170.39834213543608,172.27475342558367,170.35607806369362,171.86903381347656,129303200
2016-03-17T00:00:00Z,171.78452733214831,173.466526557538,171.3872682524307,172.9593963623047,134278500
2016-03-18T00:00:00Z,173.4607101155141,173.97896029914256,173.14636610639326,173.63912963867188,138372400
2016-03-21T00:00:00Z,173.37572164821052,174.114860305824,173.14632887168338,173.88546752929688,72926700
2016-03-22T00:00:00Z,173.11233332628754,174.36123079472497,172.9509222280759,173.79200744628906,97471900
2016-03-23T00:00:00Z,173.40967524526823,173.59658593127878,172.47512181521557,172.64505004882812,81052500
2016-03-24T00:00:00Z,171.61709783714622,172.60262487660995,171.39620920983543,172.56863403320312,84360900
2016-03-28T00:00:00Z,172.98490668908556,173.19730404944426,172.22028137727668,172.67056274414062,62408200
2016-03-29T00:00:00Z,172.26276003646242,174.37824252994776,171.95690730202728,174.26779174804688,92922900
2016-03-30T00:00:00Z,175.27029365995045,175.7545528708756,174.66707948932915,175.03240966796875,86365300
2016-03-31T00:00:00Z,174.9390207436108,175.36381559969433,174.4462571549087,174.60768127441406,94584100
2016-04-01T00:00:00Z,173.61368010469423,175.9840299329567,173.29932306465736,175.797119140625,114423500
2016-04-04T00:00:00Z,175.72059242996414,175.9244985706201,174.92197625036152,175.2278289794922,63497000
2016-04-05T00:00:00Z,173.88550629771035,175.23635068476798,173.2228274299572,173.4777069091797,99662200
2016-04-06T00:00:00Z,173.47771784853052,175.43177669417892,173.29929831271116,175.37229919433594,91839800
2016-04-07T00:00:00Z,174.28481745221296,174.6416435437733,172.54315610525424,173.2738037109375,113859000
2016-04-08T00:00:00Z,174.4546797983895,174.88797867801816,173.20578237541002,173.74102783203125,95040600
2016-04-11T00:00:00Z,174.3782280486633,175.07489759401867,173.2397813398055,173.33323669433594,83757500
2016-04-12T00:00:00Z,173.50311906900293,175.22778422329228,173.06132902560913,174.94741821289062,115350600
2016-04-13T00:00:00Z,175.8650101881761,176.79956373697718,175.72907276949485,176.714599609375,96336400
2016-04-14T00:00:00Z,176.77403922237798,177.22432048205636,176.37473124285899,176.72305297851562,65212900
2016-04-15T00:00:00Z,176.72308136993018,176.8590187813295,176.2048313322123,176.52767944335938,75761600
2016-04-18T00:00:00Z,176.52767550021161,177.80205953527738,175.86499683907383,177.76808166503906,82531000
2016-04-19T00:00:00Z,178.19291768689132,178.583721621976,177.5132434510871,178.32884216308594,88316100
2016-04-20T00:00:00Z,178.37128733557245,179.19539006940838,177.89551935803937,178.4987335205078,81100300
2016-04-21T00:00:00Z,178.5157189044119,178.62616967376115,177.2668214610352,177.5386962890625,85695000
2016-04-22T00:00:00Z,177.18187030005564,177.8105581533845,176.63813360770632,177.5386962890625,99251700
2016-04-25T00:00:00Z,176.93554857187232,177.27539223454826,176.3238429427658,177.23291015625,66166500
2016-04-26T00:00:00Z,177.59823873765083,178.00605115864488,177.02052392014244,177.4962921142578,75864200
2016-04-27T00:00:00Z,177.11386855655437,178.25231501823097,176.75704263410512,177.86151123046875,77329400
2016-04-28T00:00:00Z,177.10543869065773,178.2098947059655,175.83105439880347,176.24734497070312,97216200
2016-04-29T00:00:00Z,175.62717685365052,175.97551172812186,174.19136824341803,175.29583740234375,142424100
2016-05-02T00:00:00Z,175.79704592408345,176.8675239549284,175.3637599752499,176.68911743164062,62188000
2016-05-03T00:00:00Z,175.45725048426755,175.6951345387806,174.4037546973465,175.15139770507812,106422100
2016-05-04T00:00:00Z,174.15731869499416,174.8879660258948,173.67304656190348,174.17430114746094,92243800
2016-05-05T00:00:00Z,174.6416050052538,174.9984310180726,173.7155556174355,174.14035034179688,67619200
2016-05-06T00:00:00Z,173.3672053849607,174.82000891686093,173.2142855203949,174.77752685546875,89315000
2016-05-09T00:00:00Z,174.650150382527,175.35529838319349,174.47173085218958,174.92201232910156,74374900
2016-05-10T00:00:00Z,175.62715279540032,177.1139345077505,175.55918407576223,177.09693908691406,77472200
2016-05-11T00:00:00Z,176.63815562661793,177.17338819499523,175.4402313232422,175.4402313232422,81727000
2016-05-12T00:00:00Z,176.1113923507691,176.2813206126645,174.48018215348213,175.49119567871094,89586300
2016-05-13T00:00:00Z,175.19382901520686,175.7460569180924,173.63907891846603,173.9619140625,96474600
2016-05-16T00:00:00Z,174.13185457073453,176.15386859061536,174.07237708829686,175.6781005859375,77486800
2016-05-17T00:00:00Z,175.4062459236203,175.69510322923796,173.51165209062506,174.0384063720703,114924900
2016-05-18T00:00:00Z,173.69006266404253,175.27029949983358,173.00189730975876,174.08937072753906,120062100
2016-05-19T00:00:00Z,173.36723352412886,173.77503285953244,172.27975998724793,173.48617553710938,115430500
2016-05-20T00:00:00Z,174.09791150928334,175.10043404885363,174.04693820389505,174.58218383789062,104990400
2016-05-23T00:00:00Z,174.59910471830312,174.8794707627664,174.15732758494116,174.34423828125,58682600
2016-05-24T00:00:00Z,175.15985700821594,176.9185134089353,175.13437036157126,176.60415649414062,93537800
2016-05-25T00:00:00Z,177.28382816638836,178.21838174260373,176.60415401675047,177.8020782470703,76621400
2016-05-26T00:00:00Z,177.93805252659968,178.16744535440486,177.53874436711646,177.85308837890625,55280700
2016-05-27T00:00:00Z,178.014461617882,178.62616700810963,177.9634883293139,178.61767578125,64211200
2016-05-31T00:00:00Z,178.88955273186752,179.0000035088857,177.7171151410786,178.27784729003906,109879400
2016-06-01T00:00:00Z,177.6661224189385,178.82156446451214,177.47072049641125,178.64315795898438,69936200
2016-06-02T00:00:00Z,178.24387532557296,179.20390262173052,177.76810729142292,179.18692016601562,63044700
2016-06-03T00:00:00Z,178.6262009729401,179.00002244512663,177.4452720296459,178.6516876220703,101757100
2016-06-06T00:00:00Z,179.00848907654503,179.9175559829688,178.84706501176282,179.56072998046875,64887000
2016-06-07T00:00:00Z,179.7136617341384,180.40182713900126,179.68817508682545,179.84109497070312,60974800
2016-06-08T00:00:00Z,179.9770257580498,180.55475332447512,179.8495925261871,180.42730712890625,66170900
2016-06-09T00:00:00Z,179.69665127608295,180.2998654606559,179.42478940626114,180.18092346191406,73786900
2016-06-10T00:00:00Z,178.80462126420403,179.14445189656794,177.9295321066371,178.47328186035156,113829200
2016-06-13T00:00:00Z,177.87006868862602,178.72814946710477,177.01198791014727,177.09693908691406,117751200
2016-06-14T00:00:00Z,176.71463357084795,177.34333453029458,175.7970752639697,176.7486114501953,125059300
2016-06-15T00:00:00Z,176.74857248677887,177.87003671364448,176.3152865611474,176.502197265625,109124500
2016-06-16T00:00:00Z,176.50218940963708,177.19885890690085,174.66707328210333,177.0289306640625,149533100
2016-06-17T00:00:00Z,176.92480509140793,176.95042428447155,175.71211550560253,176.3697052001953,117055700
2016-06-20T00:00:00Z,178.3338969472471,179.00855730706354,177.42010243907166,177.50550842285156,82789600
2016-06-21T00:00:00Z,177.88979308996412,178.419273654042,177.44570547076717,178.0093536376953,72461700
2016-06-22T00:00:00Z,178.18870321431743,178.91461497918837,177.57381662154108,177.71900939941406,95560500
2016-06-23T00:00:00Z,179.1794087843211,180.08465514089005,178.71825021760526,180.03341674804688,102731400
2016-06-24T00:00:00Z,173.90160498686507,180.06754207953452,173.1244547948989,173.56854248046875,333444400
2016-06-27T00:00:00Z,172.15939728623033,172.1679457025619,169.64861273576992,170.45993041992188,230775800
2016-06-28T00:00:00Z,172.06546850005265,173.55998198159097,171.75802520546267,173.53436279296875,159382400
2016-06-29T00:00:00Z,174.93489683982207,176.71976942477082,174.83242010763226,176.48919677734375,137328600
2016-06-30T00:00:00Z,176.95893395597878,178.94876034756433,176.40382115518798,178.89752197265625,165021900
2016-07-01T00:00:00Z,178.89756514031532,179.7601214298107,178.7353015598706,179.27333068847656,106055300
2016-07-05T00:00:00Z,178.4448925195293,178.55591768190934,177.38593139327895,177.98373413085938,109803700
2016-07-06T00:00:00Z,177.4884035203763,179.17079955807648,176.83081401059002,179.05123901367188,96021500
2016-07-07T00:00:00Z,179.23057552857622,179.89670043150437,178.1716144168044,178.94021606445312,85593800
2016-07-08T00:00:00Z,180.23831665170167,181.85239058459535,180.0077309381104,181.60472106933594,133971000
2016-07-11T00:00:00Z,182.06588969319793,182.8174205815549,181.86092316970357,182.24522399902344,73633900
2016-07-12T00:00:00Z,183.21030325162926,183.86789294568297,182.2708894029811,183.56898498535156,101275600
2016-07-13T00:00:00Z,183.9874226176217,183.99595800349357,183.0565573437704,183.5433349609375,87324100
2016-07-14T00:00:00Z,184.80726687297488,185.03785260793288,184.1753094950419,184.56814575195312,91230900
2016-07-15T00:00:00Z,185.1317850417746,185.32820316074802,183.87639270145345,184.3204803466797,107155400
2016-07-18T00:00:00Z,184.44009136414098,184.9781205232326,184.18388638213892,184.81585693359375,58725900
2016-07-19T00:00:00Z,184.39732871638222,184.66206900073772,184.1496722336013,184.62791442871094,54345700
2016-07-20T00:00:00Z,184.6279132312971,185.6356359885821,184.6279132312971,185.39651489257812,58159500
2016-07-21T00:00:00Z,185.28551066611325,185.5075479701267,184.252155646983,184.6962432861328,67777300
2016-07-22T00:00:00Z,184.81578456758726,185.57585079687013,184.5510443012593,185.5246124267578,62787500
2016-07-25T00:00:00Z,185.31964455929952,185.37088292903695,184.44001779581654,185.02073669433594,55873100
2016-07-26T00:00:00Z,184.9183184027053,185.46488290452834,184.26072871061137,185.106201171875,70080500
2016-07-27T00:00:00Z,185.48194314357417,185.55026532651198,184.14114473677688,184.90975952148438,84083900
2016-07-28T00:00:00Z,184.71329695254167,185.41358943524244,184.2521385850259,185.12322998046875,65035700
2016-07-29T00:00:00Z,184.85851447376473,185.7808313323452,184.5766903659838,185.42214965820312,79519400
2016-08-01T00:00:00Z,185.48193454229607,185.87477078706675,184.81580957844722,185.2684326171875,73311400
2016-08-02T00:00:00Z,185.0207451653044,185.1744733126764,183.24442078784656,184.0813446044922,92295500
2016-08-03T00:00:00Z,184.02162758915637,184.6792173528393,183.722732628302,184.6194305419922,53993600
2016-08-04T00:00:00Z,184.7304509292175,185.1318356937578,182.97119670053107,184.81585693359375,46585500
2016-08-05T00:00:00Z,184.81580834088703,186.37009556908544,184.81580834088703,186.327392578125,71892200
2016-08-08T00:00:00Z,186.51527976931246,186.61776955629065,185.95164458098853,186.2163848876953,39906500
2016-08-09T00:00:00Z,186.28470261828784,186.8227186047949,186.00287851529686,186.327392578125,51251700
2016-08-10T00:00:00Z,186.43844037503354,186.515297949416,185.51611038906955,185.8662567138672,57941100
2016-08-11T00:00:00Z,186.39565162237693,186.97638343426493,186.13091141166637,186.7287139892578,72504300
2016-08-12T00:00:00Z,186.42135079049206,186.78004552207213,186.16515888382693,186.56654357910156,61313500
2016-08-15T00:00:00Z,186.93381525977938,187.45476067401378,186.9252798707726,187.1046142578125,49813500
2016-08-16T00:00:00Z,186.68607547722425,186.75438462109534,186.13951110839844,186.13951110839844,53213600
2016-08-17T00:00:00Z,186.17369109954961,186.6263141684485,185.33676714607375,186.4896697998047,75134300
2016-08-18T00:00:00Z,186.46402395322087,186.94226614398184,186.35301182180146,186.90811157226562,52989300
2016-08-19T00:00:00Z,186.43840854877823,186.81417400089106,185.95163096299396,186.63482666015625,75443000
2016-08-22T00:00:00Z,186.3956960351544,186.8568674414081,186.0284790182505,186.62628173828125,61368800
2016-08-23T00:00:00Z,187.24116576255827,187.54007363414905,186.9422578909675,187.00204467773438,53399200
2016-08-24T00:00:00Z,186.85683671541958,186.9507780582001,185.62706387579124,186.0455322265625,71728900
2016-08-25T00:00:00Z,185.66122982989052,186.33590306882425,185.5075147310675,185.9174346923828,69224800
2016-08-26T00:00:00Z,186.10533547897305,187.13014199743318,184.67914434418842,185.5673065185547,122506300
2016-08-29T00:00:00Z,185.69545453958983,186.7458804646386,185.66128693081814,186.48114013671875,70502200
2016-08-30T00:00:00Z,186.39569756726482,186.6775216442648,185.618560540398,186.1736602783203,58114500
2016-08-31T00:00:00Z,185.8406595011454,185.96022008581087,184.86709101711918,185.6442413330078,85269500
2016-09-01T00:00:00Z,185.63564141776308,185.9430846974916,184.4912742775436,185.65272521972656,97844200
2016-09-02T00:00:00Z,186.50675360366623,186.9166736784734,185.91748616612355,186.4896697998047,79293900
2016-09-06T00:00:00Z,186.77149009111085,187.1301717780979,186.0541267171368,187.05331420898438,56702100
2016-09-07T00:00:00Z,186.89105986483438,187.2155869919185,186.42990139629998,187.03623962402344,76554900
2016-09-08T00:00:00Z,186.7031179832465,186.97640664184834,186.30173341037536,186.6091766357422,74102900
2016-09-09T00:00:00Z,185.2940517287419,185.34529010576694,182.11714204195624,182.14276123046875,221589100
2016-09-12T00:00:00Z,181.38269933017335,185.15741189301355,181.31437714876296,184.7560272216797,168110900
2016-09-13T00:00:00Z,183.4750047502392,183.7397450430388,181.47662992931066,182.1000518798828,182828800
2016-09-14T00:00:00Z,182.15128357066425,183.35543746900495,181.4766232696146,182.03172302246094,134185500
2016-09-15T00:00:00Z,181.8694478480362,184.23503930455087,181.69010053449708,183.85073852539062,134427900
2016-09-16T00:00:00Z,183.2345221168254,183.41477544560047,182.4534592840012,183.14010620117188,155236400
2016-09-19T00:00:00Z,183.7924158425578,184.43615706862911,182.8482568055404,183.17442321777344,80250500
2016-09-20T00:00:00Z,184.03272644676736,184.18721803903782,183.14865629913766,183.1829833984375,69665300
2016-09-21T00:00:00Z,183.88684635353547,185.42323643914656,183.20018637179064,185.2429962158203,110284400
2016-09-22T00:00:00Z,186.25578671924643,186.71069611831638,186.00687921854612,186.4102783203125,76678700
2016-09-23T00:00:00Z,186.01553314529187,186.15286779989148,185.29454585407413,185.3889617919922,73630900
2016-09-26T00:00:00Z,184.55631536636452,184.73655556931107,183.68940216236516,183.88682556152344,89827300
2016-09-27T00:00:00Z,183.72374408609076,185.12279941090966,183.35465898167763,185.0283966064453,78494800
2016-09-28T00:00:00Z,185.25153899394778,186.10128203089897,184.29022306305555,185.94677734375,87411000
2016-09-29T00:00:00Z,185.74074869383583,186.1441608060477,183.71510963353947,184.26443481445312,128070600
2016-09-30T00:00:00Z,185.0970361399101,186.35876986017539,184.84812865424877,185.6549530029297,117202900
2016-10-03T00:00:00Z,185.24295835945435,185.431777046321,184.57345551878453,185.2086181640625,83512100
2016-10-04T00:00:00Z,185.32017958314992,185.54333843582108,183.67220404040896,184.26443481445312,119948100
2016-10-05T00:00:00Z,184.89104797224837,185.50904053514677,184.82238067670994,185.0798797607422,72816000
2016-10-06T00:00:00Z,184.85670319450523,185.431777046321,184.3159695380813,185.2086181640625,62927400
2016-10-07T00:00:00Z,185.48330296661467,185.65496466719526,183.8439055676314,184.57347106933594,89788300
2016-10-10T00:00:00Z,185.53480529785156,185.9982932119312,185.38889219347558,185.53480529785156,51855000
2016-10-11T00:00:00Z,185.10562528979577,185.17429258419546,182.4619933916699,183.19155883789062,130367400
2016-10-12T00:00:00Z,183.328892534842,183.95547668183588,182.83106447557643,183.43190002441406,73866100
2016-10-13T00:00:00Z,182.10150448178726,183.32889802045077,181.28610162289814,182.83106994628906,101357000
2016-10-14T00:00:00Z,183.80953084949013,184.27303176065422,182.8482150292176,182.9254608154297,93346200
2016-10-17T00:00:00Z,182.8997605452408,183.1572596642625,182.11010618467034,182.2903594970703,58275700
2016-10-18T00:00:00Z,183.88680938777023,183.9468850844857,183.0542364555266,183.43190002441406,76869700
2016-10-19T00:00:00Z,183.6980141682805,184.23016943203046,183.33752062539025,183.92117309570312,66519200
2016-10-20T00:00:00Z,183.56922822655446,184.13572360059572,182.91690855450392,183.57781982421875,73639800
2016-10-21T00:00:00Z,183.57784146335862,183.74950317655933,182.61651229492608,183.66366577148438,89089100
2016-10-24T00:00:00Z,184.53916383483073,184.81383306288816,184.0928328877122,184.4447479248047,60146600
2016-10-25T00:00:00Z,184.26446045843153,184.5219595377776,183.66363800458882,183.82672119140625,66542300
2016-10-26T00:00:00Z,183.0027779184741,184.0413398553633,182.76243578999856,183.4576873779297,75705500
2016-10-27T00:00:00Z,184.17862018916017,184.2129472848537,182.8911380010425,182.9683837890625,77220200
2016-10-28T00:00:00Z,182.94264095250443,183.62070916360392,181.71524751439193,182.42764282226562,140623200
2016-10-31T00:00:00Z,182.76240206363727,182.985574049549,182.27316558865292,182.43624877929688,61272500
2016-11-01T00:00:00Z,182.76238606690387,182.81389635703093,179.9041870698058,181.11441040039062,122781800
2016-11-02T00:00:00Z,180.80541562522504,181.1916707711364,179.58660068782996,180.02435302734375,103330800
2016-11-03T00:00:00Z,180.23895329238715,180.45353368737918,178.92572232279193,179.20037841796875,88939300
2016-11-04T00:00:00Z,179.31198705433658,180.1531386417637,178.85707760727243,179.00299072265625,109122100
2016-11-07T00:00:00Z,179.00299150234346,182.98560362970932,179.00299150234346,182.95126342773438,109794900
2016-11-08T00:00:00Z,182.55642293848587,184.34173343556697,182.29034533837805,183.77523803710938,106772100
2016-11-09T00:00:00Z,182.2817398233683,186.34161010540024,182.25599122512685,185.72361755371094,258429000
2016-11-10T00:00:00Z,186.513269641377,187.38016966505043,184.7279593011942,186.18710327148438,172113300
2016-11-11T00:00:00Z,185.46610840811684,185.99826353882025,184.81378879315955,185.7579345703125,100552700
2016-11-14T00:00:00Z,186.28148735383144,186.48748919915772,185.1570884457667,185.90382385253906,94580000
2016-11-15T00:00:00Z,186.290077346994,187.35440063476562,186.08408858590283,187.35440063476562,91652600
2016-11-16T00:00:00Z,186.73644010696472,187.23426819301946,186.6162756101203,187.0025177001953,65617700
2016-11-17T00:00:00Z,187.1570123357797,188.0239123666414,187.04542634579707,187.96383666992188,69797200
2016-11-18T00:00:00Z,188.0325388341963,188.20420055273274,187.36303586708976,187.5432891845703,86265800
2016-11-21T00:00:00Z,188.11832125486393,188.98522125344928,187.97240817175233,188.95947265625,72402600
2016-11-22T00:00:00Z,189.2684939642912,189.508822967917,188.5990041546267,189.32858276367188,67429000
2016-11-23T00:00:00Z,188.8135717644755,189.48306152877836,188.6161614742189,189.4315643310547,56620200
2016-11-25T00:00:00Z,189.77488253027462,190.1697030727558,189.6976236441837,190.1353759765625,37872300
2016-11-28T00:00:00Z,189.82638699081997,190.1010430617208,189.13972716814772,189.2427215576172,76572500
2016-11-29T00:00:00Z,189.2770258306888,190.06667989296835,188.97660812248773,189.6117706298828,69886700
2016-11-30T00:00:00Z,190.2298080583278,190.39289124725988,189.09681733329265,189.1569061279297,113291800
2016-12-01T00:00:00Z,189.45731297095935,189.45731297095935,188.1011633438361,188.461669921875,79040500
2016-12-02T00:00:00Z,188.5474822909184,189.04531033243993,188.1955673327304,188.55606079101562,74840300
2016-12-05T00:00:00Z,189.38868432882037,190.03242562578706,189.19127399822997,189.68910217285156,67837800
2016-12-06T00:00:00Z,189.8778805688431,190.32421140962055,189.39722263121195,190.2898712158203,59877400
2016-12-07T00:00:00Z,190.13542041346935,192.83912844099024,190.0152559032895,192.779052734375,110738100
2016-12-08T00:00:00Z,192.75322276345034,193.72311693727616,192.4871321560691,193.25103759765625,99714400
2016-12-09T00:00:00Z,193.47431095396163,194.43562713358634,193.43997074928893,194.41845703125,88005800
2016-12-12T00:00:00Z,194.32402499689005,194.80469614378697,193.77469964024317,194.19528198242188,102016100
2016-12-13T00:00:00Z,194.85616816380934,195.98914583553722,194.83899806511636,195.49131774902344,110477500
2016-12-14T00:00:00Z,195.19091653592832,195.89473343151758,193.43993315255847,193.877685546875,142501800
2016-12-15T00:00:00Z,194.11801478195426,195.5342401728347,193.88626428450084,194.67591857910156,124972600
2016-12-16T00:00:00Z,195.1326462584023,195.19308922448477,193.9757194067393,194.295166015625,156420200
2016-12-19T00:00:00Z,194.47648568022888,195.14129244989354,194.32971255495227,194.71823120117188,90341100
2016-12-20T00:00:00Z,195.25353044595224,195.6161619153892,195.0204271537842,195.46937561035156,89838800
2016-12-21T00:00:00Z,195.33984927274236,195.51252274776837,194.92543029785156,194.92543029785156,67909000
2016-12-22T00:00:00Z,194.7785982817825,194.8994709951614,194.19149283527236,194.58865356445312,56219100
2016-12-23T00:00:00Z,194.63189851824896,194.88228629058872,194.441966890667,194.8736572265625,36697800
2016-12-27T00:00:00Z,195.14125632425026,195.7542490766812,195.12398502619658,195.3571014404297,42672500
2016-12-28T00:00:00Z,195.61614696434052,195.63340509079023,193.63036896881238,193.7425994873047,64095000
2016-12-29T00:00:00Z,193.81166288654242,194.16565207513557,193.25909985948013,193.69943237304688,48696100
2016-12-30T00:00:00Z,194.0275091129091,194.11385243836685,192.30074799688836,192.991455078125,108998300
2017-01-03T00:00:00Z,194.29517831857413,194.9772564188593,193.29366676331898,194.46786499023438,91366500
2017-01-04T00:00:00Z,194.79595036267494,195.77157477463183,194.7873212983205,195.6248016357422,78744400
2017-01-05T00:00:00Z,195.35714508328138,195.62479097927357,194.6750669862593,195.46937561035156,78379000
2017-01-06T00:00:00Z,195.58161075861804,196.6349361687553,195.03767675239263,196.16871643066406,71559900
2017-01-09T00:00:00Z,195.90969783980825,196.0478418995289,195.48663659721726,195.52117919921875,46939700
2017-01-10T00:00:00Z,195.53843732607686,196.37591757368713,195.1326473844866,195.52117919921875,63771900
2017-01-11T00:00:00Z,195.43488494785686,196.07379150390625,194.7700780208733,196.07379150390625,74650000
2017-01-12T00:00:00Z,195.55571889690535,195.7715640612507,194.2261184811609,195.5816192626953,72113200
2017-01-13T00:00:00Z,195.75429048254387,196.3327539353642,195.7197610532733,196.03057861328125,62717900
2017-01-17T00:00:00Z,195.39165973646453,195.79744966877882,194.95134037708073,195.33985900878906,61240800
2017-01-18T00:00:00Z,195.59021444809997,195.8147018115871,195.03765145005184,195.7715301513672,54793300
2017-01-19T00:00:00Z,195.84926336401224,195.98740742972183,194.6146353588587,195.04632568359375,66608800
2017-01-20T00:00:00Z,195.72836633633,196.25502899418407,195.0981022291084,195.76290893554688,129168600
2017-01-23T00:00:00Z,195.7629446644216,195.8233744628679,194.49377398146592,195.2535400390625,75061600
2017-01-24T00:00:00Z,195.46934967913188,196.91983584202634,195.35711916695035,196.5054168701172,95555300
2017-01-25T00:00:00Z,197.4551791186987,198.20632934570312,197.29113466482252,198.20632934570312,84437700
2017-01-26T00:00:00Z,198.05949900367568,198.32715804870278,197.72278110576516,197.9990692138672,59970700
2017-01-27T00:00:00Z,198.07675100867226,198.22352411150052,197.50691672182785,197.688232421875,59711100
2017-01-30T00:00:00Z,196.99755678958624,197.0234571545579,195.47801162329733,196.46226501464844,79737300
2017-01-31T00:00:00Z,195.9701453099324,196.5054502961024,195.40032406693263,196.44500732421875,75880800
2017-02-01T00:00:00Z,196.4449887263935,197.36017006320674,195.9355973293586,196.52268981933594,79117700
2017-02-02T00:00:00Z,196.52267617538791,196.93710832392662,195.8319822761067,196.65219116210938,69657600
2017-02-03T00:00:00Z,197.55872680883482,198.18899086744995,197.24790931056123,198.00767517089844,80563200
2017-02-06T00:00:00Z,197.60193156698534,197.99909247550636,197.31701436233536,197.6537322998047,57790100
2017-02-07T00:00:00Z,198.04224308142176,198.28398859163022,197.4724087327266,197.662353515625,57931200
2017-02-08T00:00:00Z,197.6623394089647,198.05085801020482,197.11840546274374,197.92135620117188,51566200
2017-02-09T00:00:00Z,197.92135251854037,199.3977258106109,197.92135251854037,199.09555053710938,65955200
2017-02-10T00:00:00Z,199.44090624989494,200.1057129594876,199.1128174264858,199.8812255859375,66015900
2017-02-13T00:00:00Z,200.37336624510309,201.22811776053453,200.3474658816787,200.96910095214844,55182100
2017-02-14T00:00:00Z,200.78779556699018,201.78069118787627,200.44244858746455,201.7720489501953,71109000
2017-02-15T00:00:00Z,201.55623814953978,203.01535375890472,201.50443741119582,202.82540893554688,86785800
2017-02-16T00:00:00Z,202.8512380031391,203.03255369775607,201.90152739431514,202.6526641845703,84722400
2017-02-17T00:00:00Z,201.98789930143897,202.97215270996094,201.9706279997756,202.97215270996094,77204100
2017-02-21T00:00:00Z,203.34336707833825,204.35352062297562,203.3347248423968,204.18084716796875,88946100
2017-02-22T00:00:00Z,203.77508329239282,204.22403169784153,203.61103887826502,203.9995574951172,62115200
2017-02-23T00:00:00Z,204.51763071640397,204.53488884555063,203.37796183379365,204.1377410888672,74615900
2017-02-24T00:00:00Z,203.29160239869657,204.4398870064227,203.24843073375635,204.396728515625,82381600
2017-02-27T00:00:00Z,204.31038133531447,204.8888447470126,204.0600067620078,204.71617126464844,56515400
2017-02-28T00:00:00Z,204.33629348744313,204.57803901152806,203.77510134384804,204.1636199951172,96961900
2017-03-01T00:00:00Z,205.82132469295286,207.48765629569718,205.80405339018023,207.02142333984375,149158200
2017-03-02T00:00:00Z,206.8314676509237,206.8401098889274,205.6659116708949,205.71771240234375,70246000
2017-03-03T00:00:00Z,205.63133809624927,206.0112276351819,205.25144855731665,205.84718322753906,81974300
2017-03-06T00:00:00Z,205.05292192225946,205.58821375534086,204.62986062486473,205.23423767089844,55391500
2017-03-07T00:00:00Z,204.9320333839673,205.28602261532427,204.41399971982818,204.6212158203125,65103700
2017-03-08T00:00:00Z,204.91472296177454,205.1737397443952,204.10314319082886,204.2412872314453,78168800
2017-03-09T00:00:00Z,204.3621916313429,204.82842454711275,203.5333536075299,204.50033569335938,90683900
2017-03-10T00:00:00Z,205.45871026849647,205.50188193917324,204.26724066336786,205.2169647216797,81991700
2017-03-13T00:00:00Z,205.15654269736663,205.36375883328833,204.82846694983928,205.32058715820312,57256800
2017-03-14T00:00:00Z,204.77656602542518,204.828379917999,203.9218278229869,204.53482055664062,59880800
2017-03-15T00:00:00Z,205.10466544944833,206.7278249733386,204.87154903026095,206.3047637939453,96081800
2017-03-16T00:00:00Z,206.4429360696499,206.52063716195985,205.57092640517246,205.8990020751953,78344000
2017-03-17T00:00:00Z,206.16172343398011,206.3524945415205,205.53738403320312,205.53738403320312,89002100
2017-03-20T00:00:00Z,205.53744727849318,205.82360402785622,204.92178752226891,205.31199645996094,52537000
2017-03-21T00:00:00Z,205.91893806804308,206.04033666785944,202.54577708230124,202.67584228515625,131809300
2017-03-22T00:00:00Z,202.71058174965899,203.43897351596505,202.0862421695515,203.15281677246094,97569200
2017-03-23T00:00:00Z,203.15281936790532,204.0719823082905,202.56317266330282,202.93603515625,100410300
2017-03-24T00:00:00Z,203.23950426698332,203.8118044338847,202.00817173901973,202.78858947753906,112504900
2017-03-27T00:00:00Z,201.115011690091,202.8406185139592,200.83753482201902,202.58047485351562,87454500
2017-03-28T00:00:00Z,202.27697835428734,204.4794997138661,202.1642463510937,204.0546112060547,93483900
2017-03-29T00:00:00Z,203.7684315312076,204.47947665285002,203.542967550248,204.24534606933594,61950400
2017-03-30T00:00:00Z,204.18467623434705,205.09517239970486,204.01125154367315,204.89572143554688,56737900
2017-03-31T00:00:00Z,204.55750925954803,205.08646309053063,204.36673815778684,204.4187774658203,73733100
2017-04-03T00:00:00Z,204.47087936755779,204.67031714555634,202.83199119027162,204.06332397460938,85546500
2017-04-04T00:00:00Z,203.77710698201065,204.28004781254936,203.39556474977752,204.19332885742188,56466200
2017-04-05T00:00:00Z,204.86975413896752,205.84962304568137,203.37827764951905,203.58639526367188,108800600
2017-04-06T00:00:00Z,203.72507732476717,204.6789196571488,203.28282918541828,204.1586456298828,69135800
2017-04-07T00:00:00Z,203.90720203952503,204.6442735716667,203.4649670591141,203.9505615234375,74412300
2017-04-10T00:00:00Z,204.08930688910144,204.86972467488317,203.54300650018013,204.07196044921875,67615300
2017-04-11T00:00:00Z,203.69038704512482,203.93318424056568,202.3376560329672,203.82913208007812,88045300
2017-04-12T00:00:00Z,203.5517081391927,203.74247930396604,202.71058433945345,202.93603515625,81864400
2017-04-13T00:00:00Z,202.59784981569032,203.33492141880774,201.61798095703125,201.61798095703125,92880400
2017-04-17T00:00:00Z,202.13827125452727,203.404296875,201.93883348420877,203.404296875,68405400
2017-04-18T00:00:00Z,202.66719125687618,203.33489022290559,202.11222429628782,202.79725646972656,83225800
2017-04-19T00:00:00Z,203.36088659151088,203.73374899208096,202.19891344901046,202.42437744140625,68699900
2017-04-20T00:00:00Z,203.0400655952371,204.51420866175764,202.71922923042013,204.07196044921875,92572200
2017-04-21T00:00:00Z,203.99389845187585,204.0459245342356,203.02270963061275,203.4215850830078,110389800
2017-04-24T00:00:00Z,205.66749533983582,205.8669463260892,203.39560120797648,205.65882873535156,119209900
2017-04-25T00:00:00Z,206.30048655645427,207.20230286363807,206.21376759761978,206.85545349121094,76698300
2017-04-26T00:00:00Z,206.82077314115497,207.70525629530476,206.68204132265512,206.7253875732422,84702500
2017-04-27T00:00:00Z,207.0462306188551,207.20230887153625,206.3611852259836,206.89881896972656,57410300
2017-04-28T00:00:00Z,207.15893639427176,207.1849494347533,206.31781280148894,206.44789123535156,63532800
2017-05-01T00:00:00Z,206.96817016601562,207.39307188967717,206.55194827702297,206.96817016601562,66882500
2017-05-02T00:00:00Z,207.1068810298826,207.22827961211652,206.63863313596693,207.0461883544922,57375700
2017-05-03T00:00:00Z,207.04621580057147,207.14160135864626,206.11837326007554,206.79473876953125,73137700
2017-05-04T00:00:00Z,207.09828832596585,207.1763274642226,206.18779201859695,207.03758239746094,61462700
2017-05-05T00:00:00Z,207.41047186493998,207.87005335153967,206.96822358924157,207.8527069091797,62001300
2017-05-08T00:00:00Z,207.89606282373038,208.04347450260826,207.39312185561013,207.81802368164062,48385700
2017-05-09T00:00:00Z,208.07812731096178,208.2775650461545,207.28034990727892,207.62721252441406,51363200
2017-05-10T00:00:00Z,207.58383915389945,208.00006103515625,207.3757215975435,208.00006103515625,54293800
2017-05-11T00:00:00Z,207.54916701215808,207.7399381378494,206.49125921749004,207.57518005371094,62358300
2017-05-12T00:00:00Z,207.32371808931455,207.6185414026606,206.95952224963003,207.22833251953125,53912700
2017-05-15T00:00:00Z,207.65326067299824,208.49438446850093,207.63591423134488,208.37298583984375,61918900
2017-05-16T00:00:00Z,208.66778439834033,208.69379744200063,207.7919810550454,208.18218994140625,51241800
2017-05-17T00:00:00Z,208.18218739791666,208.18218739791666,204.42748377516224,204.48818969726562,172174100
2017-05-18T00:00:00Z,204.4101667229153,206.16178687138375,204.1500230206345,205.31199645996094,107047700
2017-05-19T00:00:00Z,205.7975638266799,207.31505311972367,205.74553773938,206.64735412597656,115011400
2017-05-22T00:00:00Z,207.15894524650494,207.86133706388557,207.08958595656034,207.6965789794922,61010600
2017-05-23T00:00:00Z,208.06945474087902,208.32093180101464,207.68791246443632,208.1561737060547,48341700
2017-05-24T00:00:00Z,208.39032081938808,208.7458368492494,208.05212476731114,208.64178466796875,46927700
2017-05-25T00:00:00Z,209.15333691485367,209.91642132642227,208.94523260730145,209.63893127441406,64071700
2017-05-26T00:00:00Z,209.44823243797833,209.76040223846934,209.3701932957202,209.5956573486328,46629900
2017-05-30T00:00:00Z,209.27472238991734,209.66493117357808,209.1186441690343,209.41346740722656,35201900
2017-05-31T00:00:00Z,209.70836065808695,209.74305353972326,208.6677991437749,209.36151123046875,91796000
2017-06-01T00:00:00Z,209.8210326500909,211.0436983645666,209.53487600001444,211.02635192871094,68962000
2017-06-02T00:00:00Z,211.078392049241,211.88483597701514,210.78356877734706,211.72874450683594,88666100
2017-06-05T00:00:00Z,211.55536168944082,211.8415184151761,211.373257143443,211.5727081298828,44698800
2017-06-06T00:00:00Z,211.00905056561416,211.5640175484556,210.81827942481334,210.89633178710938,50375400
2017-06-07T00:00:00Z,211.23450345653035,211.5119803176038,210.56680449890564,211.28652954101562,54144300
2017-06-08T00:00:00Z,211.38191262013916,211.86750704489805,210.86162531849425,211.3905792236328,65950700
2017-06-09T00:00:00Z,211.65940983280444,212.4571740689785,209.80373768461638,211.06976318359375,132256400
2017-06-12T00:00:00Z,210.826914226459,211.07837800482417,210.17656181213624,211.02635192871094,86108100
2017-06-13T00:00:00Z,211.56404473671435,212.1103451857091,211.21719528966076,212.05831909179688,60067000
2017-06-14T00:00:00Z,212.32703382251816,212.33570042378298,210.9656232311596,211.78941345214844,78602300
2017-06-15T00:00:00Z,210.4367080035868,211.5032955698595,210.15923116631717,211.38189697265625,66464900
2017-06-16T00:00:00Z,211.5413976098634,211.5936774103937,210.54804151184246,211.42811584472656,84553100
2017-06-19T00:00:00Z,212.2558651909659,213.24922107751615,212.16001447840495,213.188232421875,65123800
2017-06-20T00:00:00Z,212.831047445159,212.83975631459026,211.73313157754367,211.75054931640625,56906400
2017-06-21T00:00:00Z,212.1426929672995,212.25596146371643,211.22775634986328,211.6982879638672,55977600
2017-06-22T00:00:00Z,211.7069593717487,212.20363077322858,211.4281160406863,211.60238647460938,44148100
2017-06-23T00:00:00Z,211.66340106152072,212.1862123944671,211.27999810643712,211.8551025390625,66986800
2017-06-26T00:00:00Z,212.5260250262087,212.9442900095876,211.7853723814404,211.99449157714844,56700500
2017-06-27T00:00:00Z,211.77663316835026,212.07290749838714,210.2691748047281,210.28660583496094,82247700
2017-06-28T00:00:00Z,211.30607529653554,212.36914197613868,211.07080295374374,212.16873168945312,70042600
2017-06-29T00:00:00Z,212.31686778719327,212.36914757675268,209.09281890323146,210.30401611328125,106949700
2017-06-30T00:00:00Z,211.11438810422226,211.48908210473473,210.50443504104103,210.69613647460938,86820700
2017-07-03T00:00:00Z,211.6372648495118,212.07294761588778,211.05345153808594,211.05345153808594,39153800
2017-07-05T00:00:00Z,211.41939121180266,211.75050102246536,210.60901447606477,211.5413818359375,54427600
2017-07-06T00:00:00Z,210.77460598075513,210.89659662222502,209.42398675992098,209.6069793701172,65400800
2017-07-07T00:00:00Z,210.18203933045078,211.11439332953753,209.61564388235107,210.9662628173828,57972300
2017-07-10T00:00:00Z,210.96629034495894,211.56753463484975,210.66130711803464,211.19284057617188,36663300
2017-07-11T00:00:00Z,211.19280433836818,211.34965700689543,209.868338650255,211.0359649658203,50354600
2017-07-12T00:00:00Z,212.00320994404407,212.78743350586683,212.00320994404407,212.6218719482422,59610400
2017-07-13T00:00:00Z,212.63055467303985,213.09237719760674,212.4039911957951,212.97909545898438,39471600
2017-07-14T00:00:00Z,212.97913236566546,214.3297514132089,212.88328163852415,213.9724884033203,60262700
2017-07-17T00:00:00Z,213.8940245347324,214.27742736411878,213.77203393410753,213.94630432128906,33531900
2017-07-18T00:00:00Z,213.53682200103287,214.11192640779015,213.19698999630938,214.0596466064453,42742500
2017-07-19T00:00:00Z,214.37331090887497,215.22724524405382,214.36458874579398,215.21853637695312,51034300
2017-07-20T00:00:00Z,215.47126201698129,215.59325265641056,214.7654580819989,215.31442260742188,47135200
2017-07-21T00:00:00Z,214.739277784842,215.14882056073847,214.51271428567716,215.1226806640625,82340800
2017-07-24T00:00:00Z,215.04431188742566,215.20987347979448,214.59992021526517,215.07046508789062,46622300
2017-07-25T00:00:00Z,215.81973559995842,215.92430846970336,215.36663524965095,215.5931854248047,54915600
2017-07-26T00:00:00Z,215.88080257051678,215.91565134027576,215.34056021536747,215.60195922851562,47575400
2017-07-27T00:00:00Z,216.06376597515103,216.09861474020028,214.0770406718503,215.40151977539062,70766600
2017-07-28T00:00:00Z,214.9223012003993,215.27956425631535,214.46920070097585,215.14886474609375,50088400
2017-07-31T00:00:00Z,215.5496361685307,215.6454868861101,214.81769248664054,215.02682495117188,65838700
2017-08-01T00:00:00Z,215.62809414341172,215.66294291021597,214.9832789416926,215.506103515625,55050400
2017-08-02T00:00:00Z,215.636811897246,215.75009366199518,214.67830457086475,215.6106719970703,47211200
2017-08-03T00:00:00Z,215.49735269341895,215.52349258904115,214.91353953122382,215.1923828125,40856000
2017-08-04T00:00:00Z,215.68039969032657,215.91565881029913,215.20114598967032,215.5845489501953,60191800
2017-08-07T00:00:00Z,215.65424173012192,215.9853515625,215.54966883401892,215.9853515625,31995000
2017-08-08T00:00:00Z,215.67160718056957,216.8915265021588,215.0790851955525,215.45376586914062,61719400
2017-08-09T00:00:00Z,214.76540449556975,215.49734814951708,214.40814153496007,215.445068359375,62632600
2017-08-10T00:00:00Z,214.6086064193342,214.73931922391805,212.35177293093446,212.404052734375,120479500
2017-08-11T00:00:00Z,212.6305685893555,213.31023247361526,212.3952962306565,212.7176971435547,74869900
2017-08-14T00:00:00Z,213.9986367596491,215.04427263598282,213.96378799202998,214.82643127441406,73291900
2017-08-15T00:00:00Z,215.20978993157163,215.22722095978656,214.4952773265048,214.8002471923828,55242700
2017-08-16T00:00:00Z,215.3231183249441,215.72395228486332,214.7480139330528,215.17498779296875,56715500
2017-08-17T00:00:00Z,214.5649991391246,214.87869118317516,211.8201904296875,211.8201904296875,128490400
2017-08-18T00:00:00Z,211.6546687551769,212.77873766471814,211.04471558130828,211.48912048339844,136748000
2017-08-21T00:00:00Z,211.42811285484936,211.91607538087405,210.72230896570784,211.6546630859375,65469700
2017-08-22T00:00:00Z,212.2384860666946,214.02477457739676,212.22105503506384,213.86793518066406,63140100
2017-08-23T00:00:00Z,212.9007096760873,213.52809382746688,212.75257915367558,213.1011199951172,50203800
2017-08-24T00:00:00Z,213.48450534701752,213.6413447239777,212.39529868708377,212.60443115234375,50741700
2017-08-25T00:00:00Z,213.39738103994065,214.01605632387748,212.95298947270547,213.1011199951172,64445900
2017-08-28T00:00:00Z,213.63264400278635,213.65878389994307,212.691567817204,213.10983276367188,40565600
2017-08-29T00:00:00Z,211.79409960330165,213.6152503356472,211.68081783182186,213.35385131835938,51135700
2017-08-30T00:00:00Z,213.33640391957263,214.6347432217607,213.15341132552646,214.36460876464844,62030800
2017-08-31T00:00:00Z,214.98328073343416,215.89821709745064,214.3994674887333,215.65423583984375,103803900
2017-09-01T00:00:00Z,216.02892408942537,216.38618712045306,215.8110827235766,215.95921325683594,62007000
2017-09-05T00:00:00Z,215.45379311653255,215.68035661849729,213.44094127173,214.4081573486328,91398800
2017-09-06T00:00:00Z,215.08784166100486,215.47124458132453,214.55630821164922,215.14012145996094,57916900
2017-09-07T00:00:00Z,215.44509099583703,215.46252202637555,214.70442510172603,215.1139678955078,58034700
2017-09-08T00:00:00Z,214.82643554312847,215.32312023944576,214.61731634129535,214.86129760742188,63832800
2017-09-11T00:00:00Z,216.13344499146996,217.23137378819135,216.1160272584276,217.1529541015625,71364800
2017-09-12T00:00:00Z,217.51893111181127,217.91975171699505,217.33593854267625,217.88490295410156,56896000
2017-09-13T00:00:00Z,217.5973901437725,218.02436401830158,217.48410837592183,217.989501953125,59228000
2017-09-14T00:00:00Z,217.66706393071823,218.1201776290177,217.492793522443,217.9197540283203,95446300
2017-09-15T00:00:00Z,217.7752898829497,218.3006957249808,217.67021138693656,218.213134765625,95432400
2017-09-18T00:00:00Z,218.5809959468211,219.02759306616338,218.29201662419848,218.6773223876953,46235200
2017-09-19T00:00:00Z,218.9224793453609,218.98378405332213,218.57220872319542,218.89620971679688,47108100
2017-09-20T00:00:00Z,218.9837562944486,219.08883479538468,217.97670499993538,218.97499084472656,59574100
2017-09-21T00:00:00Z,218.81739852937417,218.90495950301064,218.21317035482198,218.3883056640625,48211400
2017-09-22T00:00:00Z,218.09056461534422,218.59846634295977,218.0642949882233,218.4320831298828,51214000
2017-09-25T00:00:00Z,218.17812647379512,218.52841044011214,217.24114525807704,217.9854736328125,57064400
2017-09-26T00:00:00Z,218.414537340445,218.65972940317045,217.88036605480062,218.11680603027344,54082000
2017-09-27T00:00:00Z,218.8173513921312,219.35152265552344,217.9328962237479,218.96621704101562,81001400
2017-09-28T00:00:00Z,218.68597567662562,219.30772121626998,218.59841472755318,219.22891235351562,44778800
2017-09-29T00:00:00Z,219.22019406231306,220.07837973679105,219.0363066763297,219.9995574951172,85578000
2017-10-02T00:00:00Z,220.22724686046223,220.95407104492188,220.0520981995578,220.95407104492188,59023000
2017-10-03T00:00:00Z,220.95407426774327,221.45321054509424,220.87525202439986,221.42694091796875,66810200
2017-10-04T00:00:00Z,221.27806094946735,221.93482830911222,221.1642169979664,221.68963623046875,55953600
2017-10-05T00:00:00Z,222.02236175556584,223.02064748401895,221.72463046296645,223.00314331054688,63522800
2017-10-06T00:00:00Z,222.5565842123152,223.03821633289445,222.29388793015156,222.74923706054688,80646000
2017-10-09T00:00:00Z,222.97693056683477,223.03822191355067,222.11874481706897,222.38145446777344,35803100
2017-10-10T00:00:00Z,222.95060495731732,223.34466265344616,222.40766825232924,222.96810913085938,43057400
2017-10-11T00:00:00Z,222.87179482447962,223.3184051513672,222.70542499501343,223.3184051513672,47674300
2017-10-12T00:00:00Z,223.00317427615025,223.3534448617325,222.74921674393175,222.98565673828125,47065100
2017-10-13T00:00:00Z,223.42347852453142,223.53732246594643,222.98563365689205,223.25709533691406,54800400
2017-10-16T00:00:00Z,223.48479666338406,223.7474929101981,223.14327818056006,223.55484008789062,38221700
2017-10-17T00:00:00Z,223.502293026835,223.75625053916676,223.28337058749773,223.71246337890625,31561000
2017-10-18T00:00:00Z,224.0889989649328,224.13278612429528,223.7387284139631,223.93138122558594,40888300
2017-10-19T00:00:00Z,223.15203630356604,224.0277261152057,222.73170893532952,223.99269104003906,61903800
2017-10-20T00:00:00Z,224.78958078944234,225.17488643668273,223.97518233287232,225.14859008789062,89176400
2017-10-23T00:00:00Z,225.4726055845872,225.4988752080291,224.1940793132681,224.27288818359375,63915300
2017-10-24T00:00:00Z,224.70199674286374,224.9033882834358,224.30792566307667,224.66696166992188,66935900
2017-10-25T00:00:00Z,224.3342034646924,224.44804741295565,222.425206140693,223.55484008789062,103715300
2017-10-26T00:00:00Z,224.16779476908982,224.43924305641963,223.72118450299524,223.84378051757812,69798000
2017-10-27T00:00:00Z,224.58816442841805,225.8316557049051,223.8525882021322,225.67401123046875,85562500
2017-10-30T00:00:00Z,224.5881666867543,225.57770044809095,224.53562743605787,224.83335876464844,54285700
2017-10-31T00:00:00Z,225.2099244134724,225.43761234150261,224.88592342292802,225.18365478515625,60304800
2017-11-01T00:00:00Z,225.96301446634277,226.3045196085102,225.11359425006668,225.4813690185547,54202700
2017-11-02T00:00:00Z,225.41133670207972,225.70906805636824,224.34299397248694,225.56895446777344,56449500
2017-11-03T00:00:00Z,225.7265778135099,226.36584106653882,225.31500248806788,226.3220672607422,59589700
2017-11-06T00:00:00Z,226.19065683836942,226.80365036677094,226.1206134153186,226.67230224609375,49652600
2017-11-07T00:00:00Z,226.77740574297073,227.11017216799166,226.00679438480307,226.51470947265625,57502200
2017-11-08T00:00:00Z,226.33953582279315,226.99630315000863,226.05930868277113,226.89996337890625,50469600
2017-11-09T00:00:00Z,225.69155285168225,226.26951135492058,224.49183531869664,226.0768585205078,95085500
2017-11-10T00:00:00Z,225.69155464264665,226.18193882069187,225.3762924002271,226.0067901611328,59984700
2017-11-13T00:00:00Z,225.32370983191618,226.4445915553938,225.28867476195268,226.21690368652344,50228600
2017-11-14T00:00:00Z,225.41133166696056,225.7966373460059,224.63195485854894,225.69155883789062,61315200
2017-11-15T00:00:00Z,224.7195532038209,225.24497252447838,223.85262869529498,224.5619354248047,80811500
2017-11-16T00:00:00Z,225.50762212937235,226.83868769595327,225.46384833002168,226.47088623046875,67777000
2017-11-17T00:00:00Z,226.12065167119025,226.44465266498656,225.7265805185574,225.80538940429688,75756800
2017-11-20T00:00:00Z,226.0505564728234,226.38329611732837,225.80533769698386,226.19064331054688,48075500
2017-11-21T00:00:00Z,226.9612562057613,227.85447682737197,226.15563662524804,227.67056274414062,69176800
2017-11-22T00:00:00Z,227.6793647795018,227.8107129143955,227.3028245514952,227.46920776367188,45033400
2017-11-24T00:00:00Z,227.9595442662785,228.09965782216804,227.81943071038896,227.9945526123047,27856500
2017-11-27T00:00:00Z,228.0383550349063,228.3360863221846,227.67931905567784,227.8807373046875,52274900
2017-11-28T00:00:00Z,228.34490360053687,230.2188660632127,228.24856381647248,230.19259643554688,98971700
2017-11-29T00:00:00Z,230.3239366934897,230.85812140299734,229.60589132054656,230.05247497558594,77512100
2017-11-30T00:00:00Z,230.97193141811024,232.97724165581693,230.89312254939045,232.06654357910156,127894400
2017-12-01T00:00:00Z,231.84763813337713,232.32925682992754,228.34487896157293,231.5849151611328,164390900
2017-12-04T00:00:00Z,233.20493454568205,233.6340139703488,231.25213678791715,231.30470275878906,94040600
2017-12-05T00:00:00Z,230.47274780273438,232.18909193484973,230.34139970761024,230.47274780273438,77994500
2017-12-06T00:00:00Z,230.56907976970888,230.94564663856292,230.05242607049982,230.51654052734375,75898600
2017-12-07T00:00:00Z,231.24337768554688,231.5586131394181,230.2538440821267,231.24337768554688,77218600
2017-12-08T00:00:00Z,232.19791301203568,232.5131485158571,231.20837925182036,232.50440979003906,76563900
2017-12-11T00:00:00Z,233.20492553710938,233.26623023081655,232.47811483320623,233.20492553710938,83077500
2017-12-12T00:00:00Z,233.99297988427352,234.0893196240961,233.23989975439835,233.61643981933594,85195800
2017-12-13T00:00:00Z,233.86170216271307,234.29954703708705,233.5026661588548,233.59024047851562,102905400
2017-12-14T00:00:00Z,233.8880027980811,234.00184675634205,232.58323345110134,232.63577270507812,100666700
2017-12-15T00:00:00Z,233.64000924129087,235.03946956148346,233.58720144509695,234.57298278808594,144610300
2017-12-18T00:00:00Z,235.97238761943123,236.41247039124647,235.8667720518789,236.06040954589844,83653600
2017-12-19T00:00:00Z,236.3069458213828,236.35094337129874,235.08350235155973,235.1539306640625,82382900
2017-12-20T00:00:00Z,236.12211314074628,236.1749209496649,234.73146273833262,235.0307159423828,76751500
2017-12-21T00:00:00Z,235.65561553749097,236.2277448756455,235.2683403826782,235.51478576660156,67032300
2017-12-22T00:00:00Z,235.53239774206176,235.56761189864133,234.91627087431047,235.45318603515625,78720900
2017-12-26T00:00:00Z,235.04827268058258,235.39155024518007,234.90746978593313,235.1715087890625,45244400
2017-12-27T00:00:00Z,235.3387117243966,235.64677509485375,235.01305470953724,235.28590393066406,57751000
2017-12-28T00:00:00Z,235.7876400388091,235.81404393961793,235.40036491992626,235.77001953125,45116100
2017-12-29T00:00:00Z,236.35091589331208,236.36850953912682,234.68741653613384,234.8810272216797,96007400
2018-01-02T00:00:00Z,235.74360131196434,236.59736320030115,235.35632621660366,236.56214904785156,86655700
2018-01-03T00:00:00Z,236.72944292457163,238.20814223785126,236.72944292457163,238.05850219726562,90070400
2018-01-04T00:00:00Z,238.70099949537035,239.5459512266381,238.12008678620776,239.0618438720703,80636400
2018-01-05T00:00:00Z,239.85402929055562,240.77819278482892,239.36113851220546,240.6549835205078,83524000
2018-01-08T00:00:00Z,240.55808617431893,241.25342460074083,240.26764331091647,241.09500122070312,57319200
2018-01-09T00:00:00Z,241.51754145665623,242.2656879177006,241.23588189429273,241.64077758789062,57254000
2018-01-10T00:00:00Z,240.88384294545753,241.53518410067684,240.21493499921533,241.2711181640625,69574300
2018-01-11T00:00:00Z,241.825564426552,243.03138732910156,241.65833076818808,243.03138732910156,62361500
2018-01-12T00:00:00Z,243.2955193144502,244.7829752758909,242.99623921039304,244.6157684326172,90816100
2018-01-16T00:00:00Z,245.8743400746922,246.52565422025643,243.08420246043607,243.779541015625,106555100
2018-01-17T00:00:00Z,244.71249925191754,246.49042451957706,243.77952564150394,246.1031494140625,113258800
2018-01-18T00:00:00Z,245.98879788782554,246.41126036770294,245.19662701698726,245.68954467773438,100728000
2018-01-19T00:00:00Z,246.27041209526817,246.8073272705078,245.6895262290551,246.8073272705078,140920100
2018-01-22T00:00:00Z,246.5960332679467,248.8140411376953,246.54319861484595,248.8140411376953,91322400
2018-01-23T00:00:00Z,248.85811672329496,249.63266707134613,248.53245961344015,249.34222412109375,97084700
2018-01-24T00:00:00Z,249.98463620969167,250.5831692608211,248.0658815548257,249.24530029296875,134816100
2018-01-25T00:00:00Z,250.1079239839861,250.20472933165445,248.5588235370582,249.35096740722656,84587300
2018-01-26T00:00:00Z,250.18711017753503,252.28190892455098,249.93185459343374,252.23788452148438,107743100
2018-01-29T00:00:00Z,251.66577415032683,252.10585700381694,250.4071436358713,250.56556701660156,90118300
2018-01-30T00:00:00Z,248.7348040206489,250.61834443784775,247.52017119453294,247.99546813964844,131796400
2018-01-31T00:00:00Z,248.84935779742213,249.35103203354984,247.04500127271908,248.11880493164062,108364800
2018-02-01T00:00:00Z,247.38824606458448,249.13976768175868,247.04496845650746,247.8371124267578,90102500
2018-02-02T00:00:00Z,246.5169035850233,246.64894998530156,242.40654303803842,242.44175720214844,173174800
2018-02-05T00:00:00Z,240.68135019801932,242.7937427585855,231.75645603942664,232.30215454101562,294681800
2018-02-06T00:00:00Z,228.79031712974927,237.38074456875086,227.69892005236255,236.87904357910156,355026800
2018-02-07T00:00:00Z,236.32448933195957,239.72191602483426,235.5147250731593,235.59396362304688,167376100
2018-02-08T00:00:00Z,235.89326729174834,236.034097056527,226.7219269569538,226.75714111328125,246449500
2018-02-09T00:00:00Z,229.54715769135004,232.02042066253878,222.61146250156415,230.1632843017578,283565300
2018-02-12T00:00:00Z,232.2141689797888,235.01311709321766,230.30422392491064,233.54322814941406,143736000
2018-02-13T00:00:00Z,232.3374096823058,234.66984410567167,231.75649692507503,234.1241455078125,81223600
2018-02-14T00:00:00Z,232.63664543929073,237.6447915281146,232.62783518497517,237.28392028808594,120735700
2018-02-15T00:00:00Z,239.02659590009435,240.32044050103426,236.56211592374362,240.31163024902344,111200300
2018-02-16T00:00:00Z,239.68673797361885,242.32723516288615,239.6427135708152,240.38204956054688,160420100
2018-02-20T00:00:00Z,239.4315076673359,240.8749925095738,238.08485503306727,238.8769989013672,86369700
2018-02-21T00:00:00Z,239.31710932833758,241.79918368018073,237.59199163850008,237.6887969970703,98883700
2018-02-22T00:00:00Z,238.61299886895065,240.3293063871522,237.3279640789248,237.9968719482422,110511300
2018-02-23T00:00:00Z,239.2203354791117,241.7904052734375,238.74503829666784,241.7904052734375,92766400
2018-02-26T00:00:00Z,242.86414055255415,244.6949004419044,242.2744445137796,244.5980682373047,86491400
2018-02-27T00:00:00Z,244.78298062422218,245.4959398753041,241.48235775668846,241.54397583007812,99099200
2018-02-28T00:00:00Z,242.64408220128257,243.09297531932364,238.78016861084905,239.09701538085938,121907800
2018-03-01T00:00:00Z,238.88581486369563,240.434915343989,234.12411442597886,235.6204071044922,176855100
2018-03-02T00:00:00Z,233.94807897529424,237.398341026059,233.0855336080012,236.83502197265625,139083200
2018-03-05T00:00:00Z,235.64680979709024,240.18846875059273,235.541167333542,239.5723419189453,97307400
2018-03-06T00:00:00Z,240.54931159065572,240.6285501529497,238.68336432101546,240.17965698242188,79213200
2018-03-07T00:00:00Z,238.0144657326488,240.4437052620397,237.82082816735752,240.09164428710938,87063500
2018-03-08T00:00:00Z,240.76937164170073,241.37668826265542,239.77480673572597,241.25347900390625,66901200
2018-03-09T00:00:00Z,242.66173259355944,245.45184326171875,242.3448589239956,245.45184326171875,113625300
2018-03-12T00:00:00Z,245.7423473551295,246.3672576672523,244.75653891475906,245.14381408691406,71924800
2018-03-13T00:00:00Z,246.3056225916604,246.80732360191908,242.9521926566162,243.55950927734375,91968900
2018-03-14T00:00:00Z,244.51882528106347,244.70365255281754,241.75511901481588,242.30960083007812,105895100
2018-03-15T00:00:00Z,242.82011284260588,243.46261660024524,241.54386185847224,242.04556274414062,83433000
2018-03-16T00:00:00Z,242.57318673061928,243.3596846887556,242.25507090582929,242.30809020996094,100343700
2018-03-19T00:00:00Z,241.55697267350652,242.48483756083203,237.37710397382494,239.02960205078125,109208400
2018-03-20T00:00:00Z,239.42723539305518,240.07233951458812,238.75562162094462,239.4360809326172,59757300
2018-03-21T00:00:00Z,239.3918677986891,241.4862109901256,238.76445478878995,238.97653198242188,78709600
2018-03-22T00:00:00Z,236.74963315890716,237.59796887507576,232.72882336769504,233.00279235839844,148785900
2018-03-23T00:00:00Z,233.44463361413833,233.77159492761265,227.8420096555202,228.0364227294922,183534800
2018-03-26T00:00:00Z,231.64190216567016,234.55807137654898,229.23826181576712,234.27528381347656,141956100
2018-03-27T00:00:00Z,235.21202078562462,235.74221375579822,228.73455132957181,230.28985595703125,129941400
2018-03-28T00:00:00Z,230.42241304991515,232.09260187443158,228.50479184044528,229.60940551757812,146452300
2018-03-29T00:00:00Z,230.7493520488969,234.40784513814182,229.61822883172016,232.54324340820312,111601600
2018-04-02T00:00:00Z,232.0130331334397,232.52558895343842,225.0495580668502,227.52389526367188,186286300
2018-04-03T00:00:00Z,228.76110162347888,230.91730997897946,226.9672098407095,230.4401092529297,119956900
2018-04-04T00:00:00Z,226.88760096297804,233.6124746524792,226.75505274357226,232.90553283691406,123715300
2018-04-05T00:00:00Z,234.66411168825624,235.6273585175287,233.57718912240716,234.74366760253906,82652600
2018-04-06T00:00:00Z,232.78188970165434,234.27530264645085,227.99227272647158,229.51222229003906,179521200
2018-04-09T00:00:00Z,230.970302405471,234.03671112210202,229.70663080225304,230.64334106445312,105442900
2018-04-10T00:00:00Z,233.53301653153406,235.0971668991006,232.3930745308955,234.3106689453125,103529000
2018-04-11T00:00:00Z,232.82607373811788,234.7436951143563,232.75539032260153,233.0823516845703,91140200
2018-04-12T00:00:00Z,234.4078658821633,235.94547947818188,234.2311169080454,234.9999237060547,68890500
2018-04-13T00:00:00Z,236.30781928359713,236.42270343128394,233.30327520427028,234.3106689453125,85079200
2018-04-16T00:00:00Z,235.94550015531053,237.0059401567355,235.1236739866664,236.2371063232422,63405300
2018-04-17T00:00:00Z,238.00444665400536,239.3653381248785,237.49191782290248,238.76443481445312,64682000
2018-04-18T00:00:00Z,239.20628910663888,239.74532760470183,238.48165610469013,238.94119262695312,57303900
2018-04-19T00:00:00Z,238.28721777022892,238.4904763618451,236.58170100613293,237.61563110351562,77655900
2018-04-20T00:00:00Z,237.54496094582333,237.7658836822387,234.7171391324635,235.600830078125,99953100
2018-04-23T00:00:00Z,236.17520900721848,236.73193851944254,234.48735636327513,235.56546020507812,65558000
2018-04-24T00:00:00Z,236.59062968020774,236.8115524568593,230.89081125535256,232.39309692382812,112885500
2018-04-25T00:00:00Z,232.33119443053855,233.40929848464276,230.51079320332934,232.9674530029297,103840900
2018-04-26T00:00:00Z,233.99244754496635,236.16631892582618,233.55060223359905,235.3356475830078,67731900
2018-04-27T00:00:00Z,235.94549734058813,236.24594904484874,234.6199608386747,235.55667114257812,57053600
2018-04-30T00:00:00Z,236.17529829468543,236.73202801738444,233.67443731305542,233.74514770507812,82182300
2018-05-01T00:00:00Z,233.179519958485,234.26646950425766,231.62421530140028,234.16043090820312,74203400
2018-05-02T00:00:00Z,233.96600372193657,234.77898422141712,232.19862197928552,232.5874481201172,86368900
2018-05-03T00:00:00Z,231.7568353222072,232.72887395271127,228.92016748877577,232.074951171875,136311500
2018-05-04T00:00:00Z,231.10288831433,235.75995770217375,230.7759269200338,235.07949829101562,91222100
2018-05-07T00:00:00Z,235.84827672873547,236.84682479033765,235.1589719388645,235.87478637695312,55304900
2018-05-08T00:00:00Z,235.5036243338,236.23707591322565,234.31063622779368,235.87478637695312,67499200
2018-05-09T00:00:00Z,236.54643034279098,238.48171603515163,236.02505582298372,238.15475463867188,59666100
2018-05-10T00:00:00Z,238.89701270393888,240.7085953665572,238.7909741028311,240.38160705566406,72063900
2018-05-11T00:00:00Z,240.505332872426,241.38017828562056,239.99277701782748,241.11508178710938,59871500
2018-05-14T00:00:00Z,241.5480810072303,242.20200368035574,240.68205416781768,241.22996520996094,54790600
2018-05-15T00:00:00Z,240.00161870440058,240.01928281464853,238.62306299805707,239.56861877441406,87036100
2018-05-16T00:00:00Z,239.6039808016906,241.0355558477446,239.5774441834004,240.57601928710938,53942600
2018-05-17T00:00:00Z,240.31090738096805,241.4508762019442,239.59511990382418,240.37277221679688,56536400
2018-05-18T00:00:00Z,240.02815905948526,240.39047562672215,239.4184100765879,239.77188110351562,64368000
2018-05-21T00:00:00Z,241.25646917116896,242.11365045107684,240.86764300493607,241.5745849609375,58025900
2018-05-22T00:00:00Z,242.09600350202192,242.35228146923208,240.57605374826707,240.90301513671875,52966400
2018-05-23T00:00:00Z,239.63049171237495,241.5922867405001,239.47140684233702,241.5657501220703,64694200
2018-05-24T00:00:00Z,241.16806657189602,241.4420085705214,239.28580079752527,241.0708465576172,76043800
2018-05-25T00:00:00Z,240.4965362548828,241.12394940772603,239.9928258371392,240.4965362548828,56374800
2018-05-29T00:00:00Z,238.8704373344913,239.63042538018576,236.61703677659287,237.73046875,115908600
2018-05-30T00:00:00Z,239.03843988122983,241.34486068178572,238.96775645998835,240.90301513671875,69678400
2018-05-31T00:00:00Z,240.4964893453796,240.7969410355754,238.8263274545693,239.42723083496094,93519900
2018-06-01T00:00:00Z,240.72628329573612,242.0783295298531,240.6555729092625,241.7778778076172,71258400
2018-06-04T00:00:00Z,242.59964393045277,243.18288311790948,242.36105711344487,242.92660522460938,45385200
2018-06-05T00:00:00Z,243.05925384896074,243.4834353336152,242.29044681961813,243.10345458984375,51135000
2018-06-06T00:00:00Z,243.71307409138146,245.24184179540956,243.09447979285272,245.13580322265625,62732200
2018-06-07T00:00:00Z,245.6218391518533,245.9134452148706,244.19908311129075,245.10928344726562,72969400
2018-06-08T00:00:00Z,244.64988730927814,245.88704946010907,244.4819838422248,245.8340301513672,72139700
2018-06-11T00:00:00Z,246.05486535092172,246.87669131202748,245.93998123349996,246.16090393066406,58892500
2018-06-12T00:00:00Z,246.57627325549268,246.84136974094577,245.83397612811763,246.4790802001953,72329000
2018-06-13T00:00:00Z,246.71771182982977,246.97398979103377,245.48936829863752,245.692626953125,79070600
2018-06-14T00:00:00Z,246.55863540507366,246.84139603030306,245.7191181648838,246.3112030029297,77097600
2018-06-15T00:00:00Z,245.52650527534564,246.33427828335442,244.4169314328949,245.99696350097656,120041600
2018-06-18T00:00:00Z,244.54116518123627,245.61525205762882,244.06184883342064,245.490966796875,52917600
2018-06-19T00:00:00Z,243.21853000758566,244.7719330277071,242.8013292557565,244.55001831054688,97531500
2018-06-20T00:00:00Z,245.2335567776329,245.6330141870954,244.62995512310675,244.96726989746094,53785500
2018-06-21T00:00:00Z,244.95838476265965,244.97615528081644,242.93452320471235,243.43161010742188,71061400
2018-06-22T00:00:00Z,244.69205483312163,244.80745482402028,243.65348200423352,243.87539672851562,54898500
2018-06-25T00:00:00Z,242.72149328077796,242.88126540868595,238.86905624683794,240.55560302734375,137854200
2018-06-26T00:00:00Z,241.12370974663938,241.9403408769516,240.36919416007444,241.08819580078125,68547400
2018-06-27T00:00:00Z,241.67403316486272,243.10315106426856,238.94002844283239,239.0909423828125,105110700
2018-06-28T00:00:00Z,239.03773254071504,241.22136639578738,238.3275889896138,240.45799255371094,76650500
2018-06-29T00:00:00Z,241.5497378986117,242.91674020297125,240.68870767361383,240.80410766601562,97592500
2018-07-02T00:00:00Z,239.2330531950725,241.47883001455816,238.99336786041863,241.31903076171875,63554800
2018-07-03T00:00:00Z,242.21545529775338,242.31311185329525,240.04070746544886,240.46676635742188,42187100
2018-07-05T00:00:00Z,241.59418373643135,242.49070098662213,240.52009674534315,242.42855834960938,56925900
2018-07-06T00:00:00Z,242.45524880932732,244.8519124147663,242.07353476250805,244.47911071777344,66493700
2018-07-09T00:00:00Z,245.48212046029752,246.7337230786658,245.4377483396801,246.6804656982422,50550400
2018-07-10T00:00:00Z,247.13314048406528,247.66574129122372,246.84019784998708,247.56808471679688,51966800
2018-07-11T00:00:00Z,246.01472243382065,246.80475206225054,245.45549284771084,245.75729370117188,77054700
2018-07-12T00:00:00Z,247.0177758664348,248.03857842434638,246.41417417348606,247.98532104492188,60124700
2018-07-13T00:00:00Z,247.80778614167045,248.4823885914814,247.35507136267833,248.1805877685547,48216000
2018-07-16T00:00:00Z,248.2250084465951,248.3670100667939,247.5148648995688,247.9586944580078,48201000
2018-07-17T00:00:00Z,247.18641288469937,249.35230310008058,247.13315550966573,248.96173095703125,52315500
2018-07-18T00:00:00Z,249.04159837159585,249.5919425985369,248.5977688867464,249.4854278564453,44593500
2018-07-19T00:00:00Z,248.81972782641117,249.20141474977135,248.0652121503039,248.5445556640625,61412100
2018-07-20T00:00:00Z,248.34036885387178,248.97062629930204,248.1007106565142,248.26048278808594,82337700
2018-07-23T00:00:00Z,248.05639300091627,248.92628174548852,247.7101928839621,248.72213745117188,47047600
2018-07-24T00:00:00Z,250.1334625540731,250.8169503012536,249.1037747589767,249.97366333007812,68026900
2018-07-25T00:00:00Z,249.72502732132284,252.4235175398288,249.68065521894957,252.10397338867188,78882900
2018-07-26T00:00:00Z,251.3850954364988,252.19284146729845,251.28743883843612,251.5093536376953,57919500
2018-07-27T00:00:00Z,251.83772754225907,251.93538411873658,248.88183498872385,249.8050079345703,76768700
2018-07-30T00:00:00Z,249.88488314313972,250.0446552549437,247.97639470285225,248.50013732910156,63742500
2018-07-31T00:00:00Z,249.2635094920372,250.33756924478948,248.88182264202132,249.72508239746094,68570500
2018-08-01T00:00:00Z,249.92930986712963,250.435282087603,248.65996377509936,249.3079376220703,53853300
2018-08-02T00:00:00Z,248.0029935727822,250.83460009071015,247.79882230618992,250.6659698486328,63426400
2018-08-03T00:00:00Z,250.79035622227616,251.79341546666754,250.61281354409368,251.7401580810547,53935400
2018-08-06T00:00:00Z,251.77562525419268,252.97394329704213,251.38505310612766,252.6632843017578,39400900
2018-08-07T00:00:00Z,253.32900460668887,253.87934882980963,253.1958340907969,253.4976348876953,43196600
2018-08-08T00:00:00Z,253.32904350842435,253.79061648823114,252.9295860778104,253.3911590576172,42114600
2018-08-09T00:00:00Z,253.45329850596946,253.84387067212316,252.91183946469604,253.04498291015625,35717000
2018-08-10T00:00:00Z,251.60688541151606,252.14834425026606,250.6393135282625,251.34945678710938,77076000
2018-08-13T00:00:00Z,251.62473430195678,252.23722126791043,250.11570294744925,250.4086456298828,65732900
2018-08-14T00:00:00Z,251.13647450726577,252.24604816142605,250.7459024138653,252.00636291503906,43842000
2018-08-15T00:00:00Z,250.65726536375587,250.7992941182676,248.68666041488004,250.12466430664062,102925400
2018-08-16T00:00:00Z,251.5625640299013,253.01833784391988,251.52705008367542,252.14842224121094,69967900
2018-08-17T00:00:00Z,251.94418068600586,253.47984013408626,251.53586523043396,253.0360107421875,65618500
2018-08-20T00:00:00Z,253.48885012006187,253.8439083904486,253.03613524902323,253.57762145996094,39807500
2018-08-21T00:00:00Z,254.0924009241815,255.03331734212685,253.61305745623818,254.1722869873047,67272000
2018-08-22T00:00:00Z,253.76397936567605,254.54512368185607,253.4976653910483,254.0214080810547,44993300
2018-08-23T00:00:00Z,253.84389996060395,254.70493045953307,253.36455641243495,253.6841278076172,49204900
2018-08-24T00:00:00Z,254.261013918595,255.35284410240035,254.20775655247763,255.2108154296875,57487400
2018-08-27T00:00:00Z,256.409293542132,257.3324669472564,256.2495213439036,257.2259521484375,57072400
2018-08-28T00:00:00Z,257.6874464213411,257.79398827676107,256.88855858554405,257.35015869140625,46943500
2018-08-29T00:00:00Z,257.5631772420402,258.9656667527116,257.32351902828185,258.7348937988281,61485500
2018-08-30T00:00:00Z,258.2555538204787,258.62835549143284,257.0927225076336,257.68743896484375,61229500
2018-08-31T00:00:00Z,257.27911870586814,258.14014914459057,256.7909170205872,257.6963195800781,66140800
2018-09-04T00:00:00Z,257.27900905004674,257.60743845353176,256.2493216485398,257.25238037109375,57594400
2018-09-05T00:00:00Z,256.8973427625893,257.1015140436307,255.54811110611712,256.5600280761719,72452400
2018-09-06T00:00:00Z,256.6665849884185,256.96838578660976,254.75812362647866,255.78781127929688,65909900
2018-09-07T00:00:00Z,254.7404119315528,256.2671866291312,254.50072664342497,255.29075622558594,73524800
2018-09-10T00:00:00Z,256.3026151821348,256.56892909844845,255.5392415516069,255.73452758789062,50210900
2018-09-11T00:00:00Z,255.08655922474992,257.0216493185275,254.7403863055744,256.57781982421875,50530500
2018-09-12T00:00:00Z,256.58678777667075,257.2436469713986,255.8500424979255,256.6400451660156,59810800
2018-09-13T00:00:00Z,257.7051492765237,258.34426479519124,257.42109191507126,258.1578369140625,51034200
2018-09-14T00:00:00Z,258.3621037093853,258.54850457020456,257.4211870548733,258.20233154296875,55079900
2018-09-17T00:00:00Z,258.1489499112022,258.18443676051925,256.5600330053288,256.835205078125,68244000
2018-09-18T00:00:00Z,257.0482802010348,258.8235981934395,257.02165151471684,258.2288818359375,61930400
2018-09-19T00:00:00Z,258.2822050674107,258.9213207912113,258.1579197734338,258.5041198730469,49080600
2018-09-20T00:00:00Z,259.7645938039797,260.9185398950375,258.5218492884304,260.5989685058594,100360600
2018-09-21T00:00:00Z,261.34162902738257,261.45755140030644,260.20028346692595,260.36077880859375,105479700
2018-09-24T00:00:00Z,259.7813150054989,259.9239866684046,258.9163867572712,259.4959716796875,53409600
2018-09-25T00:00:00Z,259.95069522871887,260.05769215619654,259.0144449014566,259.25518798828125,44370000
2018-09-26T00:00:00Z,259.3978577222201,260.58377660882445,258.0603417149148,258.47943115234375,79739700
2018-09-27T00:00:00Z,258.95199161647935,260.28950748207143,258.67557384787006,259.20166015625,59249500
2018-09-28T00:00:00Z,258.57755073309943,259.7278223328228,258.541903225455,259.2284851074219,70091400
2018-10-01T00:00:00Z,260.4679345080875,261.1991166816914,259.46036166320357,260.1291198730469,62078900
2018-10-02T00:00:00Z,259.9774475097656,260.6907785092049,259.60295825920167,259.9774475097656,47258200
2018-10-03T00:00:00Z,261.02961828669123,261.44870772895086,259.763451690474,260.1201171875,64694600
2018-10-04T00:00:00Z,259.63860706605675,259.69210553069195,256.4999125561794,258.08709716796875,111545900
2018-10-05T00:00:00Z,258.31007182598546,258.82723283215563,255.21594963674153,256.64263916015625,105951700
2018-10-08T00:00:00Z,255.95603003057528,256.9993047380501,254.57394071179687,256.64263916015625,87742200
2018-10-09T00:00:00Z,256.25910710370897,257.5698463801317,255.7062444172972,256.26800537109375,74339000
2018-10-10T00:00:00Z,255.7599257837554,255.8312752448227,247.7794259761323,248.15391540527344,214731000
2018-10-11T00:00:00Z,247.06594752409268,248.6888068277242,241.0738746591582,242.68783569335938,274840500
2018-10-12T00:00:00Z,246.78950427810025,247.07484753078003,242.86612979515945,246.058349609375,183186500
2018-10-15T00:00:00Z,245.701677761115,247.03029548883134,244.58708109696218,244.67625427246094,102263700
2018-10-16T00:00:00Z,246.63803365415023,250.40091427644066,246.16544560686017,250.02639770507812,118255800
2018-10-17T00:00:00Z,250.06205840328366,250.69514185485963,247.49402266323952,250.07098388671875,110626000
2018-10-18T00:00:00Z,249.13462656631208,249.73206231706183,245.18450274712131,246.4595947265625,134557500
2018-10-19T00:00:00Z,247.1104858875814,249.04541000928813,245.63029859536644,246.3258056640625,139901600
2018-10-22T00:00:00Z,246.99458271671577,247.31557344485046,244.68514204987417,245.22015380859375,82415800
2018-10-23T00:00:00Z,241.60002463722046,245.09538512809797,239.5134753828841,243.97186279296875,146352700
2018-10-24T00:00:00Z,243.72213512158604,244.1055770269243,236.02698317460644,236.57981872558594,177806700
2018-10-25T00:00:00Z,238.4166910055369,242.36681508232206,237.39126750912948,240.82420349121094,138061500
2018-10-26T00:00:00Z,237.1148128348693,241.64452103456355,233.87802024719272,236.5886993408203,201574600
2018-10-29T00:00:00Z,239.6828886762731,240.97583186890742,231.70239179254523,235.2779998779297,160749100
2018-10-30T00:00:00Z,235.1085944648674,239.07654260883967,234.61815556268994,238.7644500732422,157116000
2018-10-31T00:00:00Z,241.33250576026617,243.63304890912153,240.85991778191018,241.31468200683594,128296300
2018-11-01T00:00:00Z,242.17956820563373,244.07884527191928,241.0917207748512,243.88267517089844,99495000
2018-11-02T00:00:00Z,244.98837100355448,245.4163859611681,240.3873122535907,242.4381866455078,122634100
2018-11-05T00:00:00Z,242.92865221483336,244.32859260472492,241.95672687747464,243.7757568359375,65622500
2018-11-06T00:00:00Z,243.71324432036943,245.47874794542096,243.65082037900277,245.31825256347656,60085900
2018-11-07T00:00:00Z,247.4939236946959,250.65046863057236,247.06590883856435,250.57022094726562,102752100
2018-11-08T00:00:00Z,249.76774178784,250.7575178453981,248.97416305728257,250.11550903320312,65584900
2018-11-09T00:00:00Z,248.80469199431192,248.99193658998522,246.26340649142955,247.67227172851562,98812600
2018-11-12T00:00:00Z,247.16399295785445,247.40473599362826,242.52726086362566,243.04444885253906,99673600
2018-11-13T00:00:00Z,243.50817883431395,245.5055275101857,241.86749567744292,242.58975219726562,98176600
2018-11-14T00:00:00Z,244.46221684463413,244.86345524510767,239.37074780966623,240.93118286132812,125335900
2018-11-15T00:00:00Z,239.66505152031465,243.90944467046296,238.08679231174762,243.4457550048828,135101400
2018-11-16T00:00:00Z,242.3489859884349,244.98834323159878,241.8317979051343,244.07884216308594,126668000
2018-11-19T00:00:00Z,243.47251856087186,243.76678736008276,239.03198224402044,239.95040893554688,103061700
2018-11-20T00:00:00Z,236.6154672493297,238.0778310334612,234.6448681024103,235.50979614257812,136021300
2018-11-21T00:00:00Z,237.06130728135892,238.21157858547755,236.30340336703676,236.3123016357422,75563700
2018-11-23T00:00:00Z,234.6716611316323,236.13402518870242,234.5735896753301,234.7340850830078,42807900
2018-11-26T00:00:00Z,236.98998041045894,238.74658569621147,236.59764024021155,238.52366638183594,79981400
2018-11-27T00:00:00Z,237.48934917407036,239.32620239257812,236.88301508893525,239.32620239257812,75502400
2018-11-28T00:00:00Z,240.39624054798665,244.83677673339844,239.26379279641728,244.83677673339844,127629600
2018-11-29T00:00:00Z,244.06097228083433,245.70165515408803,242.91962649023046,244.30174255371094,82346400
2018-11-30T00:00:00Z,244.1502254029286,246.35267001838181,243.82923454974792,245.79090881347656,98204200
2018-12-03T00:00:00Z,249.9192788474367,250.0262757551123,247.44934285583093,249.04542541503906,103176300
2018-12-04T00:00:00Z,248.21621516014721,248.64423007681054,240.6637070512194,240.97579956054688,177986000
2018-12-06T00:00:00Z,237.1148692771766,240.72615190959465,234.01182208840015,240.6102294921875,204185400
2018-12-07T00:00:00Z,240.27137469945745,241.840735566678,234.18123028122503,235.0194091796875,161018900
2018-12-10T00:00:00Z,234.84102502235243,236.43713486508972,230.60555822834715,235.4652099609375,151445900
2018-12-11T00:00:00Z,238.66632675751862,238.8535713534547,234.04744531223463,235.51870727539062,121504400
2018-12-12T00:00:00Z,238.4969771011459,239.86124255957256,236.62444894734685,236.70469665527344,97976700
2018-12-13T00:00:00Z,237.64982837788833,238.514756462568,235.5098082626307,236.62440490722656,96662700
2018-12-14T00:00:00Z,234.47547116758975,235.42957247444892,231.70236763728906,232.2552032470703,116961100
2018-12-17T00:00:00Z,231.30111650527016,232.41571327641336,226.0669744218753,227.69874572753906,165492300
2018-12-18T00:00:00Z,229.33938528993738,230.0081431857535,225.84399871460064,227.4490203857422,134515100
2018-12-19T00:00:00Z,227.52930839320615,231.30109978443372,222.3397532769953,224.0428466796875,214992800
2018-12-20T00:00:00Z,222.7945189589598,224.3638663077274,218.14887365057305,220.39590454101562,252053400
2018-12-21T00:00:00Z,221.29723955486546,223.96098705013893,215.23429286121228,215.8800506591797,255345600
2018-12-24T00:00:00Z,214.391257590333,216.00565237267747,210.11312852383378,210.1759033203125,147311600
2018-12-26T00:00:00Z,211.63780135232858,220.79498291015625,209.65568091550543,220.79498291015625,218485400
2018-12-27T00:00:00Z,217.55724826813972,222.68741427560954,214.31949514400904,222.4901123046875,186267300
2018-12-28T00:00:00Z,223.84440983280513,225.4767323217771,221.0371572860196,222.20310974121094,153100200
2018-12-31T00:00:00Z,223.82644361450068,224.3914851025564,221.95195871285873,224.14932250976562,144299400
2019-01-02T00:00:00Z,220.61559600600654,225.30631074260154,220.58869057186968,224.38250732421875,126925200
2019-01-03T00:00:00Z,222.63363352752896,222.93858465556823,218.54384243531666,219.02816772460938,144140700
2019-01-04T00:00:00Z,222.0595916892461,227.01039710544208,221.68290190659857,226.36463928222656,142628800
2019-01-07T00:00:00Z,226.63375331616336,229.557591947435,225.73686878916783,228.1494903564453,103139100
2019-01-08T00:00:00Z,230.33789043388248,230.77735509278912,227.8086695027086,230.29302978515625,102512600
2019-01-09T00:00:00Z,231.001552052594,232.21235150960845,229.7728247604112,231.36927795410156,95006600
2019-01-10T00:00:00Z,229.83556197931932,232.43652077716172,229.1539212045767,232.18539428710938,96823900
2019-01-11T00:00:00Z,231.10918026804572,232.30205192325036,230.52621084525182,232.275146484375,73858100
2019-01-14T00:00:00Z,230.37372222792283,231.66523800057232,229.97014065568285,230.85804748535156,70908200
2019-01-15T00:00:00Z,231.23477424329755,233.8178060483478,231.2257966394314,233.50389099121094,85208300
2019-01-16T00:00:00Z,233.93435413014328,234.95681551959413,233.72808822825598,234.06890869140625,77636700
2019-01-17T00:00:00Z,233.19891877819984,236.70574002421503,233.15405813629934,235.84471130371094,96118400
2019-01-18T00:00:00Z,237.65640867719944,239.4501772546297,235.8805679320784,238.98377990722656,127900300
2019-01-22T00:00:00Z,237.51291789918878,237.72816138252549,234.14062401631128,235.7550048828125,115531200
2019-01-23T00:00:00Z,236.7864882309007,237.48605705383304,233.78191964841497,236.24835205078125,86030300
2019-01-24T00:00:00Z,236.06893344044875,236.95686760170713,235.05544969694287,236.37387084960938,59204100
2019-01-25T00:00:00Z,238.22141899740802,239.19904694280078,236.47251108468166,238.3739013671875,96883400
2019-01-28T00:00:00Z,236.23039774840024,236.62500170748643,234.79537721909938,236.56224060058594,85613700
2019-01-29T00:00:00Z,236.70577190949425,237.2707861593394,235.4142560255048,236.24835205078125,66136300
2019-01-30T00:00:00Z,237.7640560093802,240.8313852793916,237.00169880775235,239.98831176757812,92473700
2019-01-31T00:00:00Z,239.92554817971035,242.5803182688337,239.7102773173702,242.0959930419922,104012100
2019-02-01T00:00:00Z,242.2933017562561,243.23504674650184,241.42332284164686,242.21258544921875,85782500
2019-02-04T00:00:00Z,242.25741499744487,243.97944496667355,241.5847517450605,243.91665649414062,60744800
2019-02-05T00:00:00Z,244.3472009297113,245.24408537670902,243.8449478290519,244.93914794921875,79552800
2019-02-06T00:00:00Z,244.66102578939382,245.15430110514725,243.88074098740185,244.6161651611328,58347800
2019-02-07T00:00:00Z,243.001828750321,243.5489150225766,240.62509088503603,242.28433227539062,95482000
2019-02-08T00:00:00Z,241.03772550393722,242.67901220563638,240.2125796655961,242.5803680419922,75788900
2019-02-11T00:00:00Z,243.2351131780144,243.49519000369776,242.18574615845276,242.71490478515625,68021400
2019-02-12T00:00:00Z,244.32926977124873,246.2127051877354,244.2575036888499,245.83602905273438,72270200
2019-02-13T00:00:00Z,246.6701603900964,247.4773510230501,246.24862355044635,246.63427734375,65277200
2019-02-14T00:00:00Z,245.54894593529588,247.21716471726242,244.73277805953973,246.0870819091797,83234400
2019-02-15T00:00:00Z,247.8628760956826,248.8046208206803,247.65661027048475,248.76873779296875,97088700
2019-02-19T00:00:00Z,247.9706135479331,249.85404892766604,247.96163594512325,249.1993408203125,59120800
2019-02-20T00:00:00Z,249.16349343713352,250.15904951559108,248.66124028122954,249.70162963867188,76610800
2019-02-21T00:00:00Z,249.06475563392635,249.42350384315822,247.8539564783766,248.81362915039062,64214700
2019-02-22T00:00:00Z,249.43252124160176,250.55362680405707,248.79574094593468,250.35633850097656,78114600
2019-02-25T00:00:00Z,251.7823475232968,252.30252839097093,250.61638147320215,250.6970977783203,69030700
2019-02-26T00:00:00Z,250.3473357536427,251.39667512709303,250.14104249740362,250.5177459716797,56844100
2019-02-27T00:00:00Z,249.80028444877328,250.75995752250373,248.86754418847482,250.41018676757812,56921600
2019-02-28T00:00:00Z,250.19489793297214,250.63438995969776,249.62090607319368,249.9437713623047,69268300
2019-03-01T00:00:00Z,251.52230711011546,251.9169385044712,250.0693585085077,251.50437927246094,78880500
2019-03-04T00:00:00Z,252.5626955386454,252.8048445144296,248.29351630874652,250.58953857421875,106494600
2019-03-05T00:00:00Z,250.7150393106737,250.91235494711546,249.70155569489256,250.24864196777344,59114600
2019-03-06T00:00:00Z,250.36518471079827,250.3741623102051,248.40998399120753,248.73284912109375,75039800
2019-03-07T00:00:00Z,248.2844846321337,248.4279894138157,245.80910241765017,246.6521759033203,94885100
2019-03-08T00:00:00Z,244.7956504825107,246.3293152689879,244.32928040957538,246.15890502929688,85795800
2019-03-11T00:00:00Z,246.8763993919627,249.88991772435608,246.849493955807,249.72848510742188,65098900
2019-03-12T00:00:00Z,250.28454283427982,251.19040478031002,250.09620478585603,250.67019653320312,79667500
2019-03-13T00:00:00Z,251.5581602847145,253.26223526485666,251.39670028201837,252.3294677734375,80639200
2019-03-14T00:00:00Z,252.3563525815843,252.77788933327716,251.7285499406143,252.1680145263672,67518400
2019-03-15T00:00:00Z,252.7201855068536,254.22456412663388,252.53099041783403,253.413818359375,81309000
2019-03-18T00:00:00Z,253.63003730487662,254.62997826920073,253.4048285956763,254.3326873779297,62199800
2019-03-19T00:00:00Z,255.39570823440198,256.16139589718296,253.50394946882147,254.39576721191406,90268100
2019-03-20T00:00:00Z,254.17955894218778,255.38667431548166,252.52202615387543,253.63003540039062,84609200
2019-03-21T00:00:00Z,252.81033924719029,256.90011021839473,252.76528100389675,256.4947509765625,79550400
2019-03-22T00:00:00Z,255.13449792626113,255.65697014672995,251.49511671277395,251.5581817626953,122659300
2019-03-25T00:00:00Z,251.21583400194012,252.4049427144172,250.1078246259824,251.36898803710938,85575200
2019-03-26T00:00:00Z,253.12557810981843,254.1975737908098,251.8373908599879,253.24269104003906,68125900
2019-03-27T00:00:00Z,253.23371421295462,253.8192789572887,250.36906550454614,251.9185028076172,72224700
2019-03-28T00:00:00Z,252.54909516749842,253.32380006375664,251.39602747893355,252.87338256835938,56238500
2019-03-29T00:00:00Z,254.38676263633928,254.7921218179241,253.2607190908857,254.46783447265625,82186800
2019-04-01T00:00:00Z,256.46773627787417,257.78294768431635,256.19746928226925,257.48565673828125,77617900
2019-04-02T00:00:00Z,257.67472883634895,257.84588960444097,256.81892499588884,257.6116638183594,40070400
2019-04-03T00:00:00Z,258.827804971364,259.224174396354,257.41348804543566,258.0170593261719,68243200
2019-04-04T00:00:00Z,258.34133183355345,258.9538927312665,257.64769912508035,258.70166015625,48997500
2019-04-05T00:00:00Z,259.3684117534433,260.0079968724831,259.08013797058265,259.9539489746094,58621700
2019-04-08T00:00:00Z,259.53052137413107,260.2601953909309,258.872902047936,260.152099609375,53566300
2019-04-09T00:00:00Z,259.18825435041,259.51254176340643,258.2694125222834,258.81890869140625,66142300
2019-04-10T00:00:00Z,259.2332694125867,259.791810186664,258.818893023963,259.70172119140625,52601500
2019-04-11T00:00:00Z,260.1882437036296,260.19726085371417,259.0621995955045,259.6297302246094,55093100
2019-04-12T00:00:00Z,261.24212410166086,261.6655176093397,259.67468015426687,261.3862609863281,69727800
2019-04-15T00:00:00Z,261.45836450021216,261.5574706543688,260.4133925097416,261.21514892578125,49596700
2019-04-16T00:00:00Z,262.0979282633414,262.15197615867913,260.7917066463132,261.3862609863281,52153200
2019-04-17T00:00:00Z,262.50331587264657,262.53033982323853,260.33230020408183,260.7467041015625,58268300
2019-04-18T00:00:00Z,261.3321834981804,261.53036825574327,260.0349791743683,261.2601013183594,68708500
2019-04-22T00:00:00Z,260.4944855104914,261.6385361359312,260.4043965065369,261.4853820800781,40160100
2019-04-23T00:00:00Z,261.8546696519358,264.07074319403506,261.62047128318324,263.8365173339844,52246600
2019-04-24T00:00:00Z,263.7554418762262,264.08874637015623,263.1068396883929,263.2509765625,50392900
2019-04-25T00:00:00Z,263.1518406646715,263.7463948938671,261.89969466766917,263.0887756347656,57770900
2019-04-26T00:00:00Z,263.1338429715897,264.3859890119185,262.3591107705115,264.3139343261719,50916400
2019-04-29T00:00:00Z,264.40404516990714,265.2508321267672,264.3139561868012,264.72833251953125,57197700
2019-04-30T00:00:00Z,264.3860838887455,265.1517992196518,262.9717936794869,264.863525390625,81111700
2019-05-01T00:00:00Z,265.49411402755555,265.70131599138176,262.86366351610775,262.8726806640625,71671900
2019-05-02T00:00:00Z,262.75547108216637,263.67434011390185,260.8096647395023,262.3050537109375,65030200
2019-05-03T00:00:00Z,263.78252536560603,265.1517847417606,262.41323849814745,264.8725280761719,56543700
2019-05-06T00:00:00Z,260.56648365013655,264.22387098797896,260.25118595039874,263.782470703125,107198100
2019-05-07T00:00:00Z,261.37723490411906,261.97178922380755,257.467614824318,259.37738037109375,144729900
2019-05-08T00:00:00Z,259.01702880859375,260.7286094294374,258.4224745419498,259.01702880859375,91568300
2019-05-09T00:00:00Z,256.9452108156126,258.83694257192565,255.20657814304815,258.2333984375,103471100
2019-05-10T00:00:00Z,257.29640706901097,260.28718492268956,254.30562921533232,259.5304870605469,112429300
2019-05-13T00:00:00Z,254.41381166197624,255.3776841385173,252.17071400422503,253.00848388671875,127290500
2019-05-14T00:00:00Z,254.02641985782168,256.8280306394036,253.90031726967817,255.29660034179688,77003200
2019-05-15T00:00:00Z,253.66600357344205,257.4314854826764,253.45880172522786,256.7919006347656,73956400
2019-05-16T00:00:00Z,257.49465974223233,260.53046913612627,257.42260504214363,259.17022705078125,76749600
2019-05-17T00:00:00Z,256.864152337793,259.9810343134793,256.84611804004254,257.4947204589844,100353000
2019-05-20T00:00:00Z,255.89114711983015,257.60272784879845,255.0443601554767,255.7920684814453,62877600
2019-05-21T00:00:00Z,257.485586520628,258.4765102516774,257.2333538882968,258.0981750488281,46847100
2019-05-22T00:00:00Z,257.14333727037746,258.2603637668367,256.82803955212853,257.30548095703125,49482500
2019-05-23T00:00:00Z,255.08040171698275,255.1254324633682,252.74724273347388,254.16156005859375,98733800
2019-05-24T00:00:00Z,255.60283072973016,256.0172344882969,254.11645896281843,254.738037109375,55268100
2019-05-28T00:00:00Z,255.01738417734387,255.97226710547216,252.35092019830472,252.36892700195312,70029400
2019-05-29T00:00:00Z,251.25184044363232,251.65719961381828,249.26999286284527,250.67529296875,104972900
2019-05-30T00:00:00Z,251.43202479119464,252.26982217173114,250.26095037557218,251.35997009277344,62523800
2019-05-31T00:00:00Z,248.81057555344347,249.6393281503251,247.9457543767467,247.9727783203125,86862800
2019-06-03T00:00:00Z,248.00886369318812,249.1258902150911,246.00900903833892,247.34225463867188,96428000
2019-06-04T00:00:00Z,249.63937693861942,252.84634716122832,249.18895946363162,252.7112274169922,77231900
2019-06-05T00:00:00Z,254.3327076460896,254.92726198471507,252.52204817390717,254.90023803710938,71169700
2019-06-06T00:00:00Z,255.19755811961392,257.2334265516314,254.5489558116457,256.55780029296875,69430400
2019-06-07T00:00:00Z,257.57565479541637,260.2061041708792,257.40449400602193,259.1250915527344,74272200
2019-06-10T00:00:00Z,260.6745373725193,261.98075870724784,260.22412001451545,260.314208984375,60799100
2019-06-11T00:00:00Z,262.1339317774846,262.50327737561093,259.60258797515644,260.2511901855469,58641300
2019-06-12T00:00:00Z,260.0170789116337,260.575592323251,259.2783874679363,259.7918701171875,47096300
2019-06-13T00:00:00Z,260.70162584014724,261.22412549987916,259.99897568740136,260.86376953125,48945200
2019-06-14T00:00:00Z,260.57550048828125,261.17904444955684,259.80978535876454,260.57550048828125,52324700
2019-06-17T00:00:00Z,260.8097413348233,261.4403368362566,260.5034607313937,260.67462158203125,39205700
2019-06-18T00:00:00Z,262.4942892335855,264.4581026767264,262.1339332880597,263.40411376953125,85434800
2019-06-19T00:00:00Z,263.5392835877693,264.5302076436877,262.56639382733385,263.99871826171875,78674400
2019-06-20T00:00:00Z,266.68310619427257,266.92632166085167,264.0616739781933,266.52093505859375,116570000
2019-06-21T00:00:00Z,266.2513190331888,267.5095555345072,265.91639336647125,266.1336364746094,83309500
2019-06-24T00:00:00Z,266.34178300435536,266.6585865868795,265.65380982514523,265.8077087402344,47582700
2019-06-25T00:00:00Z,265.8619907313997,265.8891461105345,263.09203155963263,263.2006530761719,82028700
2019-06-26T00:00:00Z,264.0968777608522,264.6037967215319,262.8295803591529,262.9382019042969,51584900
2019-06-27T00:00:00Z,263.6985206334799,264.3774327619087,263.31834531156267,263.8705139160156,40355200
2019-06-28T00:00:00Z,264.8481600545442,265.72622092796087,264.33220778357355,265.2283630371094,59350900
2019-07-01T00:00:00Z,268.55957168944997,268.7768423916626,266.43230780847284,267.6362609863281,78705600
2019-07-02T00:00:00Z,267.59093754948606,268.38753219550205,266.7490931451758,268.3332214355469,61504500
2019-07-03T00:00:00Z,269.01219161006856,270.4967597025448,268.8673536772652,270.4786376953125,40898900
2019-07-05T00:00:00Z,269.247465934971,270.333736252286,267.9530136047552,270.1707763671875,51677300
2019-07-08T00:00:00Z,268.8583031221058,269.9898235013948,268.1431745073926,268.6863098144531,45841800
2019-07-09T00:00:00Z,267.52763883202334,269.31994946484144,267.47332806284766,269.021240234375,41101300
2019-07-10T00:00:00Z,270.0893365552128,271.25707311636285,269.5552623450755,270.30657958984375,58448500
2019-07-11T00:00:00Z,270.9493075836309,271.18464500017757,269.9354699046471,270.94024658203125,50826100
2019-07-12T00:00:00Z,271.42912776574457,272.225722572846,271.12135752209366,272.1532897949219,40326000
2019-07-15T00:00:00Z,272.5877609929242,272.5877609929242,271.7368555478473,272.2437744140625,33900000
2019-07-16T00:00:00Z,272.15325636311616,272.3614660428078,271.05795245040616,271.36572265625,36650100
2019-07-17T00:00:00Z,271.33856696217356,271.5014992547846,269.5190734863281,269.5190734863281,36036300
2019-07-18T00:00:00Z,269.02125784351875,270.8860013739702,268.57771065788086,270.50579833984375,51392600
2019-07-19T00:00:00Z,271.60104807864786,271.6282034568177,268.8310890053141,269.0030822753906,58678600
2019-07-22T00:00:00Z,269.40138946990106,270.2070451761584,268.88543721281127,269.6639099121094,43638100
2019-07-23T00:00:00Z,270.7863824595344,271.5920104980469,269.9535714155049,271.5920104980469,44564500
2019-07-24T00:00:00Z,270.83167149437855,272.868408203125,270.7411443378768,272.868408203125,47213200
2019-07-25T00:00:00Z,272.41578587292383,272.4700966389974,270.75922463265556,271.56488037109375,55394100
2019-07-26T00:00:00Z,272.2529093648894,273.5835786563894,272.1261658014066,273.3844299316406,45084100
2019-07-29T00:00:00Z,273.2666775777019,273.384360106589,272.3343059738363,272.886474609375,38126500
2019-07-30T00:00:00Z,271.48348217174544,272.6240637947835,271.10327908906106,272.2167053222656,45849000
2019-07-31T00:00:00Z,272.46112466493685,272.65124003332403,267.2199406511862,269.2385559082031,104245200
2019-08-01T00:00:00Z,269.3923262613973,272.3523730664228,266.097326282711,266.8939208984375,142646600
2019-08-02T00:00:00Z,265.9978867423525,266.2422852640087,263.32748688992564,264.88446044921875,116749700
2019-08-05T00:00:00Z,260.7837820409055,260.8924035858546,255.01755815476298,256.91851806640625,178745400
2019-08-06T00:00:00Z,258.81045642576964,260.7385720175603,257.33494909026734,260.52130126953125,120711700
2019-08-07T00:00:00Z,257.4435115429368,261.4445797648899,255.30721432375586,260.6751403808594,140572300
2019-08-08T00:00:00Z,262.1687465315291,265.78961181640625,261.61657783559,265.78961181640625,87713900
2019-08-09T00:00:00Z,264.8481869708878,265.4456330756324,262.1959097009694,263.97918701171875,93730000
2019-08-12T00:00:00Z,262.47653060747723,263.97013209125237,259.8151922727457,260.76568603515625,65527600
2019-08-13T00:00:00Z,260.46689624662304,266.2693353078018,260.1229096763027,264.82098388671875,94299800
2019-08-14T00:00:00Z,260.7657318739752,261.37221147777973,256.86425084795223,256.990966796875,135622100
2019-08-15T00:00:00Z,257.87807057147774,258.5660439238212,255.6240904171086,257.66986083984375,99556600
2019-08-16T00:00:00Z,259.3263521875103,261.90619630989795,257.7241018009672,261.4717102050781,83018300
2019-08-19T00:00:00Z,264.495110275304,265.30073828744696,263.816198159732,264.621826171875,53571800
2019-08-20T00:00:00Z,264.114903213662,264.64897742124305,262.46743083392226,262.5941467285156,51596400
2019-08-21T00:00:00Z,264.75771569107485,265.10167473504976,264.069742353098,264.7305603027344,49524700
2019-08-22T00:00:00Z,265.4366399163249,266.07027488099453,262.874861793045,264.6490783691406,51666400
2019-08-23T00:00:00Z,263.34549882867196,265.01109325696694,256.6016273506525,257.850830078125,149161500
2019-08-26T00:00:00Z,260.04148316459356,260.7023010253906,258.5116653687146,260.7023010253906,72423800
2019-08-27T00:00:00Z,262.0963526786402,262.46749470133955,258.9190344141973,259.6794128417969,66668900
2019-08-28T00:00:00Z,259.0185898937804,261.67086686459277,258.21293417482644,261.5079345703125,59696700
2019-08-29T00:00:00Z,264.0697631402681,265.37327713324885,263.0649584425465,264.8482360839844,57899400
2019-08-30T00:00:00Z,266.3327834648498,266.35087784873895,263.7981884696932,264.7305603027344,62901200
2019-09-03T00:00:00Z,263.0287153639879,263.9429650713282,261.8519175612082,263.1825866699219,69101400
2019-09-04T00:00:00Z,265.35517153491077,266.1879552243926,264.60382638840616,266.16986083984375,46887300
2019-09-05T00:00:00Z,268.6592113668234,270.5058331271677,266.1336496100099,269.5915832519531,83258100
2019-09-06T00:00:00Z,269.90836229817734,270.4424366119935,269.2294500581553,269.7997131347656,49584300
2019-09-09T00:00:00Z,270.7864831316271,270.87698268364073,268.9941444764997,269.9355773925781,51260300
2019-09-10T00:00:00Z,269.17512757759675,269.93553364138535,267.91689118337393,269.8721618652344,57947100
2019-09-11T00:00:00Z,270.1799147938697,271.8726648838631,269.5281579417055,271.79119873046875,68821100
2019-09-12T00:00:00Z,272.69635808283294,273.7916618607953,271.9359798516439,272.7325744628906,72908700
2019-09-13T00:00:00Z,273.1762373442292,273.5292850432161,272.18049365800215,272.5516357421875,62104800
2019-09-16T00:00:00Z,271.4200714477773,272.5968692967688,271.0670514305876,271.7097473144531,58191200
2019-09-17T00:00:00Z,271.5105831463322,272.4882046094224,271.33858983685184,272.397705078125,41475500
2019-09-18T00:00:00Z,272.0084725654059,272.66929049545473,269.971735625201,272.5606689453125,73375800
2019-09-19T00:00:00Z,272.9498693706403,273.9456128239517,272.20758537589813,272.5425109863281,76560500
2019-09-20T00:00:00Z,273.1463545293492,273.42829301296234,270.46365116105824,271.25482177734375,89565000
2019-09-23T00:00:00Z,270.5909570013887,271.90959322004414,270.336327054296,271.191162109375,43476800
2019-09-24T00:00:00Z,272.28244316672976,272.6734770496111,268.09921319736446,269.06317138671875,94869400
2019-09-25T00:00:00Z,269.14500041802086,271.1001974881487,267.6626795721894,270.65460205078125,71854000
2019-09-26T00:00:00Z,270.66380583941435,270.87294936634174,268.6813272430063,270.09088134765625,56179700
2019-09-27T00:00:00Z,270.8456307371159,270.9547816628735,267.08074249980547,268.63580322265625,84746600
2019-09-30T00:00:00Z,269.1541465618406,270.59098115887195,269.1086878271732,269.88165283203125,51662400
2019-10-01T00:00:00Z,270.7637324178549,271.4184990741899,266.4532014526551,266.67144775390625,88242400
2019-10-02T00:00:00Z,265.08908058458655,265.0981834304404,260.66942690190984,261.96075439453125,122539500
2019-10-03T00:00:00Z,261.7334246319195,264.1342448983291,259.01433776802537,264.1069641113281,85278800
2019-10-04T00:00:00Z,264.7617527412515,267.9355381538089,264.7071634101348,267.680908203125,65091200
2019-10-07T00:00:00Z,266.88058737396443,268.50841485168297,266.24399873388415,266.5259094238281,59610500
2019-10-08T00:00:00Z,264.670839364948,265.407448516344,262.3518609879794,262.38824462890625,95708100
2019-10-09T00:00:00Z,264.4070675955947,265.81662125732413,263.7795817068035,264.87994384765625,62359400
2019-10-10T00:00:00Z,264.7980929946163,267.55356355823847,264.63440826867793,266.67144775390625,55296300
2019-10-11T00:00:00Z,269.4269017924842,271.6731123470301,269.3087035549438,269.4360046386719,98720400
2019-10-14T00:00:00Z,269.1177501154781,269.79072252359276,268.7903806352471,269.1359558105469,40394800
2019-10-15T00:00:00Z,270.1816904704129,272.54612678764573,270.06346449166466,271.8004150390625,46754500
2019-10-16T00:00:00Z,271.3366413330304,272.0550723707066,270.9274295413768,271.3639221191406,48928200
2019-10-17T00:00:00Z,272.5279987380787,273.0372586742496,271.47309522670037,272.16424560546875,45736600
2019-10-18T00:00:00Z,271.6276670391448,272.27333084102725,270.11806538415243,270.972900390625,64304000
2019-10-21T00:00:00Z,272.2915709810018,273.0099743891221,271.85505057590547,272.8099060058594,39048600
2019-10-22T00:00:00Z,273.34643282027804,273.6374464088708,271.82775595636684,271.918701171875,48594700
2019-10-23T00:00:00Z,271.6640079961112,272.76436991569955,271.45483682438083,272.7098083496094,34352200
2019-10-24T00:00:00Z,273.64656905775985,273.79207586258536,272.32793271893104,273.1554870605469,35453100
2019-10-25T00:00:00Z,272.5825859025078,274.8197219955573,272.52802431512487,274.2740783691406,45205400
2019-10-28T00:00:00Z,275.49260735291523,276.32016158660775,275.4653265651048,275.8199768066406,42147000
2019-10-29T00:00:00Z,275.54716315144003,276.66573093338,275.419834309273,275.7381286621094,44284900
2019-10-30T00:00:00Z,275.9381708137291,276.95669044401245,274.6286376454852,276.5838623046875,49643900
2019-10-31T00:00:00Z,276.5747934558149,276.5747934558149,274.39224715798696,275.8472595214844,69053800
2019-11-01T00:00:00Z,277.29321451712957,278.4481381708568,277.1295020424609,278.4026794433594,71141500
2019-11-04T00:00:00Z,279.95779117686374,280.0941951369652,279.1484147592851,279.5212707519531,60606900
2019-11-05T00:00:00Z,279.72123486056694,280.02135121348886,278.9209615895428,279.21197509765625,42933200
2019-11-06T00:00:00Z,279.2120618900617,279.54853422165763,278.3299459992849,279.2757263183594,46487100
2019-11-07T00:00:00Z,280.61245990736666,281.5945958295788,279.78490583507175,280.2577819824219,54272300
2019-11-08T00:00:00Z,279.9123100228309,281.0035972296116,279.212084512575,280.94903564453125,49032100
2019-11-11T00:00:00Z,279.5666824717528,280.585202104894,279.4302507955533,280.41241455078125,35797300
2019-11-12T00:00:00Z,280.77625188241115,281.9038949929491,280.23060827155547,281.00360107421875,46484600
2019-11-13T00:00:00Z,280.01229829459345,281.4946191287311,279.7849491544516,281.094482421875,53917700
2019-11-14T00:00:00Z,280.81263100190245,281.5856237921182,280.17604217405733,281.5037536621094,51219900
2019-11-15T00:00:00Z,282.8406096727858,283.5863217804021,282.1494869107475,283.5408630371094,62023600
2019-11-18T00:00:00Z,283.3043130077444,283.9863604368472,282.8496147216759,283.7499084472656,49228000
2019-11-19T00:00:00Z,284.3500771269776,284.35917997236,283.02236607228707,283.66802978515625,67804700
2019-11-20T00:00:00Z,283.07699087413437,283.5953536303308,281.05812918125986,282.6131896972656,79406200
2019-11-21T00:00:00Z,282.72229641818564,282.8314195597847,281.35820164303874,282.158447265625,54664700
2019-11-22T00:00:00Z,282.9041451712369,283.0405490915344,281.77650242667397,282.7859191894531,44850200
2019-11-25T00:00:00Z,283.7135229082867,284.9775695800781,283.7135229082867,284.9775695800781,48647200
2019-11-26T00:00:00Z,285.01398034185087,285.80515091180786,284.69568599405943,285.6232604980469,37569000
2019-11-27T00:00:00Z,286.10528592426454,286.896484375,285.8870395944535,286.896484375,44444600
2019-11-29T00:00:00Z,286.33264612293493,286.57820100600895,285.60513982717293,285.8324890136719,36592700
2019-12-02T00:00:00Z,286.08709192303365,286.15075634985016,282.976970887455,283.4043884277344,75767800
2019-12-03T00:00:00Z,280.68530213529885,281.5856237921182,279.3030290622985,281.5037536621094,73941700
2019-12-04T00:00:00Z,282.5495999524481,283.84092788112747,282.20402472425303,283.24072265625,49080000
2019-12-05T00:00:00Z,283.9409017092727,283.9590796497863,282.44037516318184,283.7499084472656,40709000
2019-12-06T00:00:00Z,285.6596578667379,286.7418420497151,285.65055501983795,286.3417053222656,48927000
2019-12-09T00:00:00Z,285.9506966924689,286.62364136052076,285.3686694911169,285.4414367675781,34838500
2019-12-10T00:00:00Z,285.3868101426187,286.0506518116673,284.4683108165804,285.1230773925781,52649800
2019-12-11T00:00:00Z,285.5778171170683,286.1871250585876,285.04127644599606,285.9324951171875,53429100
2019-12-12T00:00:00Z,285.9415300114766,289.178979276665,285.7051057972178,288.39691162109375,96389600
2019-12-13T00:00:00Z,288.1605235736877,289.7974542607273,287.3875308397455,288.56976318359375,81503900
2019-12-16T00:00:00Z,290.2975551457974,291.14328723980907,288.5060429102938,290.55218505859375,82749700
2019-12-17T00:00:00Z,290.93413905050215,291.2342276828815,290.5340023722772,290.6158447265625,61097700
2019-12-18T00:00:00Z,291.00691966683615,291.23426882282587,290.5795021434722,290.6340637207031,48133000
2019-12-19T00:00:00Z,290.825006142969,291.8981151659742,290.57037621858717,291.8253479003906,85310500
2019-12-20T00:00:00Z,292.85806572727074,294.2380150219777,291.8802483824502,293.1048278808594,147142100
2019-12-23T00:00:00Z,293.8906778189208,293.9455076437393,293.40632910700657,293.55255126953125,52990000
2019-12-24T00:00:00Z,293.7810563883531,293.82673861863617,293.2601450957839,293.5617370605469,20270000
2019-12-26T00:00:00Z,293.9455534880805,295.1335982854988,293.93643377520567,295.12445068359375,30911200
2019-12-27T00:00:00Z,295.8555692553738,295.91039909532907,294.52133000140515,295.0513610839844,42528800
2019-12-30T00:00:00Z,295.13354687019796,295.2706214297429,292.9402423613774,293.4245910644531,49729100
2019-12-31T00:00:00Z,292.9219889831503,294.3841827622408,292.5747148231008,294.1374206542969,57077300
2020-01-02T00:00:00Z,295.672721478946,296.90644827655234,294.74970630853255,296.8881530761719,59151200
2020-01-03T00:00:00Z,293.4977411082979,295.7641429457349,293.4429112798059,294.64007568359375,77709700
2020-01-06T00:00:00Z,292.8854545477704,295.8464049037738,292.76664728278183,295.76416015625,55653900
2020-01-07T00:00:00Z,295.19755772617054,295.67278681667864,294.4847419794395,294.93255615234375,40496400
2020-01-08T00:00:00Z,295.12441496646585,297.7197956916485,294.87768074616207,296.5043640136719,68296000
2020-01-09T00:00:00Z,298.0670453650865,298.58795656529105,297.4821567426061,298.51483154296875,48473300
2020-01-10T00:00:00Z,299.09981058166176,299.25515249526273,297.1898301592266,297.6558837890625,53029300
2020-01-13T00:00:00Z,298.2772800531271,299.7120310890485,297.8477611357546,299.7029113769531,47086800
2020-01-14T00:00:00Z,299.264208473107,300.3151505804677,298.6884674529028,299.2459411621094,62832800
2020-01-15T00:00:00Z,299.1545348144793,300.6806779375008,299.0722900853066,299.92218017578125,72056600
2020-01-16T00:00:00Z,301.3021337281493,302.41705322265625,301.07366684721774,302.41705322265625,54050300
2020-01-17T00:00:00Z,303.1299620038811,303.5686007011989,302.3531687920046,303.3584289550781,95846000
2020-01-21T00:00:00Z,302.398801777143,303.56855126120206,302.3257046358388,302.76434326171875,77742400
2020-01-22T00:00:00Z,303.62337862619233,304.27224473675494,302.6455614379162,302.8009033203125,48914900
2020-01-23T00:00:00Z,302.1520504997015,303.55941441938006,301.0371309067921,303.1481628417969,51963000
2020-01-24T00:00:00Z,303.80617720247466,303.8884219479204,299.16371371777205,300.4522705078125,87578400
2020-01-27T00:00:00Z,295.2065895983411,297.11656914672125,294.86846311743926,295.6361083984375,84062500
2020-01-28T00:00:00Z,297.0618289224419,299.61152758511525,295.72758990467884,298.7342224121094,63834000
2020-01-29T00:00:00Z,300.0958426351734,300.32430953188833,298.2863747731424,298.4874267578125,53888900
2020-01-30T00:00:00Z,296.4220385181129,299.6662847627549,295.6726883900491,299.4560852050781,75491800
2020-01-31T00:00:00Z,298.83471866925794,298.99008843943227,293.104778599044,294.0186462402344,113845600
2020-02-03T00:00:00Z,295.49915167501734,298.067117900778,295.3803444015998,296.20281982421875,69083000
2020-02-04T00:00:00Z,299.8125346860519,301.5854399692841,299.492675464825,300.7172546386719,62573200
2020-02-05T00:00:00Z,303.65082382168174,304.4002020615823,302.1886577494263,304.19000244140625,65951100
2020-02-06T00:00:00Z,305.14955406449695,305.40543589404376,304.1351464583818,305.2135314941406,50359700
2020-02-07T00:00:00Z,304.15344652404104,305.222656086769,303.03852684411055,303.58685302734375,64139400
2020-02-10T00:00:00Z,302.70032346619564,305.91712682849703,302.6637609595158,305.8531494140625,42070000
2020-02-11T00:00:00Z,307.2057455520756,307.99165832638704,305.8532114209266,306.3832702636719,54864500
2020-02-12T00:00:00Z,307.81800184241695,308.5673799444257,307.4524603916157,308.3572082519531,43992700
2020-02-13T00:00:00Z,306.93160682994335,308.9969568539677,306.6574576626084,308.02825927734375,54501900
2020-02-14T00:00:00Z,308.4394532632197,308.6405052446944,307.2422889745831,308.5216979980469,64582200
2020-02-18T00:00:00Z,307.52563255819723,308.58572245034776,306.33758779968736,307.7266845703125,57226200
2020-02-19T00:00:00Z,308.6952600894678,309.8741288913484,308.41196344197544,309.1978759765625,48814700
2020-02-20T00:00:00Z,308.64960860364215,309.4721116863874,304.9393086876562,307.92767333984375,74163400
2020-02-21T00:00:00Z,306.57524088234,306.885952596677,303.934149476926,304.75665283203125,113788200
2020-02-24T00:00:00Z,295.3071862193686,304.82967088286625,293.5708154883239,294.6492004394531,161088400
2020-02-25T00:00:00Z,296.0382762665826,296.65055194836293,284.84339802698764,285.720703125,218913200
2020-02-26T00:00:00Z,287.1188970838777,290.71038982346295,283.938655892988,284.66973876953125,194773800
2020-02-27T00:00:00Z,279.1499964992916,284.72459458112405,271.884765625,271.884765625,284353500
2020-02-28T00:00:00Z,263.833535145683,272.2319789613865,260.9457107535948,270.74237060546875,384975800
2020-03-02T00:00:00Z,272.5244912250123,282.53135414421934,269.0974871963839,282.4673767089844,238703600
2020-03-03T00:00:00Z,282.84206278668677,286.8082453931347,271.9396274475978,274.379638671875,300139100
2020-03-04T00:00:00Z,279.7531390923097,286.1319448399597,277.20344073550206,285.91259765625,176613400
2020-03-05T00:00:00Z,278.7113812011502,281.9007705498337,274.1694576163429,276.4084167480469,186366800
2020-03-06T00:00:00Z,267.9002831419246,273.0453622263488,265.23180535005173,271.83905029296875,228667200
2020-03-09T00:00:00Z,251.58775678015627,259.71205370103047,249.8971239127328,250.6099395751953,309417300
2020-03-10T00:00:00Z,260.12327944250404,263.6690622000133,249.94278128953638,263.57769775390625,276444100
2020-03-11T00:00:00Z,256.5225969621083,257.6557836428945,247.5484121689221,250.72865295410156,255316300
2020-03-12T00:00:00Z,233.95013117048154,243.69196419793585,226.34674521407393,226.73971557617188,392220700
2020-03-13T00:00:00Z,240.4294577708272,248.09682141327602,227.1144121941133,246.12286376953125,329566100
2020-03-16T00:00:00Z,220.40656312966803,234.77256174758443,216.91559643304075,219.19113159179688,297240000
2020-03-17T00:00:00Z,223.93413457519435,234.10550046036911,216.65062185131984,231.0257568359375,262070500
2020-03-18T00:00:00Z,215.90122818946838,226.977299433706,208.380101478062,219.32823181152344,327597100
2020-03-19T00:00:00Z,218.64281290463057,226.07256060162746,212.2183250976438,219.79428100585938,289322000
2020-03-20T00:00:00Z,222.94364621592393,224.72697702090403,210.0466887261092,210.3224639892578,347158800
2020-03-23T00:00:00Z,209.76174689567557,211.131407928482,200.63367034211038,204.94491577148438,326025200
2020-03-24T00:00:00Z,215.4885612758454,224.38682507267387,214.91863611227424,223.51353454589844,235494500
2020-03-25T00:00:00Z,225.09463160277366,235.64753271475618,220.3881202388159,226.8595733642578,299430300
2020-03-26T00:00:00Z,229.36907487751665,241.57658322286548,228.93703037872663,240.10581970214844,257632800
2020-03-27T00:00:00Z,232.8162819931154,239.7473562360883,230.77556488684385,232.95416259765625,224341200
2020-03-30T00:00:00Z,235.05001734341474,241.23650788451303,233.0552652380832,240.51950073242188,171369500
2020-03-31T00:00:00Z,239.5175603608972,242.0638491887975,235.52805566114748,236.9344940185547,194881100
2020-04-01T00:00:00Z,227.9534996121323,236.85176448420262,224.20299266868236,226.2712860107422,189554600
2020-04-02T00:00:00Z,225.38880648912135,232.27391576246694,224.8372560253544,231.49256896972656,177660400
2020-04-03T00:00:00Z,230.50894247212545,232.8622119735487,225.41635186092915,228.14649963378906,135561200
2020-04-06T00:00:00Z,237.0172704456677,245.4375275667559,228.128205119222,243.4703369140625,188061200
2020-04-07T00:00:00Z,252.0651906394755,252.81897536266575,243.49788162912452,243.71849060058594,201427200
2020-04-08T00:00:00Z,246.31987245584386,253.71057980948646,243.8287365741532,251.89967346191406,153774500
2020-04-09T00:00:00Z,255.1630179533185,258.4906954182596,253.223432045882,255.73297119140625,189999200
2020-04-13T00:00:00Z,254.75865061637052,255.09876554675654,249.4913857331464,253.39816284179688,114839100
2020-04-14T00:00:00Z,258.2884549436128,261.8918654699185,253.26020343605688,260.87152099609375,134143400
2020-04-15T00:00:00Z,255.15381785852156,261.0093805310118,253.21420410146158,255.32847595214844,121775000
2020-04-16T00:00:00Z,256.6062230641316,257.415159958969,253.4900094044969,256.5602722167969,131798300
2020-04-17T00:00:00Z,262.3331407891114,264.09806873944035,259.59379105102954,263.49139404296875,146684800
2020-04-20T00:00:00Z,259.78692076910215,263.6293729485444,258.6286951364308,258.84930419921875,100109300
2020-04-21T00:00:00Z,254.3817345361201,255.58593877116283,250.0520864620385,250.98973083496094,126385700
2020-04-22T00:00:00Z,255.8708411886541,258.30682521082116,254.5471313703784,256.5602722167969,92951600
2020-04-23T00:00:00Z,257.83803449166567,261.00942882801934,256.2385632888214,256.5419006347656,104709700
2020-04-24T00:00:00Z,258.0586753592096,260.78882372538203,256.00875672334155,260.1177673339844,85063200
2020-04-27T00:00:00Z,262.0940353543679,264.98963940111986,261.63441477383543,263.8681640625,77896600
2020-04-28T00:00:00Z,267.51764391278255,267.86696016171067,262.35151131258954,262.6548767089844,105270000
2020-04-29T00:00:00Z,267.9865035924863,271.0659685753483,266.956957484873,269.53082275390625,118745600
2020-04-30T00:00:00Z,268.1518891527446,269.6318823292637,265.28386059929,267.021240234375,122901700
2020-05-01T00:00:00Z,262.26881020124006,267.1867582133852,258.78487679464763,259.95233154296875,125180000
2020-05-04T00:00:00Z,258.0677518031974,260.97255720726406,256.58778701525625,260.6692199707031,80873200
2020-05-05T00:00:00Z,263.4913676039255,265.8905741855777,260.79796898937275,263.07769775390625,79569900
2020-05-06T00:00:00Z,264.7783363053678,265.1644020355753,260.86235843797067,261.2944030761719,73632600
2020-05-07T00:00:00Z,264.5118023829765,266.3778619344867,263.9418770105494,264.44744873046875,75250400
2020-05-08T00:00:00Z,267.5820163579853,269.2918202089729,266.4513391653479,268.822998046875,76452400
2020-05-11T00:00:00Z,266.8925176860717,270.25694423577727,266.4696745397316,268.8780822753906,79514200
2020-05-12T00:00:00Z,270.0639458677684,270.47758767684087,263.3810427599695,263.5189514160156,95870800
2020-05-13T00:00:00Z,262.95820745768185,263.9969547866996,256.4315875392969,258.8583984375,144721100
2020-05-14T00:00:00Z,256.42244422191715,262.08494754129237,250.94374432958452,261.9562683105469,121977900
2020-05-15T00:00:00Z,259.56619361268525,263.2063817576998,258.61937607827673,263.1604309082031,111146300
2020-05-18T00:00:00Z,269.38376752220853,272.7849730152195,269.06205537135446,271.1763000488281,119703800
2020-05-19T00:00:00Z,270.5787601052246,272.28853594964113,268.3725859611599,268.3909606933594,95189300
2020-05-20T00:00:00Z,271.930064197411,273.8144983071531,271.7002537911972,272.9504089355469,85861700
2020-05-21T00:00:00Z,272.82164175506375,273.63057861267043,269.97198802595636,271.0658874511719,78293900
2020-05-22T00:00:00Z,270.78092249867296,271.75531605411203,269.53994110545716,271.5806579589844,63958200
2020-05-26T00:00:00Z,277.54650948578575,277.78552119257876,271.59901735603495,274.9266662597656,88951400
2020-05-27T00:00:00Z,277.7212306525081,279.0541420158943,272.8952128963509,279.0173645019531,104817400
2020-05-28T00:00:00Z,280.04688227031033,282.06002314727544,277.8315071665672,278.5025634765625,90405200
2020-05-29T00:00:00Z,278.03381779303385,280.3319218865328,275.28529427417817,279.7436218261719,119090800
2020-06-01T00:00:00Z,279.100077323199,281.48090925059915,278.58530436878937,280.87420654296875,55758300
2020-06-02T00:00:00Z,281.7934518574034,283.2458690404746,280.46056860288843,283.19989013671875,74267200
2020-06-03T00:00:00Z,285.18548024177693,287.92483007098406,284.9097190069347,286.96881103515625,92567600
2020-06-04T00:00:00Z,285.98512499571984,287.7225043821974,284.1190664248825,286.2149353027344,75794400
2020-06-05T00:00:00Z,291.6109815909454,295.324696931107,291.5466279553278,293.5505676269531,150524700
2020-06-08T00:00:00Z,294.35949682860377,297.2918792842742,293.817147742069,297.0988464355469,73641200
2020-06-09T00:00:00Z,294.43300601196165,297.17235545339963,293.5689168610725,294.8834533691406,77479200
2020-06-10T00:00:00Z,295.462583123064,296.3542484031599,292.5209994219378,293.2380065917969,95000800
2020-06-11T00:00:00Z,286.306935800571,286.94121464894255,275.7816379696527,276.3331604003906,209243600
2020-06-12T00:00:00Z,283.3469055073033,284.11906476800726,274.4854347080679,279.6423645019531,194678900
2020-06-15T00:00:00Z,273.9523329194972,283.38375938311225,272.7757049594633,282.2530822753906,135782700
2020-06-16T00:00:00Z,290.0023281440216,290.149410155266,282.82305403498947,287.6858215332031,137627500
2020-06-17T00:00:00Z,288.7061588750805,289.0003228615567,285.75537372521586,286.49078369140625,83398900
2020-06-18T00:00:00Z,284.9740270872474,287.07906963373426,284.51440640064004,286.60107421875,80828700
2020-06-19T00:00:00Z,290.0689696801593,290.26285198086515,283.01504638164135,284.96319580078125,135549600
2020-06-22T00:00:00Z,284.36304192298934,287.18829677421513,283.2181755111513,286.7912902832031,74649400
2020-06-23T00:00:00Z,289.4411072237713,290.3736357062622,287.70532390749855,288.111572265625,68471200
2020-06-24T00:00:00Z,286.07110475847367,286.68971915216207,278.9248757908203,280.76220703125,132813500
2020-06-25T00:00:00Z,280.1898292059112,284.0399473243526,278.1678289833196,283.7721862792969,89468000
2020-06-26T00:00:00Z,282.67343082724625,282.88579689027085,276.45048811590635,277.0321350097656,127961000
2020-06-29T00:00:00Z,278.2878986725835,281.24239974862263,275.9981370930579,281.1039123535156,79773300
2020-06-30T00:00:00Z,280.66986274061657,286.40349236880866,280.51291980961736,284.7046203613281,113394800
2020-07-01T00:00:00Z,285.8218691543317,287.96390105074033,285.360225806475,286.698974609375,72396500
2020-07-02T00:00:00Z,290.1335885242947,291.4816073233506,287.61303399713563,288.2778015136719,69344200
2020-07-06T00:00:00Z,292.1001687186121,293.30967187564966,291.35230884827496,292.7279968261719,61713800
2020-07-07T00:00:00Z,291.1861878161966,293.1620068643434,289.3303723806456,289.70892333984375,82910000
2020-07-08T00:00:00Z,290.4751465955823,292.0355030043778,288.7116942101427,291.9247131347656,54638600
2020-07-09T00:00:00Z,292.5341865760372,292.77425016071106,286.8467365020925,290.2629089355469,83354200
2020-07-10T00:00:00Z,290.19824424631554,293.49438457109676,288.7671611130503,293.22662353515625,57550400
2020-07-13T00:00:00Z,295.57172419762725,297.95379107027304,290.03200496438967,290.6875305175781,102997500
2020-07-14T00:00:00Z,289.2656652398442,295.23011664805574,288.0654039937912,294.4545593261719,93657000
2020-07-15T00:00:00Z,297.67688940871585,298.2585645791441,294.7777554407008,297.15985107421875,87196500
2020-07-16T00:00:00Z,295.2578352089557,296.6335232521369,294.61152330631586,296.1811218261719,54622500
2020-07-17T00:00:00Z,297.1875241733961,297.82459424337384,295.21167713283364,297.039794921875,62774900
2020-07-20T00:00:00Z,296.7720261466081,300.18819807974637,296.02416620162734,299.4403381347656,56308800
2020-07-21T00:00:00Z,301.4069275614781,301.8500871049481,299.0894691350206,300.077392578125,57292200
2020-07-22T00:00:00Z,299.7173083426101,302.09940368262994,299.6065184526506,301.78546142578125,57792900
2020-07-23T00:00:00Z,301.42540716743423,302.12711406913473,296.8182155953633,298.1846618652344,75738000
2020-07-24T00:00:00Z,296.328858018481,297.2890558358542,294.75925946179956,296.26422119140625,73766600
2020-07-27T00:00:00Z,296.95672110500396,298.6001703884858,296.16267985039116,298.42474365234375,48293000
2020-07-28T00:00:00Z,297.6952737904054,298.81247079634437,296.2364934476947,296.5319519042969,57495000
2020-07-29T00:00:00Z,297.40903461982157,300.7421134441049,297.3720952714355,300.17889404296875,48454200
2020-07-30T00:00:00Z,297.2059723944225,299.5234309444589,295.1193636875488,299.1079406738281,61861700
2020-07-31T00:00:00Z,300.8991853011738,301.57319485981407,296.67975754287016,301.47161865234375,84986800
2020-08-03T00:00:00Z,303.1334674949773,304.3337288211006,302.58873177456934,303.5674133300781,53077900
2020-08-04T00:00:00Z,302.7088089568506,304.74005126953125,302.7088089568506,304.74005126953125,41917900
2020-08-05T00:00:00Z,306.0418625918955,306.89129880632356,305.77410154284553,306.63275146484375,42697700
2020-08-06T00:00:00Z,306.05108949352723,308.8024658628492,305.72793350897297,308.68243408203125,43679400
2020-08-07T00:00:00Z,307.71294414525704,309.19020827921787,306.8081131712944,308.90399169921875,57308300
2020-08-10T00:00:00Z,309.356415827872,310.0119414454086,307.4175082706169,309.8273010253906,44282100
2020-08-11T00:00:00Z,311.0090413238048,311.6461112181924,306.5403383587364,307.26971435546875,69601100
2020-08-12T00:00:00Z,309.70722946844614,312.32935977820927,309.679532000178,311.5538024902344,53774400
2020-08-13T00:00:00Z,310.78753741033046,312.3017411953798,310.06737487698325,310.99066162109375,41816100
2020-08-14T00:00:00Z,310.6028714247222,311.5353999760587,309.87346706744495,310.9998779296875,47260400
2020-08-17T00:00:00Z,312.0154599206983,312.38476890654016,311.0090809592796,311.9877624511719,35481000
2020-08-18T00:00:00Z,312.38474031767976,313.08644705008913,310.78744458391986,312.6617431640625,38733900
2020-08-19T00:00:00Z,313.0403457388199,313.5573840389721,310.7967658103232,311.3599853515625,68054200
2020-08-20T00:00:00Z,309.63345783177203,312.80956678157935,309.50421232732066,312.3294677734375,42207800
2020-08-21T00:00:00Z,311.99699218231325,313.65889664211295,311.6553525028336,313.43731689453125,55106600
2020-08-24T00:00:00Z,315.8748181437234,316.68731488840734,313.4096586142327,316.61346435546875,48588700
2020-08-25T00:00:00Z,317.1766997393025,317.8045279741512,316.0133494044836,317.721435546875,38463400
2020-08-26T00:00:00Z,318.3123353958914,321.17450165786835,317.76759961775787,320.9067687988281,50790200
2020-08-27T00:00:00Z,321.7746725008695,323.0580264245903,319.9465546023267,321.60845947265625,58034100
2020-08-28T00:00:00Z,322.6332589850596,323.8150646592131,321.4422114288014,323.685791015625,48588900
2020-08-31T00:00:00Z,323.473470596124,324.3505759728523,322.28242297558756,322.51324462890625,66099200
2020-09-01T00:00:00Z,323.3442345333608,325.6524513348711,322.4486452873158,325.5509033203125,54908700
2020-09-02T00:00:00Z,327.46214667089407,331.22914447381027,326.3172518616977,330.25970458984375,69540000
2020-09-03T00:00:00Z,328.56988198677317,329.0407670032195,316.3086413888936,318.89385986328125,148011100
2020-09-04T00:00:00Z,319.5771810982591,321.14675134230083,309.18096542994215,316.290283203125,139156300
2020-09-08T00:00:00Z,310.87981848066687,316.35492934972956,307.34364325395643,307.6483154296875,114465300
2020-09-09T00:00:00Z,311.6553602505374,316.188700542301,310.7874686489755,313.7235412597656,91462300
2020-09-10T00:00:00Z,315.59780899777945,316.25333454581227,307.3159276821659,308.2761535644531,90569500
2020-09-11T00:00:00Z,310.05809882812946,311.11987273507737,305.6078508539459,308.43310546875,84680200
2020-09-14T00:00:00Z,311.6000162516437,314.2683283126777,308.58087891635495,312.49560546875,65605700
2020-09-15T00:00:00Z,314.9515989909545,315.7825515027897,312.5048945263648,314.0744934082031,52920900
2020-09-16T00:00:00Z,315.31161561893896,316.74269857760834,312.55096952637047,312.8279724121094,82096000
2020-09-17T00:00:00Z,307.9715369017324,311.79395770580686,307.4452566733784,310.0766296386719,91523300
2020-09-18T00:00:00Z,310.8821336756627,310.99336705552685,304.02246845450276,306.50677490234375,105877900
2020-09-21T00:00:00Z,301.9182014330189,303.2437795741085,298.2380798999571,303.095458984375,99450800
2020-09-22T00:00:00Z,304.5787110885869,306.7385683220991,302.0665676151903,306.182373046875,63612100
2020-09-23T00:00:00Z,306.7385217044883,307.0166334444668,298.5810865385112,299.0816650390625,93112200
2020-09-24T00:00:00Z,297.7652958983576,302.937845386202,296.448968406663,299.8788146972656,76681300
2020-09-25T00:00:00Z,299.0259943751535,305.5148717009548,298.1546568746652,304.7269592285156,71069400
2020-09-28T00:00:00Z,308.8891253586317,310.5020659374077,307.8972472441894,309.7882995605469,64584600
2020-09-29T00:00:00Z,309.58431274931326,310.32588735238784,307.4058984550522,308.10113525390625,51304000
2020-09-30T00:00:00Z,308.76860928712824,313.58892978637374,308.5739508757094,310.43719482421875,104081100
2020-10-01T00:00:00Z,313.03270872151455,314.0060289873834,310.5484025217798,312.43017578125,88698700
2020-10-02T00:00:00Z,307.48010881582076,312.40238366370073,307.00733868479756,309.4638366699219,89431100
2020-10-05T00:00:00Z,311.52166182686176,315.1368870502554,311.47532402870127,314.9515075683594,45713100
2020-10-06T00:00:00Z,315.0906262164625,317.18561572731545,309.9644141027496,310.4742431640625,90128900
2020-10-07T00:00:00Z,313.43129285943087,316.68501022213155,313.403484518265,315.8785400390625,56999600
2020-10-08T00:00:00Z,317.81598305879504,318.7429656383515,316.89825106833507,318.6780700683594,45242500
2020-10-09T00:00:00Z,320.32811028649445,321.9874170889095,319.7070477762188,321.52392578125,59528600
2020-10-12T00:00:00Z,324.063844968693,328.1703711128486,323.5725453203997,326.69647216796875,80388500
2020-10-13T00:00:00Z,326.55742954167613,326.7335584990035,323.60035278140873,324.5644226074219,73255500
2020-10-14T00:00:00Z,325.1391526992879,326.2329853972063,321.7927590329618,322.5250549316406,57727900
2020-10-15T00:00:00Z,318.61313237555913,322.60842450210197,318.07549499777156,322.12640380859375,60357700
2020-10-16T00:00:00Z,323.4798076396234,325.13911424772533,321.7556337558863,321.9317626953125,89501900
2020-10-19T00:00:00Z,323.1924104328647,323.8227516799886,316.1380878968359,317.0372619628906,68425600
2020-10-20T00:00:00Z,318.38139712826285,321.55168968171705,317.6212929886074,318.3072509765625,60051900
2020-10-21T00:00:00Z,318.26084819327986,320.430011857811,317.39876136898965,317.7046813964844,63575000
2020-10-22T00:00:00Z,317.9179331532719,320.0314522737697,315.7766056873438,319.44744873046875,55399300
2020-10-23T00:00:00Z,320.6710851896819,320.7267018827422,318.0755452159894,320.53204345703125,49143900
2020-10-26T00:00:00Z,317.1485966489191,317.9365376041865,311.1139302008655,314.6086730957031,91473000
2020-10-27T00:00:00Z,314.95170090858187,315.28540115439654,313.3109231655121,313.5241394042969,65994100
2020-10-28T00:00:00Z,307.85095456057604,313.55189240092136,302.3168668136809,302.80816650390625,127094300
2020-10-29T00:00:00Z,303.0398382217238,309.05594531130174,301.35272336162404,305.88568115234375,90597700
2020-10-30T00:00:00Z,304.3098400497384,305.6168888814722,299.0445857878949,302.6968994140625,120287300
2020-11-02T00:00:00Z,306.0896911621094,308.0919488492275,303.3458020708051,306.0896911621094,86068300
2020-11-03T00:00:00Z,309.3248519661346,313.5518907130495,306.1731165199986,311.4939880371094,93294200
2020-11-04T00:00:00Z,315.9712318810282,322.53428362589443,314.79397432552076,318.45556640625,126959700
2020-11-05T00:00:00Z,323.7394296519222,326.4740399373296,323.38717169903396,324.6664123535156,82039700
2020-11-06T00:00:00Z,324.3790079432216,325.8436562639265,322.26548878904805,324.59222412109375,74973000
2020-11-09T00:00:00Z,337.3938380999121,337.77390433814645,328.2074376824893,328.6709289550781,172304200
2020-11-10T00:00:00Z,327.6790464420353,329.24564918548936,324.9166565996286,328.18890380859375,85552000
2020-11-11T00:00:00Z,330.3765581914952,331.4518612889709,329.1344050330131,330.6268615722656,58649000
2020-11-12T00:00:00Z,329.61637727502233,330.6731507511697,325.6118349534943,327.41943359375,67546200
2020-11-13T00:00:00Z,329.32901662727664,332.69396715892105,328.809908762868,331.952392578125,62892200
2020-11-16T00:00:00Z,334.62217047881086,336.2907277500925,333.33365115779196,336.0960693359375,74541100
2020-11-17T00:00:00Z,333.68591913167813,335.49354647121936,332.1749330059845,334.2884521484375,66111000
2020-11-18T00:00:00Z,334.55725327164475,335.1041695450707,330.2282326036911,330.26531982421875,70591300
2020-11-19T00:00:00Z,329.63506820404734,332.0266712274363,328.29093191451557,331.6558837890625,59940900
2020-11-20T00:00:00Z,331.39620780880034,331.60014506825297,329.3104974100037,329.3846435546875,70417300
2020-11-23T00:00:00Z,331.19234181614615,332.6199029395009,328.95831035799966,331.35919189453125,63230600
2020-11-24T00:00:00Z,333.90841208983915,337.2455552842376,333.05560389471066,336.6986389160156,62415900
2020-11-25T00:00:00Z,336.61515677967736,336.6429651228615,335.085641326032,336.1794738769531,45330900
2020-11-27T00:00:00Z,337.27335489567287,337.5885255934708,336.1053477355722,337.11578369140625,28514100
2020-11-30T00:00:00Z,336.33708795881,336.6059208367198,332.9443565005629,335.6233215332031,83872700
2020-12-01T00:00:00Z,338.87697278160647,340.83289212462,338.2836904492131,339.2940979003906,74231400
2020-12-02T00:00:00Z,338.1818081843012,340.16553629221875,337.6070834828416,340.0079650878906,45927000
2020-12-03T00:00:00Z,339.90591277346965,341.30566530410596,338.81208028863574,339.9151916503906,62882000
2020-12-04T00:00:00Z,340.4992481431544,342.8445129394531,340.4065442272832,342.8445129394531,50749900
2020-12-07T00:00:00Z,342.07511907507774,342.6313143095269,340.8700529748252,342.1400146484375,48944300
2020-12-08T00:00:00Z,340.8700252302088,343.7065895768302,340.8236874183033,343.1411437988281,42458900
2020-12-09T00:00:00Z,343.79924510819586,343.95681627791015,339.2292285583469,340.0635070800781,74098300
2020-12-10T00:00:00Z,338.6915901201066,340.9997674831479,337.8202243105125,339.9523010253906,57735400
2020-12-11T00:00:00Z,338.2559409711253,339.961585539684,336.7357042360189,339.5537109375,57698600
2020-12-14T00:00:00Z,341.7228787095807,342.7981536293505,337.8573488263368,338.0334777832031,69216200
2020-12-15T00:00:00Z,340.5734516867727,342.6035461425781,339.2015353420675,342.6035461425781,63865300
2020-12-16T00:00:00Z,342.8166942477022,344.058847472952,341.93604950739774,343.1411437988281,58420500
2020-12-17T00:00:00Z,344.78188359842443,345.2639043286698,343.95685556996756,345.0599670410156,64119500
2020-12-18T00:00:00Z,345.3485390064458,345.5161002847388,341.67133885477017,343.6821594238281,136542300
2020-12-21T00:00:00Z,339.7629846416698,352.3212752668946,337.0260363965949,342.453369140625,96386700
2020-12-22T00:00:00Z,342.7791360979551,342.8908436114936,340.74970717574905,341.8761291503906,47949000
2020-12-23T00:00:00Z,342.84436581711367,344.0918139440392,341.8575780688017,342.18341064453125,46201400
2020-12-24T00:00:00Z,342.6581462095984,343.542544801245,342.0716817018129,343.5146179199219,26457900
2020-12-28T00:00:00Z,346.06540553732583,346.8567051409463,345.4416956497775,346.4657287597656,39000400
2020-12-29T00:00:00Z,347.9924184877755,348.1692982115266,345.2182250819667,345.8047180175781,53680500
2020-12-30T00:00:00Z,346.62395879952305,347.33147772383484,345.90714985399984,346.2981262207031,49455300
2020-12-31T00:00:00Z,346.1026197103733,348.78371400805713,345.59061740637577,348.0575866699219,78520700
2021-01-04T00:00:00Z,349.38886325350404,349.51920765992713,339.6233739583343,343.3191833496094,110210800
2021-01-05T00:00:00Z,342.67681712955124,346.7729211198693,342.63025338281886,345.6837158203125,66426200
2021-01-06T00:00:00Z,344.17558324644114,350.9434912559952,343.62633562425066,347.7503662109375,107997700
2021-01-07T00:00:00Z,350.1242211986964,353.6617584095082,349.9473414971712,352.9170227050781,68766800
2021-01-08T00:00:00Z,354.3041791798379,355.14201412513074,351.0552285052697,354.92791748046875,71677200
2021-01-11T00:00:00Z,351.7533887862446,354.29482021588973,351.632362830576,352.5353698730469,51034700
2021-01-12T00:00:00Z,352.72153817176564,353.6245167279708,350.3662482704432,352.60980224609375,52547700
2021-01-13T00:00:00Z,352.53538468344925,354.5554954734266,351.7534035637951,353.5594177246094,45303600
2021-01-14T00:00:00Z,354.3041217359534,354.80683398556437,351.9861054675014,352.32122802734375,49989100
2021-01-15T00:00:00Z,350.7014344796534,351.5020240301078,347.8900242126763,349.75189208984375,107160000
2021-01-19T00:00:00Z,352.2095816653885,353.0381265986138,350.72939994936974,352.4981689453125,51233300
2021-01-20T00:00:00Z,354.78819724418975,358.21405551285824,354.397220924243,357.376220703125,61836100
2021-01-21T00:00:00Z,357.93475983810305,358.36300987967786,356.7804109135132,357.7020263671875,47840100
2021-01-22T00:00:00Z,355.8494812219019,357.5996414893799,355.4677949159223,356.43597412109375,52860500
2021-01-25T00:00:00Z,357.1714926802257,358.19549744523476,352.3213056451607,357.8417663574219,70402000
2021-01-26T00:00:00Z,358.79128116207573,359.2008944003585,357.0504391042999,357.2831726074219,42665300
2021-01-27T00:00:00Z,353.95965704196203,354.0527561056327,346.3166983590229,348.5509338378906,123351100
2021-01-28T00:00:00Z,350.3663101277551,355.55161937828063,349.92879841681105,351.5486145019531,94198100
2021-01-29T00:00:00Z,349.6867018282273,350.6548810290884,342.83501362114134,344.5107116699219,126765100
2021-02-01T00:00:00Z,347.90861660624154,351.2785927627981,344.7993008040637,350.2452697753906,75817600
2021-02-02T00:00:00Z,353.4290462295083,356.7524870405597,350.32904887111556,355.19781494140625,64450700
2021-02-03T00:00:00Z,356.02632883796133,357.19931453059735,354.20170652374054,355.4770812988281,52427100
2021-02-04T00:00:00Z,356.5104983071963,359.56396087599126,355.5888826824537,359.5174255371094,47142600
2021-02-05T00:00:00Z,361.3885499748435,361.63989189934597,359.47082842089645,360.932373046875,48669800
2021-02-08T00:00:00Z,362.3845937050821,363.58550627379077,361.52815051007155,363.5389709472656,38365200
2021-02-09T00:00:00Z,362.7011247326708,363.89274733764177,362.2915399745202,363.29693603515625,35551100
2021-02-10T00:00:00Z,365.0378462808228,365.18679913439,360.7369356197839,363.13873291015625,59154400
2021-02-11T00:00:00Z,364.21861361632875,364.6375452854998,361.2954955929545,363.7252197265625,42913300
2021-02-12T00:00:00Z,362.92462830443,365.7639656617887,362.8501376743546,365.5219421386719,50593300
2021-02-16T00:00:00Z,366.7507677394015,366.94628434358594,364.4886048325737,365.2054138183594,50972400
2021-02-17T00:00:00Z,363.45527392535223,365.54055704666837,362.440530839151,365.2892150878906,52290600
2021-02-18T00:00:00Z,362.6825067811136,364.47920225148306,360.96027351668073,363.7344665527344,59712800
2021-02-19T00:00:00Z,364.99136830781555,365.27995562887946,362.6453960077391,363.0922546386719,83241000
2021-02-22T00:00:00Z,360.3272738044918,362.71046232061997,360.02936813751376,360.2993469238281,67414200
2021-02-23T00:00:00Z,358.0930589330605,362.0867735591579,353.941101443955,360.7369079589844,107284100
2021-02-24T00:00:00Z,359.6477223454717,365.1402557134538,358.6609345710552,364.7120056152344,72433900
2021-02-25T00:00:00Z,363.4459432788632,364.81441738369665,354.4810443890207,355.9239807128906,146670500
2021-02-26T00:00:00Z,357.804410993549,358.94944138294915,352.1071006945636,354.0899658203125,152701600
2021-03-01T00:00:00Z,358.95880058810565,363.92069420530373,354.28552261817083,362.6732177734375,105348800
2021-03-02T00:00:00Z,362.8966935413863,363.12942703807903,359.34051889355743,359.8432312011719,79595300
2021-03-03T00:00:00Z,359.1449583838965,360.11310908007255,354.9743647355209,355.0767822265625,119940200
2021-03-04T00:00:00Z,354.8906420427798,357.47863729094,346.19572234702065,350.6828308105469,183433000
2021-03-05T00:00:00Z,354.1830824863514,358.18611506318695,346.90320141461257,357.1341552734375,152039600
2021-03-08T00:00:00Z,358.09305771331407,360.9044680233819,355.0768407972248,355.3561096191406,123149200
2021-03-09T00:00:00Z,359.20081753054825,362.9804065396195,358.6981053166281,360.4296569824219,113633600
2021-03-10T00:00:00Z,362.7756352759854,364.3675242968636,361.36062596963234,362.6732177734375,109899400
2021-03-11T00:00:00Z,365.1402001712224,368.32397808065963,364.68402325858307,366.35040283203125,86245000
2021-03-12T00:00:00Z,364.99135275230026,366.9835370260259,364.1814446012603,366.8439025878906,64653600
2021-03-15T00:00:00Z,367.0951054485941,369.292123945395,364.9539691157233,369.0314636230469,73427200
2021-03-16T00:00:00Z,369.645957368341,370.353447865086,367.7933794539433,368.5660705566406,73722500
2021-03-17T00:00:00Z,367.28135513431295,370.6234044689322,366.13629619510306,369.82281494140625,97959300
2021-03-18T00:00:00Z,367.2348490775415,369.32013211532865,363.76245508171684,364.4420471191406,115349100
2021-03-19T00:00:00Z,364.1412876855865,365.7197211971754,361.59150389696646,363.7677001953125,113624500
2021-03-22T00:00:00Z,364.2813085699684,368.05460704440395,364.2252718824728,366.67230224609375,73778600
2021-03-23T00:00:00Z,366.0373101003052,367.4849724644324,363.00186510857276,363.7864074707031,90686600
2021-03-24T00:00:00Z,365.18737456445785,366.821844910974,361.8904155198871,361.9371032714844,97588600
2021-03-25T00:00:00Z,360.4987874842971,364.7670683556702,358.5560867809132,363.97320556640625,116128600
2021-03-26T00:00:00Z,365.12196135499164,370.2401983720078,364.5242270663124,369.8385925292969,114409100
2021-03-29T00:00:00Z,368.362862908593,370.55772850073316,366.87783346614003,369.6517639160156,108107600
2021-03-30T00:00:00Z,368.3815491232856,369.3435503732095,367.07395025683695,368.67108154296875,76262200
2021-03-31T00:00:00Z,369.2407713856675,371.72516915261264,369.2127530406712,370.1654052734375,112734200
2021-04-01T00:00:00Z,372.0988084552015,374.2189680327331,371.89333106228867,374.16290283203125,99682900
2021-04-05T00:00:00Z,376.82474984617124,380.0750207457854,376.7500437520767,379.5332946777344,91684800
2021-04-06T00:00:00Z,378.9729228929124,380.3551993878055,378.6366742165215,379.30914306640625,62021000
2021-04-07T00:00:00Z,379.1411161256836,380.09376866239757,378.6834735104342,379.7481994628906,55836300
2021-04-08T00:00:00Z,380.9996431984528,381.60672639186373,380.06566028462163,381.5506896972656,57863100
2021-04-09T00:00:00Z,381.429291282708,384.49275406318844,381.30786894490393,384.3246154785156,61104600
2021-04-12T00:00:00Z,383.7268976917543,384.7355867285504,383.11981447960585,384.4647521972656,56704900
2021-04-13T00:00:00Z,384.36194139109745,386.22990699521483,383.9790050219062,385.6041259765625,56551000
2021-04-14T00:00:00Z,385.5761343766993,386.6315395766929,383.7455359385016,384.2872619628906,61659900
2021-04-15T00:00:00Z,386.42610852089956,388.68635987083064,386.3794207731198,388.4154968261719,60229800
2021-04-16T00:00:00Z,389.70436564966764,390.32079778500326,388.28472190043465,389.7137145996094,82037300
2021-04-19T00:00:00Z,388.77971032486425,389.2280038510843,386.472771544875,387.79901123046875,78498500
2021-04-20T00:00:00Z,386.5849297445035,387.68702290879025,383.4840991609738,384.9598083496094,81851800
2021-04-21T00:00:00Z,384.34336511048394,388.80780284580254,384.2032448539139,388.6023254394531,66793000
2021-04-22T00:00:00Z,388.43414245658613,389.2653723743387,383.9883749549103,385.0531005859375,97582800
2021-04-23T00:00:00Z,385.61357852432894,390.6384119098377,385.5388724213667,389.22808837890625,73209200
2021-04-26T00:00:00Z,389.8817967410728,390.61030221191777,389.29338299483373,390.0405578613281,52182400
2021-04-27T00:00:00Z,390.3394793906885,390.53563632822335,388.81708265316865,389.95654296875,51303100
2021-04-28T00:00:00Z,390.2273883088753,391.3481791760754,389.3774604601128,389.8444519042969,51238900
2021-04-29T00:00:00Z,392.57179370789436,392.9453812570922,388.94793462457886,392.3289489746094,78544300
2021-04-30T00:00:00Z,390.0593289877053,390.9092569470682,388.8544829241141,389.7510986328125,85527000
2021-05-03T00:00:00Z,391.74039435817514,392.1233307220207,390.0966040314661,390.59161376953125,68128300
2021-05-04T00:00:00Z,388.6023105837801,389.0973204297574,384.49279111679294,388.1820068359375,101591200
2021-05-05T00:00:00Z,389.82580250833166,390.05929824240366,387.7430102993665,388.30340576171875,60162200
2021-05-06T00:00:00Z,388.37805118189345,391.53491757383625,386.36999388315786,391.4041748046875,74321400
2021-05-07T00:00:00Z,392.17010496663084,394.9066681025146,391.4882871687611,394.25286865234375,67733800
2021-05-10T00:00:00Z,394.60780651677413,394.8319533096077,390.22742408846256,390.3488464355469,81852400
2021-05-11T00:00:00Z,385.8283743617133,387.85510146471046,382.9890581244751,386.8650817871094,116888000
2021-05-12T00:00:00Z,384.08181415543856,385.3520172707222,377.32910724736956,378.6460266113281,134811000
2021-05-13T00:00:00Z,380.19647206863493,385.12790123879364,380.14975581622974,383.1945495605469,106394000
2021-05-14T00:00:00Z,385.9310346899563,389.9284800362055,385.9030163453545,389.07855224609375,82201600
2021-05-17T00:00:00Z,387.9671986859142,388.9011816537385,386.0711858984487,388.0885925292969,65129200
2021-05-18T00:00:00Z,388.3500329372669,388.59287758375297,384.5860834311973,384.744873046875,59810200
2021-05-19T00:00:00Z,380.0563698240923,383.9136956201269,378.57131179137997,383.7362365722656,106467100
2021-05-20T00:00:00Z,384.6142002311314,389.1253542262279,384.4928063797059,387.8644714355469,78022200
2021-05-21T00:00:00Z,389.3494858539395,390.59169919664373,387.0892629717918,387.5469055175781,76578700
2021-05-24T00:00:00Z,389.78844536691764,392.5717248506236,389.54560067622776,391.4976501464844,51376700
2021-05-25T00:00:00Z,392.58101863752853,392.93593669892675,390.0499329669356,390.6289978027344,57451400
2021-05-26T00:00:00Z,391.21736684545465,391.90850498940915,390.18065962952284,391.4041748046875,43088600
2021-05-27T00:00:00Z,392.4317119770929,392.94539130751554,391.3295901998511,391.60980224609375,56707700
2021-05-28T00:00:00Z,393.1788390804018,393.44035318988387,392.07674594064906,392.31024169921875,58520200
2021-06-01T00:00:00Z,394.6731442042603,394.81323593275704,391.5256265248219,391.964599609375,54216600
2021-06-02T00:00:00Z,392.6183914671472,393.4216315915621,391.60970246523397,392.5810241699219,49097100
2021-06-03T00:00:00Z,390.26480554943856,392.2635143648258,388.7984453863478,391.1240539550781,58138800
2021-06-04T00:00:00Z,392.9732978416649,395.0000532381176,391.1893871156072,394.701171875,55938800
2021-06-07T00:00:00Z,394.69182475887226,394.8692837876168,393.3842544177777,394.3182373046875,51555000
2021-06-08T00:00:00Z,395.17747595077844,395.27087993776814,392.57168428200526,394.40228271484375,47134300
2021-06-09T00:00:00Z,395.24292720536323,395.31766180851946,393.58978752250255,393.8139343261719,48436300
2021-06-10T00:00:00Z,395.0374784616624,396.5972427580908,393.720558888761,395.6445617675781,51020100
2021-06-11T00:00:00Z,396.1955848814836,396.410382721431,394.90668383020704,396.2983093261719,45570800
2021-06-14T00:00:00Z,396.4103251655172,397.2882713047734,395.16814054455347,397.185546875,42358500
2021-06-15T00:00:00Z,397.3350997073947,397.37243850900103,395.5792069332303,396.4571533203125,51508500
2021-06-16T00:00:00Z,396.59721625461583,396.8213630595682,392.19816419002484,394.2435607910156,80386100
2021-06-17T00:00:00Z,393.8325789844645,395.0934330875437,391.63771348560346,394.1127624511719,90949700
2021-06-18T00:00:00Z,390.82940868218697,391.52280806426444,388.5899013988071,388.7960510253906,118676300
2021-06-21T00:00:00Z,390.55762558464596,394.54941864548533,389.7424066854368,394.36199951171875,72822000
2021-06-22T00:00:00Z,394.35261904344696,397.3042843043094,393.63108116900446,396.4703063964844,57700300
2021-06-23T00:00:00Z,396.5453725429614,397.3512120232172,395.9081931498081,395.9925231933594,49445400
2021-06-24T00:00:00Z,398.13831292432985,398.75673318670397,397.88529422084855,398.3350830078125,45110300
2021-06-25T00:00:00Z,399.0846801731096,400.1997582443463,398.75671098813206,399.7499694824219,58129500
2021-06-28T00:00:00Z,400.274777553691,400.72453776466034,399.07536933086004,400.5558776855469,53159600
2021-06-29T00:00:00Z,400.9400223650543,401.577201657203,400.23724351738144,400.7713623046875,35970500
2021-06-30T00:00:00Z,400.31221515795005,401.78337248653116,400.28410514640404,401.10870361328125,64827900
2021-07-01T00:00:00Z,401.8677508401516,403.4888379572731,401.80215127327483,403.32952880859375,53441000
2021-07-02T00:00:00Z,404.49140558885847,406.76840218909126,403.41378848033645,406.4123229980469,57697700
2021-07-06T00:00:00Z,406.4685771019908,406.68410626099694,402.9359520976346,405.6720886230469,68710400
2021-07-07T00:00:00Z,406.35618496076756,407.38693319644403,404.3415575796705,407.1058044433594,63549500
2021-07-08T00:00:00Z,401.7833895422592,404.5476647115918,400.60271181491555,403.7886657714844,97595200
2021-07-09T00:00:00Z,405.2972327387951,408.39882766783205,403.591815925737,408.0989685058594,76238600
2021-07-12T00:00:00Z,408.0147135517589,409.8138402584851,407.58368379970483,409.5608215332031,52889600
2021-07-13T00:00:00Z,408.77374227084334,410.27300986948524,407.9023031665115,408.1646728515625,52911300
2021-07-14T00:00:00Z,409.8607415696969,410.3480200189035,407.5275242441298,408.7737731933594,64130400
2021-07-15T00:00:00Z,407.43375298751454,408.10842192602513,405.4753457373174,407.3775329589844,55126400
2021-07-16T00:00:00Z,408.55817239214764,408.60501287947545,403.78864977864345,404.18218994140625,75874700
2021-07-19T00:00:00Z,399.35644496226297,404.24778712950507,395.40214130525,398.2132568359375,147987000
2021-07-20T00:00:00Z,398.8785584072042,405.1942176052661,398.0820699298473,403.9198303222656,99608200
2021-07-21T00:00:00Z,405.1193378747333,407.3307642391192,403.8730888945269,407.190185546875,64724400
2021-07-22T00:00:00Z,407.3681167667281,408.2864248103382,406.3842377598322,408.04278564453125,47878500
2021-07-23T00:00:00Z,409.97316793833465,412.57813441994017,409.2891479785124,412.2408142089844,63766600
2021-07-26T00:00:00Z,411.6503882088871,413.26209560038063,411.6035477215418,413.2527160644531,43719200
2021-07-27T00:00:00Z,412.21265274876606,412.2407627628377,408.5394488652319,411.36932373046875,67397100
2021-07-28T00:00:00Z,411.99714163798257,412.5781010183634,409.77636464052375,411.2006530761719,52472400
2021-07-29T00:00:00Z,412.12833741336397,413.9836556005954,412.1189578762892,412.90606689453125,47435300
2021-07-30T00:00:00Z,410.33858897512397,412.35321630587856,410.20738984106623,410.90081787109375,68951200
2021-08-02T00:00:00Z,412.61555230549715,413.16840161930367,409.68261706413523,410.0386962890625,58783300
2021-08-03T00:00:00Z,410.8352061543172,413.49639234731455,408.642539261414,413.37457275390625,58053900
2021-08-04T00:00:00Z,412.0908364864167,413.34646478534535,411.1069573898092,411.3412170410156,46732200
2021-08-05T00:00:00Z,412.5031500015922,414.0305275555735,412.1845602964902,413.9461975097656,38969700
2021-08-06T00:00:00Z,414.26472732503214,415.0518362349307,413.9835986168319,414.6301574707031,46930000
2021-08-09T00:00:00Z,414.60205680992107,414.92064647614995,413.5244682278816,414.2928466796875,41222600
2021-08-10T00:00:00Z,414.74262797604996,415.52038600343246,414.05860812109773,414.8082275390625,43339300
2021-08-11T00:00:00Z,415.87641776811984,415.9326377882429,414.7519601733688,415.83892822265625,44034300
2021-08-12T00:00:00Z,415.6890876543333,417.22584478983765,414.78953854358605,417.08526611328125,38909400
2021-08-13T00:00:00Z,417.5350910342285,417.8630603142729,417.0478411813488,417.8443298339844,39470300
2021-08-16T00:00:00Z,416.5417486330433,418.95929552799396,414.98626119675987,418.828125,73740000
2021-08-17T00:00:00Z,416.2700627013434,416.9447317088072,413.0935163801424,416.0826721191406,92673900
2021-08-18T00:00:00Z,415.0706304246031,416.63549754497274,411.28501488582106,411.52862548828125,89351900
2021-08-19T00:00:00Z,408.80177618265736,413.36517769933806,408.6612261268582,412.1657409667969,92812200
2021-08-20T00:00:00Z,412.51249736786883,415.7733732693985,412.0252190130029,415.4454040527344,72008700
2021-08-23T00:00:00Z,417.1321276721808,420.00884318252696,415.52042005494565,419.09991455078125,54973000
2021-08-24T00:00:00Z,419.76519775390625,420.2993166380276,419.2498379439889,419.76519775390625,38744700
2021-08-25T00:00:00Z,419.95265762373947,421.1614169887758,419.57781925712254,420.64605712890625,40529700
2021-08-26T00:00:00Z,420.3648595615522,420.5991192042751,418.0691322205563,418.162841796875,57829600
2021-08-27T00:00:00Z,418.96867606210947,422.27642103261843,418.9124560362428,421.901611328125,77235100
2021-08-30T00:00:00Z,422.57631070476276,424.544097540426,422.33267151100796,423.7569885253906,48357400
2021-08-31T00:00:00Z,423.6632692588089,424.0005894306205,422.52946055313254,423.129150390625,59300200
2021-09-01T00:00:00Z,424.0662234902461,424.5815833267058,423.11980527098797,423.35406494140625,48721400
2021-09-02T00:00:00Z,424.77831372503533,425.4623335511139,423.45708596482183,424.656494140625,42501000
2021-09-03T00:00:00Z,423.5226862527916,425.068794112329,423.1197379507082,424.55340576171875,47170500
2021-09-07T00:00:00Z,424.20672913760086,424.30043871518234,422.3607619842241,423.0354309082031,51671500
2021-09-08T00:00:00Z,422.501380605156,423.2322696255754,420.5991646484169,422.5201110839844,56181900
2021-09-09T00:00:00Z,422.3233164530745,424.0755740928611,420.4679696953391,420.71160888671875,57970400
2021-09-10T00:00:00Z,422.6419229191683,423.0635731561892,417.27268113189905,417.3945007324219,89948200
2021-09-13T00:00:00Z,420.3929721292917,420.65534176904265,416.1481602138,418.462646484375,83738600
2021-09-14T00:00:00Z,419.9058148435838,420.1119645196806,415.3143305263223,416.20452880859375,78197100
2021-09-15T00:00:00Z,416.62612251723135,420.17750702921626,415.520423766594,419.6808776855469,78792200
2021-09-16T00:00:00Z,419.15605298019295,420.1305523944603,416.0638088883506,419.0155029296875,77786700
2021-09-17T00:00:00Z,418.2428600689456,418.665861109797,414.5766789216659,414.93389892578125,118425000
2021-09-20T00:00:00Z,408.8047977762208,410.38405885600616,403.14573587535295,408.0151672363281,166445500
2021-09-21T00:00:00Z,410.3559338587685,411.65319451439296,407.103401321114,407.62982177734375,92526100
2021-09-22T00:00:00Z,409.9046690416803,413.64604074631075,407.74258725869817,411.60614013671875,102350100
2021-09-23T00:00:00Z,413.4768249344985,418.21463714747955,413.2418148065021,416.6071472167969,76396000
2021-09-24T00:00:00Z,414.97149473457984,418.0078359804858,414.7552750846295,417.29339599609375,62094800
2021-09-27T00:00:00Z,416.2593696919336,417.4250108387706,415.40392931593607,416.0995788574219,61371100
2021-09-28T00:00:00Z,413.32642918282806,413.65544911085703,406.98115550934745,407.7143859863281,130436300
2021-09-29T00:00:00Z,409.0961944642292,410.83527498638745,407.83654373845025,408.40057373046875,82329200
2021-09-30T00:00:00Z,409.8764511666684,410.58148154628566,403.07056708218,403.40899658203125,140506000
2021-10-01T00:00:00Z,405.1386734490561,409.8858665977476,401.61352150069314,408.20318603515625,129240100
2021-10-04T00:00:00Z,407.03752756364304,407.9399583912579,400.79564501055677,402.93896484375,128570000
2021-10-05T00:00:00Z,404.4430001166101,409.37821255340737,403.6439886722877,407.13153076171875,90682500
2021-10-06T00:00:00Z,403.5312059070278,409.0304489893108,401.90495407806975,408.8236389160156,113032200
2021-10-07T00:00:00Z,412.10435369862415,415.197066176869,411.9257437150467,412.358154296875,72437500
2021-10-08T00:00:00Z,413.1290299205683,413.51444998736724,410.9763290353788,411.60614013671875,74557400
2021-10-11T00:00:00Z,410.9480605801646,413.86219152845484,408.56034995556803,408.62615966796875,65233300
2021-10-12T00:00:00Z,409.5474922480039,409.951702812476,406.8307612007708,407.6203918457031,71181200
2021-10-13T00:00:00Z,408.645002322282,409.90465316392994,405.6650899688843,409.0868225097656,72974000
2021-10-14T00:00:00Z,412.7529748558683,416.1183359496485,412.28295460047235,415.9679260253906,70236800
2021-10-15T00:00:00Z,418.0830234599393,419.50249383265776,417.4625932709582,419.1358642578125,66260200
2021-10-18T00:00:00Z,417.34977745930763,420.71510979062344,416.6917376412568,420.376708984375,62213200
2021-10-19T00:00:00Z,422.0030022074686,423.68565408047556,421.39195292020696,423.619873046875,46996800
2021-10-20T00:00:00Z,424.0805016742407,425.5845723051379,423.96770139728164,425.28375244140625,49571600
2021-10-21T00:00:00Z,424.682063831623,426.6185448638883,424.24965325713134,426.3929443359375,41305400
2021-10-22T00:00:00Z,425.96052042413305,427.4081907045908,424.0052202839226,425.95111083984375,58845100
2021-10-25T00:00:00Z,427.04157156190274,428.5644324904607,425.264910041171,428.23541259765625,45214500
2021-10-26T00:00:00Z,429.78654991386077,430.99918156529145,428.2448696453988,428.6208801269531,56075100
2021-10-27T00:00:00Z,429.0814650009743,429.7488856725393,426.64673504629013,426.7219543457031,72438000
2021-10-28T00:00:00Z,428.15085513172806,430.9145766067055,428.1414742340312,430.8393859863281,51437900
2021-10-29T00:00:00Z,428.5362813944523,432.0050333226642,428.2448711186631,431.713623046875,70162400
2021-11-01T00:00:00Z,432.70056774459283,433.0766068401106,430.72650593190025,432.4561767578125,48433600
2021-11-02T00:00:00Z,432.62545072020157,434.51494135185385,432.4938312768331,434.2047119140625,48908400
2021-11-03T00:00:00Z,433.6406702124122,437.25983186693117,433.19885003088245,436.8556213378906,52509800
2021-11-04T00:00:00Z,437.4573179238719,438.99899841219184,437.10950746163917,438.9143981933594,52847100
2021-11-05T00:00:00Z,441.14225579847414,442.43010684262913,438.9237737315892,440.4372253417969,66390600
2021-11-08T00:00:00Z,441.5370209098921,442.0352412122443,440.1269602027339,440.81317138671875,50405200
2021-11-09T00:00:00Z,441.1798210293701,441.41483115793073,437.946079365355,439.35614013671875,51149100
2021-11-10T00:00:00Z,437.664004386451,439.35609434839915,434.33628196802437,435.821533203125,69429700
2021-11-11T00:00:00Z,437.3162461048895,437.39146541229354,435.9437949662479,435.96258544921875,34848500
2021-11-12T00:00:00Z,437.2316347180003,439.80733651939306,436.2821846286871,439.2527160644531,53466700
2021-11-15T00:00:00Z,440.5405763047511,440.7003671182999,438.2750753466251,439.4031066894531,46980500
2021-11-16T00:00:00Z,439.13992102624314,442.27965290510997,439.0647304076264,441.1422119140625,48857500
2021-11-17T00:00:00Z,440.87894709599965,441.057557066816,439.45009601722535,440.0705261230469,47858300
2021-11-18T00:00:00Z,441.1046072166389,441.8284567817868,438.3784954289363,441.56524658203125,50625600
2021-11-19T00:00:00Z,441.45237530402534,442.7026451488348,440.4089441903681,440.77557373046875,57315600
2021-11-22T00:00:00Z,442.65567024625074,445.1467717517106,439.32791895320247,439.53472900390625,72762000
2021-11-23T00:00:00Z,439.20577420842636,440.9730551422776,436.60187205072765,440.11761474609375,73206500
2021-11-24T00:00:00Z,438.1152611459688,441.4148123907597,437.29743052339023,441.2926025390625,61858800
2021-11-26T00:00:00Z,434.6183409737067,436.08480192497507,430.32234880945094,431.4504089355469,112669600
2021-11-29T00:00:00Z,436.24463852719293,438.58533038960036,434.0449470141302,436.74285888671875,86268800
2021-11-30T00:00:00Z,434.29870556860726,436.2069866122317,428.0004228222706,428.2448425292969,148559600
2021-12-01T00:00:00Z,433.9603470803366,436.80866888995706,423.290880760792,423.48828125,131939200
2021-12-02T00:00:00Z,423.7044637690375,431.54439807571686,423.3096341374703,429.9745178222656,127637800
2021-12-03T00:00:00Z,431.6384796087184,432.7007014497432,422.00306290769794,426.2332458496094,137331600
2021-12-06T00:00:00Z,428.78067779267633,433.1612699645703,426.36476682296546,431.28118896484375,98977500
2021-12-07T00:00:00Z,436.5642266881175,440.7662090115453,431.1495840464495,440.2021789550781,95484700
2021-12-08T00:00:00Z,440.5969559928679,441.8189970628325,438.83905631109354,441.3677673339844,72238800
2021-12-09T00:00:00Z,440.08003169302344,441.471302205169,438.19056946357745,438.3879699707031,61272600
2021-12-10T00:00:00Z,441.0952372334483,442.66508888548304,438.53832579208637,442.5146789550781,77159800
2021-12-13T00:00:00Z,441.9976995198621,442.3455099577305,438.3127276826282,438.5947570800781,87724700
2021-12-14T00:00:00Z,435.32340883194223,437.814510746309,432.6536969041149,435.57720947265625,97264100
2021-12-15T00:00:00Z,435.6335428118317,442.6274171238725,433.11421269074907,442.3830261230469,116899300
2021-12-16T00:00:00Z,444.23494635106454,444.5169470262026,436.93081329963405,438.4819030761719,116568600
2021-12-17T00:00:00Z,435.39999504107936,438.4092618245341,432.1077368438548,433.815185546875,135511600
2021-12-20T00:00:00Z,428.7305989396733,429.59845850346267,425.5798363191293,429.2022705078125,107134800
2021-12-21T00:00:00Z,432.6265442664553,436.9659280734673,430.456866757222,436.8244323730469,69806300
2021-12-22T00:00:00Z,436.569793417211,441.30536576361067,436.3716706238864,441.1921691894531,58890200
2021-12-23T00:00:00Z,442.19206541682075,445.4371678906433,442.08831149730497,443.937255859375,56439700
2021-12-27T00:00:00Z,445.3145445167092,450.2670958254494,445.26738887680665,450.2199401855469,56808600
2021-12-28T00:00:00Z,450.65392880170833,451.68216946735913,449.0879755859266,449.8520812988281,47274600
2021-12-29T00:00:00Z,449.95587963835754,451.4463493259037,448.9559380833534,450.42755126953125,54503000
2021-12-30T00:00:00Z,450.8519272576119,451.8613112086021,448.71999158678375,449.1822204589844,55329000
2021-12-31T00:00:00Z,448.69175768390534,449.8426087104167,447.7767136605498,448.0502624511719,65237400
2022-01-03T00:00:00Z,449.31432242601716,450.7765215542985,447.0031490248722,450.6444396972656,72668200
2022-01-04T00:00:00Z,452.0688648240115,452.7858147658463,448.63508224842974,450.49346923828125,71178700
2022-01-05T00:00:00Z,450.1255683158479,450.8991165177179,441.7486775164381,441.843017578125,104538900
2022-01-06T00:00:00Z,441.3808228754029,444.1448112867114,439.0601780901141,441.427978515625,86858900
2022-01-07T00:00:00Z,441.43740286255314,442.6165817047028,438.32435344615055,439.6827697753906,85111600
2022-01-10T00:00:00Z,436.4849195241094,439.35266218590664,430.7305201228873,439.1357116699219,119362000
2022-01-11T00:00:00Z,438.8715061877595,443.2297465587139,435.87165335018614,443.1354064941406,74303100
2022-01-12T00:00:00Z,444.87117806328797,446.38997545502053,442.3713245554861,444.3334655761719,67605400
2022-01-13T00:00:00Z,445.4371624273771,446.08807144277097,437.18291064083445,438.2111511230469,91173100
2022-01-14T00:00:00Z,435.0604113490844,438.739443721602,433.8434906759854,438.3904113769531,95890900
2022-01-18T00:00:00Z,433.6925127781855,433.90004939507276,429.5135100897984,430.62664794921875,109709100
2022-01-19T00:00:00Z,432.1738074172843,433.5699368723863,425.88169585972383,426.1552734375,109357600
2022-01-20T00:00:00Z,428.04193941787696,432.749212360242,419.3160155840139,421.43853759765625,122379700
2022-01-21T00:00:00Z,420.31596407281415,422.6743219055185,413.1371366485651,413.1654357910156,202271200
2022-01-24T00:00:00Z,407.5525063368311,415.4294267475225,396.9210402768621,414.9200134277344,251783900
2022-01-25T00:00:00Z,408.52422217345065,414.8068916212734,402.9490601572942,409.8543395996094,167997300
2022-01-26T00:00:00Z,415.7501538816743,418.8820597450549,404.5620902381432,408.8260192871094,186391100
2022-01-27T00:00:00Z,413.42959969479165,416.57091988117384,405.1187484129023,406.80731201171875,149878300
2022-01-28T00:00:00Z,408.1656232816554,416.9575865405849,403.5809903341213,416.9104309082031,164457400
2022-01-31T00:00:00Z,416.2407572007058,424.7685880526655,414.89178329232885,424.4195556640625,152251400
2022-02-01T00:00:00Z,425.14585473478627,427.9287283515847,421.6177608084225,427.2872619628906,123155400
2022-02-02T00:00:00Z,429.6927065424789,432.1642604239989,427.38150483819487,431.4378967285156,117361000
2022-02-03T00:00:00Z,425.40057576602374,427.30611843415994,420.45743842360054,421.2970275878906,118024400
2022-02-04T00:00:00Z,421.0612140470099,427.12690349554987,418.68397092224063,423.278076171875,118454400
2022-02-07T00:00:00Z,424.0422612206865,425.4383908972168,420.58962124551425,421.91973876953125,84472900
2022-02-08T00:00:00Z,421.4197378367775,426.31569157716,419.99528032572806,425.3912048339844,81012000
2022-02-09T00:00:00Z,429.42871580152007,431.9380123033958,429.23062177963686,431.6172790527344,92589900
2022-02-10T00:00:00Z,425.76845767621467,431.7775484247765,421.86303233721947,423.8629150390625,140103700
2022-02-11T00:00:00Z,423.947845988049,426.0231836326423,414.0710421144383,415.5049133300781,153214600
2022-02-14T00:00:00Z,414.9955162101405,416.5803257355876,410.67498861776903,414.146484375,123006300
2022-02-15T00:00:00Z,418.58972050435466,420.9952343328552,418.0708644315541,420.825439453125,88482700
2022-02-16T00:00:00Z,418.77828888356663,422.67430043142383,416.9010453564432,421.2970275878906,84863600
2022-02-17T00:00:00Z,418.10851257856154,421.2687175900961,411.6937912802445,412.2975158691406,102259100
2022-02-18T00:00:00Z,412.5522705879942,413.8069331704449,407.3544691120626,409.6279296875,132642900
2022-02-22T00:00:00Z,407.4204966635997,410.8259516984403,401.7321096953835,405.23193359375,124391800
2022-02-23T00:00:00Z,408.14686816140767,408.7128798332859,397.47765898241863,398.0436706542969,132578000
2022-02-24T00:00:00Z,387.73284685817333,404.4677720037459,387.3744006844994,404.0338134765625,213942900
2022-02-25T00:00:00Z,405.2696289017005,413.0333532377554,403.6187784215898,412.9484558105469,121804500
2022-02-28T00:00:00Z,407.5525226744369,413.37296233027865,406.29788900505855,411.89190673828125,145615000
2022-03-01T00:00:00Z,410.3919967190823,412.4013221597528,402.9112639395008,405.6186828613281,137785900
2022-03-02T00:00:00Z,407.8732031348396,414.80677985467884,407.118540259821,413.0804748535156,117726500
2022-03-03T00:00:00Z,415.5143088873288,416.11803346129733,409.22219816012046,411.02398681640625,105501700
2022-03-04T00:00:00Z,407.2884450363373,408.8166564833454,403.63771129325096,407.6846618652344,113978200
2022-03-07T00:00:00Z,407.09969537962036,407.80720269087345,395.60034091096946,395.6663818359375,137896600
2022-03-08T00:00:00Z,395.84562657872834,403.0055972451965,391.60058263341585,392.66656494140625,164772700
2022-03-09T00:00:00Z,401.05292680024445,405.1753318232111,398.8643637492097,403.1943054199219,116990800
2022-03-10T00:00:00Z,398.5812801406087,402.2697547820951,396.61913933731984,401.37359619140625,93972700
2022-03-11T00:00:00Z,403.86407311815816,404.4772404206204,395.7607587468195,396.2701721191406,95636300
2022-03-14T00:00:00Z,397.0436722577172,400.4962825052735,392.23261691926257,393.3740539550781,95729200
2022-03-15T00:00:00Z,395.98723758110503,402.65668214186036,394.71374705756045,402.024658203125,106219100
2022-03-16T00:00:00Z,405.53380999874116,410.99574623645054,400.7321679197033,410.93914794921875,144954800
2022-03-17T00:00:00Z,409.02416595069127,416.08038330078125,408.64683443641115,416.08038330078125,102676900
2022-03-18T00:00:00Z,414.467909206015,420.95933337461315,413.72981682419214,420.6376037597656,106345500
2022-03-21T00:00:00Z,420.4672563901048,422.47335203270006,417.00389114982016,420.51458740234375,88349800
2022-03-22T00:00:00Z,421.9056299675631,426.37204353660803,421.9056299675631,425.43524169921875,74650400
2022-03-23T00:00:00Z,422.8991946168003,424.39429439850414,419.8711071405114,419.9562683105469,79426100
2022-03-24T00:00:00Z,421.98136130275304,426.29636773137105,420.8647650949058,426.2868957519531,64736900
2022-03-25T00:00:00Z,426.9208242937579,428.6430492710812,424.33748682777303,428.3686218261719,77101300
2022-03-28T00:00:00Z,427.77248986490883,431.4156494140625,425.8799424500739,431.4156494140625,68529800
2022-03-29T00:00:00Z,435.30485728967426,437.24473588066155,432.61744319877937,436.7526550292969,86581500
2022-03-30T00:00:00Z,435.60762945908306,436.4214398536475,431.9455548784965,434.0557556152344,79666900
2022-03-31T00:00:00Z,433.2893334473063,434.11258705050625,426.9209002404847,427.3751220703125,121699900
2022-04-01T00:00:00Z,428.9553354432427,429.0972707248986,425.0093902232998,428.5863037109375,89048800
2022-04-04T00:00:00Z,428.78500420961205,432.36191762304253,427.96175071510544,432.2578125,59601000
2022-04-05T00:00:00Z,430.7627409154782,433.2325015603828,425.6528684021026,426.7978515625,74214500
2022-04-06T00:00:00Z,422.88029691792224,424.81067460735846,419.64402793365923,422.5301513671875,106898000
2022-04-07T00:00:00Z,421.65012756907544,426.47612959296237,419.7008059045146,424.6592712402344,78097200
2022-04-08T00:00:00Z,423.90221584948597,426.4193072695884,421.9812814601947,423.5237121582031,79272700
2022-04-11T00:00:00Z,420.2495583375235,421.09175571037406,415.78317462902817,416.2846984863281,89770500
2022-04-12T00:00:00Z,419.27490896658617,421.80147227519615,413.19037643183964,414.7422790527344,84363600
2022-04-13T00:00:00Z,414.49632064407325,420.2496527692532,414.31652630785027,419.4926452636719,74070400
2022-04-14T00:00:00Z,419.7196509137634,420.836275728142,414.16502940715344,414.2691345214844,97869500
2022-04-18T00:00:00Z,413.34180271144544,416.123849633217,412.2062627473825,414.4394836425781,66002500
2022-04-19T00:00:00Z,414.33537183065033,421.848787018053,414.1650495021856,421.129638671875,77821000
2022-04-20T00:00:00Z,422.9086378808468,423.52370998577396,419.6534541721469,420.8173522949219,65224400
2022-04-21T00:00:00Z,424.44155456338234,425.83257786440146,413.6161826279086,414.52459716796875,85417300
2022-04-22T00:00:00Z,413.43650465990896,414.5436288750389,402.58274261879126,403.1505126953125,132471800
2022-04-25T00:00:00Z,400.90780109531795,405.65808479066646,396.33728283967,405.4877624511719,119647700
2022-04-26T00:00:00Z,402.95173179386785,403.1504700703284,393.71611977901205,393.7445068359375,103996300
2022-04-27T00:00:00Z,394.8232669941469,400.198124069915,392.7130949238464,394.8516540527344,122030000
2022-04-28T00:00:00Z,399.6018973665393,406.5570142890086,395.1638717530579,404.8253173828125,105449100
2022-04-29T00:00:00Z,400.8320229203481,402.98952553103885,389.1171513609566,389.8647155761719,145491100
2022-05-02T00:00:00Z,389.9309336657774,393.57409246860095,383.25968806835294,392.2114562988281,158312500
2022-05-03T00:00:00Z,392.7130700591638,396.4224469103301,391.15169530175734,394.00946044921875,100028200
2022-05-04T00:00:00Z,394.67186907445193,406.57600980928174,391.4829309462933,406.00823974609375,144247900
2022-05-05T00:00:00Z,401.7405161814466,402.16635092774,387.44233342518896,391.5775451660156,172929100
2022-05-06T00:00:00Z,389.01319891928415,392.5143949581733,383.9317127901109,389.24029541015625,151770800
2022-05-09T00:00:00Z,383.3355021930368,384.5751184962438,375.19754216123187,376.77783203125,155586100
2022-05-10T00:00:00Z,382.7583106519952,384.2628826486502,373.6078584477752,377.6484375,132497200
2022-05-11T00:00:00Z,376.6832006420824,382.3324561154293,370.9014529815829,371.6490173339844,142361000
2022-05-12T00:00:00Z,368.4505828254061,374.5351157341159,364.4573066901353,371.2610168457031,125090800
2022-05-13T00:00:00Z,375.3963045942963,381.5186977814806,374.3553975458594,380.13714599609375,104174400
2022-05-16T00:00:00Z,378.49055876588955,382.26618152652463,376.2384227760437,378.5946350097656,78622400
2022-05-17T00:00:00Z,384.6886388298432,386.61904522716617,380.9508462343475,386.3824768066406,83029700
2022-05-18T00:00:00Z,381.82140136948277,382.1052719010939,369.5671465773128,370.8067626953125,117674500
2022-05-19T00:00:00Z,367.7409305686508,372.96438058327726,366.31204784682575,368.5357971191406,98510700
2022-05-20T00:00:00Z,372.1221925167826,375.6991065243165,360.09505993665994,368.6966857910156,131432200
2022-05-23T00:00:00Z,371.7246556441584,376.36141951205695,369.40630258818845,375.5949401855469,76414900
2022-05-24T00:00:00Z,371.46922293735594,373.9200684973476,366.17008413397616,372.727783203125,91448800
2022-05-25T00:00:00Z,371.2326397707966,377.9890479746067,370.83522098115014,376.0207824707031,91472900
2022-05-26T00:00:00Z,377.25096753960395,385.1712741839689,377.04278616008014,383.5342102050781,82168300
2022-05-27T00:00:00Z,385.9944981924295,393.0631636990263,385.7957888065358,392.9496154785156,84768700
2022-05-31T00:00:00Z,391.3314359884752,394.08509563165984,388.00056331033727,390.7447509765625,95937000
2022-06-01T00:00:00Z,392.8644826922193,393.87697365023195,385.06716741079504,387.5842590332031,86585800
2022-06-02T00:00:00Z,387.42340710258367,395.01251209671574,385.1712709822698,394.9652099609375,79609600
2022-06-03T00:00:00Z,390.2433318753729,391.79523485840576,387.5086154520342,388.4832763671875,71874300
2022-06-06T00:00:00Z,392.49542593941146,394.22709420031765,388.49267756993027,389.66607666015625,57508900
2022-06-07T00:00:00Z,386.1742627730429,393.85799980122914,385.710569071012,393.4037780761719,59272400
2022-06-08T00:00:00Z,391.6910721501235,393.47954333395916,388.33181201108613,389.1266784667969,64350000
2022-06-09T00:00:00Z,387.34771921360226,389.61877058958953,379.8721618652344,379.8721618652344,86289800
2022-06-10T00:00:00Z,373.6645695586442,374.5162101273659,368.8101807755536,368.85748291015625,132893900
2022-06-13T00:00:00Z,359.4420637467876,361.2967520769685,353.2439538052529,354.8526306152344,170004900
2022-06-14T00:00:00Z,356.6032925923492,357.63472758428236,350.6796092755737,353.78338623046875,104011800
2022-06-15T00:00:00Z,357.08582684228884,363.27446487884,352.1273619331276,358.8269958496094,125666800
2022-06-16T00:00:00Z,350.60392594515343,351.01081676127995,344.5193632718366,346.9512939453125,134473300
2022-06-17T00:00:00Z,347.3665849634016,351.0444787331084,344.19238154711957,347.6991882324219,111113900
2022-06-21T00:00:00Z,353.4298843377524,357.83954577017596,353.35383919081494,356.4520263671875,76811900
2022-06-22T00:00:00Z,352.2229054186672,359.9208378596493,351.8047441204501,355.8057861328125,90059400
2022-06-23T00:00:00Z,357.94408234086904,360.02534683784137,354.3802275814878,359.2935791015625,79292100
2022-06-24T00:00:00Z,362.46781975387455,370.7264623574381,362.4393100729595,370.7169494628906,98050300
2022-06-27T00:00:00Z,371.63881476677494,371.93342448126845,368.20802402579585,369.3009338378906,66009600
2022-06-28T00:00:00Z,370.859544492515,373.64409647087297,361.64102718888944,361.75506591796875,86548900
2022-06-29T00:00:00Z,362.3062541919747,363.2946090766125,359.6357412197438,361.4604187011719,65676000
2022-06-30T00:00:00Z,357.563929508268,361.76453925396646,354.06660685286846,358.5238037109375,112508300
2022-07-01T00:00:00Z,357.8681413426209,362.75301360902233,355.24513419551147,362.3158264160156,74839700
2022-07-05T00:00:00Z,357.2218760257325,363.01908682641243,354.3897883879628,363.00006103515625,81438000
2022-07-06T00:00:00Z,363.14252639295074,366.715894004098,360.7571393570924,364.2259521484375,70426200
2022-07-07T00:00:00Z,366.0031669220348,370.47936086311995,364.2449925833958,369.6810607910156,64525900
2022-07-08T00:00:00Z,368.04639364512565,371.24913544426704,366.51632594229847,369.3769226074219,72397800
2022-07-11T00:00:00Z,366.696929365384,367.6662874925925,364.4635744126361,365.1573486328125,58366900
2022-07-12T00:00:00Z,364.60614303529803,366.99155941529256,360.17745545859367,361.9261169433594,62219200
2022-07-13T00:00:00Z,356.4805310045145,362.9620020597862,356.0623697104502,360.0253601074219,84224600
2022-07-14T00:00:00Z,355.06446062617965,360.23442826193605,352.6220542011667,359.1510314941406,89704800
2022-07-15T00:00:00Z,363.56071631441466,366.12670351443825,361.6505097570627,366.0126647949219,79060400
2022-07-18T00:00:00Z,369.1013562443131,369.7761047012278,361.7645652536722,362.99053955078125,63203600
2022-07-19T00:00:00Z,366.9154789894388,373.3684403556091,366.2597563730755,372.7982177734375,78506000
2022-07-20T00:00:00Z,372.98834417392436,376.5902220427515,371.6198214217243,375.1741638183594,71843800
2022-07-21T00:00:00Z,374.5944510061109,379.04213537491796,372.1900378364041,378.99462890625,64903900
2022-07-22T00:00:00Z,379.1182025989379,380.3156383047251,373.2544596880856,375.4783020019531,72197300
2022-07-25T00:00:00Z,376.1055368569356,376.7897982483448,373.69161069797406,375.9344787597656,53631500
2022-07-26T00:00:00Z,374.29030390175836,374.4993845551237,370.59341339787153,371.48675537109375,52946400
2022-07-27T00:00:00Z,374.7844685236655,382.8815653652331,374.4898588407444,381.1329040527344,82342100
2022-07-28T00:00:00Z,381.9407652653173,386.6070143182949,378.38639383024014,385.91326904296875,73966600
2022-07-29T00:00:00Z,387.34833097700186,392.5278128008071,386.57854047512916,391.5394287109375,87003700
2022-08-01T00:00:00Z,388.8403630121632,392.8889118778882,388.1275919584921,390.37994384765625,69997500
2022-08-02T00:00:00Z,388.81182405248916,392.49923066625485,386.6260045869153,387.804443359375,63435400
2022-08-03T00:00:00Z,389.9332356443753,395.0461841555904,389.6481388511842,393.87725830078125,67820600
2022-08-04T00:00:00Z,393.80116934202755,394.48543057228477,391.9669791701999,393.6111145019531,45656600
2022-08-05T00:00:00Z,389.32507853281464,393.59219220020464,389.2680591655284,392.9459533691406,56814900
2022-08-08T00:00:00Z,394.63757214293867,396.8899240250277,391.3873233872075,392.48974609375,53886100
2022-08-09T00:00:00Z,391.7579620888554,392.26165245097286,389.8572393634721,390.93115234375,44931800
2022-08-10T00:00:00Z,397.9923437821938,399.28485036063125,396.03460162898654,399.14227294921875,68665700
2022-08-11T00:00:00Z,401.993357133819,403.85608634972215,398.40099222133176,399.14227294921875,59489700
2022-08-12T00:00:00Z,401.08098369306896,406.00384833286853,400.1306223802401,405.8993225097656,61694500
2022-08-15T00:00:00Z,403.685016179176,408.09470715752286,403.62799681331194,407.5719909667969,54048300
2022-08-16T00:00:00Z,406.4980568196023,410.29950209001703,405.69024389909407,408.3702697753906,59289000
2022-08-17T00:00:00Z,404.76839107782297,408.1801847177208,403.4664007169476,405.4716491699219,63563400
2022-08-18T00:00:00Z,405.67124641632466,407.3343788381746,404.3787688555106,406.650146484375,49023200
2022-08-19T00:00:00Z,403.88460030221233,404.1507003354797,400.31123213885485,401.1855773925781,68016900
2022-08-22T00:00:00Z,396.348136753099,396.5192238154388,391.928962863326,392.8318176269531,77695600
2022-08-23T00:00:00Z,392.4041568162922,394.7990857432436,391.33024395653683,391.8814697265625,49105200
2022-08-24T00:00:00Z,391.6533655600833,394.50444934461694,390.96913329441026,393.1359558105469,49177800
2022-08-25T00:00:00Z,394.6280346959815,398.73360265745475,393.5351249523274,398.68609619140625,50942300
2022-08-26T00:00:00Z,398.5721154147152,399.1137994167783,385.13399015284614,385.1910095214844,103087000
2022-08-29T00:00:00Z,382.23539449766605,385.69469516399244,381.285033028505,382.64404296875,65370800
2022-08-30T00:00:00Z,383.80344189629403,384.04103223682625,376.3430994030369,378.4433898925781,85652400
2022-08-31T00:00:00Z,380.07799803546214,381.3229690519403,375.4307462340977,375.56378173828125,76029700
2022-09-01T00:00:00Z,373.3874742240931,377.08436469022797,370.678938652205,376.74224853515625,78740100
2022-09-02T00:00:00Z,380.41068976459894,381.6271512915678,370.954581494423,372.769775390625,99632100
2022-09-06T00:00:00Z,373.6155413307237,374.55638973388335,369.1393477426086,371.3631896972656,76637400
2022-09-07T00:00:00Z,371.04956742201074,378.80451936163286,370.8310028776724,378.03472900390625,70964200
2022-09-08T00:00:00Z,375.7633824847431,380.9618311489722,374.5564050265275,380.50567626953125,80821700
2022-09-09T00:00:00Z,382.74855148359427,387.2817940480387,382.4824514443837,386.4169616699219,76706900
2022-09-12T00:00:00Z,388.4886832810648,391.29226066106133,388.1845607104956,390.5699768066406,69256300
2022-09-13T00:00:00Z,381.883702988719,383.09068051072757,372.4656471755256,373.5870666503906,122947100
2022-09-14T00:00:00Z,374.88902163325827,376.53315711649486,371.7053054907733,375.0125732421875,85023700
2022-09-15T00:00:00Z,373.4539664457312,376.3050503313671,369.48146319239925,370.75494384765625,87633800
2022-09-16T00:00:00Z,366.5715037074268,368.5849896074333,364.63431709955245,367.9265441894531,103084800
2022-09-19T00:00:00Z,364.77747715242447,370.77978515625,364.70111961719556,370.77978515625,73278500
2022-09-20T00:00:00Z,367.44935055441204,368.4608693228223,363.7659009113071,366.5237121582031,77274900
2022-09-21T00:00:00Z,368.45141571810717,371.50507678031033,360.120697050022,360.1302490234375,106746600
2022-09-22T00:00:00Z,359.35721571534805,360.9985532046951,356.36083780125125,357.10516357421875,89472600
2022-09-23T00:00:00Z,353.63164165790215,353.66982042614035,346.67506820312684,351.1219482421875,122346900
2022-09-26T00:00:00Z,349.6523393463072,353.27853570562985,346.42691809015844,347.64837646484375,92581200
2022-09-27T00:00:00Z,351.18870108949443,353.459857136267,344.3657100991575,346.76092529296875,108294100
2022-09-28T00:00:00Z,347.71516751010176,355.27293178744674,346.01657657366974,353.5838928222656,110802200
2022-09-29T00:00:00Z,350.034073262893,350.32034122123895,343.2492605532847,346.19793701171875,112952300
2022-09-30T00:00:00Z,345.25315265968237,349.17519794486384,340.7108699138818,340.8444519042969,153711200
2022-10-03T00:00:00Z,344.5660844856892,351.6944470852205,342.78161312339256,349.8431701660156,89756500
2022-10-04T00:00:00Z,355.3683600338881,360.71225105913686,349.80500664731017,360.6836242675781,103602800
2022-10-05T00:00:00Z,356.3131081925854,362.10547600581526,353.9846987017383,359.8438720703125,88065700
2022-10-06T00:00:00Z,358.44114174816866,361.3993701215644,355.6355993235401,356.1318359375,82333500
2022-10-07T00:00:00Z,352.09528992858685,356.21772325997466,344.43254027693825,346.19793701171875,107789500
2022-10-10T00:00:00Z,347.3144037026543,347.5529700367685,341.31209570408595,343.5545959472656,76042800
2022-10-11T00:00:00Z,341.8559778454328,346.4269166005978,339.44168789952687,341.37884521484375,92482800
2022-10-12T00:00:00Z,341.7892204341487,343.36375237835983,340.0047198340521,340.2528381347656,76991800
2022-10-13T00:00:00Z,333.2389284695991,350.7019983759628,332.18923096891143,349.232421875,147254500
2022-10-14T00:00:00Z,351.6944557677686,353.32627035722425,340.6345247152281,341.2738952636719,123737000
2022-10-17T00:00:00Z,347.362126415413,351.15056087847387,340.9399103655982,350.0436096191406,93168200
2022-10-18T00:00:00Z,357.9735554343078,358.2789273270504,350.7115811797056,354.156494140625,97162900
2022-10-19T00:00:00Z,352.11430914770796,354.84352278104876,348.83163450834223,351.646728515625,79746900
2022-10-20T00:00:00Z,351.1982293100266,355.6260339289677,347.9346294295258,348.69805908203125,88283100
2022-10-21T00:00:00Z,348.42140049601363,357.65868317017765,346.91367388110444,357.1720275878906,131038400
2022-10-24T00:00:00Z,358.698788584184,362.67805847697105,356.0459031598392,361.54248046875,85436900
2022-10-25T00:00:00Z,361.4661752393635,367.63072116367647,361.35166805839594,367.3158264160156,78846300
2022-10-26T00:00:00Z,364.16670060269513,369.85411334727513,363.90905946867207,364.54840087890625,104087300
2022-10-27T00:00:00Z,365.55039117436706,367.3921160917615,361.9814193866082,362.6017150878906,81971800
2022-10-28T00:00:00Z,362.49674993223925,371.70540412790007,362.31543719795053,371.228271484375,100302000
2022-10-31T00:00:00Z,368.7663054799875,370.6366574184391,367.6402793522776,368.54681396484375,96631300
2022-11-01T00:00:00Z,372.29707747025043,372.5356437948338,365.76035435229414,366.93408203125,85407600
2022-11-02T00:00:00Z,366.34241671143474,370.85610174230845,357.62044763501416,357.72540283203125,126990400
2022-11-03T00:00:00Z,354.48088497780066,357.08603938395083,351.9234613034175,354.04193115234375,87100100
2022-11-04T00:00:00Z,359.75802297669105,361.5424944523819,353.07816578614245,359.13775634765625,103505200
2022-11-07T00:00:00Z,360.435515659066,363.16472938893213,358.3552244250396,362.5730895996094,68286900
2022-11-08T00:00:00Z,363.68004778364957,367.50666109536877,360.44510344190144,364.52935791015625,84641100
2022-11-09T00:00:00Z,362.55401428993724,363.7086962893126,356.52305050737357,357.019287109375,78495500
2022-11-10T00:00:00Z,370.30264142200895,376.9729757332263,368.0028876550996,376.63897705078125,141455800
2022-11-11T00:00:00Z,377.49783406496215,381.08588117365133,375.608378149284,380.2843017578125,93839900
2022-11-14T00:00:00Z,378.5188625471577,381.8778657875463,376.77254080840333,377.0492858886719,71903500
2022-11-15T00:00:00Z,382.8035164099832,383.91046764433503,376.44810606485254,380.2651672363281,93194500
2022-11-16T00:00:00Z,378.6334179598029,379.58768334395705,376.73443916433405,377.3642578125,68508500
2022-11-17T00:00:00Z,372.6023818822728,376.88705243365007,372.2970391508522,376.2095031738281,74496300
2022-11-18T00:00:00Z,379.5494183386701,379.6162238896307,375.0643895252909,377.9176330566406,92922500
2022-11-21T00:00:00Z,376.59124880158924,377.7172747970653,374.7017931399619,376.54351806640625,51243200
2022-11-22T00:00:00Z,378.49021994388283,381.7728946397623,377.07789693039774,381.61065673828125,60429000
2022-11-23T00:00:00Z,381.2766761134872,384.5020973782574,381.0476617682043,384.01544189453125,68261600
2022-11-25T00:00:00Z,383.45240227506304,384.4830250793276,383.175686313319,383.9295349121094,30545400
2022-11-28T00:00:00Z,380.83771815093434,382.47905555883773,377.03973194191514,377.80316162109375,67881600
2022-11-29T00:00:00Z,377.93677231301285,379.12960397556105,375.3125426554069,377.154296875,52310000
2022-11-30T00:00:00Z,377.4023849238339,389.0348815917969,375.4843314190897,389.0348815917969,144566700
2022-12-01T00:00:00Z,390.0750097932602,391.24876657686235,386.2388738341099,388.74859619140625,76398200
2022-12-02T00:00:00Z,383.8531695839399,389.20658327820155,383.7482143923798,388.300048828125,85342700
2022-12-05T00:00:00Z,385.4754615098056,386.4106228219642,379.9598094992948,381.3148498535156,77289800
2022-12-06T00:00:00Z,381.1526671084108,381.69657620844976,373.7284840801718,375.81829833984375,77972200
2022-12-07T00:00:00Z,374.9689850432598,377.54551283524984,374.0433465972937,375.1789245605469,65927900
2022-12-08T00:00:00Z,377.06837354618364,379.1868143806111,375.2838731198775,378.1180419921875,60737900
2022-12-09T00:00:00Z,376.877540928146,379.43496494979524,375.1693978824169,375.29345703125,81447700
2022-12-12T00:00:00Z,376.0855229503339,380.7041931152344,375.41755464321574,380.7041931152344,75405800
2022-12-13T00:00:00Z,391.4586555975836,391.7162967072409,380.81860487443333,383.5859680175781,123782500
2022-12-14T00:00:00Z,383.24246302501166,386.95456892239247,378.18486871743545,381.133544921875,108111300
2022-12-15T00:00:00Z,376.2667660559643,377.17332966722427,370.1499515992905,371.81036376953125,117705900
2022-12-16T00:00:00Z,369.2517350620785,370.59383534034583,365.2829507209457,367.42071533203125,119858000
2022-12-19T00:00:00Z,367.61249023125134,367.94802264552084,362.63710828294205,364.3051452636719,79878100
2022-12-20T00:00:00Z,363.54785469861747,366.42379682476735,362.22491663969316,364.8036804199219,74427200
2022-12-21T00:00:00Z,367.40158229485894,371.3895586231339,366.864742140629,370.25836181640625,78167400
2022-12-22T00:00:00Z,367.209831595386,370.23916053307846,359.2722332289845,364.9761962890625,100120900
2022-12-23T00:00:00Z,363.950423157118,367.21941379519086,362.39741929068407,367.07562255859375,59857300
2022-12-27T00:00:00Z,366.960616093891,367.30571508666856,363.95044946411275,365.6280822753906,51638200
2022-12-28T00:00:00Z,365.5609421925815,367.53578243852644,360.8540099500132,361.0840759277344,70911500
2022-12-29T00:00:00Z,363.93123576240765,368.45605164881476,363.4039622569558,367.58367919921875,66970900
2022-12-30T00:00:00Z,364.8995512939543,366.7593002885038,362.78091952867106,366.6155090332031,84022200
2023-01-03T00:00:00Z,368.4752380300906,370.45004902050835,362.20567683665195,365.0720520019531,74850700
2023-01-04T00:00:00Z,367.33444063245616,369.9227998702252,364.2859494452824,367.8904724121094,85934100
2023-01-05T00:00:00Z,365.9348510599075,366.0498840558089,363.09726322382664,363.6916198730469,76970500
2023-01-06T00:00:00Z,366.78805804101853,373.1534906525759,363.7204039949203,372.0318603515625,104189600
2023-01-09T00:00:00Z,374.2271676198182,377.419479732033,371.63883728473166,371.8209533691406,73978100
2023-01-10T00:00:00Z,371.2362142707851,374.4956096553548,370.2967292649536,374.4284973144531,65358100
2023-01-11T00:00:00Z,376.01019536505663,379.24083169297677,375.1953394078577,379.16412353515625,68881100
2023-01-12T00:00:00Z,380.2665995563064,382.0113152345906,376.19234893637963,380.5445861816406,90157700
2023-01-13T00:00:00Z,377.3427015811747,382.59609870511895,377.07428153867187,382.0209045410156,63903900
2023-01-17T00:00:00Z,382.00176656830166,383.6793992551705,380.64047460135316,381.32110595703125,62677300
2023-01-18T00:00:00Z,382.50988909217506,383.5739736096775,375.09953453290353,375.30084228515625,99632300
2023-01-19T00:00:00Z,373.2588930285292,374.9077675297641,371.2457571335137,372.5686950683594,86958900
2023-01-20T00:00:00Z,373.9683274907241,379.6626949440639,372.31945292080763,379.5093078613281,91806400
2023-01-23T00:00:00Z,380.31452159871134,385.9992925218667,379.3558743905331,384.0628356933594,84178800
2023-01-24T00:00:00Z,382.385274229188,384.56139326464876,381.1965608316531,383.65069580078125,59524900
2023-01-25T00:00:00Z,379.57639153162364,384.12996598342204,377.2852105542449,383.79443359375,84800300
2023-01-26T00:00:00Z,386.4594474008895,388.175434067063,383.4876352529639,388.012451171875,72287400
2023-01-27T00:00:00Z,386.967565239786,391.28147800741476,386.7566616675893,388.9040222167969,68346200
2023-01-30T00:00:00Z,386.1431078861568,388.3767724039486,383.7273273025726,384.0245056152344,74202000
2023-01-31T00:00:00Z,384.5421906397612,389.7188801347345,384.19706240377985,389.67095947265625,86811800
2023-02-01T00:00:00Z,388.4534215519607,396.56359788271243,385.71170461794947,393.812255859375,101459200
2023-02-02T00:00:00Z,397.70442814895335,401.01177323006914,395.80632510726565,399.5450439453125,101654500
2023-02-03T00:00:00Z,394.5695755451013,399.7271018745294,394.09025197181745,395.29815673828125,94736800
2023-02-06T00:00:00Z,392.844029913755,394.28200066117023,391.2239138645533,392.8823547363281,60295300
2023-02-07T00:00:00Z,391.9620943439746,399.26698166926644,390.7158646278332,398.020751953125,90990700
2023-02-08T00:00:00Z,396.0459125600925,397.3880127555721,392.97822989420473,393.66845703125,76227500
2023-02-09T00:00:00Z,397.27301170174235,397.42639877292254,389.02863947326034,390.2557067871094,78694900
2023-02-10T00:00:00Z,389.076660637797,391.54998757303383,388.26183366658483,391.1665344238281,70769700
2023-02-13T00:00:00Z,391.8183051444725,395.8925559564968,391.358143932513,395.7583312988281,64913500
2023-02-14T00:00:00Z,394.2340424678017,397.8864857490615,391.6169544860613,395.576171875,88389300
2023-02-15T00:00:00Z,393.38091503799455,396.9374882356896,392.5373007553342,396.8608093261719,61555700
2023-02-16T00:00:00Z,391.88540381719497,395.83502566820573,391.2622889776,391.396484375,76431500
2023-02-17T00:00:00Z,389.26834315965215,390.6583935285287,387.341452611694,390.4187316894531,89257800
2023-02-21T00:00:00Z,386.39237880681736,387.44689668905306,382.3277236123021,382.5865478515625,82655900
2023-02-22T00:00:00Z,382.9987206737072,384.54215788611697,380.6021026620575,382.05926513671875,83742300
2023-02-23T00:00:00Z,384.95439045031753,385.567938737912,379.86397585252666,384.09161376953125,96242400
2023-02-24T00:00:00Z,379.0683237378521,380.8226354035622,377.36193273433554,379.9886169433594,108194400
2023-02-27T00:00:00Z,383.3342350701894,384.69552690942936,380.34326061280535,381.2827453613281,80444700
2023-02-28T00:00:00Z,380.80342407699254,382.7686390639976,379.7680687551402,379.87353515625,96438600
2023-03-01T00:00:00Z,379.0586577553307,380.2857248874596,377.1126052897922,378.4163513183594,99706800
2023-03-02T00:00:00Z,376.4416013971857,382.20308082772186,376.1060690029621,381.3594665527344,85127800
2023-03-03T00:00:00Z,383.1809267997028,387.724935164796,382.5290536184137,387.4756774902344,90120000
2023-03-06T00:00:00Z,388.3000210358587,390.6007976277676,387.3030490519938,387.7440185546875,72795900
2023-03-07T00:00:00Z,387.69614979307676,387.9358116155142,381.1869265041094,381.8004455566406,108310600
2023-03-08T00:00:00Z,381.9155020986243,383.18089426793244,380.18991944950625,382.423583984375,74746600
2023-03-09T00:00:00Z,383.20967866619384,384.87774493306273,374.38054484861016,375.3679504394531,111945300
2023-03-10T00:00:00Z,374.82148382483746,376.901761257044,368.4273229667233,369.9515686035156,189253000
2023-03-13T00:00:00Z,366.0210998932848,374.24630958503957,364.90906558564376,369.4242858886719,157790000
2023-03-14T00:00:00Z,374.3517676052174,377.1797888194533,371.0444227448801,375.5309143066406,149752400
2023-03-15T00:00:00Z,369.9324515707467,373.3835587348281,367.84257804775535,373.1822509765625,172996900
2023-03-16T00:00:00Z,370.82395451887174,380.0748950855989,370.31587262158683,379.7297668457031,143254200
2023-03-17T00:00:00Z,378.3979622867853,379.5334763060183,373.9039803951704,375.2897033691406,140553400
2023-03-20T00:00:00Z,376.0692246052136,379.312220938257,375.3667599239578,378.8984069824219,93055800
2023-03-21T00:00:00Z,382.2664406357319,384.3546576570402,380.66900909067914,383.8735046386719,91524200
2023-03-22T00:00:00Z,383.70026302343734,387.31851343521214,377.29130185553555,377.32977294921875,111746600
2023-03-23T00:00:00Z,380.1974645439356,384.2391613901428,375.636143615093,378.349853515625,119351300
2023-03-24T00:00:00Z,377.0699305533351,380.9191540535127,374.7219018688471,380.8325500488281,107682400
2023-03-27T00:00:00Z,383.1132717788515,383.8831342228275,380.64977069262744,381.5447082519531,74010400
2023-03-28T00:00:00Z,380.85183851528325,381.54470001628135,378.850254938649,380.6882629394531,62871700
2023-03-29T00:00:00Z,384.8549788100607,386.4620425314962,383.65209647484517,386.2214660644531,77497900
2023-03-30T00:00:00Z,388.8582552867559,389.1084642618227,386.6160950711014,388.48297119140625,69840000
2023-03-31T00:00:00Z,389.40668731548556,394.25671700401034,389.30081840141827,393.9584045410156,112062600
2023-04-03T00:00:00Z,393.4388376840606,395.86383837799394,393.0442886762133,395.4596862792969,67391100
2023-04-04T00:00:00Z,396.10441021722386,396.3931196515644,391.8895050342017,393.265625,66601500
2023-04-05T00:00:00Z,392.5343049886221,393.2945350696006,390.5808246797177,392.2359924316406,65200200
2023-04-06T00:00:00Z,391.43719778873736,394.0450681714436,390.38828778154027,393.7659912109375,63743300
2023-04-10T00:00:00Z,391.28318728502614,394.2471058980047,390.66732678096605,394.17010498046875,63681000
2023-04-11T00:00:00Z,394.7956544202573,395.6809594619992,393.5061679518089,394.2760009765625,59297900
2023-04-12T00:00:00Z,396.34496122221753,396.6336706379783,392.08195275810823,392.6689453125,86420400
2023-04-13T00:00:00Z,393.75631259262076,398.2406615136449,392.6111662470231,397.8846130371094,85814800
2023-04-14T00:00:00Z,397.24953269593004,399.44358917464797,394.6031912280039,396.9127197265625,78161500
2023-04-17T00:00:00Z,396.8260867230395,398.35614960865223,395.59433632263926,398.3369140625,66436400
2023-04-18T00:00:00Z,399.9151564170433,400.04989336742534,397.2207110819184,398.5968017578125,63560000
2023-04-19T00:00:00Z,396.68174813685937,399.43392897608123,396.62401213094887,398.5293884277344,55227300
2023-04-20T00:00:00Z,395.7098258250606,398.10598763661955,394.80525587274064,396.3545837402344,75840400
2023-04-21T00:00:00Z,396.65293468061344,397.12445524947367,394.70908702407195,396.6625671386719,73457400
2023-04-24T00:00:00Z,396.4604650046347,397.49977199704205,395.122874849699,397.07635498046875,64332100
2023-04-25T00:00:00Z,395.1035702020275,395.6617241074058,390.7154573508528,390.773193359375,97766700
2023-04-26T00:00:00Z,391.38909943441206,392.46687746099377,388.5599174310108,389.1180419921875,80447000
2023-04-27T00:00:00Z,391.65854499949717,397.1340685308111,391.40833604006144,396.8646240234375,92968400
2023-04-28T00:00:00Z,395.97922128699645,400.2614940281978,395.9214852858909,400.2518615722656,89433100
2023-05-01T00:00:00Z,399.8092473425676,401.8781992260224,399.61677440898023,399.8477478027344,62122300
2023-05-02T00:00:00Z,399.1355841651367,399.18371707766147,392.4475761726746,395.3537292480469,103998500
2023-05-03T00:00:00Z,395.8541741351487,398.26957154429016,392.3994991884123,392.64007568359375,91531800
2023-05-04T00:00:00Z,391.5911783811914,391.9183589011733,388.5214198537967,389.8590393066406,94901900
2023-05-05T00:00:00Z,393.49657525587213,398.12526506376383,393.23676319139554,397.07635498046875,87891800
2023-05-08T00:00:00Z,397.40359197443206,397.6634040758188,395.7772921495654,397.1822509765625,50046800
2023-05-09T00:00:00Z,395.6328415851866,396.55664705489033,395.20942462672946,395.44036865234375,49220100
2023-05-10T00:00:00Z,398.27919887504333,398.914324338217,393.4580365761441,397.28802490234375,96142900
2023-05-11T00:00:00Z,396.42191528238436,396.8838033054011,394.5165390857067,396.5951232910156,70157100
2023-05-12T00:00:00Z,397.8365674670435,398.04827596600416,393.6505304091499,396.0755310058594,70481500
2023-05-15T00:00:00Z,396.68175616777665,397.8461381335402,394.7667767427343,397.4419860839844,54289400
2023-05-16T00:00:00Z,396.3353398421656,397.2591747577228,394.77640880213,394.7860412597656,57705500
2023-05-17T00:00:00Z,396.80689259108277,400.1845667461961,395.1613575223225,399.5783386230469,87287000
2023-05-18T00:00:00Z,399.2607196795313,403.8509377054382,399.0394081133319,403.4275207519531,97177200
2023-05-19T00:00:00Z,404.3321069908471,404.86136352045077,401.6183971431854,402.84051513671875,103793300
2023-05-22T00:00:00Z,402.8597493463277,404.54378464321184,401.61836653322445,403.00408935546875,60745400
2023-05-23T00:00:00Z,401.358516825221,402.93671253841774,398.0866827611539,398.4812316894531,86383500
2023-05-24T00:00:00Z,396.8742131296412,397.2591296170941,394.4299479150844,395.5943298339844,89213700
2023-05-25T00:00:00Z,399.1067761340057,400.4732635587891,396.8646161031706,399.0201721191406,90961600
2023-05-26T00:00:00Z,399.6744966018046,404.90944304818487,399.5975250513779,404.1877136230469,93830000
2023-05-30T00:00:00Z,406.12200784767117,406.65126441099187,402.95601282370507,404.34173583984375,72216000
2023-05-31T00:00:00Z,402.51333285149997,403.41790279671176,400.5309849376734,402.09954833984375,110811800
2023-06-01T00:00:00Z,402.33050994129945,406.9784643429913,401.07952389464964,405.919921875,88865000
2023-06-02T00:00:00Z,408.49887873292437,412.5790465929496,407.9696222034908,411.78997802734375,91426200
2023-06-05T00:00:00Z,412.13636840253633,413.4258547804784,410.298360615152,411.0008544921875,65460200
2023-06-06T00:00:00Z,410.58706057707866,412.4250389550156,409.9326702630217,411.8957824707031,64022200
2023-06-07T00:00:00Z,412.2903911156484,413.42590516438145,410.04820165667223,410.47161865234375,85373300
2023-06-08T00:00:00Z,410.5389484373123,413.4066306619177,409.76911544531237,412.954345703125,61952800
2023-06-09T00:00:00Z,413.7530179844528,415.7064976991499,412.7041081245656,413.6952819824219,85742800
2023-06-12T00:00:00Z,414.67697774083064,417.5253957128038,413.95524813066066,417.4483947753906,76104300
2023-06-13T00:00:00Z,418.91104452208407,420.84525956412307,418.2470510492617,420.2005310058594,95899700
2023-06-14T00:00:00Z,420.53735216092747,422.5100677032549,417.2462527373111,420.700927734375,100612100
2023-06-15T00:00:00Z,419.88297886631347,427.1676425913594,419.78677175671936,425.9166564941406,110303100
2023-06-16T00:00:00Z,427.9043524050704,428.47421834147775,423.9925483177265,424.4658203125,114165800
2023-06-20T00:00:00Z,422.52444796434224,423.41304154167295,420.1870041214196,422.2636413574219,76160400
2023-06-21T00:00:00Z,421.2784425280354,422.0801103736596,419.51086470582334,420.1000671386719,76982300
2023-06-22T00:00:00Z,419.14389467353715,421.722779347334,418.80583057108225,421.6165466308594,70637200
2023-06-23T00:00:00Z,418.1586622892244,420.2159925909701,417.71436548656794,418.4291076660156,92074500
2023-06-26T00:00:00Z,417.8592755318311,419.781368562751,416.47807329831915,416.71954345703125,72823600
2023-06-27T00:00:00Z,417.5984155696539,421.9062340935396,417.1444505822348,421.2880859375,72813700
2023-06-28T00:00:00Z,420.20636537536024,422.5148342796088,419.5882170864921,421.50067138671875,75636000
2023-06-29T00:00:00Z,421.0852281845511,423.32607787868903,420.67957490667465,423.161865234375,67882300
2023-06-30T00:00:00Z,426.3782705598957,429.1406745135059,426.05951350289007,428.1554870605469,104964000
2023-07-03T00:00:00Z,427.8077905144009,428.9281859198321,427.52767692487674,428.6481018066406,32793400
2023-07-05T00:00:00Z,426.8322751907773,428.7447292814146,426.8226069528998,428.0106506347656,58418400
2023-07-06T00:00:00Z,424.42725571135543,425.0840474287703,422.1477622241082,424.6590576171875,80658300
2023-07-07T00:00:00Z,423.66417049204466,427.5373607483118,423.3454134187473,423.5868835449219,86134200
2023-07-10T00:00:00Z,423.2295437531058,424.83290904656155,422.659677750378,424.6590576171875,62443500
2023-07-11T00:00:00Z,425.4220950342892,427.8561033801802,424.4465462578362,427.3634948730469,64463800
2023-07-12T00:00:00Z,431.15940249157063,432.21220867974904,429.72988876678727,430.802001953125,91924500
2023-07-13T00:00:00Z,432.617887210663,435.0132815571351,432.18325865422753,434.22125244140625,72425200
2023-07-14T00:00:00Z,435.1099352949847,435.9598855253624,433.18781271573386,433.95086669921875,69815800
2023-07-17T00:00:00Z,433.80590268905246,436.51035622999115,433.75759097947645,435.4575500488281,52680200
2023-07-18T00:00:00Z,435.129226948945,439.3404523774336,434.69456887177944,438.6933288574219,80668200
2023-07-19T00:00:00Z,439.4853035858035,440.85683741354967,438.61598753921226,439.6688232421875,65891700
2023-07-20T00:00:00Z,438.6739839174844,439.5722457578469,436.0371193951603,436.7518615722656,70591600
2023-07-21T00:00:00Z,438.47112777830426,438.6739839174844,436.74222281063936,436.7518615722656,71275600
2023-07-24T00:00:00Z,437.9012750217946,439.5143085643416,436.86777572408096,438.7029724121094,54023400
2023-07-25T00:00:00Z,438.43253737447066,441.1562982796933,438.38422565839835,439.9006652832031,55191200
2023-07-26T00:00:00Z,438.9637376866275,441.39774607749916,437.91093141721467,439.96826171875,71052900
2023-07-27T00:00:00Z,443.3584372254405,443.764119987392,436.1433090250335,437.0512390136719,92194400
2023-07-28T00:00:00Z,440.3256456163928,442.1608128318353,437.0512962860115,441.3301696777344,80011800
2023-07-31T00:00:00Z,441.80349284574254,442.5279033679905,440.4898797710363,442.1705322265625,62040400
2023-08-01T00:00:00Z,440.7023562416477,441.64892989588066,439.9489705091238,440.90521240234375,55291500
2023-08-02T00:00:00Z,437.78533196247287,438.0461090832154,434.01840394785836,434.77178955078125,93933400
2023-08-03T00:00:00Z,432.75315569310766,435.4093273640729,432.1060027164115,433.5258483886719,64276100
2023-08-04T00:00:00Z,435.34169055011716,437.44730311288595,431.0435102343316,431.5650939941406,100128900
2023-08-07T00:00:00Z,433.40023969323573,435.4865451527169,432.7048045400754,435.3320007324219,58357500
2023-08-08T00:00:00Z,432.7917508600607,435.32238270202885,430.07762882885913,433.43890380859375,71361300
2023-08-09T00:00:00Z,433.7092853401669,433.8734979817306,429.77814494261014,430.54119873046875,78789600
2023-08-10T00:00:00Z,432.8980072622996,436.28825743462227,429.527093565885,430.69580078125,93005500
2023-08-11T00:00:00Z,428.82196893936987,431.4588333292262,428.22312774254544,430.44464111328125,68690900
2023-08-14T00:00:00Z,429.52711285274876,432.82073974609375,429.21802398769285,432.82073974609375,47867400
2023-08-15T00:00:00Z,431.0434905199487,431.40089107368914,427.2089436634091,427.7788391113281,75707500
2023-08-16T00:00:00Z,427.3634700312785,429.0247856402229,424.53344729188865,424.63970947265625,80107200
2023-08-17T00:00:00Z,426.10788651233355,426.3686636613096,420.8824689600864,421.404052734375,95711300
2023-08-18T00:00:00Z,418.5836919301103,422.6404024444025,418.23598904528774,421.6069030761719,98852000
2023-08-21T00:00:00Z,422.6210410735604,425.09369303000517,420.4671462190992,424.3499755859375,68719000
2023-08-22T00:00:00Z,426.1272091701829,426.1272091701829,422.64039424533416,423.2005920410156,64994200
2023-08-23T00:00:00Z,424.26309568362564,428.5323013291892,424.1182194745053,427.91412353515625,68441000
2023-08-24T00:00:00Z,429.51743829068363,430.0293538199984,421.95457682823127,421.98358154296875,88517300
2023-08-25T00:00:00Z,423.7124409886771,426.2430431246683,420.15800790417546,424.95843505859375,102325100
2023-08-28T00:00:00Z,427.15104351635455,428.271468592545,424.9585050816311,427.6533203125,61595400
2023-08-29T00:00:00Z,427.5470684062289,434.1150745823747,427.3635487226564,433.8349609375,83081900
2023-08-30T00:00:00Z,434.1730052474849,436.2593109157671,433.4679017861337,435.621826171875,69053900
2023-08-31T00:00:00Z,436.2399468961714,437.3796788770793,434.8007943012341,434.98431396484375,66084600
2023-09-01T00:00:00Z,437.7081084262502,438.19104870854676,434.337165211912,435.795654296875,58944100
2023-09-05T00:00:00Z,435.35144433513295,435.6701720154413,433.84467271190135,433.9122619628906,55166200
2023-09-06T00:00:00Z,433.1008212089274,433.20708339429626,428.6674331394679,430.9952087402344,70758500
2023-09-07T00:00:00Z,427.991344757898,430.34809581436866,427.6436418854697,429.6719970703125,70355400
2023-09-08T00:00:00Z,429.72025057240546,431.85483833340237,429.3628794853081,430.319091796875,61659700
2023-09-11T00:00:00Z,432.94631377147886,433.4582293140434,431.2367157088773,433.149169921875,60180100
2023-09-12T00:00:00Z,431.7003378706483,433.2264162204621,430.1935665209915,430.7730712890625,67565400
2023-09-13T00:00:00Z,430.9952464774697,432.4343991522864,429.89412843469466,431.2753601074219,60199300
2023-09-14T00:00:00Z,433.74799281245487,435.6893927060478,432.4440481531944,434.99395751953125,83430800
2023-09-15T00:00:00Z,433.40728505412073,433.7368392986662,429.31689007252186,429.7530517578125,111848900
2023-09-18T00:00:00Z,429.4428015854583,431.303846542474,428.9678601910398,430.0050048828125,55752200
2023-09-19T00:00:00Z,429.084142775809,429.6754234765873,426.42830474295727,429.11322021484375,66514600
2023-09-20T00:00:00Z,430.3733429544115,430.7901294710478,424.96470225740006,425.16827392578125,82562600
2023-09-21T00:00:00Z,422.31855674804774,422.58025371246634,417.98584063306095,418.14093017578125,104095800
2023-09-22T00:00:00Z,419.16842775985725,420.7677463582612,416.78395900410345,417.2007751464844,100829700
2023-09-25T00:00:00Z,415.9891218304828,418.993889361631,415.55293063128704,418.95513916015625,70874500
2023-09-26T00:00:00Z,415.91157553365485,416.6191660672769,411.96656825523684,412.8001708984375,96168400
2023-09-27T00:00:00Z,413.9729720120895,414.53517529607944,409.3204041006066,412.96490478515625,104705800
2023-09-28T00:00:00Z,412.4124874162186,417.0359784928409,411.8212066146307,415.3591003417969,92258300
2023-09-29T00:00:00Z,418.4123916323294,418.5868563011905,412.82928558629357,414.35107421875,115111300
2023-10-02T00:00:00Z,413.51746849079825,415.43666857523283,411.42380373877234,414.186279296875,83798600
2023-10-03T00:00:00Z,412.00536625897985,414.2444181473067,407.27523825202337,408.6419372558594,103760600
2023-10-04T00:00:00Z,409.107224446792,412.3640165843667,407.64359070503724,411.61767578125,87453000
2023-10-05T00:00:00Z,411.3268404794052,412.3058303467078,408.23484048426144,411.4625549316406,70142700
2023-10-06T00:00:00Z,409.0103544806193,417.88903385129703,407.68243499132717,416.3478698730469,113273300
2023-10-09T00:00:00Z,414.44794019758774,419.5851817448939,413.89546879833836,419.0133056640625,80374400
2023-10-10T00:00:00Z,419.643378299873,423.7919280682824,419.2459668319729,421.1942443847656,78607300
2023-10-11T00:00:00Z,422.2604167519184,423.17151977952034,419.8759482263836,422.9195251464844,62451700
2023-10-12T00:00:00Z,423.5302119190894,423.90821868639375,417.9858858829249,420.34124755859375,81154200
2023-10-13T00:00:00Z,421.8436069564154,423.0455435777595,416.67731756779995,418.24755859375,95143100
2023-10-16T00:00:00Z,420.4963128780658,423.71435449669224,420.25399100160854,422.64813232421875,75433200
2023-10-17T00:00:00Z,419.51731856642147,424.68363748247594,419.1683892665842,422.62872314453125,75324700
2023-10-18T00:00:00Z,420.85496751569167,421.81455273319096,415.91159504982164,416.9971923828125,93559800
2023-10-19T00:00:00Z,417.71448112410957,419.52704410810907,412.6547989345063,413.3332824707031,121323000
2023-10-20T00:00:00Z,412.8971069121286,413.4399055549237,408.14757441721036,408.25421142578125,123919900
2023-10-23T00:00:00Z,406.7227000782813,411.4140774521023,404.96829212836195,407.5466003417969,92035100
2023-10-24T00:00:00Z,409.6693198625217,411.7726865675268,407.81797735100866,410.6192321777344,78564200
2023-10-25T00:00:00Z,408.9327472697519,408.9618247136512,404.21229195450024,404.72601318359375,94223200
2023-10-26T00:00:00Z,403.65979204119725,404.5127401955018,398.95874174042217,399.8795471191406,115156800
2023-10-27T00:00:00Z,401.46916391920945,401.8665753160578,396.642101857825,398.06695556640625,107367700
2023-10-30T00:00:00Z,400.85858025181,403.88275285179935,399.55973840849714,402.82623291015625,86562700
2023-10-31T00:00:00Z,403.39809925222016,405.67593098866274,401.48860153022065,405.3560791015625,79665200
2023-11-01T00:00:00Z,406.32541106213137,410.49333629271865,405.7922850849921,409.67913818359375,98068100
2023-11-02T00:00:00Z,413.478720060287,417.6854545666244,413.4593449558553,417.5303649902344,94938900
2023-11-03T00:00:00Z,419.8372157670484,422.8904655764815,419.71120365505175,421.339599609375,100167800
2023-11-06T00:00:00Z,422.0956239774314,422.75473237061436,420.3605910898025,422.3088684082031,67831700
2023-11-07T00:00:00Z,422.3088656922616,424.1505059932791,421.1651135619809,423.5107727050781,64256100
2023-11-08T00:00:00Z,424.1117888599285,424.63521246037624,421.5141051219166,423.8210144042969,61746000
2023-11-09T00:00:00Z,424.9648046380623,425.00358442904513,420.08928862801974,420.5157775878906,83174400
2023-11-10T00:00:00Z,422.58998243152627,427.38793789386506,420.5059906051338,427.0777587890625,89462200
2023-11-13T00:00:00Z,425.740146607046,427.7756266322396,424.95502612182986,426.670654296875,52236100
2023-11-14T00:00:00Z,432.6123476205668,436.2374729315987,432.3894008757626,434.9483337402344,97176900
2023-11-15T00:00:00Z,436.28598819138983,437.51700226405256,435.01622391603615,435.86920166015625,77327600
2023-11-16T00:00:00Z,435.42338430911985,436.7222261657172,434.3571620148054,436.4023742675781,66665800
2023-11-17T00:00:00Z,436.4119730300388,437.5557547047121,435.4911676985958,436.9450988769531,83133200
2023-11-20T00:00:00Z,436.69311009341754,441.1518386514175,436.6834077524104,440.3085632324219,69936200
2023-11-21T00:00:00Z,439.2616751507019,440.18251005122386,438.0791432901761,439.3489074707031,49244600
2023-11-22T00:00:00Z,441.00641581534256,442.36341233286754,439.94989604168717,441.045166015625,59394900
2023-11-24T00:00:00Z,441.09364165847086,441.51042815767795,440.76408747907647,441.3165588378906,29737400
2023-11-27T00:00:00Z,440.68655185927656,441.5007498020653,440.1340508901427,440.52178955078125,50506000
2023-11-28T00:00:00Z,440.13407696271906,442.25681906014256,439.57190319998205,440.9579772949219,62115000
2023-11-29T00:00:00Z,443.10976458954195,444.24384395397783,440.2503842780265,440.64776611328125,63146000
2023-11-30T00:00:00Z,441.4910541020233,442.7317408428034,439.41676478055234,442.3827819824219,79752700
2023-12-01T00:00:00Z,441.77219472169025,445.53303530779465,441.18094348970146,444.99993896484375,89183400
2023-12-04T00:00:00Z,441.60739008872554,445.019271433423,440.3860783753154,442.6639099121094,72430900
2023-12-05T00:00:00Z,441.2778489374918,443.5362758597069,440.8998126034742,442.5766906738281,69793500
2023-12-06T00:00:00Z,444.718815610949,444.7478930540511,440.35702166378525,440.793212890625,69124700
2023-12-07T00:00:00Z,442.8771496276889,444.8060222628319,442.27619611806483,444.1566162109375,66995400
2023-12-08T00:00:00Z,443.4102636541943,446.5992278993257,443.16794177253433,446.0661315917969,83194400
2023-12-11T00:00:00Z,445.5717979195869,447.97564170163525,445.358553474564,447.8011474609375,65002200
2023-12-12T00:00:00Z,447.45223299144266,449.94330918636626,446.45386796122364,449.84637451171875,68327600
2023-12-13T00:00:00Z,450.2243768877482,456.3018289230582,449.8657452173365,456.0498046875,93278000
2023-12-14T00:00:00Z,457.98839971929596,459.18063413890565,454.83821495932193,457.5134582519531,119026000
2023-12-15T00:00:00Z,456.9158501916579,458.09346468799856,454.911024624647,456.7601318359375,141553700
2023-12-18T00:00:00Z,458.3659919459903,460.3124269591709,457.30518842783584,459.3294677734375,70375300
2023-12-19T00:00:00Z,459.8744287176748,462.2004326198957,459.79658439176796,462.12255859375,55761800
2023-12-20T00:00:00Z,461.26613266046417,463.15417688283,455.2905929826461,455.71881103515625,102921000
2023-12-21T00:00:00Z,458.7065536605437,460.31238616429494,456.28325178797456,460.0398864746094,86667500
2023-12-22T00:00:00Z,461.16881437336167,462.64812393044707,459.06669078214355,460.9644470214844,67160400
2023-12-26T00:00:00Z,461.37315728833744,463.8159126462135,461.29528326802847,462.91082763671875,55387000
2023-12-27T00:00:00Z,462.7064835048319,463.8938099220547,462.1712258143802,463.7478332519531,68000300
2023-12-28T00:00:00Z,464.10794836189996,464.75998742977106,463.5045582870676,463.92303466796875,77158100
2023-12-29T00:00:00Z,463.7284066354718,464.25395241237885,460.6238403704198,462.58001708984375,122283100
2024-01-02T00:00:00Z,459.5143439023402,460.9839117212058,457.8890577311239,459.9912109375,123623700
2024-01-03T00:00:00Z,457.8306496986943,458.57030441924957,455.6311985932203,456.2345886230469,103585900
2024-01-04T00:00:00Z,455.75765509650716,458.346416709132,454.5411334571291,454.7649841308594,84232200
2024-01-05T00:00:00Z,454.96940287212124,457.84040614563645,453.93779478135224,455.3879089355469,86118900
2024-01-08T00:00:00Z,455.884242835596,462.0349842457667,455.7577198150965,461.8890075683594,74879100
2024-01-09T00:00:00Z,459.2320864754785,462.21012932199153,458.72602412321226,461.1882629394531,65931400
2024-01-10T00:00:00Z,461.4607624691406,464.6626560070687,461.17852110920177,463.7964782714844,67310600
2024-01-11T00:00:00Z,464.79894328451786,465.31474737264404,459.61170706620095,463.5921630859375,77940700
2024-01-12T00:00:00Z,465.04220480544996,465.7818595429952,462.502121615046,463.91326904296875,58026400
2024-01-16T00:00:00Z,462.53135296380003,463.845172812728,460.3902626095814,462.2101745605469,85014900
2024-01-17T00:00:00Z,459.183486246918,460.12750840636863,457.28570024897624,459.6408996582031,68843900
2024-01-18T00:00:00Z,461.314802822399,464.28310409945385,459.7673906749951,463.7283630371094,91856200
2024-01-19T00:00:00Z,464.857238788755,469.7914576424997,463.77698183865203,469.50921630859375,110834500
2024-01-22T00:00:00Z,471.0469830334159,472.22456782073624,469.8499148891261,470.5019836425781,75844900
2024-01-23T00:00:00Z,471.0469649925702,472.1174803762762,469.956966252641,471.8741760253906,49945300
2024-01-24T00:00:00Z,474.745153487513,475.6794338281553,471.89363377790727,472.3899841308594,81765000
2024-01-25T00:00:00Z,474.52136032734217,475.23181977158964,472.39004139507995,474.9593200683594,72525000
2024-01-26T00:00:00Z,474.53106799985125,476.02008943226616,473.5092016110277,474.35589599609375,76641600
2024-01-29T00:00:00Z,474.66731967923187,478.258494159002,474.12232032676826,478.11248779296875,61322800
2024-01-30T00:00:00Z,477.4214974259143,478.45310543351826,476.9835377414516,477.74267578125,58618400
2024-01-31T00:00:00Z,475.5334936248827,475.98116532447904,469.9277517507619,469.9472351074219,126011100
2024-02-01T00:00:00Z,471.65035080339914,476.1271567596163,470.8425637335658,476.09796142578125,91891600
2024-02-02T00:00:00Z,476.53591254829524,482.7644982110768,476.1952805049677,481.11004638671875,99228200
2024-02-05T00:00:00Z,480.47750027251203,481.1392810563577,477.1004342987586,479.3582763671875,75757100
2024-02-06T00:00:00Z,480.3022375794468,481.0808293147646,478.871606822303,480.74993896484375,55918600
2024-02-07T00:00:00Z,482.99806143919835,485.1780588645302,482.092946704362,484.75958251953125,70556500
2024-02-08T00:00:00Z,484.7595848352,485.3532331832338,483.94208579679537,484.97369384765625,52343600
2024-02-09T00:00:00Z,485.47980263839474,488.2145413726089,485.1391705814137,487.776611328125,63979400
2024-02-12T00:00:00Z,487.7473831666172,490.01496666720067,486.84226840178366,487.5624694824219,56502300
2024-02-13T00:00:00Z,481.2851887040555,483.7766228154562,477.57723287028176,480.84722900390625,113099200
2024-02-14T00:00:00Z,483.48468469887587,485.703619202311,481.1586808363787,485.2170104980469,68387800
2024-02-15T00:00:00Z,485.91772783399097,488.74979405458623,485.4408311080291,488.56488037109375,61683000
2024-02-16T00:00:00Z,488.2632150838705,489.401862888149,485.3922116760664,486.1318664550781,75532900
2024-02-20T00:00:00Z,484.3897552215933,485.06127758934093,481.20734508331265,483.4554748535156,71736700
2024-02-21T00:00:00Z,482.15142520014626,484.0491814982397,480.3412252124708,483.8934631347656,59293400
2024-02-22T00:00:00Z,490.51134795574427,494.87134322560775,489.5478424615369,493.9078674316406,76402500
2024-02-23T00:00:00Z,495.63045683227716,496.46743931170954,493.5185915264853,494.2485046386719,61321800
2024-02-26T00:00:00Z,494.6864234153272,495.12438315275733,492.3117704350963,492.43829345703125,50386700
2024-02-27T00:00:00Z,493.1292368818132,493.5769085410792,491.2314511932456,493.3530578613281,48854500
2024-02-28T00:00:00Z,491.7959350516518,493.28495648375826,491.4358493661455,492.7010498046875,56506600
2024-02-29T00:00:00Z,494.4626085780751,496.0878651256629,491.81545586381117,494.4723205566406,83924800
2024-03-01T00:00:00Z,495.3482154895911,499.54275051356746,494.9394511031337,499.1145324707031,76844800
2024-03-04T00:00:00Z,498.31658685191803,500.42845220247364,498.28736181458015,498.5793151855469,49799300
2024-03-05T00:00:00Z,496.5744479650044,497.0221493633574,491.38721217314117,493.5964050292969,72855600
2024-03-06T00:00:00Z,496.87609616392615,498.35540551430984,494.8031681983377,496.0975341796875,68382400
2024-03-07T00:00:00Z,499.39680772832526,502.0731556685532,496.15597704493354,501.0220642089844,58652100
2024-03-08T00:00:00Z,501.6546849790431,504.3407152276024,497.4406368151398,498.01483154296875,86532500
2024-03-11T00:00:00Z,496.8080772887865,498.17057584105015,494.8810959575729,497.5866394042969,62557200
2024-03-12T00:00:00Z,499.6985307075949,503.5232683044219,497.1778712794107,502.9393615722656,73114400
2024-03-13T00:00:00Z,503.26039141885445,503.43556340746846,500.7105668060212,502.1509094238281,55104100
2024-03-14T00:00:00Z,503.1241227281349,503.2798707615309,498.112089236963,501.15826416015625,110171800
2024-03-15T00:00:00Z,498.08807852140865,499.5426983558434,496.04773772547895,497.71710205078125,107646300
2024-03-18T00:00:00Z,501.7879780994152,503.2327960119457,500.2650442068728,500.675048828125,88893300
2024-03-19T00:00:00Z,499.9819809876235,503.7404859733711,498.9764238973626,503.4573974609375,60755300
2024-03-20T00:00:00Z,503.515925395574,508.25067121798276,502.8423166074447,508.1139831542969,69594600
2024-03-21T00:00:00Z,510.9549424076125,511.6578075346775,509.5100647824686,509.793212890625,60256100
2024-03-22T00:00:00Z,509.7053025616341,510.19342318455074,508.59237324097523,508.82672119140625,79070800
2024-03-25T00:00:00Z,507.4502157274298,508.5729170562345,507.2647274970631,507.42095947265625,48512100
2024-03-26T00:00:00Z,508.8462519954212,509.1879722137105,506.08353191849,506.4837646484375,65463700
2024-03-27T00:00:00Z,509.31483823022427,510.7792000886694,507.1475516955064,510.7401123046875,82999800
2024-03-28T00:00:00Z,510.7791441135719,512.145845947325,510.3593675770243,510.6424560546875,96294900
2024-04-01T00:00:00Z,511.38445509453464,511.92137584867254,508.5923599199536,509.75408935546875,62477500
2024-04-02T00:00:00Z,505.9272809933223,506.6496900205949,504.20908677438206,506.5130615234375,74230300
2024-04-03T00:00:00Z,505.41957743973774,508.5728771082824,505.3707772955882,507.0694274902344,59155800
2024-04-04T00:00:00Z,511.08179809560863,511.42345867223884,500.5774335376575,500.88006591796875,96858100
2024-04-05T00:00:00Z,502.23705258109646,508.0749556966803,501.79773213862893,506.1127014160156,74546500
2024-04-08T00:00:00Z,506.815618601476,507.8211160052217,505.5855452146359,506.3957824707031,48401800
2024-04-09T00:00:00Z,508.13358597756917,508.3776462974431,502.1296782746543,506.98162841796875,68049200
2024-04-10T00:00:00Z,501.2803426609476,503.89666208515973,499.92341259541246,501.9051513671875,82652800
2024-04-11T00:00:00Z,503.4281061989144,507.13781122017554,499.9136613545702,505.6929931640625,70099000
2024-04-12T00:00:00Z,502.1492186619509,503.5647804243456,496.98489398756476,498.7128601074219,92561100
2024-04-15T00:00:00Z,502.8911540643935,503.05709839116423,491.61554988176164,492.46490478515625,92101400
2024-04-16T00:00:00Z,492.9432762462562,494.4662102656471,490.2781268160622,491.5667724609375,73484000
2024-04-17T00:00:00Z,494.0268893119992,494.1928634388067,487.2615443714678,488.6575622558594,75910300
2024-04-18T00:00:00Z,490.0535829309475,492.15249561510325,486.71482481856754,487.6520080566406,74548100
2024-04-19T00:00:00Z,487.57394131853926,488.56969668668467,482.1264983587833,483.3956298828125,102212600
2024-04-22T00:00:00Z,486.0021189287348,490.4440340397871,483.6591461256328,487.84722900390625,67961000
2024-04-23T00:00:00Z,489.85833417865257,494.0659315908711,487.6617913619136,493.6363830566406,64633600
2024-04-24T00:00:00Z,494.5247405147149,495.3154935043147,491.17624034467946,493.4020690917969,55928100
2024-04-25T00:00:00Z,487.3200821932215,492.28914639879576,485.6702321576898,491.5276794433594,69122400
2024-04-26T00:00:00Z,494.31979324751813,497.7659238799117,493.68524235456005,496.1844177246094,64306100
2024-04-29T00:00:00Z,497.97087540007783,498.61519817399505,495.19835393785416,497.94158935546875,46415400
2024-04-30T00:00:00Z,496.4772740416634,497.45351534342734,490.0536193847656,490.0536193847656,77483600
2024-05-01T00:00:00Z,489.46786865773555,496.11606953951656,487.9937347584278,488.46234130859375,80242800
2024-05-02T00:00:00Z,492.1720003799534,493.8706803453591,487.6812848525579,493.0310974121094,62550200
2024-05-03T00:00:00Z,499.0154483809272,500.37240813782097,496.4772153379588,499.1423645019531,72756700
2024-05-06T00:00:00Z,501.5438679323867,504.3359031936084,501.104547517922,504.296875,47264700
2024-05-07T00:00:00Z,505.2633981790086,506.2494113345479,504.1797847364997,504.8533935546875,52561300
2024-05-08T00:00:00Z,503.01802238309904,505.439081357784,502.90087821239047,504.90216064453125,42047200
2024-05-09T00:00:00Z,505.08764898476056,507.8504281122988,504.43358410061904,507.81134033203125,43643700
2024-05-10T00:00:00Z,509.4124099670415,510.2227068337735,507.24518313883544,508.4654846191406,52233200
2024-05-13T00:00:00Z,510.1446047910038,510.2519770237958,507.3915974260266,508.5337829589844,36716400
2024-05-14T00:00:00Z,508.72900340853613,511.3844102791641,508.1920827014514,510.8669738769531,57535900
2024-05-15T00:00:00Z,513.3369504006804,517.4859756907869,512.7023697575905,517.193115234375,59504900
2024-05-16T00:00:00Z,517.2905743624532,518.8916238673136,515.9823852340866,516.1288452148438,50244800
2024-05-17T00:00:00Z,516.2461019816988,516.9392546781255,514.7915121402848,516.8709106445312,59187600
2024-05-20T00:00:00Z,516.9881429675341,518.9308537358257,516.5976225904213,517.4664916992188,37764200
2024-05-21T00:00:00Z,516.7049957755823,518.8917666350982,516.4999636631139,518.7355346679688,33437000
2024-05-22T00:00:00Z,518.0424683735625,518.7551054535538,515.0648847480338,517.241943359375,48390000
2024-05-23T00:00:00Z,520.2974322144307,520.4048044255534,512.2531562085424,513.4637451171875,57211200
2024-05-24T00:00:00Z,515.3089561408403,517.6715030328614,514.3620306627067,516.8612060546875,41291100
2024-05-28T00:00:00Z,517.6715045678355,517.9057929513657,514.5865486245773,517.222412109375,36269600
2024-05-29T00:00:00Z,513.1905202395113,514.7817983278129,512.8878878194378,513.6005249023438,45190300
2024-05-30T00:00:00Z,512.0581051762924,512.7219421093527,508.9438930493387,510.1934509277344,46377600
2024-05-31T00:00:00Z,511.15017117084983,514.9672481577884,506.0443890267406,514.84033203125,90785800
2024-06-03T00:00:00Z,516.4511771729021,516.7342656913833,510.18366530067414,515.2601318359375,46835700
2024-06-04T00:00:00Z,513.9519821715993,516.5780734778808,512.4876203186922,515.8361206054688,34632700
2024-06-05T00:00:00Z,518.1596742180576,521.9865238759579,516.1681035996744,521.9669799804688,47610400
2024-06-06T00:00:00Z,522.2694966184689,522.6990451286446,520.0241537818829,521.9570922851562,30808500
2024-06-07T00:00:00Z,520.9808506310355,524.1341502130953,519.8874652579173,521.3225708007812,43224500
2024-06-10T00:00:00Z,520.5122904328304,523.255525898201,519.916797584573,522.933349609375,35686100
2024-06-11T00:00:00Z,521.3811087600108,524.2512600728273,519.4090826052437,524.1926879882812,36383400
2024-06-12T00:00:00Z,528.7615900630306,531.1924214122917,527.4631724257194,528.4979858398438,63251300
2024-06-13T00:00:00Z,530.2455146530901,530.4212309464041,526.770097820224,529.5621337890625,44760900
2024-06-14T00:00:00Z,528.0293950539849,529.9135335983043,527.0238379218912,529.88427734375,40089900
2024-06-17T00:00:00Z,529.2008114818414,535.49757872361,528.7419471638832,534.1015014648438,55839500
2024-06-18T00:00:00Z,534.16013957423,535.585473259027,533.7403629842298,535.4585571289062,41376400
2024-06-20T00:00:00Z,536.385998334327,537.0498352385172,532.2272010481894,534.0039672851562,70328200
2024-06-21T00:00:00Z,533.180367297688,534.4046057790133,531.8288032321234,533.2880859375,64338600
2024-06-24T00:00:00Z,533.1117619254674,535.6777608035513,531.4369822915095,531.5545043945312,45528700
2024-06-25T00:00:00Z,532.7787259572508,533.9638101987721,531.260682360104,533.6014404296875,37936200
2024-06-26T00:00:00Z,532.4849577215607,534.9823921713983,531.8385861304241,534.2674560546875,38550600
2024-06-27T00:00:00Z,534.1303504208262,535.6876080791019,533.3860038559784,535.1097412109375,35041500
2024-06-28T00:00:00Z,535.8835010057983,538.939255622942,531.7603035552984,533.0040893554688,76144500
2024-07-01T00:00:00Z,534.3849539324244,534.6298016081159,531.3390631933655,534.1009521484375,40297800
2024-07-02T00:00:00Z,532.4947501316359,537.6953125,532.4457925507478,537.6953125,40434800
2024-07-03T00:00:00Z,537.381917105902,540.457218430894,537.3427629954197,540.0948486328125,32789900
2024-07-05T00:00:00Z,540.3984429341523,543.6108134486142,539.7618150479054,543.2092895507812,41488400
2024-07-08T00:00:00Z,543.9927357696513,544.7860397915607,542.7684974779849,543.8360595703125,36110500
2024-07-09T00:00:00Z,544.795863484972,545.6968861634513,544.0711239537649,544.3649291992188,27289700
2024-07-10T00:00:00Z,545.5892370725392,550.0944108163902,545.2954317896393,549.7516479492188,38701200
2024-07-11T00:00:00Z,549.869152242232,550.7408243676441,544.3747844096212,545.0113525390625,53054200
2024-07-12T00:00:00Z,546.1376269625789,552.0531251206323,545.667538567234,548.448974609375,53084400
2024-07-15T00:00:00Z,550.4468485499772,553.1989333496028,548.0962875366868,549.9571533203125,40584300
2024-07-16T00:00:00Z,551.2695891404957,553.5123721227574,550.5154392403327,553.2185668945312,36475300
2024-07-17T00:00:00Z,547.2835666023501,548.9583463886919,545.1386983611491,545.4619140625,57119000
2024-07-18T00:00:00Z,546.9994907975359,547.9886849352189,539.0859974733345,541.27001953125,56270400
2024-07-19T00:00:00Z,541.0350233261719,542.6608454522978,536.6179614633988,537.6757202148438,65509100
2024-07-22T00:00:00Z,541.6030366708314,543.826272604696,539.6638622867013,543.2190551757812,43346700
2024-07-23T00:00:00Z,543.111291105197,545.2659625762393,541.8773090500791,542.3670043945312,34439600
2024-07-24T00:00:00Z,537.5483166712224,537.8519253696913,529.1549319575545,530.0755615234375,74515300
2024-07-25T00:00:00Z,530.1931317534066,536.177254363603,526.3735438881854,527.313720703125,61158300
2024-07-26T00:00:00Z,531.1040855758291,535.9128682273114,530.3303285661854,533.2195434570312,53763800
2024-07-29T00:00:00Z,534.7669398202207,535.7756811771844,531.5349026238763,533.5328979492188,39515800
2024-07-30T00:00:00Z,535.0019870020752,536.059745722708,527.4215123549488,530.8297729492188,46853600
2024-07-31T00:00:00Z,537.665950025587,542.0928156342903,536.2948387521341,539.458251953125,65663400
2024-08-01T00:00:00Z,541.1818806021787,543.4344670666311,528.3126735436618,531.8189086914062,76428700
2024-08-02T00:00:00Z,524.7086595069954,525.9230946235249,517.7059908635142,521.9174194335938,82789100
2024-08-05T00:00:00Z,501.0955002341847,512.7894282399624,499.75370979338373,506.7171936035156,146267400
2024-08-06T00:00:00Z,508.51921810050686,518.8322310175004,507.19706454680966,511.3888854980469,84826300
2024-08-07T00:00:00Z,517.5785536304185,520.6343074860769,507.3733196862517,507.9707336425781,70698300
2024-08-08T00:00:00Z,513.1125407389065,520.3404486814812,511.08525465156777,519.7136840820312,63276600
2024-08-09T00:00:00Z,518.8909769209239,523.4941251002426,517.6667385635127,522.0054321289062,45619600
2024-08-12T00:00:00Z,523.2002926739822,524.6889257907327,520.0074696393324,522.2796630859375,42542100
2024-08-13T00:00:00Z,525.4725645280489,531.1040615199245,525.2277168327499,530.8689575195312,52333100
2024-08-14T00:00:00Z,531.6622865517797,533.7288466275766,528.9885687226673,532.5437622070312,42446900
2024-08-15T00:00:00Z,538.1751988274788,541.9556326474029,537.5679813653051,541.671630859375,60846800
2024-08-16T00:00:00Z,540.0555332245729,543.581375155023,539.8988570348282,542.885986328125,44430700
2024-08-19T00:00:00Z,543.2973511166235,548.0767822265625,542.4452860411917,548.0767822265625,39121800
2024-08-20T00:00:00Z,547.6263456901657,549.2815184001456,545.8438474042439,547.1856079101562,33732300
2024-08-21T00:00:00Z,548.2335818085938,550.5253226989936,543.2974141481618,549.0660400390625,41514600
2024-08-22T00:00:00Z,550.9660160166799,551.5732334533072,543.5422179587766,544.7566528320312,56121500
2024-08-23T00:00:00Z,547.9984083542695,551.4850362271399,545.8045233685474,550.5447998046875,50639400
2024-08-26T00:00:00Z,551.5732410031779,552.2881770773529,547.528352675827,549.2324829101562,35788600
2024-08-27T00:00:00Z,547.9593482100599,550.4763897351174,546.8134777136145,549.9866943359375,32693900
2024-08-28T00:00:00Z,549.6438836929623,550.0748179978751,543.6009999526875,546.7938232421875,41066000
2024-08-29T00:00:00Z,548.7623394799141,552.0628809883677,545.6968421488655,546.8427124023438,38715200
2024-08-30T00:00:00Z,549.212926690368,552.5722295246512,545.657733766081,552.0629272460938,62700100
2024-09-03T00:00:00Z,548.9191307501956,549.25214992284,538.1850458833093,540.7020874023438,60600100
2024-09-04T00:00:00Z,538.8607938634791,543.0035975400444,538.1360542845994,539.5953369140625,47224900
2024-09-05T00:00:00Z,539.536669068856,542.386670295475,535.8247392878686,538.2830200195312,44264300
2024-09-06T00:00:00Z,538.6061519080256,540.2319142524223,528.3225490242058,529.2235717773438,68493800
2024-09-09T00:00:00Z,533.4251872668898,536.4221205223048,531.4957564364314,535.1488647460938,40445800
2024-09-10T00:00:00Z,537.0587885128602,537.8325455941908,532.1814408784411,537.4799194335938,36394600
2024-09-11T00:00:00Z,537.3916279053534,543.914342923255,528.8317637255883,542.9937133789062,75248600
2024-09-12T00:00:00Z,543.5715745845557,547.8711135710835,541.3483388424467,547.5675048828125,51819600
2024-09-13T00:00:00Z,548.1747815451495,551.4263657909838,547.9201304028155,550.4273681640625,39310500
2024-09-16T00:00:00Z,550.1629297590999,551.5046902542234,548.360884321784,551.2402954101562,36656100
2024-09-17T00:00:00Z,553.4535858697245,554.903124558385,549.232414914231,551.4654541015625,49321000
2024-09-18T00:00:00Z,552.1217580784818,556.969754476821,549.2717571625421,549.8300170898438,59044900
2024-09-19T00:00:00Z,559.2418737919741,561.0733295553275,556.3722663136862,559.2124633789062,75315500
2024-09-20T00:00:00Z,557.8430941207945,559.2871857073619,555.2200568119598,558.245849609375,77503100
2024-09-23T00:00:00Z,559.3166610051752,560.2892222272916,558.0984411315784,559.6408081054688,44116900
2024-09-24T00:00:00Z,560.4364946014963,561.3010067117204,557.6071931426925,561.2420654296875,46805700
2024-09-25T00:00:00Z,561.0849426444706,561.8217386948093,558.8941616149112,560.0042724609375,38428600
2024-09-26T00:00:00Z,564.2679463720303,564.5921534543987,559.8668367278948,562.2245483398438,48336000
2024-09-27T00:00:00Z,563.2952985697877,564.1106429805404,560.377555197848,561.4090576171875,42100900
2024-09-30T00:00:00Z,560.3775886747461,564.2678934162012,558.078818569817,563.6588134765625,63557400
2024-10-01T00:00:00Z,563.3051897855821,563.9535439565005,556.035444442894,558.6093139648438,72668800
2024-10-02T00:00:00Z,557.715374727311,559.866821742494,555.3183290115846,558.8450927734375,38097800
2024-10-03T00:00:00Z,557.3714411111998,559.7684865712154,555.5343678239607,557.8233642578125,40846500
2024-10-04T00:00:00Z,562.2736036088263,563.2658318866675,558.0984259775333,562.8925170898438,42939100
2024-10-07T00:00:00Z,561.2420924631317,561.8905065573382,556.6543259021896,557.8037109375,49964700
2024-10-08T00:00:00Z,560.3775771285751,563.6784689445017,559.5032914013763,563.0791625976562,37398700
2024-10-09T00:00:00Z,563.0693978961492,567.5393423690588,562.4701514366566,566.9793701171875,37912200
2024-10-10T00:00:00Z,565.6335348411864,567.4116672245898,564.3760405790135,565.9871826171875,44138100
2024-10-11T00:00:00Z,565.9085213296812,570.1131999200273,565.7709716649979,569.3764038085938,42268000
2024-10-14T00:00:00Z,570.9874382986001,574.9661849382893,570.5060744728205,574.0328979492188,36217200
2024-10-15T00:00:00Z,574.2981309420833,574.6026708937048,568.3545951743074,569.5728149414062,54203600
2024-10-16T00:00:00Z,569.5728070987392,572.5690988319416,568.7672362789522,572.0484008789062,30725400
2024-10-17T00:00:00Z,575.594918349773,575.801242846272,571.9109378019983,572.0975952148438,34393700
2024-10-18T00:00:00Z,573.7872313147403,575.0839994048337,572.3234729286785,574.298095703125,37416800
2024-10-21T00:00:00Z,573.5711395635755,574.5535342943244,570.378356688641,573.3550415039062,36439000
2024-10-22T00:00:00Z,570.8204817447413,574.2097557683464,570.1622940232531,573.050537109375,34183800
2024-10-23T00:00:00Z,571.0268424499369,571.4689321263772,564.3072352656649,567.8143920898438,49314600
2024-10-24T00:00:00Z,569.7693209618997,569.8479293354313,566.4193810527883,569.0423583984375,34979900
2024-10-25T00:00:00Z,571.2723713678375,574.1704478252901,567.9027646254573,568.8458251953125,47268200
2024-10-28T00:00:00Z,572.3236221809337,572.451338311336,570.2998911399899,570.6044311523438,30174700
2024-10-29T00:00:00Z,569.6415908764491,572.6477165136779,568.2466070737139,571.52783203125,42899700
2024-10-30T00:00:00Z,571.0562011429839,573.0504911915006,569.0914117169528,569.7987670898438,41435800
2024-10-31T00:00:00Z,565.4271221936206,565.4958970216722,558.4324763422399,558.6289672851562,60182500
2024-11-01T00:00:00Z,561.2617936558026,565.4173043933644,560.5741053167588,560.9866943359375,45667500
2024-11-04T00:00:00Z,561.1242574334378,562.4210257711015,557.8922001113365,559.7783813476562,38217000
2024-11-05T00:00:00Z,560.6919638738422,566.586332309216,560.4758658123077,566.5470581054688,39478300
2024-11-06T00:00:00Z,578.8270097230293,581.508928254242,575.0840880526238,580.6345825195312,68182000
2024-11-07T00:00:00Z,582.6386570968723,586.1458133207747,582.5600487330294,585.1240844726562,47233200
2024-11-08T00:00:00Z,585.674234913322,589.0831757216504,585.674234913322,587.65869140625,46444900
2024-11-11T00:00:00Z,589.2501303160354,589.6037779981073,586.4896037587446,588.2186279296875,37586800
2024-11-12T00:00:00Z,588.1401110548398,588.7393574916656,583.9059918696842,586.3914794921875,43006100
2024-11-13T00:00:00Z,586.8531544283672,588.6803942959151,584.4856094336134,586.6763305664062,47388600
2024-11-14T00:00:00Z,586.804130643577,587.2854945523371,582.2163632356335,582.9039916992188,38904100
2024-11-15T00:00:00Z,579.3377611991996,579.8093514182389,573.580942771995,575.4376831054688,75988800
2024-11-18T00:00:00Z,575.8993966406199,579.1118465214918,575.0349444617987,577.7954711914062,37001700
2024-11-19T00:00:00Z,574.4160398519082,580.6345552744816,573.7480186357969,579.9075927734375,49412000
2024-11-20T00:00:00Z,579.9861823753545,580.3889378159292,574.3374129030207,580.1040649414062,50032600
2024-11-21T00:00:00Z,582.953055915256,584.6427460672937,577.1077952881657,583.21826171875,46750300
2024-11-22T00:00:00Z,583.208534421257,585.6547481079318,582.7075633853434,585.0260009765625,38226400
2024-11-25T00:00:00Z,588.9653319760873,590.281707390563,584.7213793724078,587.0103759765625,42441400
2024-11-26T00:00:00Z,588.2579731618996,590.7434606979054,587.5408441710033,590.075439453125,45621300
2024-11-27T00:00:00Z,589.8887838542881,590.2718722436573,586.7647756879834,588.2874755859375,34000200
2024-11-29T00:00:00Z,589.1028202958577,592.7278593888155,588.8277809402925,591.9419555664062,30177400
2024-12-02T00:00:00Z,592.354515594293,593.6807844427898,591.8633182342458,593.0029296875,31746000
2024-12-03T00:00:00Z,592.7672106157903,593.5236138358292,591.73570807165,593.2780151367188,26906600
2024-12-04T00:00:00Z,594.9677449089698,597.2075737883222,594.2997236656325,596.9619750976562,42787600
2024-12-05T00:00:00Z,596.961947940629,597.7675188046404,595.6259055147337,595.9795532226562,28762200
2024-12-06T00:00:00Z,596.7458937244957,598.3472020292826,596.333304701608,597.109375,31241500
2024-12-09T00:00:00Z,596.9915028268559,597.1584931551176,593.445071963169,594.0344848632812,34742700
2024-12-10T00:00:00Z,594.7122615181331,595.1346840344664,591.5293123546073,592.1875,37234500
2024-12-11T00:00:00Z,595.1150870375847,597.7183970026139,594.8399877419274,596.7655029296875,28677700
2024-12-12T00:00:00Z,595.9010008938557,596.4707466548862,593.6906127929688,593.6906127929688,31543800
2024-12-13T00:00:00Z,595.7242008087076,596.4413297893211,592.1973772710232,593.57275390625,35904700
2024-12-16T00:00:00Z,595.3312295236393,597.0799209921157,594.5551592425911,596.1072998046875,43695200
2024-12-17T00:00:00Z,593.5530906608857,594.5158183353977,592.2759894688432,593.6513061523438,55773500
2024-12-18T00:00:00Z,593.3467745348553,595.7339866328443,575.5752867073982,575.9584350585938,108248700
2024-12-19T00:00:00Z,580.9490228826561,582.5601648792804,575.5360174904994,575.7816162109375,85919500
2024-12-20T00:00:00Z,573.451443984787,587.2315284125533,572.6036951737447,582.6973266601562,125716700
2024-12-23T00:00:00Z,582.4409930028329,586.7879087972127,579.2571372355378,586.1866455078125,57635800
2024-12-24T00:00:00Z,587.5370230202848,592.7415539521577,586.9554328723399,592.7020874023438,33160100
2024-12-26T00:00:00Z,590.9277996479015,593.8651696252028,589.5281209545966,592.7415161132812,41219100
2024-12-27T00:00:00Z,588.9958679237085,589.2324867459512,582.3128451341881,586.5020751953125,64969300
2024-12-30T00:00:00Z,579.4839049805771,583.278830614674,576.0536238226567,579.8091430664062,56578800
2024-12-31T00:00:00Z,581.4748988586764,582.1945015590405,576.0634095440413,577.69970703125,57052700
2025-01-02T00:00:00Z,580.9624149327,582.6775253068124,572.1995172748154,576.2803344726562,50204000
2025-01-03T00:00:00Z,579.129057366777,584.1265095290074,578.0447499447286,583.48583984375,37888500
2025-01-06T00:00:00Z,587.7440676720806,591.1250155334773,585.1122021784661,586.8470458984375,47679400
2025-01-07T00:00:00Z,588.8776099950986,589.2029082453815,578.3897946667151,580.2133178710938,60393100
2025-01-08T00:00:00Z,580.282291853868,582.1354148697908,576.8323377526707,581.0609741210938,47304700
2025-01-10T00:00:00Z,577.5026413332764,577.5716476388544,570.2774344732991,572.189697265625,73105000
2025-01-13T00:00:00Z,567.5372072518853,573.4316812597856,567.1231694250464,573.0768432617188,47910100
2025-01-14T00:00:00Z,576.0043111010004,576.6351742776535,570.0802375478183,573.8653564453125,48420600
2025-01-15T00:00:00Z,581.8889752343268,585.4473419377294,580.7751281246863,584.303955078125,56900200
2025-01-16T00:00:00Z,585.6740294157521,585.8514484014332,582.4803673486446,583.1802368164062,43319700
2025-01-17T00:00:00Z,588.4242094250709,590.7898562052613,587.0934767089387,589.0353393554688,58070600
2025-01-21T00:00:00Z,592.0810894520482,594.4369296257112,590.1096871636119,594.4270629882812,42532900
2025-01-22T00:00:00Z,597.2560928487167,599.1289493146973,596.7041025475482,597.7686767578125,48196000
2025-01-23T00:00:00Z,597.1377185948221,601.03125,596.8617535693179,601.03125,41152100
2025-01-24T00:00:00Z,601.0905113090206,602.0466728607889,598.1235407504724,599.2767944335938,34604700
2025-01-27T00:00:00Z,586.3048878621954,591.115114198888,586.1373355152499,590.7996826171875,70361100
2025-01-28T00:00:00Z,592.031779311243,596.713859452747,588.7099714764748,595.8760375976562,44433300
2025-01-29T00:00:00Z,595.0874355672163,595.491606706695,590.651780644399,593.2047729492188,37177400
2025-01-30T00:00:00Z,595.3240359730432,597.9262410572588,592.130313990855,596.3885498046875,39281300
2025-01-31T00:00:00Z,598.8134358374799,601.2382822731704,592.4556515232641,593.2146606445312,66566900
2025-02-03T00:00:00Z,584.1954832564219,591.7065212004032,582.0466619706364,589.2225952148438,65857200
2025-02-04T00:00:00Z,589.281761222817,593.6878166788046,588.7396375989994,593.17529296875,33457800
2025-02-05T00:00:00Z,592.0516161255263,595.7282625539741,590.0210739471236,595.5803833007812,30653100
2025-02-06T00:00:00Z,597.32497036233,597.7784145043308,594.0130292694355,597.6502685546875,35771500
2025-02-07T00:00:00Z,598.2121736064561,599.4344333824486,591.4699514014874,592.1796875,50788500
2025-02-10T00:00:00Z,595.3930719758379,596.8420237335293,594.1214790365186,596.2012939453125,26048700
2025-02-11T00:00:00Z,593.93424024475,597.1969087784863,593.8159609148958,596.65478515625,30056700
2025-02-12T00:00:00Z,590.6321148502618,595.9055917033094,589.9519786805068,594.7326049804688,45076100
2025-02-13T00:00:00Z,595.8366046698266,601.2185545419917,594.5749384975967,601.0115356445312,40921300
2025-02-14T00:00:00Z,601.2186143347305,602.2535886001177,600.3610590723445,600.9820556640625,26910400
2025-02-18T00:00:00Z,602.145135650955,602.7463989257812,599.6808827255115,602.7463989257812,26749000
2025-02-19T00:00:00Z,601.3566081495158,604.4615308486234,600.8440242708047,604.1658325195312,31011100
2025-02-20T00:00:00Z,602.7956695963146,602.9336821985821,598.3403412349714,601.6522827148438,36554000
2025-02-21T00:00:00Z,601.435409514207,601.5734221193063,590.8982614234848,591.361572265625,76519800
2025-02-24T00:00:00Z,593.4118748152965,594.4074426853949,587.960918125522,588.670654296875,50737200
2025-02-25T00:00:00Z,588.6114660308307,589.3408752561445,581.129967827771,585.7430419921875,58266500
2025-02-26T00:00:00Z,587.4088964020577,591.0067297705009,583.3970853838995,586.0387573242188,43321600
2025-02-27T00:00:00Z,588.3157720956499,589.4690858850936,576.2902648713853,576.6845092773438,74196700
2025-02-28T00:00:00Z,577.1872200213395,586.2162169760591,574.1118369424444,585.6839599609375,88744100
2025-03-03T00:00:00Z,587.6552532272791,588.7987001526899,571.6080711867788,575.4227294921875,74249200
2025-03-04T00:00:00Z,571.4208567458912,577.0196322682823,564.0675042327628,568.611572265625,109648200
2025-03-05T00:00:00Z,568.4439889843314,576.5168836727693,564.8856223320056,574.722900390625,71230500
2025-03-06T00:00:00Z,567.2512863712917,571.8742272350298,561.9679425734266,564.5209350585938,80094900
2025-03-07T00:00:00Z,562.7368791286215,569.1340707451673,557.5422141835529,567.68505859375,81158800
2025-03-10T00:00:00Z,559.4741052862735,561.3961742720178,547.6456922667035,552.5643310546875,99326600
2025-03-11T00:00:00Z,551.4012894751355,555.9552243228402,544.1268096197261,547.9710083007812,88102100
2025-03-12T00:00:00Z,554.1316472627199,555.0582088315019,545.7729200294035,550.8788452148438,69588200
2025-03-13T00:00:00Z,550.5042540653316,551.1153839968962,541.8202288918889,543.5353393554688,74079400
2025-03-14T00:00:00Z,548.1583018697701,555.7679467233177,543.604366956188,554.7625122070312,62660300
2025-03-17T00:00:00Z,554.742702735982,561.5637976935186,554.3089918436672,559.0404052734375,49008700
2025-03-18T00:00:00Z,556.7240271713574,556.9409127203818,551.0661118946721,552.9981079101562,66041400
2025-03-19T00:00:00Z,554.7821880592443,562.7860764826731,553.5993346617712,559.0206909179688,66556000
2025-03-20T00:00:00Z,555.2750866351008,562.4115538615378,554.5554838320709,557.4041748046875,62958200
2025-03-21T00:00:00Z,552.9413897854555,558.4877939738346,551.7055567482902,557.5880737304688,83763000
2025-03-24T00:00:00Z,564.3307537296456,568.6314886589248,563.7375780431137,567.5736083984375,58766800
2025-03-25T00:00:00Z,568.7797068467552,569.8771119506348,567.1879685958952,568.9379272460938,38355700
2025-03-26T00:00:00Z,568.6710483477373,569.7981425644431,560.7617168790538,562.1458740234375,51848300
2025-03-27T00:00:00Z,560.7517355574175,564.4296055114135,558.5371327368356,560.6528930664062,42164200
2025-03-28T00:00:00Z,559.1204968505267,559.8521002775326,548.7790253468997,549.3623046875,71662700
2025-03-31T00:00:00Z,543.5984615291653,554.3551567474991,540.6719872727307,553.0501098632812,95328200
2025-04-01T00:00:00Z,551.1320571376683,556.559825628618,547.4047657676659,554.6121215820312,54609600
2025-04-02T00:00:00Z,548.7592465118332,560.9890444564371,548.52197624234,558.1219482421875,76014500
2025-04-03T00:00:00Z,538.9319060881811,541.7594774009829,530.6172485351562,530.6172485351562,125986000
2025-04-04T00:00:00Z,517.7349353008444,519.910013527285,499.3358674214966,499.5533752441406,217965100
2025-04-07T00:00:00Z,483.64569927250346,517.2405628900261,476.33944038650816,498.6635437011719,256611400
2025-04-08T00:00:00Z,515.9454154101668,519.0300496454024,483.61604333672847,490.85308837890625,165816600
2025-04-09T00:00:00Z,487.84750052411823,542.402099609375,487.46190618546177,542.402099609375,241867300
2025-04-10T00:00:00Z,526.1385878330984,527.4535310578508,503.5475844453038,518.6346435546875,162331200
2025-04-11T00:00:00Z,517.0824330937988,530.3503195313269,514.1757514102393,527.8885498046875,97866300
2025-04-14T00:00:00Z,537.883883195208,538.1113174755011,527.8093712828247,533.009765625,68034000
2025-04-15T00:00:00Z,533.5535570239268,537.0732068479572,530.7259857198238,531.5169067382812,56892900
2025-04-16T00:00:00Z,525.6541223320015,531.7937621429162,514.3931980244283,519.7023315429688,83484800
2025-04-17T00:00:00Z,521.6599483491107,525.1499093262158,517.9721816819745,520.44384765625,79868100
2025-04-21T00:00:00Z,515.2533374613439,515.7872559194974,502.69729269891565,508.0558776855469,69368100
2025-04-22T00:00:00Z,514.2449494916972,523.3011070538847,513.305704354498,521.2743530273438,75948100
2025-04-23T00:00:00Z,534.3049123051696,539.2482437222484,527.8291602174767,529.3516845703125,90590700
2025-04-24T00:00:00Z,530.6369834977514,541.2256220112762,529.3814182452572,540.4940185546875,64150400
2025-04-25T00:00:00Z,540.454522631326,544.804618673288,537.5280483044934,544.3992919921875,61119600
2025-04-28T00:00:00Z,545.1407910444296,547.2762839575454,538.8429907853031,544.6068725585938,47613800
2025-04-29T00:00:00Z,542.6888783318544,549.1547955800734,542.3329728897722,548.03759765625,47775100
2025-04-30T00:00:00Z,541.3640897959557,550.2126665027023,535.3826699025942,548.2550659179688,93101500
2025-05-01T00:00:00Z,554.0189932525213,557.6770710508032,551.5374308999284,552.1405029296875,63186100
2025-05-02T00:00:00Z,558.3295262045715,561.9381825044319,556.006184429092,560.3365478515625,60717300
2025-05-05T00:00:00Z,556.1940033222468,560.2277786911415,555.3338684753841,557.1233520507812,38659200
2025-05-06T00:00:00Z,551.6066618961361,556.9652171268149,550.64768441023,552.466796875,48264700
2025-05-07T00:00:00Z,553.8014947566288,557.4298834610689,549.738030089525,554.7901611328125,55588000
2025-05-08T00:00:00Z,558.8337754612519,563.8463212534109,555.333918196641,558.6558227539062,65130800
2025-05-09T00:00:00Z,560.0596697605964,561.068128702691,556.381860066797,557.9439697265625,37603400
2025-05-12T00:00:00Z,574.8797153667592,576.3924036413174,570.4999312732652,576.3825073242188,78993600
2025-05-13T00:00:00Z,576.7977862928067,582.403567726764,576.2342995973956,580.18896484375,67947200
2025-05-14T00:00:00Z,581.1479585868793,582.3046813078995,578.9036666864055,580.9304809570312,66283500
2025-05-15T00:00:00Z,578.9235156986,584.2721745648568,578.4687074145315,583.7680053710938,71268100
2025-05-16T00:00:00Z,584.5489982766968,587.7621640177526,582.6013544692614,587.465576171875,76052100
2025-05-19T00:00:00Z,581.4346564328234,588.7903364922698,581.4346564328234,588.108154296875,68168500
2025-05-20T00:00:00Z,586.3681289429425,587.317209981726,582.917632829089,586.1307983398438,60614500
2025-05-21T00:00:00Z,581.7708648204313,585.8639582409971,575.2258980125081,576.2540893554688,95197700
2025-05-22T00:00:00Z,576.05638769199,579.9715286968509,574.8205545855405,576.4815673828125,70860400
2025-05-23T00:00:00Z,569.4519785383726,575.215919785119,569.0762805285291,572.5465087890625,76029000
2025-05-27T00:00:00Z,579.4277528567243,584.6083553931982,571.8743267058999,584.4501953125,72588500
2025-05-28T00:00:00Z,584.8555180607121,586.051826179252,580.3373051792158,581.0689086914062,68445500
2025-05-29T00:00:00Z,586.3384441000501,586.4768718669775,579.4276761926377,583.362548828125,69973300
2025-05-30T00:00:00Z,582.2552747565533,584.430352826958,576.6297607292682,582.7100830078125,90601200
2025-06-02T00:00:00Z,581.0985818518681,586.0715425417425,578.429170462151,585.9924926757812,61630500
2025-06-03T00:00:00Z,585.6266685650614,590.3129375391912,585.1421713516531,589.3341674804688,63606200
2025-06-04T00:00:00Z,590.1943197189499,591.1730898063917,588.7409487228937,589.1759643554688,57314200
2025-06-05T00:00:00Z,590.8566609128592,592.2111289512687,584.3512195951713,586.3285522460938,92278700
2025-06-06T00:00:00Z,591.8750084630755,594.0204580272924,590.0954209877331,592.349609375,66588700
2025-06-09T00:00:00Z,592.9229477814916,594.4356362447949,591.7069074945726,592.8834228515625,53016400
2025-06-10T00:00:00Z,593.4172416440205,596.6304070325093,592.3001042710282,596.244873046875,66247000
2025-06-11T00:00:00Z,597.3423151819753,598.2024500657004,592.4780937113569,594.5443725585938,73658200
2025-06-12T00:00:00Z,593.2096852350186,596.9072875976562,592.7252483956809,596.9072875976562,64129000
2025-06-13T00:00:00Z,591.7168252456129,595.0288334634262,588.731033484191,590.2338256835938,89506000
2025-06-16T00:00:00Z,593.5953591830877,597.599446226556,593.4173461203459,595.8494873046875,79984100
2025-06-17T00:00:00Z,593.40736967558,594.9298939206114,589.9964591706296,590.7577514648438,82209400
2025-06-18T00:00:00Z,591.6574895866379,594.4059506456396,589.7097855095001,590.6688232421875,76605000
2025-06-20T00:00:00Z,593.3471074282096,594.4180406328666,587.8735160730708,589.2816162109375,94051400
2025-06-23T00:00:00Z,590.0351069773628,595.4888465716903,586.9116378864132,595.1021728515625,87426000
2025-06-24T00:00:00Z,599.2471080685161,602.7374608387837,598.3348024442159,601.676513671875,67735300
2025-06-25T00:00:00Z,602.7968833801484,603.4910078317407,600.4468221319722,602.0135498046875,62114800
2025-06-26T00:00:00Z,603.8678512919777,607.1599344481853,603.2530708764845,606.7236328125,78548400
2025-06-27T00:00:00Z,607.7252035075089,611.2056913389495,605.692457719191,609.7380981445312,86258400
2025-06-30T00:00:00Z,612.1873024714439,614.0117925800773,609.8669572755672,612.6533203125,92502500
2025-07-01T00:00:00Z,611.1758893553448,613.625146088841,610.3429883405835,612.455078125,70030100
2025-07-02T00:00:00Z,612.0484833566157,615.2711481262035,611.4237773441516,615.2315063476562,66510400
2025-07-03T00:00:00Z,617.214676143094,621.0124795190609,617.194824993195,620.0803833007812,51065800
2025-07-07T00:00:00Z,618.1169852960921,618.7813935886118,612.6731706581298,615.4595336914062,74814500
2025-07-08T00:00:00Z,616.1238907210633,616.8775081543645,614.3093261623386,615.1224365234375,59024600
2025-07-09T00:00:00Z,617.5319680301938,619.4655183729625,615.6875662931247,618.8110961914062,66113300
2025-07-10T00:00:00Z,618.9499658515675,621.5974919629854,617.7699723301522,620.5563354492188,57529000
2025-07-11T00:00:00Z,617.5022136064131,619.6043777491163,616.3024294765994,618.3748168945312,63670200
2025-07-14T00:00:00Z,617.9186632768227,619.9018415613931,616.5701165685465,619.5548095703125,51898500
2025-07-15T00:00:00Z,622.2420420602726,622.5791484786782,616.8279435196437,616.9072875976562,74317300
2025-07-16T00:00:00Z,618.4937831556223,619.4754466932056,612.8516386863737,618.9697265625,88987500
2025-07-17T00:00:00Z,619.1482908768893,623.1146474859103,618.9301097920578,622.7576293945312,68885700
2025-07-18T00:00:00Z,624.007017899032,624.175571102461,621.1909387049365,622.301513671875,65621600
2025-07-21T00:00:00Z,623.4815063476562,626.2281670376054,623.0551302914085,623.4815063476562,63375000
2025-07-22T00:00:00Z,623.8086504006922,624.4333563471947,620.9231528797274,623.5706787109375,60046300
2025-07-23T00:00:00Z,626.2381323551606,628.8757934570312,624.4334327911965,628.8757934570312,70511000
2025-07-24T00:00:00Z,629.2624631630094,630.7994747941685,628.6576082944551,629.083984375,71307100
2025-07-25T00:00:00Z,629.7484116245431,632.2174590489252,629.5005143245561,631.741455078125,56865400
2025-07-28T00:00:00Z,632.1181999979412,632.6734874729789,630.1945147233831,631.582763671875,54917100
2025-07-29T00:00:00Z,632.9809077241022,633.2982235137306,629.0046860832861,629.9169311523438,60556300
2025-07-30T00:00:00Z,630.5713386132512,632.3165451544952,626.2281734095909,629.1236572265625,80418900
2025-07-31T00:00:00Z,634.0816044685715,634.4682782312485,625.4646925404661,626.763671875,103385200
2025-08-01T00:00:00Z,621.0322789916852,621.0719812920488,614.0812292944926,616.4907836914062,140103600
2025-08-04T00:00:00Z,620.4075271113948,625.9108344398344,620.3183179857707,625.8612670898438,73218000
2025-08-05T00:00:00Z,626.4760489706393,627.2891592865192,621.7660007962415,622.6881713867188,68051400
2025-08-06T00:00:00Z,623.7591559441935,628.1122469303318,622.8469108529321,627.4578247070312,64357500
2025-08-07T00:00:00Z,630.8886820702932,631.62244837055,623.8186464662513,626.9322509765625,74205800
2025-08-08T00:00:00Z,628.727047311219,632.2868791777582,628.4097315038053,631.82080078125,64051600
2025-08-11T00:00:00Z,632.0983749269875,633.5758329217508,629.3218771812983,630.5712890625,58742300
2025-08-12T00:00:00Z,632.9214074238032,637.4430514601922,631.4340237207567,637.284423828125,64730800
2025-08-13T00:00:00Z,639.4857330110176,640.7549961752953,637.2745085703324,639.4659423828125,60092800
2025-08-14T00:00:00Z,637.3835851461316,640.1897994624859,636.9374184340268,639.5254516601562,59327500
2025-08-15T00:00:00Z,640.5566774831647,640.6558727131268,637.11589211782,638.0281372070312,68592500
2025-08-18T00:00:00Z,637.4529805837014,638.5834067295413,636.7787072305159,637.8892822265625,43804900
2025-08-19T00:00:00Z,637.7108075589789,638.6924711313014,633.1098193903536,634.4286499023438,69750700
2025-08-20T00:00:00Z,634.0221697813646,634.2799321395609,627.626407225106,632.7429809570312,88890300
2025-08-21T00:00:00Z,630.9283690027011,632.604096553562,628.4791123479844,630.2044677734375,54805800
2025-08-22T00:00:00Z,632.3958390332336,641.0623176031913,631.8901189367884,639.88232421875,84083200
2025-08-25T00:00:00Z,638.6230253017661,639.8625116828326,636.9472372936925,637.0662231445312,51274300
2025-08-26T00:00:00Z,636.7985773675441,640.0807351008626,636.1738713484165,639.733642578125,51581600
2025-08-27T00:00:00Z,639.148612992103,641.9250504526357,638.9998504138363,641.1912841796875,48341100
2025-08-28T00:00:00Z,641.7961735668325,644.0173236548059,639.9121904309055,643.4620361328125,61519500
2025-08-29T00:00:00Z,642.0242015644989,642.3911452321481,637.7306640961879,639.6245727539062,74522200
2025-09-02T00:00:00Z,632.13804448044,635.1028861742022,629.5797276837342,634.884765625,81983500
2025-09-03T00:00:00Z,637.2645539172183,638.7916398746721,635.0731807265284,638.3255615234375,70820900
2025-09-04T00:00:00Z,638.9998582812316,643.6901160802078,638.0975387911232,643.6603393554688,65219200
2025-09-05T00:00:00Z,646.0004093954814,646.7243105506017,637.918995020256,641.7960815429688,85178900
2025-09-08T00:00:00Z,643.1645472258064,644.3743174556171,641.7862237872296,643.372802734375,63133100
2025-09-09T00:00:00Z,643.5115612591451,645.3856792185645,641.7762803015634,644.8601684570312,66133900
2025-09-10T00:00:00Z,648.122479271532,649.0446498954948,645.1576374702139,646.724365234375,78034500
2025-09-11T00:00:00Z,648.6777603299006,652.7928793680376,648.0927566439484,652.0987548828125,69934400
2025-09-12T00:00:00Z,652.0689585463732,653.5662677492645,651.3748946038203,651.8805541992188,72780100
2025-09-15T00:00:00Z,654.0918582328915,655.4800466805781,653.7943936028013,655.3511352539062,63772400
2025-09-16T00:00:00Z,655.9064595692537,656.213910313041,653.6655188822047,654.4488525390625,61169000
2025-09-17T00:00:00Z,654.4587781451693,656.1543568928759,648.7967821934204,653.6357421875,101952200
2025-09-18T00:00:00Z,656.3229362038169,659.2977035594738,654.7165666735059,656.6898193359375,90459200
2025-09-19T00:00:00Z,658.5800832029405,660.7874850308027,656.6311583459587,659.9423217773438,97945600
2025-09-22T00:00:00Z,658.4508309420254,663.5119788762895,658.4209716621773,663.0645751953125,69452200
2025-09-23T00:00:00Z,662.9452156846509,663.5617612775759,658.2320617574377,659.4551391601562,81708900
2025-09-24T00:00:00Z,660.7477220570149,660.8471316064555,655.9350982101993,657.3569946289062,68082200
2025-09-25T00:00:00Z,654.2149171420698,655.6765652531099,650.7048739536411,654.3242797851562,89622100
2025-09-26T00:00:00Z,655.7760789419195,658.619871988132,654.1553026157394,658.072998046875,69179200
2025-09-29T00:00:00Z,660.5985670660314,661.5134019828115,658.112721358766,659.9224243164062,73499000
2025-09-30T00:00:00Z,659.1766647693167,662.8756347075731,657.8641309647478,662.4082641601562,86288000
2025-10-01T00:00:00Z,659.4152702620313,665.5801794564833,659.3059076216911,664.6654052734375,72545400
2025-10-02T00:00:00Z,666.6540464714482,666.7733621981591,663.004842335434,665.4309692382812,56896000
2025-10-03T00:00:00Z,666.1966948783695,668.8714672806448,664.377038831869,665.421142578125,70494400
2025-10-06T00:00:00Z,667.8174482099862,668.7024238148077,665.669704301124,667.8074951171875,54623300
2025-10-07T00:00:00Z,668.7322238208072,669.1796881705657,663.8898014056139,665.3316040039062,72020100
2025-10-08T00:00:00Z,666.4552183740389,669.398481470165,665.6299006256374,669.2990112304688,60702200
2025-10-09T00:00:00Z,669.7166839203261,670.1243359074817,665.4211353124821,667.3600463867188,66501900
2025-10-10T00:00:00Z,668.324542434099,670.1342452495495,649.14378031214,649.32275390625,159422600
2025-10-13T00:00:00Z,656.9095884512618,661.3642043859337,656.0345659370097,659.2860107421875,79560500
2025-10-14T00:00:00Z,653.4492417720955,662.0602448848334,649.4718888267987,658.4805908203125,88779600
2025-10-15T00:00:00Z,663.0446129876665,666.4352795829697,655.1992699391986,661.4039306640625,81702600
2025-10-16T00:00:00Z,663.0445999065358,664.9239136533134,653.3895542222015,656.8995971679688,110563300
2025-10-17T00:00:00Z,655.7660892614911,661.9906565438909,654.4138037793879,660.62841796875,96500900
2025-10-20T00:00:00Z,663.5418206897375,668.4041493887289,663.4921159142255,667.499267578125,60493400
2025-10-21T00:00:00Z,667.638493864759,669.1797060532549,666.1867381348511,667.4893188476562,56249000
2025-10-22T00:00:00Z,668.1953369980629,668.1953369980629,659.5445816579371,664.0191040039062,80564000
2025-10-23T00:00:00Z,664.3372592841532,668.9012985038863,664.019063764971,667.9566650390625,65604500
2025-10-24T00:00:00Z,672.6300829996666,674.628651928334,671.8246714345047,673.4155883789062,74356500
2025-10-27T00:00:00Z,678.8645527756448,681.658640907831,678.2580209918731,681.3603515625,63339800
2025-10-28T00:00:00Z,683.1600908523567,685.0095454543999,680.9526890414517,683.1700439453125,61738100
2025-10-29T00:00:00Z,684.8206562449755,685.795149064121,679.0038013689816,683.4982299804688,85657100
2025-10-30T00:00:00Z,680.0279821977349,682.0564104652303,675.9810180664062,675.9810180664062,76335800
2025-10-31T00:00:00Z,681.1614116072222,681.2012239761448,675.3942622450203,678.1983032226562,87164100
2025-11-03T00:00:00Z,681.7878948104295,681.9171636388411,676.0903560257897,679.4711303710938,57315000
2025-11-04T00:00:00Z,672.2820616639051,676.1103005794487,670.7607556049009,671.4169921875,78427000
2025-11-05T00:00:00Z,671.1583975728993,677.0051112074705,670.3529860359731,673.7437133789062,74402400
2025-11-06T00:00:00Z,672.6399897028363,673.5448715272548,664.9338680034818,666.514892578125,85035300
2025-11-07T00:00:00Z,664.1284090392404,667.2805048704689,657.4663915648358,667.1710815429688,100592400
2025-11-10T00:00:00Z,673.4056154266486,678.3176487268574,671.2081667723378,677.5818481445312,75842900
2025-11-11T00:00:00Z,676.1002762110339,679.6997756663966,674.8871520395073,679.1329956054688,58953400
2025-11-12T00:00:00Z,680.9129156193362,681.0819968300743,677.0946904605516,679.5109252929688,62312500
2025-11-13T00:00:00Z,676.6472315164618,677.0051787486752,666.7237544337754,668.235107421875,103457800
2025-11-14T00:00:00Z,661.612768198211,671.8345335183507,659.5147291242073,668.1256713867188,96846700
2025-11-17T00:00:00Z,665.9083353081996,669.8956413839408,658.4209391867944,661.901123046875,90456100
2025-11-18T00:00:00Z,658.3512953245886,661.354216097308,652.146634691611,656.3427734375,114467500
2025-11-19T00:00:00Z,657.0388554539629,663.5617119214406,655.0203196831769,658.8783569335938,94703000
2025-11-20T00:00:00Z,669.1001291109939,671.7351497651099,648.1991802397498,648.8355712890625,165293500
2025-11-21T00:00:00Z,651.3412595795126,660.7874729698119,647.1650267848305,655.2987670898438,123956200
2025-11-24T00:00:00Z,658.9380055466532,666.2662734630499,657.8442577670318,664.9437866210938,80437900
2025-11-25T00:00:00Z,664.8444060411854,672.3815071629971,660.717877921785,671.1982421875,81077100
2025-11-26T00:00:00Z,673.7934667684052,677.8404309302599,672.8885849296569,675.8318481445312,71879600
2025-11-28T00:00:00Z,677.0051081523229,679.7991961322198,676.6471609574353,679.5208129882812,49212000
2025-12-01T00:00:00Z,674.9667014318244,679.1230277654502,674.8970904760725,676.41845703125,61201200
2025-12-02T00:00:00Z,678.0591325179204,679.9483994968172,675.4838303983408,677.67138671875,62953800
2025-12-03T00:00:00Z,676.7167950740063,681.0321891246488,675.8417725523884,680.0180053710938,57238500
2025-12-04T00:00:00Z,681.4199577792665,681.4895687361658,677.4824173401821,680.51513671875,61970300
2025-12-05T00:00:00Z,681.5890143183475,684.4925257185774,680.7040993957534,681.8078002929688,79241000
2025-12-08T00:00:00Z,682.7027235077143,682.7524282821314,677.7111260885928,679.7594604492188,55231500
2025-12-09T00:00:00Z,679.2822138612034,681.5095218770947,678.7253868572307,679.1727905273438,58310100
2025-12-10T00:00:00Z,678.6955405173951,685.0692222502689,677.4526176554032,683.6771850585938,85671300
2025-12-11T00:00:00Z,681.2609148661827,685.3476304583654,678.3076987410943,685.26806640625,86173700
2025-12-12T00:00:00Z,684.2737672143002,684.9797692517327,675.3247225627367,677.9000854492188,113160300
2025-12-15T00:00:00Z,681.8574988128718,681.8774049984522,675.4042533093998,676.8758544921875,90811000
2025-12-16T00:00:00Z,675.3843754405706,677.2239376857725,671.1584377196804,675.0264282226562,122030600
2025-12-17T00:00:00Z,676.0406154817738,676.5874893555698,667.3998140691156,667.5986938476562,110625200
2025-12-18T00:00:00Z,673.7635606688432,676.8857972779194,671.0788959983324,672.6399536132812,108650100
2025-12-19T00:00:00Z,674.747283458469,679.2350273728672,674.6275542880097,678.7363891601562,103599500
2025-12-22T00:00:00Z,682.0772531068674,683.4933686131409,678.7364013691785,682.96484375,69556700
2025-12-23T00:00:00Z,682.0572680421344,686.325640311278,682.0074163952171,686.0863037109375,64840000
2025-12-24T00:00:00Z,686.0763204450832,688.9484813838191,685.9267046355759,688.4996948242188,39445600
2025-12-26T00:00:00Z,688.758988861415,689.7761694005526,687.392725060237,688.4298706054688,41613300
2025-12-29T00:00:00Z,685.6674092439482,687.322922191004,684.2014421207446,685.9765625,62559500
2025-12-30T00:00:00Z,685.5777200962995,686.6846823672308,684.7100944386586,685.138916015625,47160700
2025-12-31T00:00:00Z,685.2685588951464,685.4879304984822,679.8533550408816,680.062744140625,74144800
2026-01-02T00:00:00Z,683.842447277036,684.999261161205,677.9684744567207,681.309326171875,89377200
2026-01-05T00:00:00Z,684.6701449336617,687.5522884526621,684.5106074856512,685.846923828125,71927200
2026-01-06T00:00:00Z,686.0563439630641,690.4344019511112,685.9067890249802,689.92578125,69273800
2026-01-07T00:00:00Z,690.3047811958188,692.0699799720542,687.4426026835383,687.701904296875,75588300
2026-01-08T00:00:00Z,686.9439569075789,688.7390423054183,685.6175622141362,687.632080078125,64019200
2026-01-09T00:00:00Z,688.7489932725086,693.4162394407576,687.3029303433501,692.1796264648438,80125500
2026-01-12T00:00:00Z,688.7988836287034,694.1941832506386,688.7490319805348,693.2666625976562,63976000
2026-01-13T00:00:00Z,693.595779418591,694.194181802135,689.467040360938,691.8804931640625,78309700
2026-01-14T00:00:00Z,689.1180078469732,689.8360176539858,684.1714948792828,688.479736328125,94676700
2026-01-15T00:00:00Z,692.678285342935,693.5558934557131,689.3673203481677,690.3546142578125,77862000
2026-01-16T00:00:00Z,691.7707369284135,692.359156800422,688.22043529661,689.7761840820312,79289200
2026-01-20T00:00:00Z,679.6338820353151,682.9049778344743,674.7272992054969,675.7345581054688,111623300
2026-01-21T00:00:00Z,677.7989248999835,686.8641332264262,676.2830453044572,683.5332641601562,127844500
2026-01-22T00:00:00Z,687.9711412752974,689.2476843606095,685.0491285530771,687.103515625,77112200
2026-01-23T00:00:00Z,686.2757685331861,689.0781127396581,685.2884137823622,687.352783203125,63059600
2026-01-26T00:00:00Z,688.609372319757,692.2394730275811,688.0409174669724,690.84326171875,60473800
2026-01-27T00:00:00Z,692.2893344912051,694.6329705879123,691.6810104865692,693.5957641601562,55506100
2026-01-28T00:00:00Z,695.1515053497095,695.9393926651097,692.0499903412962,693.5259399414062,61172200
2026-01-29T00:00:00Z,694.4933553961189,695.1615135683285,682.9648421722587,692.1497192382812,97486200
2026-01-30T00:00:00Z,689.9058246991844,692.3192774332931,685.2485609149509,690.0853271484375,101835100
2026-02-02T00:00:00Z,687.7019133171445,695.0318708971434,687.5423149981101,693.5159912109375,79286500
2026-02-03T00:00:00Z,694.3138377504575,695.0617950648859,682.1670182684101,687.6520385742188,107904600
2026-02-04T00:00:00Z,688.4697490630058,689.5667896413613,679.9031787408285,684.3211059570312,105204600
2026-02-05T00:00:00Z,679.0854402743204,681.8279505601881,673.9494421186707,675.7744750976562,113610800
2026-02-06T00:00:00Z,679.6039887472712,690.4244132010324,678.995603890688,688.739013671875,89127600
2026-02-09T00:00:00Z,687.5423060693106,693.9747512796714,686.4652913399738,692.0599975585938,73885200
2026-02-10T00:00:00Z,693.0572335194393,694.64286887948,689.7761552680904,690.2349243164062,65185700
2026-02-11T00:00:00Z,694.4933668556342,695.2413241987686,687.3029816841566,690.075439453125,76353900
2026-02-12T00:00:00Z,692.3491972008484,693.4561594586687,678.5169776231163,679.41455078125,118829000
2026-02-13T00:00:00Z,679.833354327075,684.410879804094,675.6747287653898,679.8931884765625,96267500
2026-02-17T00:00:00Z,678.287593220413,683.074507822494,673.9394826742099,680.9901733398438,81354700
2026-02-18T00:00:00Z,682.157061237011,687.2730943282486,680.9702998190471,684.4208374023438,73570300
2026-02-19T00:00:00Z,681.9775120282383,684.311104689823,679.6937101433548,682.61572265625,58649400
2026-02-20T00:00:00Z,680.4616860592505,688.1805961724377,679.8732661615737,687.5523071289062,100034000
2026-02-23T00:00:00Z,685.9566804858357,688.1207533479937,678.5169762252317,680.531494140625,90558100
2026-02-24T00:00:00Z,680.0427976196477,686.4751816677359,678.1479481229125,685.4779052734375,73798700
2026-02-25T00:00:00Z,688.3002642742074,691.7907319065998,688.2204651135966,691.26220703125,56369500
2026-02-26T00:00:00Z,691.391808867856,691.4117130049051,682.486077089091,687.422607421875,71671000
2026-02-27T00:00:00Z,681.2295779636313,684.9892686841309,679.7835149777827,684.1216430664062,83308900
2026-03-02T00:00:00Z,676.8515442239554,686.744509644098,676.1734035367807,684.5106201171875,87477200
2026-03-03T00:00:00Z,673.221445388408,680.7508704958498,667.8361281509542,678.4771118164062,105003100
2026-03-04T00:00:00Z,679.7735096903759,685.2186606854194,677.7689744100875,683.2639770507812,79182200
2026-03-05T00:00:00Z,680.2223290726917,683.6629449535216,673.7699188745959,679.4544067382812,106606500
2026-03-06T00:00:00Z,671.5758690877306,674.2685275228549,667.9358467743081,670.5487060546875,100687000
2026-03-09T00:00:00Z,664.5750801817165,678.0681991431876,660.5859743093405,676.4227294921875,102667700
2026-03-10T00:00:00Z,675.87413967305,681.4987932365287,672.9222404542279,675.3356323242188,81505300
2026-03-11T00:00:00Z,675.7345715953234,678.2277626375325,671.5061293267642,674.4879760742188,68441700
2026-03-12T00:00:00Z,669.3319958917509,669.8207124533001,664.0564256954588,664.2459106445312,108882200
2026-03-13T00:00:00Z,667.4472371497842,670.5088831921612,659.5587462493693,660.4862060546875,97200200
2026-03-16T00:00:00Z,666.5596317087426,670.239584206393,665.3030536555561,667.2078857421875,82023100
2026-03-17T00:00:00Z,670.5586914524959,672.60309589337,667.8760155087483,668.9630126953125,87128000
2026-03-18T00:00:00Z,666.5396583763402,667.8959397089973,659.3892034355257,659.6285400390625,82062600
2026-03-19T00:00:00Z,655.1806813207687,661.1743225351036,653.3855958813168,658.0029907226562,111272500
2026-03-20T00:00:00Z,656.510009765625,656.6900024414062,644.719970703125,648.5700073242188,163617500
2026-03-23T00:00:00Z,658.0700073242188,662.6199951171875,653.9400024414062,655.3800048828125,134802700
2026-03-24T00:00:00Z,651.3200073242188,657.030029296875,649.8800048828125,653.1799926757812,96457500
2026-03-25T00:00:00Z,658.6699829101562,660.8900146484375,654.239990234375,656.8200073242188,90653800
2026-03-26T00:00:00Z,652.0599975585938,654.8499755859375,644.8200073242188,645.0900268554688,96494400
2026-03-27T00:00:00Z,642.5,642.6599731445312,633.1099853515625,634.0900268554688,103649400
2026-03-30T00:00:00Z,640.1099853515625,640.3699951171875,629.280029296875,631.969970703125,99275900
2026-03-31T00:00:00Z,638.9400024414062,651.5399780273438,637.97998046875,650.3400268554688,152534100
2026-04-01T00:00:00Z,653.9000244140625,658.52001953125,653.0,655.239990234375,97841500
2026-04-02T00:00:00Z,646.4199829101562,658.2000122070312,645.1099853515625,655.8300170898438,68358700
2026-04-06T00:00:00Z,655.8599853515625,659.719970703125,655.52001953125,658.9299926757812,39105800
2026-04-07T00:00:00Z,656.6500244140625,659.6099853515625,651.0599975585938,659.219970703125,69980400
2026-04-08T00:00:00Z,676.3900146484375,677.0800170898438,671.4600219726562,676.010009765625,93606100
2026-04-09T00:00:00Z,674.8400268554688,681.1599731445312,673.77001953125,679.9099731445312,57134400
2026-04-10T00:00:00Z,681.3200073242188,682.030029296875,678.4500122070312,679.4600219726562,42253500
2026-04-13T00:00:00Z,677.4099731445312,686.2999877929688,676.5800170898438,686.0999755859375,54185800
2026-04-14T00:00:00Z,687.6900024414062,694.5800170898438,687.6599731445312,694.4600219726562,63480500
2026-04-15T00:00:00Z,695.260009765625,700.280029296875,694.2000122070312,699.9400024414062,58240400
2026-04-16T00:00:00Z,701.0599975585938,702.780029296875,698.530029296875,701.6599731445312,49972400
2026-04-17T00:00:00Z,706.1400146484375,712.3900146484375,705.760009765625,710.1400146484375,70661900
2026-04-20T00:00:00Z,708.780029296875,709.9099731445312,706.1400146484375,708.719970703125,43546800
2026-04-21T00:00:00Z,710.280029296875,711.280029296875,702.6400146484375,704.0800170898438,58941400
2026-04-22T00:00:00Z,709.1500244140625,711.4500122070312,708.219970703125,711.2100219726562,42518500
2026-04-23T00:00:00Z,709.5,712.3599853515625,702.280029296875,708.4500122070312,56174000
2026-04-24T00:00:00Z,710.75,714.469970703125,709.010009765625,713.9400024414062,45182000
2026-04-27T00:00:00Z,713.1699829101562,715.6300048828125,712.2999877929688,715.1699829101562,33135900
2026-04-28T00:00:00Z,711.8200073242188,712.8800048828125,709.25,711.6900024414062,43117400
2026-04-29T00:00:00Z,711.0,712.2000122070312,708.3699951171875,711.5800170898438,41859200
2026-04-30T00:00:00Z,714.6300048828125,719.7899780273438,710.4500122070312,718.6599731445312,67240900
2026-05-01T00:00:00Z,721.25,724.8699951171875,720.469970703125,720.6500244140625,43049800
2026-05-04T00:00:00Z,720.0700073242188,722.1199951171875,714.989990234375,718.010009765625,51950600
2026-05-05T00:00:00Z,721.77001953125,725.0399780273438,721.489990234375,723.77001953125,36933200
2026-05-06T00:00:00Z,728.1599731445312,734.5900268554688,727.8200073242188,733.8300170898438,53288900
2026-05-07T00:00:00Z,735.0499877929688,736.1300048828125,729.75,731.5800170898438,51724600
2026-05-08T00:00:00Z,734.9299926757812,738.0800170898438,734.5700073242188,737.6199951171875,47227100
2026-05-11T00:00:00Z,736.4500122070312,740.7899780273438,736.4500122070312,739.2999877929688,43945400
2026-05-11T04:00:00Z,736.4500122070312,740.7899780273438,736.4500122070312,739.2999877929688,44024000
2026-05-12T04:00:00Z,736.8900146484375,738.8400268554688,731.8300170898438,738.1799926757812,54087300
2026-05-13T04:00:00Z,738.469970703125,743.9099731445312,735.469970703125,742.3099975585938,44136800
2026-05-14T04:00:00Z,743.6500244140625,749.530029296875,743.5599975585938,748.1699829101562,45231100
2026-05-15T04:00:00Z,741.7899780273438,743.4600219726562,737.9600219726562,739.1699829101562,60290000
2026-05-18T04:00:00Z,739.8300170898438,741.4199829101562,733.3900146484375,738.6500244140625,47723100
2026-05-19T04:00:00Z,734.780029296875,737.6500244140625,731.530029296875,733.72998046875,54129800
2026-05-20T04:00:00Z,735.7100219726562,741.8699951171875,733.8900146484375,741.25,45646400
2026-05-21T04:00:00Z,738.6400146484375,744.8699951171875,737.030029296875,742.719970703125,43248300
2026-05-22T04:00:00Z,746.239990234375,748.9400024414062,744.47998046875,745.6400146484375,41671800
2026-05-26T04:00:00Z,750.010009765625,752.1300048828125,748.3699951171875,750.5900268554688,40962700
2026-05-27T04:00:00Z,750.8800048828125,751.3800048828125,748.219970703125,750.4600219726562,41987900
2026-05-28T04:00:00Z,750.25,755.1500244140625,749.22998046875,754.5999755859375,41483700
2026-05-29T04:00:00Z,755.9000244140625,758.0800170898438,754.6900024414062,756.47998046875,54976100
2026-06-01T04:00:00Z,755.3599853515625,760.280029296875,754.6900024414062,758.5399780273438,43528500
2026-06-02T04:00:00Z,757.030029296875,760.4000244140625,756.75,759.5700073242188,31410700
2026-06-03T04:00:00Z,758.1500244140625,758.7999877929688,753.5700073242188,754.239990234375,51256900
2026-06-04T04:00:00Z,,,,,45160319
2026-06-05T04:00:00Z,752.3099975585938,752.8200073242188,735.530029296875,737.5499877929688,93678100
2026-06-08T04:00:00Z,743.3599853515625,745.3400268554688,738.1900024414062,739.219970703125,49213400
2026-06-09T04:00:00Z,,,,,86844734
2026-06-10T04:00:00Z,,,,,57773708
2026-06-11T04:00:00Z,728.760009765625,740.0,724.4099731445312,737.760009765625,86176700
2026-06-12T04:00:00Z,740.7100219726562,744.4400024414062,735.030029296875,741.75,56939800
2026-06-15T04:00:00Z,,,,,45098048
2026-06-16T04:00:00Z,754.5499877929688,755.4400024414062,749.8800048828125,750.3300170898438,67013200
2026-06-17T04:00:00Z,751.2899780273438,752.1500244140625,739.219970703125,740.9600219726562,85718600
2026-06-18T04:00:00Z,,,,,67865619
2026-06-22T04:00:00Z,747.7000122070312,750.1799926757812,743.1300048828125,744.3900146484375,46204600
2026-06-23T04:00:00Z,733.8099975585938,739.6300048828125,732.2999877929688,733.5800170898438,66642100
2026-06-24T04:00:00Z,735.1699829101562,739.9500122070312,730.8400268554688,733.239990234375,56924000
2026-06-25T04:00:00Z,738.9099731445312,739.3699951171875,729.5999755859375,734.2999877929688,53934400
2026-06-26T04:00:00Z,,,,,69241946
2026-06-29T04:00:00Z,736.530029296875,741.5599975585938,732.0900268554688,741.0,57953900
2026-06-30T04:00:00Z,741.2899780273438,748.02001953125,740.8900146484375,746.77001953125,55540700
2026-07-01T04:00:00Z,745.0,749.4400024414062,742.3800048828125,745.760009765625,46886600
2026-07-02T04:00:00Z,747.4000244140625,751.3099975585938,740.030029296875,744.780029296875,57447800
2026-07-06T04:00:00Z,748.739990234375,752.4099731445312,747.4099731445312,751.280029296875,50601000
2026-07-07T04:00:00Z,750.219970703125,750.9600219726562,745.2100219726562,747.7100219726562,43601100
2026-07-08T04:00:00Z,743.1599731445312,746.1500244140625,739.510009765625,745.4000244140625,43682500
2026-07-09T04:00:00Z,747.3499755859375,751.969970703125,745.5900268554688,751.7100219726562,41375900
2026-07-10T04:00:00Z,752.0499877929688,755.4199829101562,748.0999755859375,754.9500122070312,42114300
2026-07-13T04:00:00Z,752.469970703125,753.9099731445312,748.0,749.1699829101562,43886100
2026-07-14T04:00:00Z,,,,,35135286
2026-07-15T04:00:00Z,754.239990234375,755.5800170898438,750.2000122070312,754.8099975585938,43794800
2026-07-16T04:00:00Z,752.760009765625,754.5700073242188,747.8800048828125,750.719970703125,46308700
2026-07-17T04:00:00Z,742.0800170898438,747.2899780273438,740.7999877929688,743.2899780273438,62569200
2026-07-20T04:00:00Z,747.0599975585938,748.72998046875,741.510009765625,742.0900268554688,50356100
2026-07-21T04:00:00Z,746.2899780273438,749.0399780273438,744.1799926757812,748.280029296875,34263300
2026-07-22T04:00:00Z,746.6199951171875,750.02001953125,746.3699951171875,747.4099731445312,32696300
2026-07-23T04:00:00Z,739.3699951171875,742.5599975585938,735.2100219726562,738.1799926757812,55370700
2026-07-24T04:00:00Z,738.510009765625,743.719970703125,737.2899780273438,738.9299926757812,44725600
2026-07-27T04:00:00Z,744.9099731445312,745.530029296875,735.8699951171875,739.0900268554688,41402200
2026-07-28T04:00:00Z,,,,,40901869
2026-07-29T04:00:00Z,739.969970703125,742.6799926757812,729.0999755859375,729.4600219726562,70473800
2026-07-30T04:00:00Z,736.0499877929688,742.4500122070312,734.5900268554688,741.6900024414062,66725600
2026-07-31T04:00:00Z,744.6799926757812,748.9000244140625,737.6799926757812,747.030029296875,62339900
2026-08-03T04:00:00Z,,,,,51941340
2026-08-04T04:00:00Z,760.6300048828125,773.4099731445312,760.52001953125,771.3300170898438,69059900
2026-08-05T04:00:00Z,775.8499755859375,776.8499755859375,769.510009765625,769.7899780273438,44619800
